payment_id,user_id,trial_started_at,trial_started_flag,trial_converted_to_paid,payment_date,payment_amount,subscription_plan,payment_status
1,6,2026-01-30 06:18:28,1,0,,14.99,monthly,failed
2,9,2026-01-19 02:11:58,1,0,,35.99,quarterly,failed
3,12,2026-02-02 04:03:14,1,0,,14.99,monthly,failed
4,13,2026-01-29 02:11:13,1,0,,14.99,monthly,failed
5,15,2026-01-28 06:43:50,1,1,2026-02-02 19:43:50,35.99,quarterly,paid
6,17,2026-01-24 08:23:47,1,0,,14.99,monthly,failed
7,24,2026-01-31 10:07:12,1,1,2026-02-10 18:07:12,14.99,monthly,paid
8,30,2026-01-23 21:54:46,1,0,,94.99,yearly,failed
9,38,2026-01-29 22:40:24,1,1,2026-02-04 12:40:24,35.99,quarterly,paid
10,42,2026-01-28 03:17:59,1,0,,14.99,monthly,failed
11,46,2026-02-02 10:02:41,1,1,2026-02-07 12:02:41,14.99,monthly,paid
12,59,2026-01-28 02:17:50,1,1,2026-02-03 11:17:50,14.99,monthly,paid
13,60,2026-01-28 05:41:02,1,0,,14.99,monthly,failed
14,63,2026-01-21 15:35:24,1,0,,14.99,monthly,failed
15,75,2026-01-27 08:04:59,1,1,2026-02-06 00:04:59,14.99,monthly,paid
16,78,2026-01-19 13:34:44,1,1,2026-01-29 12:34:44,35.99,quarterly,paid
17,79,2026-01-25 19:18:57,1,1,2026-02-04 10:18:57,14.99,monthly,paid
18,86,2026-01-27 10:42:29,1,0,,14.99,monthly,failed
19,87,2026-01-17 11:40:06,1,1,2026-01-30 19:40:06,14.99,monthly,paid
20,89,2026-01-29 22:16:49,1,0,,14.99,monthly,failed
21,93,2026-01-30 20:24:37,1,0,,14.99,monthly,failed
22,95,2026-01-31 18:25:11,1,1,2026-02-13 02:25:11,35.99,quarterly,paid
23,103,2026-01-30 10:23:55,1,0,,94.99,yearly,failed
24,104,2026-01-16 15:00:13,1,1,2026-01-30 08:00:13,94.99,yearly,paid
25,109,2026-01-23 08:23:57,1,1,2026-01-28 23:23:57,14.99,monthly,paid
26,111,2026-01-20 07:03:56,1,1,2026-01-25 13:03:56,14.99,monthly,paid
27,114,2026-01-24 12:14:15,1,1,2026-02-04 14:14:15,14.99,monthly,paid
28,115,2026-01-24 06:17:14,1,0,,14.99,monthly,failed
29,117,2026-01-17 06:12:10,1,1,2026-01-22 19:12:10,94.99,yearly,paid
30,120,2026-01-17 13:43:41,1,0,,14.99,monthly,failed
31,121,2026-01-23 08:21:44,1,0,,14.99,monthly,failed
32,126,2026-01-26 02:36:58,1,0,,14.99,monthly,failed
33,134,2026-01-25 00:09:23,1,1,2026-01-30 02:09:23,14.99,monthly,paid
34,137,2026-01-25 14:57:28,1,1,2026-01-30 22:57:28,14.99,monthly,paid
35,145,2026-02-02 09:00:27,1,0,,14.99,monthly,failed
36,149,2026-01-30 14:14:35,1,0,,35.99,quarterly,failed
37,150,2026-01-17 08:47:15,1,0,,94.99,yearly,failed
38,155,2026-01-22 18:12:04,1,1,2026-01-28 18:12:04,35.99,quarterly,paid
39,158,2026-01-24 20:16:08,1,1,2026-01-31 08:16:08,35.99,quarterly,paid
40,161,2026-02-01 17:24:41,1,1,2026-02-12 01:24:41,35.99,quarterly,paid
41,162,2026-01-28 01:02:23,1,0,,35.99,quarterly,failed
42,164,2026-01-23 17:48:21,1,1,2026-01-31 18:48:21,94.99,yearly,paid
43,167,2026-01-22 04:03:21,1,1,2026-01-31 14:03:21,35.99,quarterly,paid
44,170,2026-01-15 20:15:59,1,1,2026-01-29 08:15:59,94.99,yearly,paid
45,173,2026-01-28 16:47:36,1,1,2026-02-06 12:47:36,14.99,monthly,paid
46,174,2026-01-28 23:43:21,1,1,2026-02-09 13:43:21,14.99,monthly,paid
47,182,2026-01-17 16:08:36,1,1,2026-01-27 04:08:36,14.99,monthly,paid
48,185,2026-01-24 12:12:55,1,0,,14.99,monthly,failed
49,186,2026-01-23 06:01:54,1,0,,94.99,yearly,failed
50,187,2026-01-18 13:48:55,1,1,2026-01-24 09:48:55,14.99,monthly,paid
51,191,2026-01-26 17:56:59,1,1,2026-02-08 04:56:59,14.99,monthly,paid
52,196,2026-01-16 14:45:40,1,0,,14.99,monthly,failed
53,198,2026-01-18 17:08:47,1,1,2026-01-25 13:08:47,14.99,monthly,paid
54,201,2026-01-21 19:26:07,1,0,,35.99,quarterly,failed
55,202,2026-01-31 02:42:03,1,1,2026-02-11 05:42:03,35.99,quarterly,paid
56,204,2026-01-27 11:28:49,1,1,2026-02-10 08:28:49,14.99,monthly,paid
57,217,2026-01-17 02:20:07,1,0,,14.99,monthly,failed
58,222,2026-01-24 05:57:24,1,1,2026-01-31 11:57:24,35.99,quarterly,paid
59,223,2026-01-28 20:14:42,1,0,,14.99,monthly,failed
60,225,2026-01-28 13:25:10,1,0,,14.99,monthly,failed
61,226,2026-01-20 21:49:49,1,1,2026-01-26 15:49:49,14.99,monthly,paid
62,227,2026-01-29 22:56:00,1,0,,14.99,monthly,failed
63,228,2026-01-26 15:19:17,1,0,,35.99,quarterly,failed
64,230,2026-01-19 20:07:23,1,0,,94.99,yearly,failed
65,245,2026-01-25 22:31:41,1,0,,35.99,quarterly,failed
66,246,2026-01-18 02:27:11,1,0,,35.99,quarterly,failed
67,247,2026-01-29 15:03:18,1,0,,14.99,monthly,failed
68,249,2026-01-29 20:02:58,1,1,2026-02-08 11:02:58,14.99,monthly,paid
69,255,2026-01-26 19:31:27,1,1,2026-02-05 21:31:27,35.99,quarterly,paid
70,256,2026-01-17 23:57:57,1,1,2026-01-31 10:57:57,14.99,monthly,paid
71,259,2026-01-19 17:28:31,1,0,,14.99,monthly,failed
72,266,2026-01-26 08:04:22,1,0,,14.99,monthly,failed
73,267,2026-01-24 02:23:29,1,0,,14.99,monthly,failed
74,284,2026-01-23 12:12:30,1,1,2026-01-28 21:12:30,14.99,monthly,paid
75,286,2026-01-31 16:37:59,1,0,,14.99,monthly,failed
76,288,2026-01-25 23:15:54,1,0,,14.99,monthly,failed
77,289,2026-01-25 23:14:08,1,1,2026-02-08 11:14:08,14.99,monthly,paid
78,293,2026-01-31 20:08:21,1,0,,14.99,monthly,failed
79,295,2026-01-24 08:21:42,1,0,,14.99,monthly,failed
80,298,2026-01-23 10:04:33,1,1,2026-02-05 17:04:33,35.99,quarterly,paid
81,302,2026-01-30 02:07:37,1,0,,14.99,monthly,failed
82,303,2026-01-15 07:02:44,1,1,2026-01-25 03:02:44,14.99,monthly,paid
83,306,2026-01-19 05:13:17,1,1,2026-01-26 04:13:17,14.99,monthly,paid
84,311,2026-01-26 23:43:24,1,1,2026-02-07 02:43:24,14.99,monthly,paid
85,315,2026-01-20 00:30:01,1,1,2026-02-01 14:30:01,14.99,monthly,paid
86,316,2026-01-26 10:02:39,1,0,,94.99,yearly,failed
87,317,2026-01-27 13:57:38,1,1,2026-02-05 03:57:38,35.99,quarterly,paid
88,319,2026-01-31 19:00:52,1,0,,14.99,monthly,failed
89,320,2026-01-29 06:36:29,1,0,,14.99,monthly,failed
90,322,2026-01-18 10:57:29,1,0,,35.99,quarterly,failed
91,323,2026-01-26 04:46:27,1,1,2026-02-02 22:46:27,14.99,monthly,paid
92,325,2026-02-01 13:51:48,1,0,,14.99,monthly,failed
93,327,2026-01-20 05:28:25,1,0,,94.99,yearly,failed
94,329,2026-01-19 07:38:05,1,0,,14.99,monthly,failed
95,333,2026-01-20 07:27:42,1,0,,14.99,monthly,failed
96,339,2026-01-19 22:43:02,1,0,,35.99,quarterly,failed
97,340,2026-01-31 13:46:58,1,1,2026-02-13 04:46:58,14.99,monthly,paid
98,342,2026-01-20 16:41:40,1,0,,14.99,monthly,failed
99,343,2026-01-26 13:43:07,1,1,2026-01-31 14:43:07,94.99,yearly,paid
100,345,2026-01-31 14:27:25,1,0,,14.99,monthly,failed
101,350,2026-01-18 21:09:35,1,0,,94.99,yearly,failed
102,352,2026-01-16 12:19:24,1,0,,94.99,yearly,failed
103,359,2026-01-18 11:05:56,1,0,,94.99,yearly,failed
104,360,2026-01-28 18:25:55,1,0,,14.99,monthly,failed
105,361,2026-01-30 16:01:20,1,0,,14.99,monthly,failed
106,362,2026-01-31 10:26:36,1,0,,35.99,quarterly,failed
107,365,2026-01-17 01:19:12,1,0,,14.99,monthly,failed
108,370,2026-01-28 12:58:51,1,0,,14.99,monthly,failed
109,373,2026-01-22 10:22:11,1,0,,14.99,monthly,failed
110,376,2026-01-17 10:32:32,1,1,2026-01-28 03:32:32,14.99,monthly,paid
111,380,2026-01-19 22:05:02,1,1,2026-02-02 10:05:02,35.99,quarterly,paid
112,381,2026-01-15 15:09:55,1,1,2026-01-25 16:09:55,14.99,monthly,paid
113,384,2026-01-19 21:18:57,1,1,2026-01-25 20:18:57,14.99,monthly,paid
114,386,2026-01-18 05:05:06,1,0,,14.99,monthly,failed
115,387,2026-01-17 05:35:53,1,0,,94.99,yearly,failed
116,389,2026-01-31 22:53:59,1,1,2026-02-13 20:53:59,94.99,yearly,paid
117,392,2026-01-19 08:08:29,1,1,2026-01-30 11:08:29,14.99,monthly,paid
118,393,2026-01-22 22:49:16,1,1,2026-02-04 11:49:16,35.99,quarterly,paid
119,395,2026-01-28 10:43:48,1,0,,35.99,quarterly,failed
120,400,2026-01-21 01:36:43,1,0,,14.99,monthly,failed
121,401,2026-02-02 16:11:43,1,1,2026-02-16 14:11:43,14.99,monthly,paid
122,402,2026-01-29 18:10:52,1,0,,14.99,monthly,failed
123,416,2026-01-27 00:29:05,1,1,2026-02-08 07:29:05,14.99,monthly,paid
124,418,2026-01-17 22:42:27,1,1,2026-01-30 14:42:27,94.99,yearly,paid
125,419,2026-01-20 02:59:10,1,0,,14.99,monthly,failed
126,420,2026-01-24 18:34:57,1,0,,35.99,quarterly,failed
127,421,2026-01-31 07:25:15,1,0,,35.99,quarterly,failed
128,424,2026-01-26 09:05:44,1,0,,14.99,monthly,failed
129,425,2026-01-23 13:09:02,1,1,2026-02-02 18:09:02,94.99,yearly,paid
130,431,2026-01-16 11:25:49,1,1,2026-01-23 12:25:49,94.99,yearly,paid
131,434,2026-01-18 02:28:17,1,0,,14.99,monthly,failed
132,435,2026-01-23 17:00:18,1,0,,14.99,monthly,failed
133,436,2026-01-17 12:29:29,1,0,,14.99,monthly,failed
134,437,2026-01-25 02:27:04,1,0,,14.99,monthly,failed
135,438,2026-02-01 01:26:43,1,1,2026-02-12 02:26:43,14.99,monthly,paid
136,442,2026-01-21 12:47:13,1,1,2026-01-27 22:47:13,14.99,monthly,paid
137,446,2026-01-26 10:26:54,1,0,,14.99,monthly,failed
138,447,2026-01-21 05:00:17,1,1,2026-01-31 02:00:17,35.99,quarterly,paid
139,450,2026-01-20 05:52:12,1,1,2026-01-27 22:52:12,94.99,yearly,paid
140,452,2026-01-31 03:19:18,1,0,,14.99,monthly,failed
141,454,2026-01-16 09:08:33,1,1,2026-01-22 04:08:33,94.99,yearly,paid
142,457,2026-01-19 09:28:08,1,1,2026-01-26 00:28:08,35.99,quarterly,paid
143,458,2026-01-27 16:39:42,1,0,,14.99,monthly,failed
144,460,2026-01-18 16:12:22,1,1,2026-01-25 10:12:22,35.99,quarterly,paid
145,461,2026-01-28 19:06:56,1,0,,14.99,monthly,failed
146,462,2026-01-17 21:15:30,1,0,,14.99,monthly,failed
147,464,2026-01-23 13:59:55,1,0,,14.99,monthly,failed
148,468,2026-01-26 20:11:07,1,1,2026-02-01 22:11:07,14.99,monthly,paid
149,475,2026-01-26 20:47:41,1,0,,14.99,monthly,failed
150,480,2026-01-17 22:31:50,1,1,2026-01-24 15:31:50,35.99,quarterly,paid
151,485,2026-01-23 07:54:25,1,0,,35.99,quarterly,failed
152,489,2026-01-29 18:10:48,1,0,,14.99,monthly,failed
153,494,2026-01-26 06:04:03,1,0,,35.99,quarterly,failed
154,496,2026-01-23 06:19:45,1,1,2026-02-01 02:19:45,14.99,monthly,paid
155,500,2026-01-23 04:45:35,1,0,,35.99,quarterly,failed
156,505,2026-01-21 03:49:23,1,0,,14.99,monthly,failed
157,509,2026-01-20 19:37:34,1,0,,35.99,quarterly,failed
158,518,2026-01-16 22:09:21,1,0,,14.99,monthly,failed
159,521,2026-01-22 00:00:26,1,0,,35.99,quarterly,failed
160,522,2026-01-18 16:38:19,1,0,,14.99,monthly,failed
161,523,2026-01-20 02:27:32,1,0,,14.99,monthly,failed
162,524,2026-01-30 12:27:46,1,0,,35.99,quarterly,failed
163,528,2026-01-18 16:41:59,1,1,2026-01-29 18:41:59,14.99,monthly,paid
164,530,2026-01-31 04:45:21,1,1,2026-02-10 13:45:21,35.99,quarterly,paid
165,531,2026-01-25 14:12:44,1,1,2026-02-02 14:12:44,14.99,monthly,paid
166,541,2026-01-28 22:17:12,1,0,,35.99,quarterly,failed
167,542,2026-01-17 02:36:04,1,1,2026-01-29 11:36:04,35.99,quarterly,paid
168,543,2026-01-18 10:29:14,1,0,,94.99,yearly,failed
169,546,2026-01-15 22:46:47,1,0,,14.99,monthly,failed
170,547,2026-01-23 11:08:16,1,0,,94.99,yearly,failed
171,559,2026-01-29 00:24:06,1,1,2026-02-04 00:24:06,35.99,quarterly,paid
172,561,2026-01-25 05:53:51,1,1,2026-01-31 01:53:51,14.99,monthly,paid
173,568,2026-01-20 10:45:00,1,0,,94.99,yearly,failed
174,579,2026-01-31 11:34:02,1,1,2026-02-06 22:34:02,94.99,yearly,paid
175,580,2026-01-17 18:28:55,1,1,2026-01-30 21:28:55,14.99,monthly,paid
176,587,2026-01-27 08:16:06,1,0,,14.99,monthly,failed
177,588,2026-01-17 16:26:17,1,0,,94.99,yearly,failed
178,589,2026-01-29 09:32:58,1,1,2026-02-09 17:32:58,14.99,monthly,paid
179,591,2026-01-29 13:41:03,1,1,2026-02-08 02:41:03,14.99,monthly,paid
180,592,2026-01-31 10:16:56,1,0,,14.99,monthly,failed
181,597,2026-01-25 21:22:50,1,0,,14.99,monthly,failed
182,599,2026-01-25 18:09:01,1,1,2026-02-01 15:09:01,14.99,monthly,paid
183,604,2026-01-17 23:53:50,1,0,,14.99,monthly,failed
184,610,2026-01-31 10:53:21,1,0,,14.99,monthly,failed
185,612,2026-01-23 16:49:19,1,0,,14.99,monthly,failed
186,625,2026-01-25 23:30:15,1,1,2026-02-04 16:30:15,14.99,monthly,paid
187,627,2026-01-21 11:00:02,1,0,,14.99,monthly,failed
188,633,2026-01-22 22:01:47,1,1,2026-02-02 13:01:47,94.99,yearly,paid
189,637,2026-01-19 19:03:43,1,0,,14.99,monthly,failed
190,643,2026-01-31 09:30:35,1,0,,14.99,monthly,failed
191,645,2026-01-29 19:16:42,1,0,,35.99,quarterly,failed
192,650,2026-01-31 00:12:45,1,0,,14.99,monthly,failed
193,660,2026-01-20 15:34:02,1,1,2026-01-27 21:34:02,35.99,quarterly,paid
194,661,2026-01-18 03:06:04,1,0,,14.99,monthly,failed
195,662,2026-01-27 23:50:11,1,1,2026-02-03 03:50:11,35.99,quarterly,paid
196,668,2026-01-30 18:10:24,1,1,2026-02-11 23:10:24,14.99,monthly,paid
197,669,2026-02-01 11:55:39,1,0,,14.99,monthly,failed
198,670,2026-01-17 22:53:52,1,0,,35.99,quarterly,failed
199,671,2026-01-31 19:37:28,1,1,2026-02-06 18:37:28,94.99,yearly,paid
200,676,2026-01-27 15:05:31,1,1,2026-02-02 14:05:31,14.99,monthly,paid
201,681,2026-01-28 21:09:14,1,0,,14.99,monthly,failed
202,685,2026-01-18 08:06:48,1,1,2026-01-26 06:06:48,94.99,yearly,paid
203,686,2026-01-29 13:45:38,1,0,,35.99,quarterly,failed
204,691,2026-02-01 21:38:13,1,1,2026-02-10 10:38:13,14.99,monthly,paid
205,695,2026-01-18 09:45:46,1,1,2026-01-26 04:45:46,14.99,monthly,paid
206,700,2026-01-17 17:46:48,1,0,,94.99,yearly,failed
207,706,2026-01-24 16:29:59,1,1,2026-01-31 13:29:59,14.99,monthly,paid
208,708,2026-01-25 22:33:05,1,0,,14.99,monthly,failed
209,709,2026-01-24 21:10:44,1,0,,14.99,monthly,failed
210,711,2026-01-27 08:08:40,1,1,2026-02-04 18:08:40,14.99,monthly,paid
211,715,2026-01-31 21:24:28,1,0,,14.99,monthly,failed
212,718,2026-01-24 06:47:54,1,0,,14.99,monthly,failed
213,721,2026-01-18 01:46:02,1,1,2026-01-24 10:46:02,94.99,yearly,paid
214,722,2026-02-01 18:56:39,1,1,2026-02-07 05:56:39,14.99,monthly,paid
215,728,2026-01-18 07:47:06,1,1,2026-01-26 17:47:06,14.99,monthly,paid
216,743,2026-01-27 15:52:29,1,1,2026-02-01 20:52:29,94.99,yearly,paid
217,744,2026-01-20 12:22:41,1,1,2026-01-27 12:22:41,35.99,quarterly,paid
218,746,2026-01-22 18:35:25,1,0,,14.99,monthly,failed
219,748,2026-01-20 20:17:29,1,1,2026-01-27 17:17:29,35.99,quarterly,paid
220,754,2026-02-01 17:56:24,1,1,2026-02-09 23:56:24,14.99,monthly,paid
221,756,2026-01-22 23:39:53,1,0,,35.99,quarterly,failed
222,758,2026-01-23 06:23:40,1,1,2026-02-01 12:23:40,94.99,yearly,paid
223,761,2026-01-18 10:48:28,1,1,2026-01-31 07:48:28,14.99,monthly,paid
224,762,2026-01-26 07:37:16,1,0,,35.99,quarterly,failed
225,766,2026-01-28 11:21:46,1,1,2026-02-05 22:21:46,35.99,quarterly,paid
226,767,2026-01-25 20:58:18,1,0,,14.99,monthly,failed
227,769,2026-01-17 18:05:26,1,0,,14.99,monthly,failed
228,770,2026-01-21 13:33:16,1,0,,14.99,monthly,failed
229,771,2026-01-27 05:58:57,1,0,,35.99,quarterly,failed
230,772,2026-02-02 01:32:44,1,0,,94.99,yearly,failed
231,776,2026-02-01 01:05:14,1,0,,35.99,quarterly,failed
232,778,2026-01-18 06:20:21,1,0,,94.99,yearly,failed
233,784,2026-01-17 16:44:38,1,0,,14.99,monthly,failed
234,795,2026-01-23 23:58:15,1,0,,94.99,yearly,failed
235,796,2026-01-21 00:30:23,1,1,2026-02-01 11:30:23,14.99,monthly,paid
236,798,2026-01-23 02:05:15,1,0,,14.99,monthly,failed
237,799,2026-01-21 21:40:44,1,0,,14.99,monthly,failed
238,805,2026-01-28 03:11:46,1,0,,14.99,monthly,failed
239,806,2026-01-29 13:46:04,1,1,2026-02-12 04:46:04,14.99,monthly,paid
240,809,2026-01-23 03:29:52,1,0,,94.99,yearly,failed
241,812,2026-01-31 04:42:48,1,0,,14.99,monthly,failed
242,823,2026-01-18 11:42:07,1,1,2026-01-24 23:42:07,14.99,monthly,paid
243,824,2026-01-26 15:15:03,1,1,2026-02-02 20:15:03,94.99,yearly,paid
244,829,2026-01-31 00:17:06,1,0,,35.99,quarterly,failed
245,835,2026-01-30 19:34:24,1,0,,35.99,quarterly,failed
246,839,2026-01-15 13:56:44,1,0,,35.99,quarterly,failed
247,842,2026-01-26 08:45:27,1,0,,14.99,monthly,failed
248,857,2026-01-19 21:54:43,1,0,,14.99,monthly,failed
249,858,2026-01-17 00:21:02,1,0,,94.99,yearly,failed
250,859,2026-01-26 13:00:18,1,1,2026-02-02 04:00:18,35.99,quarterly,paid
251,860,2026-01-29 21:47:35,1,0,,14.99,monthly,failed
252,861,2026-01-31 23:01:26,1,0,,14.99,monthly,failed
253,863,2026-01-18 20:03:14,1,1,2026-01-28 21:03:14,14.99,monthly,paid
254,867,2026-01-30 17:28:41,1,1,2026-02-08 06:28:41,14.99,monthly,paid
255,870,2026-01-15 21:22:54,1,1,2026-01-24 12:22:54,14.99,monthly,paid
256,874,2026-01-17 22:58:07,1,1,2026-01-30 06:58:07,35.99,quarterly,paid
257,876,2026-01-24 13:50:55,1,1,2026-01-29 19:50:55,14.99,monthly,paid
258,877,2026-01-25 23:15:15,1,0,,35.99,quarterly,failed
259,883,2026-01-24 13:06:09,1,0,,14.99,monthly,failed
260,886,2026-01-28 16:43:31,1,1,2026-02-04 19:43:31,94.99,yearly,paid
261,887,2026-01-16 11:38:04,1,1,2026-01-21 21:38:04,35.99,quarterly,paid
262,888,2026-01-18 12:45:39,1,0,,94.99,yearly,failed
263,889,2026-01-16 05:25:32,1,0,,14.99,monthly,failed
264,891,2026-01-17 17:47:31,1,1,2026-01-29 19:47:31,14.99,monthly,paid
265,913,2026-01-21 17:33:42,1,0,,14.99,monthly,failed
266,915,2026-01-26 04:31:15,1,0,,94.99,yearly,failed
267,916,2026-01-24 15:05:33,1,0,,14.99,monthly,failed
268,917,2026-01-25 16:32:57,1,0,,14.99,monthly,failed
269,918,2026-01-28 21:54:18,1,1,2026-02-05 06:54:18,14.99,monthly,paid
270,927,2026-01-24 10:50:02,1,1,2026-02-01 22:50:02,14.99,monthly,paid
271,928,2026-01-21 03:56:52,1,1,2026-01-28 15:56:52,14.99,monthly,paid
272,932,2026-01-27 23:30:30,1,1,2026-02-04 02:30:30,14.99,monthly,paid
273,934,2026-01-26 18:53:13,1,1,2026-02-03 06:53:13,94.99,yearly,paid
274,950,2026-01-19 23:27:17,1,1,2026-02-01 10:27:17,14.99,monthly,paid
275,953,2026-01-25 16:47:48,1,0,,14.99,monthly,failed
276,958,2026-01-26 07:55:43,1,0,,14.99,monthly,failed
277,960,2026-01-22 22:01:07,1,0,,14.99,monthly,failed
278,964,2026-01-19 23:47:32,1,0,,35.99,quarterly,failed
279,976,2026-01-19 07:02:30,1,1,2026-01-24 21:02:30,14.99,monthly,paid
280,977,2026-01-18 10:51:31,1,0,,35.99,quarterly,failed
281,986,2026-01-28 01:11:33,1,0,,35.99,quarterly,failed
282,988,2026-01-20 16:00:55,1,1,2026-02-02 12:00:55,94.99,yearly,paid
283,990,2026-01-30 00:16:20,1,0,,35.99,quarterly,failed
284,1003,2026-01-25 04:47:36,1,0,,14.99,monthly,failed
285,1007,2026-01-30 17:53:31,1,0,,14.99,monthly,failed
286,1008,2026-01-25 11:28:56,1,1,2026-02-03 00:28:56,14.99,monthly,paid
287,1010,2026-01-23 21:16:20,1,1,2026-02-06 17:16:20,14.99,monthly,paid
288,1011,2026-01-20 03:39:21,1,1,2026-01-28 07:39:21,94.99,yearly,paid
289,1012,2026-01-29 19:20:49,1,1,2026-02-10 23:20:49,14.99,monthly,paid
290,1014,2026-01-21 22:17:45,1,0,,14.99,monthly,failed
291,1016,2026-01-29 17:39:07,1,1,2026-02-08 03:39:07,14.99,monthly,paid
292,1017,2026-01-22 19:38:30,1,1,2026-02-04 03:38:30,14.99,monthly,paid
293,1021,2026-01-16 22:49:35,1,0,,94.99,yearly,failed
294,1023,2026-01-31 00:21:22,1,0,,14.99,monthly,failed
295,1028,2026-01-20 15:29:22,1,1,2026-01-27 01:29:22,14.99,monthly,paid
296,1036,2026-01-28 08:01:06,1,0,,14.99,monthly,failed
297,1038,2026-01-16 04:59:26,1,1,2026-01-28 20:59:26,14.99,monthly,paid
298,1040,2026-01-29 03:29:12,1,1,2026-02-06 09:29:12,35.99,quarterly,paid
299,1041,2026-01-28 15:06:54,1,1,2026-02-05 10:06:54,14.99,monthly,paid
300,1049,2026-01-26 11:43:46,1,0,,14.99,monthly,failed
301,1052,2026-01-22 17:53:13,1,0,,35.99,quarterly,failed
302,1057,2026-01-24 05:25:41,1,0,,35.99,quarterly,failed
303,1064,2026-01-27 06:48:20,1,1,2026-02-02 10:48:20,94.99,yearly,paid
304,1067,2026-01-31 05:39:54,1,0,,14.99,monthly,failed
305,1074,2026-01-25 16:14:09,1,1,2026-02-04 09:14:09,14.99,monthly,paid
306,1075,2026-01-24 08:25:28,1,0,,14.99,monthly,failed
307,1076,2026-01-18 14:48:37,1,1,2026-01-26 01:48:37,35.99,quarterly,paid
308,1079,2026-01-22 14:26:36,1,0,,14.99,monthly,failed
309,1086,2026-01-30 11:20:25,1,0,,14.99,monthly,failed
310,1087,2026-01-30 04:03:54,1,0,,14.99,monthly,failed
311,1088,2026-02-01 20:03:04,1,0,,14.99,monthly,failed
312,1091,2026-01-23 14:11:02,1,0,,14.99,monthly,failed
313,1092,2026-01-22 15:53:03,1,1,2026-01-30 17:53:03,35.99,quarterly,paid
314,1093,2026-01-30 13:55:20,1,1,2026-02-10 22:55:20,14.99,monthly,paid
315,1094,2026-01-22 18:10:10,1,0,,35.99,quarterly,failed
316,1096,2026-01-16 14:39:36,1,1,2026-01-25 17:39:36,14.99,monthly,paid
317,1098,2026-01-28 16:10:28,1,0,,14.99,monthly,failed
318,1102,2026-01-24 22:29:07,1,1,2026-01-29 23:29:07,14.99,monthly,paid
319,1105,2026-01-20 13:59:18,1,1,2026-01-30 07:59:18,14.99,monthly,paid
320,1107,2026-01-19 22:35:11,1,1,2026-01-25 09:35:11,35.99,quarterly,paid
321,1114,2026-01-21 05:09:36,1,0,,14.99,monthly,failed
322,1118,2026-01-26 06:16:10,1,0,,14.99,monthly,failed
323,1122,2026-01-17 04:19:08,1,1,2026-01-29 05:19:08,14.99,monthly,paid
324,1123,2026-01-19 22:42:00,1,1,2026-01-31 05:42:00,14.99,monthly,paid
325,1124,2026-01-21 01:24:58,1,0,,94.99,yearly,failed
326,1129,2026-01-24 18:55:07,1,1,2026-01-31 05:55:07,14.99,monthly,paid
327,1132,2026-01-27 00:26:34,1,1,2026-02-01 12:26:34,35.99,quarterly,paid
328,1135,2026-01-25 16:26:33,1,0,,14.99,monthly,failed
329,1136,2026-01-16 02:42:29,1,0,,14.99,monthly,failed
330,1137,2026-01-27 13:46:45,1,1,2026-02-07 11:46:45,14.99,monthly,paid
331,1141,2026-01-30 20:31:25,1,1,2026-02-09 01:31:25,35.99,quarterly,paid
332,1144,2026-01-30 18:32:50,1,1,2026-02-13 00:32:50,35.99,quarterly,paid
333,1145,2026-01-21 23:05:29,1,0,,14.99,monthly,failed
334,1150,2026-01-30 21:37:20,1,1,2026-02-07 12:37:20,14.99,monthly,paid
335,1151,2026-01-21 19:54:21,1,0,,14.99,monthly,failed
336,1154,2026-01-31 19:05:50,1,1,2026-02-09 04:05:50,35.99,quarterly,paid
337,1160,2026-01-22 08:57:39,1,0,,14.99,monthly,failed
338,1163,2026-01-30 08:58:27,1,0,,35.99,quarterly,failed
339,1169,2026-02-01 08:16:05,1,1,2026-02-10 03:16:05,14.99,monthly,paid
340,1175,2026-01-16 13:29:13,1,1,2026-01-27 22:29:13,35.99,quarterly,paid
341,1176,2026-01-22 03:15:11,1,0,,14.99,monthly,failed
342,1177,2026-01-21 05:07:08,1,0,,35.99,quarterly,failed
343,1182,2026-01-31 09:24:13,1,1,2026-02-10 13:24:13,35.99,quarterly,paid
344,1186,2026-01-21 02:28:27,1,0,,14.99,monthly,failed
345,1187,2026-01-17 14:06:06,1,0,,35.99,quarterly,failed
346,1189,2026-01-24 18:08:30,1,0,,14.99,monthly,failed
347,1195,2026-01-25 08:32:13,1,0,,14.99,monthly,failed
348,1198,2026-02-01 13:34:36,1,0,,14.99,monthly,failed
349,1200,2026-01-27 12:06:21,1,1,2026-02-03 14:06:21,14.99,monthly,paid
350,1209,2026-01-20 00:10:12,1,1,2026-01-29 23:10:12,14.99,monthly,paid
351,1211,2026-01-26 12:20:02,1,0,,14.99,monthly,failed
352,1218,2026-01-29 02:49:28,1,1,2026-02-07 21:49:28,14.99,monthly,paid
353,1223,2026-02-01 23:18:04,1,0,,14.99,monthly,failed
354,1225,2026-01-23 05:04:20,1,1,2026-02-05 20:04:20,35.99,quarterly,paid
355,1233,2026-01-31 21:54:16,1,1,2026-02-11 23:54:16,14.99,monthly,paid
356,1245,2026-01-31 10:00:07,1,1,2026-02-06 10:00:07,14.99,monthly,paid
357,1251,2026-01-20 22:41:59,1,1,2026-01-27 14:41:59,14.99,monthly,paid
358,1256,2026-01-17 20:36:22,1,0,,14.99,monthly,failed
359,1259,2026-01-25 12:29:17,1,1,2026-02-02 02:29:17,14.99,monthly,paid
360,1260,2026-01-28 21:14:25,1,1,2026-02-05 22:14:25,14.99,monthly,paid
361,1261,2026-01-19 16:34:03,1,0,,14.99,monthly,failed
362,1262,2026-02-01 13:16:41,1,1,2026-02-14 20:16:41,14.99,monthly,paid
363,1266,2026-01-16 11:05:02,1,0,,14.99,monthly,failed
364,1267,2026-01-17 05:27:42,1,0,,14.99,monthly,failed
365,1270,2026-01-16 03:52:08,1,0,,14.99,monthly,failed
366,1278,2026-01-28 05:40:40,1,0,,94.99,yearly,failed
367,1281,2026-01-28 20:51:53,1,0,,14.99,monthly,failed
368,1283,2026-01-23 10:31:19,1,1,2026-01-28 23:31:19,35.99,quarterly,paid
369,1289,2026-01-17 03:34:30,1,1,2026-01-27 21:34:30,35.99,quarterly,paid
370,1290,2026-01-26 01:44:03,1,1,2026-02-08 20:44:03,35.99,quarterly,paid
371,1292,2026-01-31 06:06:54,1,0,,14.99,monthly,failed
372,1293,2026-01-24 04:03:00,1,0,,14.99,monthly,failed
373,1294,2026-01-15 18:50:09,1,1,2026-01-21 12:50:09,94.99,yearly,paid
374,1297,2026-01-19 19:17:41,1,0,,35.99,quarterly,failed
375,1300,2026-01-16 01:04:47,1,0,,14.99,monthly,failed
376,1304,2026-01-30 20:25:08,1,1,2026-02-06 07:25:08,14.99,monthly,paid
377,1310,2026-01-30 19:56:04,1,0,,14.99,monthly,failed
378,1311,2026-01-25 15:52:14,1,0,,14.99,monthly,failed
379,1313,2026-01-30 05:04:52,1,0,,14.99,monthly,failed
380,1318,2026-01-25 01:51:02,1,1,2026-02-05 21:51:02,14.99,monthly,paid
381,1321,2026-01-17 01:44:15,1,0,,35.99,quarterly,failed
382,1323,2026-01-26 01:15:48,1,0,,14.99,monthly,failed
383,1324,2026-01-30 14:42:55,1,0,,14.99,monthly,failed
384,1326,2026-01-18 09:32:17,1,1,2026-01-25 12:32:17,35.99,quarterly,paid
385,1328,2026-01-18 00:36:11,1,0,,14.99,monthly,failed
386,1330,2026-01-21 01:30:22,1,0,,14.99,monthly,failed
387,1331,2026-01-23 03:32:17,1,1,2026-02-03 02:32:17,35.99,quarterly,paid
388,1335,2026-01-25 22:42:03,1,1,2026-02-04 12:42:03,94.99,yearly,paid
389,1347,2026-01-30 18:06:53,1,1,2026-02-08 02:06:53,35.99,quarterly,paid
390,1350,2026-01-26 11:50:48,1,1,2026-02-08 03:50:48,35.99,quarterly,paid
391,1356,2026-01-24 15:44:31,1,0,,14.99,monthly,failed
392,1357,2026-01-21 12:22:44,1,1,2026-02-02 04:22:44,14.99,monthly,paid
393,1359,2026-01-17 16:01:52,1,0,,14.99,monthly,failed
394,1365,2026-01-25 22:21:44,1,0,,94.99,yearly,failed
395,1368,2026-01-24 02:56:17,1,0,,14.99,monthly,failed
396,1370,2026-01-27 12:53:32,1,0,,35.99,quarterly,failed
397,1371,2026-01-30 00:20:00,1,1,2026-02-12 01:20:00,14.99,monthly,paid
398,1372,2026-01-21 14:03:47,1,0,,14.99,monthly,failed
399,1374,2026-01-23 19:30:56,1,1,2026-01-29 11:30:56,14.99,monthly,paid
400,1381,2026-02-02 12:02:53,1,1,2026-02-16 02:02:53,14.99,monthly,paid
401,1383,2026-01-22 16:27:24,1,1,2026-02-01 14:27:24,14.99,monthly,paid
402,1387,2026-01-26 00:40:17,1,0,,14.99,monthly,failed
403,1390,2026-02-01 03:53:54,1,1,2026-02-13 09:53:54,14.99,monthly,paid
404,1391,2026-01-22 00:51:07,1,0,,14.99,monthly,failed
405,1399,2026-01-16 04:12:15,1,0,,94.99,yearly,failed
406,1402,2026-01-20 14:28:47,1,0,,14.99,monthly,failed
407,1404,2026-01-20 20:34:36,1,1,2026-02-02 06:34:36,14.99,monthly,paid
408,1407,2026-01-21 05:34:56,1,0,,35.99,quarterly,failed
409,1412,2026-01-26 03:05:15,1,0,,35.99,quarterly,failed
410,1414,2026-01-29 08:07:32,1,1,2026-02-03 12:07:32,14.99,monthly,paid
411,1416,2026-01-28 17:48:00,1,0,,14.99,monthly,failed
412,1417,2026-01-25 23:02:32,1,1,2026-02-08 06:02:32,14.99,monthly,paid
413,1419,2026-01-29 17:16:28,1,1,2026-02-09 18:16:28,35.99,quarterly,paid
414,1425,2026-01-20 21:18:37,1,1,2026-01-27 04:18:37,14.99,monthly,paid
415,1426,2026-01-29 10:22:20,1,1,2026-02-04 00:22:20,14.99,monthly,paid
416,1430,2026-01-29 08:20:11,1,1,2026-02-10 03:20:11,14.99,monthly,paid
417,1437,2026-01-23 12:16:32,1,0,,94.99,yearly,failed
418,1438,2026-01-26 16:23:32,1,0,,14.99,monthly,failed
419,1439,2026-01-21 10:07:52,1,0,,35.99,quarterly,failed
420,1441,2026-01-30 05:03:19,1,1,2026-02-12 16:03:19,14.99,monthly,paid
421,1443,2026-02-01 05:20:19,1,1,2026-02-08 02:20:19,94.99,yearly,paid
422,1450,2026-01-18 12:01:30,1,0,,14.99,monthly,failed
423,1452,2026-01-17 04:45:36,1,0,,35.99,quarterly,failed
424,1459,2026-01-20 09:38:56,1,0,,14.99,monthly,failed
425,1462,2026-01-20 18:31:42,1,0,,14.99,monthly,failed
426,1464,2026-01-16 15:47:30,1,0,,14.99,monthly,failed
427,1476,2026-01-20 11:14:42,1,0,,14.99,monthly,failed
428,1477,2026-01-24 12:07:44,1,0,,14.99,monthly,failed
429,1482,2026-01-16 21:40:39,1,0,,14.99,monthly,failed
430,1484,2026-01-18 12:43:28,1,0,,14.99,monthly,failed
431,1489,2026-01-17 11:19:35,1,1,2026-01-26 20:19:35,35.99,quarterly,paid
432,1490,2026-01-25 04:19:56,1,0,,14.99,monthly,failed
433,1491,2026-01-20 21:08:02,1,0,,94.99,yearly,failed
434,1492,2026-01-25 04:43:00,1,1,2026-02-04 00:43:00,35.99,quarterly,paid
435,1499,2026-01-23 19:37:47,1,0,,35.99,quarterly,failed
436,1502,2026-01-19 17:13:19,1,0,,14.99,monthly,failed
437,1505,2026-01-26 19:45:55,1,0,,35.99,quarterly,failed
438,1506,2026-01-20 21:55:58,1,0,,35.99,quarterly,failed
439,1509,2026-01-30 02:12:55,1,0,,14.99,monthly,failed
440,1514,2026-01-20 18:56:24,1,0,,14.99,monthly,failed
441,1515,2026-01-21 00:43:19,1,0,,14.99,monthly,failed
442,1532,2026-01-16 04:46:40,1,0,,94.99,yearly,failed
443,1535,2026-01-29 01:09:20,1,0,,35.99,quarterly,failed
444,1542,2026-01-20 18:35:19,1,1,2026-02-01 00:35:19,14.99,monthly,paid
445,1548,2026-01-31 04:34:10,1,0,,14.99,monthly,failed
446,1551,2026-01-20 00:30:43,1,0,,35.99,quarterly,failed
447,1552,2026-01-30 05:10:29,1,1,2026-02-08 17:10:29,14.99,monthly,paid
448,1559,2026-02-02 09:02:05,1,0,,14.99,monthly,failed
449,1562,2026-01-20 10:44:22,1,0,,14.99,monthly,failed
450,1565,2026-01-25 17:13:46,1,0,,14.99,monthly,failed
451,1566,2026-01-22 21:25:07,1,1,2026-01-29 16:25:07,94.99,yearly,paid
452,1574,2026-01-30 03:46:08,1,1,2026-02-07 17:46:08,35.99,quarterly,paid
453,1576,2026-01-22 07:54:24,1,1,2026-01-28 02:54:24,35.99,quarterly,paid
454,1583,2026-01-25 16:16:58,1,1,2026-02-02 19:16:58,14.99,monthly,paid
455,1588,2026-01-18 01:52:05,1,0,,14.99,monthly,failed
456,1592,2026-01-21 10:21:47,1,1,2026-02-02 16:21:47,14.99,monthly,paid
457,1597,2026-01-26 17:56:09,1,0,,94.99,yearly,failed
458,1599,2026-01-31 05:51:26,1,0,,94.99,yearly,failed
459,1600,2026-01-27 08:54:04,1,0,,14.99,monthly,failed
460,1601,2026-01-20 12:00:43,1,0,,14.99,monthly,failed
461,1603,2026-01-30 12:59:15,1,0,,14.99,monthly,failed
462,1606,2026-01-30 05:07:40,1,0,,94.99,yearly,failed
463,1611,2026-01-28 15:46:38,1,1,2026-02-07 01:46:38,14.99,monthly,paid
464,1617,2026-01-28 13:06:01,1,1,2026-02-05 16:06:01,35.99,quarterly,paid
465,1618,2026-01-25 07:58:31,1,1,2026-02-04 11:58:31,35.99,quarterly,paid
466,1620,2026-02-02 01:38:38,1,0,,94.99,yearly,failed
467,1626,2026-02-01 23:10:42,1,1,2026-02-09 21:10:42,14.99,monthly,paid
468,1628,2026-01-25 06:31:57,1,1,2026-02-01 07:31:57,14.99,monthly,paid
469,1630,2026-01-18 04:46:45,1,0,,35.99,quarterly,failed
470,1631,2026-01-25 13:39:29,1,0,,14.99,monthly,failed
471,1639,2026-01-19 19:24:00,1,1,2026-01-30 10:24:00,14.99,monthly,paid
472,1645,2026-01-19 00:52:03,1,1,2026-01-26 02:52:03,14.99,monthly,paid
473,1647,2026-01-20 23:08:55,1,0,,94.99,yearly,failed
474,1650,2026-01-30 18:11:16,1,0,,94.99,yearly,failed
475,1653,2026-01-17 11:10:48,1,0,,14.99,monthly,failed
476,1654,2026-01-26 23:03:04,1,1,2026-02-01 22:03:04,14.99,monthly,paid
477,1660,2026-01-20 06:29:42,1,0,,35.99,quarterly,failed
478,1661,2026-01-25 18:49:52,1,1,2026-02-05 05:49:52,14.99,monthly,paid
479,1662,2026-01-25 10:11:39,1,1,2026-02-06 02:11:39,14.99,monthly,paid
480,1664,2026-01-25 21:50:40,1,0,,14.99,monthly,failed
481,1671,2026-01-29 00:20:53,1,1,2026-02-03 17:20:53,94.99,yearly,paid
482,1675,2026-01-29 02:47:11,1,0,,94.99,yearly,failed
483,1680,2026-01-24 12:56:59,1,1,2026-02-01 21:56:59,14.99,monthly,paid
484,1684,2026-01-30 02:46:46,1,0,,35.99,quarterly,failed
485,1687,2026-01-23 14:37:40,1,1,2026-02-04 11:37:40,14.99,monthly,paid
486,1696,2026-01-26 19:29:35,1,1,2026-02-08 21:29:35,14.99,monthly,paid
487,1697,2026-01-24 02:16:10,1,0,,14.99,monthly,failed
488,1703,2026-01-27 23:14:45,1,0,,14.99,monthly,failed
489,1704,2026-01-20 08:24:47,1,1,2026-01-29 03:24:47,14.99,monthly,paid
490,1706,2026-01-30 02:27:54,1,1,2026-02-10 02:27:54,14.99,monthly,paid
491,1714,2026-01-27 14:15:57,1,0,,94.99,yearly,failed
492,1715,2026-01-26 19:55:45,1,1,2026-02-08 08:55:45,35.99,quarterly,paid
493,1717,2026-01-26 23:31:19,1,0,,14.99,monthly,failed
494,1718,2026-01-21 11:39:12,1,1,2026-02-02 16:39:12,35.99,quarterly,paid
495,1722,2026-01-27 19:37:13,1,0,,94.99,yearly,failed
496,1726,2026-01-28 15:26:51,1,0,,94.99,yearly,failed
497,1737,2026-01-24 05:10:30,1,0,,14.99,monthly,failed
498,1738,2026-01-18 05:44:38,1,1,2026-01-23 20:44:38,14.99,monthly,paid
499,1739,2026-01-15 22:19:27,1,0,,14.99,monthly,failed
500,1740,2026-01-18 18:23:38,1,0,,14.99,monthly,failed
501,1742,2026-01-29 13:23:20,1,1,2026-02-07 04:23:20,14.99,monthly,paid
502,1745,2026-01-19 20:49:15,1,0,,14.99,monthly,failed
503,1749,2026-01-29 15:26:02,1,0,,14.99,monthly,failed
504,1752,2026-01-30 15:07:44,1,1,2026-02-05 08:07:44,14.99,monthly,paid
505,1757,2026-01-21 22:01:15,1,1,2026-01-29 19:01:15,14.99,monthly,paid
506,1758,2026-01-25 17:21:58,1,1,2026-02-03 15:21:58,14.99,monthly,paid
507,1762,2026-01-22 03:55:44,1,0,,14.99,monthly,failed
508,1765,2026-01-26 10:55:13,1,0,,14.99,monthly,failed
509,1766,2026-02-01 15:38:08,1,0,,14.99,monthly,failed
510,1774,2026-01-22 19:47:44,1,0,,14.99,monthly,failed
511,1780,2026-01-26 22:18:04,1,0,,94.99,yearly,failed
512,1782,2026-01-22 07:30:24,1,0,,35.99,quarterly,failed
513,1786,2026-01-20 16:23:14,1,0,,14.99,monthly,failed
514,1793,2026-01-22 01:16:39,1,1,2026-02-01 03:16:39,35.99,quarterly,paid
515,1797,2026-02-02 10:03:47,1,1,2026-02-07 16:03:47,14.99,monthly,paid
516,1798,2026-01-19 20:47:33,1,0,,35.99,quarterly,failed
517,1799,2026-01-24 19:22:39,1,0,,14.99,monthly,failed
518,1804,2026-01-20 23:51:05,1,0,,14.99,monthly,failed
519,1808,2026-01-25 00:26:54,1,1,2026-01-30 11:26:54,35.99,quarterly,paid
520,1812,2026-01-27 11:13:40,1,0,,14.99,monthly,failed
521,1815,2026-01-30 22:30:50,1,0,,35.99,quarterly,failed
522,1817,2026-01-19 09:29:05,1,1,2026-02-01 02:29:05,94.99,yearly,paid
523,1820,2026-01-21 23:16:03,1,0,,14.99,monthly,failed
524,1826,2026-02-01 02:52:11,1,1,2026-02-06 10:52:11,14.99,monthly,paid
525,1828,2026-02-01 07:42:14,1,0,,14.99,monthly,failed
526,1830,2026-02-01 18:48:20,1,0,,14.99,monthly,failed
527,1832,2026-01-31 07:49:25,1,1,2026-02-09 03:49:25,14.99,monthly,paid
528,1835,2026-01-22 23:19:50,1,0,,35.99,quarterly,failed
529,1837,2026-02-01 22:02:31,1,0,,14.99,monthly,failed
530,1841,2026-01-23 15:27:57,1,0,,14.99,monthly,failed
531,1848,2026-01-25 04:17:04,1,0,,14.99,monthly,failed
532,1850,2026-01-18 12:26:49,1,1,2026-02-01 09:26:49,14.99,monthly,paid
533,1851,2026-01-16 23:22:47,1,0,,14.99,monthly,failed
534,1852,2026-01-20 14:19:41,1,0,,14.99,monthly,failed
535,1856,2026-01-29 18:35:19,1,0,,14.99,monthly,failed
536,1858,2026-01-26 12:21:53,1,0,,14.99,monthly,failed
537,1861,2026-01-29 08:50:36,1,1,2026-02-04 04:50:36,14.99,monthly,paid
538,1862,2026-01-21 03:46:53,1,0,,14.99,monthly,failed
539,1868,2026-01-29 12:05:09,1,0,,14.99,monthly,failed
540,1873,2026-01-26 17:10:22,1,1,2026-02-01 09:10:22,94.99,yearly,paid
541,1876,2026-01-18 05:13:38,1,1,2026-01-30 13:13:38,35.99,quarterly,paid
542,1883,2026-01-18 19:33:19,1,1,2026-02-01 15:33:19,35.99,quarterly,paid
543,1886,2026-01-19 14:13:57,1,0,,14.99,monthly,failed
544,1894,2026-01-27 19:46:48,1,1,2026-02-06 08:46:48,14.99,monthly,paid
545,1898,2026-01-31 02:49:35,1,0,,14.99,monthly,failed
546,1900,2026-01-22 02:26:36,1,1,2026-01-31 03:26:36,14.99,monthly,paid
547,1907,2026-01-21 03:49:34,1,0,,94.99,yearly,failed
548,1909,2026-01-16 19:54:39,1,1,2026-01-22 08:54:39,14.99,monthly,paid
549,1911,2026-01-18 05:19:14,1,0,,14.99,monthly,failed
550,1918,2026-01-24 03:10:04,1,0,,14.99,monthly,failed
551,1927,2026-01-21 19:45:53,1,0,,94.99,yearly,failed
552,1928,2026-01-17 16:16:15,1,0,,35.99,quarterly,failed
553,1929,2026-01-19 05:27:40,1,0,,14.99,monthly,failed
554,1930,2026-02-01 05:31:04,1,1,2026-02-11 14:31:04,14.99,monthly,paid
555,1932,2026-01-23 08:40:06,1,0,,14.99,monthly,failed
556,1941,2026-01-18 01:04:23,1,1,2026-01-29 20:04:23,35.99,quarterly,paid
557,1944,2026-01-15 16:15:44,1,0,,35.99,quarterly,failed
558,1948,2026-01-31 15:04:26,1,1,2026-02-06 05:04:26,14.99,monthly,paid
559,1951,2026-01-31 15:29:35,1,0,,14.99,monthly,failed
560,1952,2026-01-25 23:07:00,1,0,,14.99,monthly,failed
561,1961,2026-01-30 01:35:28,1,0,,14.99,monthly,failed
562,1964,2026-01-30 07:52:10,1,1,2026-02-09 11:52:10,14.99,monthly,paid
563,1965,2026-01-29 03:17:56,1,1,2026-02-10 08:17:56,14.99,monthly,paid
564,1971,2026-01-29 10:07:40,1,0,,35.99,quarterly,failed
565,1974,2026-01-22 10:17:09,1,0,,35.99,quarterly,failed
566,1977,2026-01-31 20:10:33,1,1,2026-02-14 01:10:33,14.99,monthly,paid
567,1979,2026-01-17 12:17:46,1,1,2026-01-25 06:17:46,14.99,monthly,paid
568,1981,2026-01-27 18:17:01,1,0,,94.99,yearly,failed
569,1984,2026-01-29 17:20:31,1,1,2026-02-06 17:20:31,14.99,monthly,paid
570,1986,2026-01-28 17:48:11,1,1,2026-02-10 23:48:11,14.99,monthly,paid
571,1988,2026-01-19 00:28:38,1,1,2026-01-27 01:28:38,94.99,yearly,paid
572,1989,2026-01-18 21:56:27,1,0,,94.99,yearly,failed
573,1994,2026-01-27 19:43:03,1,1,2026-02-02 09:43:03,14.99,monthly,paid
574,1999,2026-01-21 05:30:04,1,1,2026-01-31 13:30:04,14.99,monthly,paid
575,2000,2026-01-21 03:36:20,1,1,2026-02-03 05:36:20,35.99,quarterly,paid
576,2001,2026-01-30 05:16:38,1,1,2026-02-05 04:16:38,14.99,monthly,paid
577,2002,2026-01-16 07:19:18,1,1,2026-01-24 04:19:18,14.99,monthly,paid
578,2007,2026-01-22 13:05:45,1,0,,35.99,quarterly,failed
579,2009,2026-01-29 12:21:18,1,1,2026-02-10 06:21:18,14.99,monthly,paid
580,2012,2026-01-22 07:18:51,1,1,2026-01-30 18:18:51,35.99,quarterly,paid
581,2013,2026-01-18 07:29:42,1,0,,35.99,quarterly,failed
582,2016,2026-01-21 15:12:57,1,0,,35.99,quarterly,failed
583,2017,2026-01-22 09:53:10,1,0,,94.99,yearly,failed
584,2020,2026-01-23 04:07:42,1,0,,35.99,quarterly,failed
585,2022,2026-01-26 19:15:36,1,0,,35.99,quarterly,failed
586,2030,2026-01-20 22:49:37,1,0,,35.99,quarterly,failed
587,2039,2026-02-01 21:05:31,1,0,,14.99,monthly,failed
588,2040,2026-01-24 06:27:00,1,0,,94.99,yearly,failed
589,2050,2026-01-27 00:16:41,1,0,,35.99,quarterly,failed
590,2055,2026-01-27 15:31:06,1,1,2026-02-02 03:31:06,35.99,quarterly,paid
591,2056,2026-01-21 22:27:53,1,0,,14.99,monthly,failed
592,2058,2026-01-28 14:18:44,1,0,,35.99,quarterly,failed
593,2059,2026-01-22 00:50:32,1,0,,94.99,yearly,failed
594,2061,2026-01-30 12:52:18,1,1,2026-02-11 05:52:18,35.99,quarterly,paid
595,2062,2026-01-25 12:13:19,1,0,,35.99,quarterly,failed
596,2066,2026-01-25 05:38:42,1,0,,94.99,yearly,failed
597,2075,2026-01-27 10:10:53,1,1,2026-02-09 08:10:53,14.99,monthly,paid
598,2079,2026-01-20 15:29:00,1,0,,35.99,quarterly,failed
599,2080,2026-01-17 04:19:45,1,1,2026-01-26 22:19:45,14.99,monthly,paid
600,2081,2026-01-30 04:30:40,1,1,2026-02-08 04:30:40,14.99,monthly,paid
601,2087,2026-01-29 07:05:27,1,0,,14.99,monthly,failed
602,2089,2026-01-21 00:27:11,1,1,2026-02-03 15:27:11,14.99,monthly,paid
603,2097,2026-01-31 12:24:38,1,1,2026-02-11 13:24:38,14.99,monthly,paid
604,2098,2026-01-29 16:08:13,1,1,2026-02-06 19:08:13,35.99,quarterly,paid
605,2099,2026-01-28 18:30:30,1,0,,35.99,quarterly,failed
606,2100,2026-01-19 07:38:44,1,0,,14.99,monthly,failed
607,2101,2026-01-31 17:35:23,1,1,2026-02-08 12:35:23,14.99,monthly,paid
608,2108,2026-01-18 05:34:15,1,0,,14.99,monthly,failed
609,2110,2026-01-21 00:40:35,1,1,2026-02-03 19:40:35,94.99,yearly,paid
610,2111,2026-01-20 22:41:25,1,0,,35.99,quarterly,failed
611,2112,2026-01-27 15:17:33,1,1,2026-02-02 06:17:33,14.99,monthly,paid
612,2114,2026-01-31 18:24:48,1,0,,14.99,monthly,failed
613,2120,2026-01-28 08:10:03,1,0,,14.99,monthly,failed
614,2130,2026-01-21 01:45:37,1,1,2026-01-28 18:45:37,14.99,monthly,paid
615,2131,2026-01-28 13:56:32,1,1,2026-02-10 04:56:32,94.99,yearly,paid
616,2134,2026-01-22 21:04:04,1,0,,94.99,yearly,failed
617,2141,2026-01-27 11:55:37,1,0,,14.99,monthly,failed
618,2142,2026-01-31 18:02:38,1,0,,14.99,monthly,failed
619,2143,2026-01-31 22:40:44,1,1,2026-02-12 13:40:44,35.99,quarterly,paid
620,2147,2026-01-19 05:59:46,1,0,,35.99,quarterly,failed
621,2148,2026-02-01 10:51:44,1,1,2026-02-13 09:51:44,35.99,quarterly,paid
622,2151,2026-01-20 15:52:27,1,0,,94.99,yearly,failed
623,2153,2026-01-30 13:29:53,1,0,,14.99,monthly,failed
624,2154,2026-01-24 23:10:32,1,0,,94.99,yearly,failed
625,2156,2026-01-24 04:50:53,1,0,,14.99,monthly,failed
626,2160,2026-01-22 12:19:02,1,1,2026-02-04 13:19:02,14.99,monthly,paid
627,2162,2026-01-19 17:38:08,1,1,2026-02-02 08:38:08,35.99,quarterly,paid
628,2166,2026-01-31 01:56:26,1,0,,14.99,monthly,failed
629,2169,2026-02-01 15:55:24,1,1,2026-02-15 07:55:24,35.99,quarterly,paid
630,2174,2026-01-28 01:59:03,1,1,2026-02-09 05:59:03,35.99,quarterly,paid
631,2175,2026-01-20 06:08:06,1,0,,14.99,monthly,failed
632,2183,2026-01-26 07:20:16,1,0,,14.99,monthly,failed
633,2184,2026-01-26 02:05:10,1,1,2026-02-05 12:05:10,94.99,yearly,paid
634,2188,2026-01-19 22:11:08,1,0,,14.99,monthly,failed
635,2190,2026-01-26 02:04:20,1,0,,35.99,quarterly,failed
636,2191,2026-01-21 07:54:52,1,0,,14.99,monthly,failed
637,2202,2026-01-16 08:03:46,1,0,,35.99,quarterly,failed
638,2203,2026-01-15 18:58:52,1,0,,94.99,yearly,failed
639,2204,2026-01-20 19:08:27,1,0,,14.99,monthly,failed
640,2207,2026-01-18 12:47:43,1,1,2026-01-26 07:47:43,14.99,monthly,paid
641,2208,2026-01-31 04:22:58,1,0,,35.99,quarterly,failed
642,2225,2026-01-23 13:38:28,1,1,2026-02-06 10:38:28,35.99,quarterly,paid
643,2226,2026-01-26 01:49:29,1,0,,14.99,monthly,failed
644,2228,2026-02-01 17:37:24,1,1,2026-02-06 20:37:24,35.99,quarterly,paid
645,2230,2026-02-02 15:10:30,1,1,2026-02-08 08:10:30,14.99,monthly,paid
646,2237,2026-01-20 08:46:14,1,0,,35.99,quarterly,failed
647,2238,2026-01-20 00:25:04,1,0,,35.99,quarterly,failed
648,2239,2026-01-24 06:16:48,1,1,2026-01-31 16:16:48,14.99,monthly,paid
649,2241,2026-01-20 06:13:48,1,0,,94.99,yearly,failed
650,2242,2026-01-26 14:41:20,1,0,,14.99,monthly,failed
651,2245,2026-01-27 21:02:15,1,1,2026-02-02 09:02:15,94.99,yearly,paid
652,2248,2026-01-19 17:57:12,1,0,,35.99,quarterly,failed
653,2253,2026-01-19 13:24:41,1,0,,94.99,yearly,failed
654,2255,2026-01-20 01:23:32,1,1,2026-01-29 09:23:32,14.99,monthly,paid
655,2256,2026-01-26 17:57:16,1,1,2026-02-02 00:57:16,35.99,quarterly,paid
656,2267,2026-01-27 15:49:31,1,0,,14.99,monthly,failed
657,2277,2026-01-19 14:40:20,1,0,,94.99,yearly,failed
658,2279,2026-01-21 08:26:40,1,1,2026-01-31 23:26:40,14.99,monthly,paid
659,2281,2026-01-29 02:20:26,1,0,,14.99,monthly,failed
660,2284,2026-01-28 14:17:06,1,0,,35.99,quarterly,failed
661,2290,2026-01-23 01:59:59,1,0,,14.99,monthly,failed
662,2292,2026-01-22 00:11:26,1,1,2026-01-31 03:11:26,14.99,monthly,paid
663,2298,2026-01-23 16:25:58,1,1,2026-02-06 13:25:58,35.99,quarterly,paid
664,2299,2026-01-20 13:33:33,1,0,,14.99,monthly,failed
665,2303,2026-01-25 22:30:16,1,0,,35.99,quarterly,failed
666,2306,2026-01-17 21:12:24,1,1,2026-01-26 13:12:24,14.99,monthly,paid
667,2317,2026-01-16 13:25:23,1,1,2026-01-27 23:25:23,14.99,monthly,paid
668,2323,2026-01-22 03:56:22,1,1,2026-02-03 05:56:22,14.99,monthly,paid
669,2332,2026-01-29 16:12:24,1,0,,14.99,monthly,failed
670,2335,2026-01-24 15:41:19,1,1,2026-02-06 17:41:19,14.99,monthly,paid
671,2348,2026-01-28 14:57:00,1,0,,14.99,monthly,failed
672,2358,2026-01-19 19:25:45,1,0,,14.99,monthly,failed
673,2362,2026-01-28 18:36:29,1,1,2026-02-08 10:36:29,14.99,monthly,paid
674,2367,2026-01-22 13:35:49,1,1,2026-02-02 14:35:49,14.99,monthly,paid
675,2374,2026-01-23 12:35:26,1,0,,94.99,yearly,failed
676,2381,2026-01-18 06:15:49,1,0,,14.99,monthly,failed
677,2382,2026-01-24 10:04:53,1,1,2026-01-31 02:04:53,14.99,monthly,paid
678,2383,2026-01-31 23:29:45,1,1,2026-02-13 09:29:45,14.99,monthly,paid
679,2385,2026-01-19 12:55:27,1,1,2026-01-31 04:55:27,14.99,monthly,paid
680,2386,2026-01-30 02:02:03,1,0,,35.99,quarterly,failed
681,2389,2026-02-01 21:55:47,1,0,,14.99,monthly,failed
682,2395,2026-01-24 23:02:50,1,1,2026-02-01 07:02:50,14.99,monthly,paid
683,2399,2026-01-20 19:46:51,1,1,2026-02-02 13:46:51,14.99,monthly,paid
684,2406,2026-01-29 10:02:49,1,0,,35.99,quarterly,failed
685,2411,2026-01-24 20:27:02,1,0,,14.99,monthly,failed
686,2412,2026-01-16 23:10:45,1,1,2026-01-25 00:10:45,14.99,monthly,paid
687,2413,2026-01-31 07:49:51,1,0,,35.99,quarterly,failed
688,2419,2026-01-20 17:39:52,1,1,2026-01-28 03:39:52,14.99,monthly,paid
689,2421,2026-01-19 16:29:50,1,1,2026-01-25 14:29:50,14.99,monthly,paid
690,2423,2026-01-17 21:21:24,1,0,,14.99,monthly,failed
691,2424,2026-01-30 23:15:26,1,0,,14.99,monthly,failed
692,2429,2026-01-29 07:52:32,1,0,,14.99,monthly,failed
693,2442,2026-01-16 17:26:07,1,1,2026-01-27 08:26:07,14.99,monthly,paid
694,2446,2026-01-31 06:57:38,1,0,,14.99,monthly,failed
695,2448,2026-01-27 00:41:11,1,1,2026-02-06 10:41:11,14.99,monthly,paid
696,2455,2026-01-30 06:39:18,1,0,,35.99,quarterly,failed
697,2457,2026-01-30 07:54:46,1,0,,94.99,yearly,failed
698,2460,2026-01-16 14:16:14,1,0,,35.99,quarterly,failed
699,2463,2026-01-24 21:26:20,1,0,,94.99,yearly,failed
700,2471,2026-01-30 10:04:31,1,1,2026-02-10 19:04:31,14.99,monthly,paid
701,2473,2026-01-22 12:12:58,1,0,,35.99,quarterly,failed
702,2475,2026-01-16 20:41:51,1,0,,14.99,monthly,failed
703,2478,2026-01-18 21:51:51,1,1,2026-01-28 00:51:51,35.99,quarterly,paid
704,2480,2026-01-17 22:57:15,1,1,2026-01-27 05:57:15,14.99,monthly,paid
705,2483,2026-01-18 19:33:31,1,1,2026-01-30 04:33:31,14.99,monthly,paid
706,2485,2026-01-21 17:16:36,1,0,,14.99,monthly,failed
707,2486,2026-01-21 18:11:22,1,1,2026-01-30 12:11:22,35.99,quarterly,paid
708,2491,2026-01-21 15:38:28,1,1,2026-02-02 18:38:28,14.99,monthly,paid
709,2495,2026-01-23 20:49:34,1,1,2026-02-03 12:49:34,35.99,quarterly,paid
710,2501,2026-01-26 22:21:48,1,1,2026-02-01 07:21:48,14.99,monthly,paid
711,2509,2026-01-22 11:11:18,1,0,,14.99,monthly,failed
712,2516,2026-01-29 06:28:55,1,1,2026-02-05 04:28:55,14.99,monthly,paid
713,2518,2026-01-24 03:37:57,1,0,,14.99,monthly,failed
714,2525,2026-01-17 07:25:45,1,0,,35.99,quarterly,failed
715,2528,2026-01-31 20:02:50,1,0,,94.99,yearly,failed
716,2529,2026-01-17 05:14:27,1,1,2026-01-24 20:14:27,35.99,quarterly,paid
717,2530,2026-01-25 18:21:33,1,1,2026-02-05 01:21:33,14.99,monthly,paid
718,2532,2026-01-29 12:55:33,1,0,,14.99,monthly,failed
719,2542,2026-02-02 08:07:15,1,1,2026-02-07 23:07:15,35.99,quarterly,paid
720,2545,2026-01-29 12:33:32,1,1,2026-02-04 00:33:32,14.99,monthly,paid
721,2549,2026-01-23 17:49:45,1,0,,14.99,monthly,failed
722,2551,2026-01-26 08:04:23,1,0,,14.99,monthly,failed
723,2553,2026-01-20 01:28:41,1,1,2026-01-28 12:28:41,14.99,monthly,paid
724,2567,2026-01-30 06:40:30,1,0,,35.99,quarterly,failed
725,2568,2026-01-27 08:19:29,1,0,,14.99,monthly,failed
726,2572,2026-01-31 06:34:26,1,1,2026-02-09 02:34:26,94.99,yearly,paid
727,2574,2026-01-22 02:43:43,1,1,2026-01-31 02:43:43,94.99,yearly,paid
728,2575,2026-01-28 18:21:36,1,0,,14.99,monthly,failed
729,2576,2026-01-22 03:20:20,1,1,2026-01-29 10:20:20,14.99,monthly,paid
730,2581,2026-01-22 23:32:48,1,1,2026-01-30 16:32:48,14.99,monthly,paid
731,2585,2026-01-21 18:58:23,1,0,,14.99,monthly,failed
732,2586,2026-01-25 17:11:41,1,0,,14.99,monthly,failed
733,2591,2026-01-17 09:46:20,1,1,2026-01-31 04:46:20,14.99,monthly,paid
734,2593,2026-01-24 10:06:53,1,1,2026-02-03 04:06:53,14.99,monthly,paid
735,2597,2026-01-24 19:15:52,1,0,,35.99,quarterly,failed
736,2599,2026-02-02 00:08:23,1,0,,14.99,monthly,failed
737,2601,2026-01-31 00:12:34,1,0,,14.99,monthly,failed
738,2605,2026-01-29 04:20:04,1,0,,14.99,monthly,failed
739,2613,2026-01-19 01:02:18,1,0,,14.99,monthly,failed
740,2616,2026-01-26 16:55:50,1,1,2026-02-04 18:55:50,94.99,yearly,paid
741,2619,2026-01-26 19:52:53,1,1,2026-02-06 01:52:53,14.99,monthly,paid
742,2621,2026-01-30 14:39:04,1,1,2026-02-09 14:39:04,14.99,monthly,paid
743,2623,2026-01-18 17:24:00,1,1,2026-01-30 04:24:00,14.99,monthly,paid
744,2624,2026-01-31 12:57:04,1,1,2026-02-14 08:57:04,35.99,quarterly,paid
745,2625,2026-01-31 17:53:58,1,0,,14.99,monthly,failed
746,2626,2026-01-26 19:13:22,1,0,,14.99,monthly,failed
747,2627,2026-02-02 04:23:20,1,1,2026-02-14 11:23:20,14.99,monthly,paid
748,2630,2026-01-15 21:43:30,1,1,2026-01-23 02:43:30,14.99,monthly,paid
749,2633,2026-01-31 18:40:44,1,0,,14.99,monthly,failed
750,2641,2026-01-19 08:42:33,1,0,,14.99,monthly,failed
751,2648,2026-01-29 20:57:11,1,0,,14.99,monthly,failed
752,2650,2026-01-20 15:55:55,1,0,,14.99,monthly,failed
753,2654,2026-01-23 03:12:31,1,0,,35.99,quarterly,failed
754,2660,2026-01-17 18:31:12,1,0,,14.99,monthly,failed
755,2663,2026-01-19 03:06:06,1,1,2026-01-29 15:06:06,35.99,quarterly,paid
756,2668,2026-02-01 03:53:22,1,0,,14.99,monthly,failed
757,2671,2026-01-29 06:05:05,1,0,,14.99,monthly,failed
758,2672,2026-01-30 15:06:07,1,1,2026-02-11 09:06:07,14.99,monthly,paid
759,2676,2026-01-26 21:27:47,1,1,2026-02-05 07:27:47,14.99,monthly,paid
760,2678,2026-01-31 19:17:02,1,1,2026-02-08 02:17:02,14.99,monthly,paid
761,2686,2026-01-23 14:33:34,1,0,,94.99,yearly,failed
762,2689,2026-01-26 09:20:05,1,0,,14.99,monthly,failed
763,2691,2026-01-28 13:36:07,1,0,,94.99,yearly,failed
764,2692,2026-01-25 14:44:32,1,1,2026-02-07 07:44:32,35.99,quarterly,paid
765,2696,2026-01-22 06:57:13,1,1,2026-02-04 09:57:13,14.99,monthly,paid
766,2697,2026-01-18 23:08:02,1,0,,14.99,monthly,failed
767,2699,2026-01-17 10:32:12,1,1,2026-01-25 00:32:12,14.99,monthly,paid
768,2703,2026-01-20 15:15:15,1,1,2026-02-03 05:15:15,14.99,monthly,paid
769,2705,2026-01-16 17:06:43,1,0,,14.99,monthly,failed
770,2708,2026-01-20 12:56:56,1,0,,14.99,monthly,failed
771,2714,2026-01-23 22:20:47,1,0,,14.99,monthly,failed
772,2716,2026-01-23 06:10:46,1,0,,14.99,monthly,failed
773,2717,2026-01-23 17:54:50,1,0,,94.99,yearly,failed
774,2718,2026-01-27 21:34:18,1,1,2026-02-04 08:34:18,94.99,yearly,paid
775,2719,2026-01-25 08:32:10,1,0,,14.99,monthly,failed
776,2720,2026-01-19 05:39:49,1,1,2026-01-26 00:39:49,14.99,monthly,paid
777,2725,2026-01-28 13:31:37,1,0,,14.99,monthly,failed
778,2726,2026-01-27 05:26:08,1,0,,35.99,quarterly,failed
779,2729,2026-01-26 08:08:02,1,0,,35.99,quarterly,failed
780,2730,2026-01-23 12:23:04,1,1,2026-02-05 09:23:04,94.99,yearly,paid
781,2733,2026-01-31 09:02:50,1,1,2026-02-10 21:02:50,14.99,monthly,paid
782,2736,2026-01-18 10:57:59,1,0,,35.99,quarterly,failed
783,2739,2026-01-25 01:50:36,1,0,,35.99,quarterly,failed
784,2742,2026-01-17 19:29:54,1,1,2026-01-28 14:29:54,94.99,yearly,paid
785,2745,2026-01-18 21:05:21,1,1,2026-01-24 05:05:21,14.99,monthly,paid
786,2753,2026-01-25 08:40:05,1,1,2026-01-31 08:40:05,94.99,yearly,paid
787,2757,2026-01-31 11:44:28,1,0,,94.99,yearly,failed
788,2760,2026-01-22 16:02:33,1,0,,94.99,yearly,failed
789,2762,2026-01-23 20:52:44,1,1,2026-01-30 12:52:44,14.99,monthly,paid
790,2763,2026-01-21 05:41:27,1,0,,94.99,yearly,failed
791,2765,2026-01-19 07:25:22,1,0,,14.99,monthly,failed
792,2766,2026-01-25 02:07:01,1,0,,35.99,quarterly,failed
793,2767,2026-01-21 19:41:30,1,0,,35.99,quarterly,failed
794,2772,2026-01-16 17:28:58,1,0,,14.99,monthly,failed
795,2777,2026-01-24 15:00:37,1,1,2026-02-04 18:00:37,14.99,monthly,paid
796,2781,2026-01-20 23:52:16,1,0,,14.99,monthly,failed
797,2784,2026-01-31 02:41:24,1,1,2026-02-12 19:41:24,14.99,monthly,paid
798,2795,2026-01-17 03:14:38,1,0,,14.99,monthly,failed
799,2796,2026-01-31 23:37:26,1,0,,14.99,monthly,failed
800,2797,2026-01-30 20:27:55,1,1,2026-02-05 22:27:55,35.99,quarterly,paid
801,2798,2026-01-26 01:31:07,1,1,2026-02-06 13:31:07,35.99,quarterly,paid
802,2802,2026-01-23 12:33:59,1,1,2026-02-03 07:33:59,94.99,yearly,paid
803,2805,2026-01-19 16:14:13,1,0,,35.99,quarterly,failed
804,2807,2026-01-21 14:49:22,1,1,2026-02-01 07:49:22,94.99,yearly,paid
805,2809,2026-01-29 06:50:25,1,1,2026-02-07 13:50:25,14.99,monthly,paid
806,2810,2026-01-19 15:15:37,1,0,,14.99,monthly,failed
807,2812,2026-01-21 12:42:26,1,0,,94.99,yearly,failed
808,2813,2026-01-20 04:45:28,1,1,2026-02-02 00:45:28,35.99,quarterly,paid
809,2818,2026-01-30 22:51:34,1,1,2026-02-05 19:51:34,35.99,quarterly,paid
810,2819,2026-01-17 15:01:05,1,0,,14.99,monthly,failed
811,2825,2026-01-26 19:35:49,1,1,2026-02-06 17:35:49,35.99,quarterly,paid
812,2826,2026-01-29 10:35:56,1,0,,94.99,yearly,failed
813,2828,2026-02-01 17:53:59,1,1,2026-02-14 07:53:59,35.99,quarterly,paid
814,2831,2026-01-31 09:32:37,1,0,,14.99,monthly,failed
815,2832,2026-01-29 22:40:54,1,0,,94.99,yearly,failed
816,2833,2026-01-21 21:28:55,1,0,,14.99,monthly,failed
817,2834,2026-01-24 21:38:08,1,0,,14.99,monthly,failed
818,2835,2026-01-23 12:19:42,1,0,,14.99,monthly,failed
819,2850,2026-01-21 10:31:56,1,0,,14.99,monthly,failed
820,2851,2026-01-20 03:30:43,1,1,2026-01-31 09:30:43,14.99,monthly,paid
821,2852,2026-01-23 01:44:05,1,1,2026-01-28 07:44:05,14.99,monthly,paid
822,2861,2026-01-18 09:00:06,1,0,,14.99,monthly,failed
823,2866,2026-01-17 13:21:06,1,0,,14.99,monthly,failed
824,2868,2026-01-18 06:16:10,1,1,2026-01-26 16:16:10,14.99,monthly,paid
825,2878,2026-01-31 11:57:36,1,1,2026-02-07 00:57:36,14.99,monthly,paid
826,2881,2026-01-15 23:34:59,1,0,,14.99,monthly,failed
827,2882,2026-01-19 08:26:06,1,1,2026-01-27 09:26:06,14.99,monthly,paid
828,2883,2026-01-25 09:42:16,1,1,2026-02-08 07:42:16,14.99,monthly,paid
829,2884,2026-01-16 13:02:23,1,1,2026-01-24 04:02:23,14.99,monthly,paid
830,2889,2026-01-17 18:32:56,1,0,,14.99,monthly,failed
831,2891,2026-01-18 04:37:34,1,0,,14.99,monthly,failed
832,2895,2026-01-19 22:24:49,1,0,,14.99,monthly,failed
833,2896,2026-01-26 00:11:07,1,0,,14.99,monthly,failed
834,2897,2026-01-27 10:18:59,1,0,,35.99,quarterly,failed
835,2899,2026-01-29 16:55:27,1,0,,14.99,monthly,failed
836,2902,2026-01-30 06:38:17,1,1,2026-02-12 17:38:17,14.99,monthly,paid
837,2904,2026-01-26 10:03:28,1,0,,14.99,monthly,failed
838,2908,2026-02-01 00:07:40,1,1,2026-02-11 01:07:40,94.99,yearly,paid
839,2913,2026-01-23 22:33:07,1,0,,35.99,quarterly,failed
840,2916,2026-01-23 16:38:21,1,1,2026-02-03 15:38:21,14.99,monthly,paid
841,2917,2026-01-26 03:20:12,1,0,,14.99,monthly,failed
842,2919,2026-01-31 04:33:00,1,1,2026-02-07 14:33:00,94.99,yearly,paid
843,2920,2026-01-21 23:21:01,1,0,,14.99,monthly,failed
844,2924,2026-01-24 13:30:52,1,0,,14.99,monthly,failed
845,2926,2026-01-19 19:35:09,1,1,2026-01-25 20:35:09,14.99,monthly,paid
846,2930,2026-01-28 01:30:08,1,0,,35.99,quarterly,failed
847,2933,2026-01-18 02:08:03,1,1,2026-01-25 14:08:03,35.99,quarterly,paid
848,2935,2026-01-30 07:39:40,1,0,,94.99,yearly,failed
849,2940,2026-01-19 07:54:00,1,1,2026-01-30 20:54:00,14.99,monthly,paid
850,2942,2026-01-31 16:09:40,1,1,2026-02-08 10:09:40,14.99,monthly,paid
851,2944,2026-01-19 06:39:52,1,0,,14.99,monthly,failed
852,2954,2026-01-23 01:09:37,1,1,2026-02-01 21:09:37,14.99,monthly,paid
853,2958,2026-01-24 02:24:08,1,0,,14.99,monthly,failed
854,2960,2026-01-25 01:00:07,1,1,2026-02-01 02:00:07,94.99,yearly,paid
855,2966,2026-01-25 16:55:34,1,1,2026-02-02 16:55:34,14.99,monthly,paid
856,2967,2026-01-21 00:08:33,1,1,2026-01-27 13:08:33,14.99,monthly,paid
857,2968,2026-01-19 04:00:39,1,1,2026-01-26 17:00:39,14.99,monthly,paid
858,2974,2026-02-02 05:24:21,1,1,2026-02-13 03:24:21,14.99,monthly,paid
859,2979,2026-01-21 08:24:04,1,0,,35.99,quarterly,failed
860,2981,2026-01-27 22:36:51,1,0,,35.99,quarterly,failed
861,2982,2026-01-17 03:36:53,1,0,,35.99,quarterly,failed
862,2985,2026-01-28 07:36:57,1,1,2026-02-04 04:36:57,35.99,quarterly,paid
863,2986,2026-01-26 11:27:32,1,1,2026-02-06 23:27:32,14.99,monthly,paid
864,2991,2026-01-22 20:04:15,1,0,,35.99,quarterly,failed
865,2992,2026-01-26 18:16:41,1,1,2026-02-04 12:16:41,14.99,monthly,paid
866,2997,2026-01-20 21:04:25,1,1,2026-02-03 08:04:25,94.99,yearly,paid
867,2998,2026-01-21 18:51:03,1,1,2026-02-03 13:51:03,14.99,monthly,paid
868,3006,2026-01-21 14:19:56,1,0,,14.99,monthly,failed
869,3015,2026-01-23 12:51:35,1,0,,14.99,monthly,failed
870,3016,2026-01-23 09:33:41,1,1,2026-01-29 01:33:41,35.99,quarterly,paid
871,3017,2026-01-24 14:13:54,1,0,,35.99,quarterly,failed
872,3020,2026-01-28 06:02:35,1,1,2026-02-03 23:02:35,94.99,yearly,paid
873,3025,2026-01-23 07:34:01,1,1,2026-01-30 09:34:01,35.99,quarterly,paid
874,3029,2026-01-19 02:38:32,1,1,2026-01-24 14:38:32,14.99,monthly,paid
875,3032,2026-01-20 21:12:55,1,0,,35.99,quarterly,failed
876,3034,2026-01-17 19:10:31,1,0,,14.99,monthly,failed
877,3035,2026-01-16 17:41:37,1,1,2026-01-28 09:41:37,35.99,quarterly,paid
878,3041,2026-01-22 09:13:32,1,1,2026-01-28 08:13:32,14.99,monthly,paid
879,3053,2026-01-28 10:31:17,1,1,2026-02-06 19:31:17,35.99,quarterly,paid
880,3056,2026-01-23 12:11:21,1,0,,14.99,monthly,failed
881,3057,2026-01-30 12:18:04,1,1,2026-02-06 18:18:04,14.99,monthly,paid
882,3058,2026-01-19 03:08:59,1,1,2026-01-25 09:08:59,35.99,quarterly,paid
883,3059,2026-01-21 17:44:40,1,0,,14.99,monthly,failed
884,3061,2026-01-19 11:19:57,1,1,2026-01-26 04:19:57,14.99,monthly,paid
885,3072,2026-01-23 11:17:53,1,1,2026-02-03 06:17:53,14.99,monthly,paid
886,3082,2026-01-30 01:47:14,1,0,,14.99,monthly,failed
887,3084,2026-01-20 08:13:38,1,0,,35.99,quarterly,failed
888,3086,2026-01-22 20:12:38,1,0,,14.99,monthly,failed
889,3088,2026-01-19 01:57:11,1,0,,14.99,monthly,failed
890,3092,2026-01-21 17:57:37,1,1,2026-01-28 18:57:37,35.99,quarterly,paid
891,3093,2026-01-28 10:22:29,1,1,2026-02-04 14:22:29,35.99,quarterly,paid
892,3094,2026-01-20 04:17:53,1,1,2026-01-26 03:17:53,35.99,quarterly,paid
893,3097,2026-01-19 08:16:20,1,0,,94.99,yearly,failed
894,3101,2026-01-21 11:07:21,1,0,,14.99,monthly,failed
895,3109,2026-01-31 11:31:30,1,1,2026-02-12 13:31:30,14.99,monthly,paid
896,3114,2026-01-31 14:26:28,1,1,2026-02-09 00:26:28,14.99,monthly,paid
897,3115,2026-01-23 01:54:11,1,0,,14.99,monthly,failed
898,3116,2026-01-25 09:09:22,1,0,,35.99,quarterly,failed
899,3117,2026-01-27 06:24:11,1,1,2026-02-02 01:24:11,14.99,monthly,paid
900,3118,2026-01-27 19:20:36,1,0,,14.99,monthly,failed
901,3124,2026-01-25 18:18:53,1,0,,14.99,monthly,failed
902,3126,2026-01-31 09:01:48,1,1,2026-02-11 13:01:48,14.99,monthly,paid
903,3128,2026-01-31 21:42:43,1,0,,94.99,yearly,failed
904,3131,2026-01-21 14:23:17,1,1,2026-02-02 16:23:17,35.99,quarterly,paid
905,3132,2026-01-22 23:03:36,1,0,,35.99,quarterly,failed
906,3137,2026-01-25 08:54:19,1,1,2026-02-03 15:54:19,94.99,yearly,paid
907,3141,2026-01-24 10:42:31,1,0,,14.99,monthly,failed
908,3142,2026-01-23 21:12:13,1,0,,14.99,monthly,failed
909,3145,2026-01-28 01:29:38,1,0,,35.99,quarterly,failed
910,3146,2026-01-24 14:16:56,1,1,2026-01-29 15:16:56,14.99,monthly,paid
911,3148,2026-01-30 00:20:17,1,0,,14.99,monthly,failed
912,3154,2026-01-30 08:32:45,1,0,,14.99,monthly,failed
913,3156,2026-01-30 00:55:02,1,1,2026-02-06 08:55:02,14.99,monthly,paid
914,3158,2026-02-02 07:53:17,1,1,2026-02-13 06:53:17,35.99,quarterly,paid
915,3162,2026-01-31 12:04:43,1,0,,35.99,quarterly,failed
916,3163,2026-01-18 14:24:46,1,1,2026-01-30 02:24:46,14.99,monthly,paid
917,3165,2026-01-17 22:18:10,1,0,,35.99,quarterly,failed
918,3169,2026-01-29 11:27:20,1,1,2026-02-06 03:27:20,14.99,monthly,paid
919,3170,2026-01-25 08:22:12,1,0,,14.99,monthly,failed
920,3172,2026-02-01 04:01:57,1,1,2026-02-12 09:01:57,14.99,monthly,paid
921,3173,2026-01-23 05:11:35,1,0,,14.99,monthly,failed
922,3174,2026-01-21 16:36:48,1,1,2026-02-02 12:36:48,14.99,monthly,paid
923,3178,2026-01-21 04:53:24,1,0,,35.99,quarterly,failed
924,3181,2026-01-20 11:12:43,1,0,,94.99,yearly,failed
925,3183,2026-01-28 19:39:43,1,1,2026-02-11 15:39:43,35.99,quarterly,paid
926,3185,2026-01-26 21:47:19,1,1,2026-02-02 06:47:19,35.99,quarterly,paid
927,3190,2026-01-30 16:19:16,1,1,2026-02-07 03:19:16,14.99,monthly,paid
928,3191,2026-01-15 16:17:04,1,1,2026-01-26 19:17:04,35.99,quarterly,paid
929,3192,2026-01-27 11:58:56,1,0,,14.99,monthly,failed
930,3196,2026-01-18 06:35:18,1,1,2026-01-26 12:35:18,14.99,monthly,paid
931,3200,2026-01-21 03:00:08,1,1,2026-01-28 07:00:08,14.99,monthly,paid
932,3203,2026-01-28 19:55:05,1,1,2026-02-05 12:55:05,14.99,monthly,paid
933,3205,2026-01-21 09:09:47,1,0,,14.99,monthly,failed
934,3206,2026-01-27 07:30:18,1,0,,14.99,monthly,failed
935,3207,2026-02-02 11:40:53,1,0,,35.99,quarterly,failed
936,3209,2026-01-23 23:28:10,1,0,,14.99,monthly,failed
937,3215,2026-01-26 05:09:33,1,1,2026-02-02 01:09:33,35.99,quarterly,paid
938,3218,2026-01-24 06:25:20,1,1,2026-02-06 11:25:20,14.99,monthly,paid
939,3222,2026-01-20 11:14:17,1,1,2026-01-29 06:14:17,35.99,quarterly,paid
940,3234,2026-01-16 07:45:24,1,1,2026-01-28 01:45:24,14.99,monthly,paid
941,3235,2026-01-26 08:22:32,1,0,,14.99,monthly,failed
942,3238,2026-02-02 17:35:01,1,0,,14.99,monthly,failed
943,3246,2026-01-29 15:27:20,1,0,,94.99,yearly,failed
944,3249,2026-01-17 20:15:23,1,0,,14.99,monthly,failed
945,3253,2026-01-18 10:44:38,1,1,2026-01-28 20:44:38,14.99,monthly,paid
946,3255,2026-01-19 06:31:20,1,0,,35.99,quarterly,failed
947,3257,2026-01-19 12:30:14,1,1,2026-01-26 17:30:14,14.99,monthly,paid
948,3259,2026-01-25 19:15:51,1,0,,14.99,monthly,failed
949,3264,2026-01-30 05:37:13,1,1,2026-02-13 03:37:13,14.99,monthly,paid
950,3267,2026-01-29 09:19:54,1,0,,14.99,monthly,failed
951,3269,2026-01-17 23:46:45,1,0,,14.99,monthly,failed
952,3276,2026-01-31 08:43:32,1,1,2026-02-10 05:43:32,14.99,monthly,paid
953,3278,2026-01-19 18:19:02,1,1,2026-01-25 07:19:02,35.99,quarterly,paid
954,3282,2026-01-28 16:51:57,1,1,2026-02-05 14:51:57,35.99,quarterly,paid
955,3291,2026-01-22 13:38:23,1,0,,14.99,monthly,failed
956,3294,2026-01-20 10:05:14,1,0,,14.99,monthly,failed
957,3295,2026-01-19 10:25:57,1,1,2026-01-31 16:25:57,14.99,monthly,paid
958,3296,2026-01-28 21:47:33,1,0,,35.99,quarterly,failed
959,3298,2026-02-01 04:18:10,1,1,2026-02-11 05:18:10,14.99,monthly,paid
960,3304,2026-01-20 00:50:48,1,0,,14.99,monthly,failed
961,3310,2026-02-01 18:04:11,1,0,,14.99,monthly,failed
962,3314,2026-01-20 17:40:23,1,0,,94.99,yearly,failed
963,3315,2026-01-23 15:22:16,1,1,2026-01-30 05:22:16,94.99,yearly,paid
964,3320,2026-01-17 12:19:39,1,1,2026-01-31 04:19:39,94.99,yearly,paid
965,3328,2026-01-19 22:03:40,1,0,,94.99,yearly,failed
966,3331,2026-01-26 04:36:24,1,0,,14.99,monthly,failed
967,3336,2026-01-19 21:53:08,1,1,2026-02-01 09:53:08,14.99,monthly,paid
968,3339,2026-01-31 04:10:15,1,1,2026-02-06 11:10:15,35.99,quarterly,paid
969,3344,2026-01-25 22:31:04,1,1,2026-02-07 10:31:04,14.99,monthly,paid
970,3348,2026-01-18 15:20:37,1,1,2026-01-24 20:20:37,35.99,quarterly,paid
971,3354,2026-01-29 07:10:37,1,0,,14.99,monthly,failed
972,3356,2026-01-24 05:01:07,1,1,2026-02-05 06:01:07,14.99,monthly,paid
973,3357,2026-01-16 05:08:21,1,1,2026-01-29 08:08:21,35.99,quarterly,paid
974,3358,2026-01-31 02:41:04,1,1,2026-02-11 13:41:04,14.99,monthly,paid
975,3361,2026-02-01 06:41:26,1,1,2026-02-12 01:41:26,94.99,yearly,paid
976,3363,2026-01-17 14:53:49,1,0,,14.99,monthly,failed
977,3367,2026-01-27 02:20:59,1,0,,35.99,quarterly,failed
978,3371,2026-02-01 01:36:28,1,1,2026-02-10 02:36:28,14.99,monthly,paid
979,3373,2026-01-20 23:56:26,1,1,2026-01-27 00:56:26,35.99,quarterly,paid
980,3376,2026-01-24 17:09:10,1,1,2026-02-07 05:09:10,14.99,monthly,paid
981,3377,2026-01-23 16:05:48,1,1,2026-02-02 07:05:48,94.99,yearly,paid
982,3378,2026-01-25 00:43:08,1,0,,35.99,quarterly,failed
983,3384,2026-01-31 11:34:00,1,0,,35.99,quarterly,failed
984,3385,2026-01-28 14:39:26,1,1,2026-02-03 02:39:26,35.99,quarterly,paid
985,3393,2026-01-29 13:04:25,1,0,,14.99,monthly,failed
986,3397,2026-01-22 20:08:49,1,1,2026-02-05 08:08:49,35.99,quarterly,paid
987,3399,2026-01-15 10:14:52,1,0,,14.99,monthly,failed
988,3401,2026-01-30 11:11:34,1,1,2026-02-11 16:11:34,14.99,monthly,paid
989,3404,2026-01-31 19:32:51,1,0,,14.99,monthly,failed
990,3413,2026-01-18 19:37:04,1,1,2026-01-28 15:37:04,14.99,monthly,paid
991,3415,2026-01-25 10:43:55,1,1,2026-01-31 16:43:55,94.99,yearly,paid
992,3418,2026-01-30 03:13:11,1,1,2026-02-10 03:13:11,14.99,monthly,paid
993,3421,2026-01-24 07:45:40,1,1,2026-02-05 20:45:40,14.99,monthly,paid
994,3422,2026-01-29 16:25:10,1,0,,35.99,quarterly,failed
995,3423,2026-01-25 15:03:44,1,0,,14.99,monthly,failed
996,3429,2026-01-30 02:13:19,1,0,,14.99,monthly,failed
997,3430,2026-01-20 04:56:19,1,0,,14.99,monthly,failed
998,3431,2026-01-19 15:47:50,1,0,,14.99,monthly,failed
999,3432,2026-01-28 20:14:19,1,0,,14.99,monthly,failed
1000,3433,2026-01-20 09:39:06,1,0,,35.99,quarterly,failed
1001,3443,2026-01-23 02:49:32,1,0,,35.99,quarterly,failed
1002,3444,2026-01-20 14:49:27,1,0,,35.99,quarterly,failed
1003,3446,2026-01-28 16:27:44,1,0,,35.99,quarterly,failed
1004,3447,2026-01-22 09:39:00,1,1,2026-02-03 13:39:00,14.99,monthly,paid
1005,3450,2026-01-24 14:12:24,1,1,2026-02-02 23:12:24,94.99,yearly,paid
1006,3452,2026-01-16 18:31:32,1,0,,14.99,monthly,failed
1007,3453,2026-01-24 08:36:15,1,0,,35.99,quarterly,failed
1008,3455,2026-01-30 10:50:46,1,0,,14.99,monthly,failed
1009,3461,2026-01-23 02:52:42,1,1,2026-02-05 10:52:42,94.99,yearly,paid
1010,3467,2026-01-24 15:50:58,1,1,2026-02-01 08:50:58,14.99,monthly,paid
1011,3469,2026-01-25 20:06:31,1,1,2026-02-07 20:06:31,14.99,monthly,paid
1012,3477,2026-01-26 03:26:35,1,0,,14.99,monthly,failed
1013,3481,2026-01-28 23:00:42,1,0,,94.99,yearly,failed
1014,3491,2026-01-18 14:02:02,1,0,,14.99,monthly,failed
1015,3496,2026-01-24 22:53:53,1,0,,14.99,monthly,failed
1016,3502,2026-01-26 00:17:57,1,1,2026-02-06 19:17:57,14.99,monthly,paid
1017,3504,2026-01-18 21:13:34,1,1,2026-01-30 16:13:34,14.99,monthly,paid
1018,3506,2026-01-31 18:19:40,1,0,,14.99,monthly,failed
1019,3507,2026-01-29 23:34:33,1,1,2026-02-06 17:34:33,35.99,quarterly,paid
1020,3518,2026-01-30 15:22:48,1,0,,14.99,monthly,failed
1021,3527,2026-01-18 07:19:57,1,0,,14.99,monthly,failed
1022,3533,2026-01-17 01:00:03,1,0,,14.99,monthly,failed
1023,3537,2026-01-17 10:16:59,1,1,2026-01-24 17:16:59,14.99,monthly,paid
1024,3538,2026-01-17 20:04:37,1,0,,35.99,quarterly,failed
1025,3541,2026-01-28 22:50:10,1,0,,14.99,monthly,failed
1026,3542,2026-01-26 03:44:16,1,0,,94.99,yearly,failed
1027,3544,2026-01-29 01:57:43,1,0,,14.99,monthly,failed
1028,3549,2026-01-20 22:28:24,1,1,2026-01-30 07:28:24,35.99,quarterly,paid
1029,3551,2026-01-23 09:31:04,1,1,2026-02-01 07:31:04,94.99,yearly,paid
1030,3554,2026-01-27 13:48:06,1,0,,14.99,monthly,failed
1031,3555,2026-01-22 17:08:19,1,0,,14.99,monthly,failed
1032,3564,2026-01-30 07:00:04,1,0,,14.99,monthly,failed
1033,3566,2026-01-19 20:22:01,1,1,2026-01-29 03:22:01,14.99,monthly,paid
1034,3568,2026-01-19 11:38:27,1,0,,35.99,quarterly,failed
1035,3569,2026-01-29 18:08:22,1,1,2026-02-09 03:08:22,14.99,monthly,paid
1036,3577,2026-01-27 00:30:09,1,0,,14.99,monthly,failed
1037,3578,2026-01-30 02:24:54,1,1,2026-02-05 12:24:54,14.99,monthly,paid
1038,3579,2026-01-30 04:38:21,1,0,,14.99,monthly,failed
1039,3580,2026-01-17 03:43:11,1,0,,35.99,quarterly,failed
1040,3582,2026-01-29 02:07:47,1,0,,35.99,quarterly,failed
1041,3583,2026-01-19 06:15:39,1,0,,14.99,monthly,failed
1042,3587,2026-01-23 15:35:07,1,1,2026-01-29 07:35:07,14.99,monthly,paid
1043,3588,2026-01-28 01:04:18,1,0,,14.99,monthly,failed
1044,3593,2026-01-31 20:49:50,1,0,,14.99,monthly,failed
1045,3600,2026-01-26 04:43:10,1,0,,14.99,monthly,failed
1046,3614,2026-01-17 15:13:14,1,0,,14.99,monthly,failed
1047,3617,2026-01-16 04:59:30,1,0,,35.99,quarterly,failed
1048,3618,2026-01-22 15:53:10,1,1,2026-02-04 03:53:10,94.99,yearly,paid
1049,3620,2026-01-17 14:22:41,1,1,2026-01-30 03:22:41,14.99,monthly,paid
1050,3623,2026-01-21 17:54:30,1,0,,35.99,quarterly,failed
1051,3625,2026-01-30 14:39:44,1,0,,35.99,quarterly,failed
1052,3627,2026-01-28 16:33:10,1,1,2026-02-05 04:33:10,14.99,monthly,paid
1053,3629,2026-01-31 03:56:14,1,1,2026-02-10 13:56:14,35.99,quarterly,paid
1054,3631,2026-01-23 18:15:16,1,0,,14.99,monthly,failed
1055,3637,2026-01-26 02:31:28,1,1,2026-02-03 22:31:28,35.99,quarterly,paid
1056,3644,2026-01-24 00:39:34,1,0,,35.99,quarterly,failed
1057,3647,2026-01-26 18:57:14,1,1,2026-02-07 20:57:14,14.99,monthly,paid
1058,3649,2026-02-02 17:27:44,1,1,2026-02-12 16:27:44,14.99,monthly,paid
1059,3655,2026-01-27 21:47:54,1,1,2026-02-05 13:47:54,14.99,monthly,paid
1060,3656,2026-01-23 15:29:21,1,0,,14.99,monthly,failed
1061,3659,2026-01-20 17:37:49,1,0,,35.99,quarterly,failed
1062,3666,2026-01-24 03:50:06,1,0,,94.99,yearly,failed
1063,3672,2026-01-17 05:50:11,1,0,,14.99,monthly,failed
1064,3677,2026-01-22 08:31:29,1,0,,14.99,monthly,failed
1065,3678,2026-01-28 12:51:03,1,0,,14.99,monthly,failed
1066,3680,2026-01-28 21:15:15,1,0,,94.99,yearly,failed
1067,3681,2026-01-27 13:27:56,1,1,2026-02-03 22:27:56,14.99,monthly,paid
1068,3685,2026-02-01 10:01:22,1,1,2026-02-07 03:01:22,14.99,monthly,paid
1069,3687,2026-01-18 15:04:03,1,0,,14.99,monthly,failed
1070,3690,2026-01-19 03:17:05,1,0,,35.99,quarterly,failed
1071,3691,2026-01-23 18:53:48,1,1,2026-02-02 04:53:48,35.99,quarterly,paid
1072,3692,2026-01-25 21:40:07,1,1,2026-02-01 10:40:07,14.99,monthly,paid
1073,3705,2026-01-31 11:20:46,1,0,,94.99,yearly,failed
1074,3711,2026-01-21 16:52:39,1,0,,14.99,monthly,failed
1075,3712,2026-02-02 00:31:19,1,0,,14.99,monthly,failed
1076,3713,2026-01-29 16:15:26,1,0,,14.99,monthly,failed
1077,3716,2026-01-20 20:03:07,1,1,2026-01-27 09:03:07,94.99,yearly,paid
1078,3718,2026-01-21 04:10:36,1,1,2026-01-28 17:10:36,94.99,yearly,paid
1079,3719,2026-01-26 17:20:44,1,0,,35.99,quarterly,failed
1080,3720,2026-01-21 10:15:05,1,1,2026-01-26 12:15:05,14.99,monthly,paid
1081,3728,2026-01-25 19:55:24,1,0,,14.99,monthly,failed
1082,3732,2026-01-30 17:52:04,1,1,2026-02-08 02:52:04,14.99,monthly,paid
1083,3734,2026-01-31 03:38:12,1,0,,14.99,monthly,failed
1084,3735,2026-01-21 19:33:12,1,0,,14.99,monthly,failed
1085,3739,2026-01-28 02:36:33,1,0,,14.99,monthly,failed
1086,3740,2026-01-31 01:47:51,1,0,,14.99,monthly,failed
1087,3742,2026-01-20 21:42:23,1,1,2026-01-27 23:42:23,14.99,monthly,paid
1088,3744,2026-01-24 06:26:31,1,0,,14.99,monthly,failed
1089,3748,2026-02-01 21:53:56,1,0,,14.99,monthly,failed
1090,3753,2026-01-31 15:54:23,1,0,,35.99,quarterly,failed
1091,3757,2026-01-27 18:51:16,1,0,,35.99,quarterly,failed
1092,3758,2026-01-25 21:17:29,1,0,,14.99,monthly,failed
1093,3759,2026-01-16 09:52:42,1,0,,14.99,monthly,failed
1094,3763,2026-01-26 02:53:08,1,1,2026-02-08 18:53:08,35.99,quarterly,paid
1095,3764,2026-01-27 08:45:41,1,0,,35.99,quarterly,failed
1096,3768,2026-01-28 18:39:47,1,1,2026-02-04 04:39:47,14.99,monthly,paid
1097,3769,2026-01-30 13:33:29,1,0,,14.99,monthly,failed
1098,3772,2026-01-22 02:54:58,1,0,,35.99,quarterly,failed
1099,3773,2026-01-24 08:14:16,1,0,,14.99,monthly,failed
1100,3778,2026-01-29 18:00:45,1,0,,35.99,quarterly,failed
1101,3781,2026-01-16 03:58:57,1,1,2026-01-30 01:58:57,14.99,monthly,paid
1102,3784,2026-01-28 08:48:40,1,1,2026-02-06 21:48:40,35.99,quarterly,paid
1103,3786,2026-01-24 12:01:27,1,0,,35.99,quarterly,failed
1104,3787,2026-01-18 12:09:14,1,1,2026-01-24 12:09:14,94.99,yearly,paid
1105,3789,2026-01-31 20:14:42,1,0,,14.99,monthly,failed
1106,3790,2026-01-21 15:04:31,1,0,,14.99,monthly,failed
1107,3797,2026-01-27 10:23:39,1,0,,35.99,quarterly,failed
1108,3798,2026-01-17 05:29:53,1,1,2026-01-23 19:29:53,35.99,quarterly,paid
1109,3804,2026-01-15 18:51:47,1,0,,35.99,quarterly,failed
1110,3806,2026-01-31 03:18:25,1,1,2026-02-11 14:18:25,94.99,yearly,paid
1111,3808,2026-01-18 14:24:07,1,0,,14.99,monthly,failed
1112,3818,2026-01-29 05:31:22,1,0,,14.99,monthly,failed
1113,3820,2026-01-31 00:21:55,1,1,2026-02-05 22:21:55,14.99,monthly,paid
1114,3822,2026-01-15 15:29:41,1,1,2026-01-21 03:29:41,94.99,yearly,paid
1115,3827,2026-01-22 02:33:07,1,0,,94.99,yearly,failed
1116,3828,2026-01-25 07:11:36,1,1,2026-02-05 07:11:36,35.99,quarterly,paid
1117,3831,2026-01-31 06:07:44,1,0,,14.99,monthly,failed
1118,3838,2026-01-27 02:33:58,1,0,,14.99,monthly,failed
1119,3839,2026-01-31 11:33:00,1,0,,35.99,quarterly,failed
1120,3841,2026-01-29 20:27:55,1,0,,14.99,monthly,failed
1121,3846,2026-01-23 18:42:39,1,0,,14.99,monthly,failed
1122,3847,2026-01-28 21:49:24,1,1,2026-02-03 05:49:24,94.99,yearly,paid
1123,3849,2026-01-28 06:05:34,1,1,2026-02-09 19:05:34,94.99,yearly,paid
1124,3852,2026-01-15 21:45:10,1,0,,14.99,monthly,failed
1125,3854,2026-01-21 17:42:09,1,1,2026-02-04 15:42:09,35.99,quarterly,paid
1126,3855,2026-01-24 07:40:14,1,0,,35.99,quarterly,failed
1127,3860,2026-01-22 23:11:05,1,0,,14.99,monthly,failed
1128,3865,2026-01-26 22:41:15,1,0,,14.99,monthly,failed
1129,3871,2026-01-17 13:42:16,1,0,,14.99,monthly,failed
1130,3874,2026-01-24 18:48:32,1,1,2026-02-01 22:48:32,14.99,monthly,paid
1131,3875,2026-01-25 18:18:18,1,1,2026-02-04 20:18:18,14.99,monthly,paid
1132,3877,2026-01-28 01:30:13,1,1,2026-02-09 00:30:13,14.99,monthly,paid
1133,3878,2026-01-19 16:11:27,1,0,,14.99,monthly,failed
1134,3882,2026-01-20 00:13:29,1,1,2026-01-31 03:13:29,94.99,yearly,paid
1135,3883,2026-01-25 10:40:09,1,0,,14.99,monthly,failed
1136,3891,2026-01-26 11:30:23,1,0,,14.99,monthly,failed
1137,3892,2026-02-01 00:40:48,1,0,,14.99,monthly,failed
1138,3893,2026-01-23 00:52:55,1,0,,14.99,monthly,failed
1139,3898,2026-01-16 01:17:14,1,0,,14.99,monthly,failed
1140,3902,2026-02-01 17:23:13,1,1,2026-02-09 01:23:13,14.99,monthly,paid
1141,3904,2026-01-16 13:55:01,1,1,2026-01-23 16:55:01,14.99,monthly,paid
1142,3906,2026-01-28 15:18:42,1,0,,14.99,monthly,failed
1143,3916,2026-01-18 02:53:15,1,1,2026-01-27 15:53:15,14.99,monthly,paid
1144,3918,2026-01-29 19:42:50,1,0,,14.99,monthly,failed
1145,3921,2026-02-01 08:47:37,1,0,,14.99,monthly,failed
1146,3922,2026-01-27 07:48:45,1,0,,14.99,monthly,failed
1147,3926,2026-01-26 06:18:41,1,0,,14.99,monthly,failed
1148,3929,2026-01-27 08:22:05,1,0,,14.99,monthly,failed
1149,3938,2026-01-23 10:46:01,1,1,2026-02-06 01:46:01,14.99,monthly,paid
1150,3939,2026-01-28 09:52:34,1,1,2026-02-05 02:52:34,35.99,quarterly,paid
1151,3944,2026-02-01 00:32:20,1,1,2026-02-12 21:32:20,14.99,monthly,paid
1152,3949,2026-02-02 06:45:32,1,1,2026-02-07 19:45:32,14.99,monthly,paid
1153,3952,2026-01-20 09:35:18,1,0,,35.99,quarterly,failed
1154,3955,2026-01-25 16:59:30,1,1,2026-02-03 10:59:30,14.99,monthly,paid
1155,3959,2026-01-17 14:56:47,1,1,2026-01-31 07:56:47,14.99,monthly,paid
1156,3963,2026-01-27 21:55:26,1,0,,14.99,monthly,failed
1157,3964,2026-01-21 13:18:20,1,1,2026-01-28 02:18:20,14.99,monthly,paid
1158,3968,2026-01-20 11:36:48,1,0,,14.99,monthly,failed
1159,3975,2026-01-18 00:46:18,1,1,2026-01-31 13:46:18,35.99,quarterly,paid
1160,3978,2026-02-01 18:49:24,1,0,,14.99,monthly,failed
1161,3980,2026-01-18 20:26:38,1,0,,35.99,quarterly,failed
1162,3985,2026-01-29 17:55:17,1,0,,14.99,monthly,failed
1163,3991,2026-01-29 14:49:44,1,0,,14.99,monthly,failed
1164,3994,2026-01-20 06:19:47,1,1,2026-02-03 03:19:47,14.99,monthly,paid
1165,3996,2026-01-21 18:41:56,1,0,,35.99,quarterly,failed
1166,3999,2026-01-28 00:21:33,1,0,,14.99,monthly,failed
1167,4000,2026-01-24 08:11:21,1,0,,35.99,quarterly,failed
1168,4003,2026-01-15 23:23:41,1,1,2026-01-27 22:23:41,14.99,monthly,paid
1169,4013,2026-01-28 12:18:21,1,0,,14.99,monthly,failed
1170,4017,2026-01-21 10:28:19,1,0,,14.99,monthly,failed
1171,4023,2026-01-24 14:16:29,1,1,2026-02-01 02:16:29,35.99,quarterly,paid
1172,4026,2026-01-19 02:02:00,1,1,2026-01-31 04:02:00,14.99,monthly,paid
1173,4027,2026-01-19 02:40:15,1,0,,35.99,quarterly,failed
1174,4028,2026-01-23 23:57:34,1,1,2026-02-02 08:57:34,14.99,monthly,paid
1175,4029,2026-01-27 08:31:45,1,0,,14.99,monthly,failed
1176,4031,2026-01-25 05:01:12,1,0,,94.99,yearly,failed
1177,4032,2026-01-25 16:55:32,1,0,,14.99,monthly,failed
1178,4035,2026-01-24 02:41:43,1,0,,14.99,monthly,failed
1179,4044,2026-01-17 08:20:10,1,1,2026-01-25 10:20:10,14.99,monthly,paid
1180,4045,2026-01-23 12:38:02,1,0,,14.99,monthly,failed
1181,4046,2026-01-15 07:37:16,1,0,,14.99,monthly,failed
1182,4048,2026-01-20 21:18:14,1,0,,94.99,yearly,failed
1183,4051,2026-01-20 17:04:45,1,1,2026-01-30 09:04:45,14.99,monthly,paid
1184,4058,2026-01-24 03:25:12,1,0,,14.99,monthly,failed
1185,4064,2026-01-25 08:10:27,1,0,,35.99,quarterly,failed
1186,4065,2026-01-28 15:39:09,1,1,2026-02-05 21:39:09,94.99,yearly,paid
1187,4067,2026-01-30 22:32:51,1,1,2026-02-09 17:32:51,14.99,monthly,paid
1188,4069,2026-01-29 08:06:43,1,0,,14.99,monthly,failed
1189,4075,2026-01-21 05:26:45,1,0,,14.99,monthly,failed
1190,4086,2026-01-27 14:00:03,1,0,,14.99,monthly,failed
1191,4089,2026-02-01 04:06:22,1,0,,14.99,monthly,failed
1192,4095,2026-02-02 05:36:56,1,0,,94.99,yearly,failed
1193,4096,2026-01-24 15:10:15,1,0,,14.99,monthly,failed
1194,4098,2026-01-18 17:52:16,1,0,,14.99,monthly,failed
1195,4099,2026-01-29 03:50:16,1,0,,14.99,monthly,failed
1196,4103,2026-01-19 13:32:56,1,0,,14.99,monthly,failed
1197,4105,2026-01-17 22:45:27,1,0,,14.99,monthly,failed
1198,4107,2026-01-16 21:59:05,1,0,,14.99,monthly,failed
1199,4110,2026-01-20 15:09:06,1,1,2026-01-31 05:09:06,14.99,monthly,paid
1200,4112,2026-01-24 19:45:28,1,0,,35.99,quarterly,failed
1201,4113,2026-01-17 18:43:55,1,0,,14.99,monthly,failed
1202,4114,2026-02-02 14:02:33,1,1,2026-02-12 22:02:33,35.99,quarterly,paid
1203,4127,2026-01-16 18:42:35,1,1,2026-01-28 18:42:35,94.99,yearly,paid
1204,4135,2026-02-02 05:41:36,1,0,,35.99,quarterly,failed
1205,4138,2026-01-19 10:36:17,1,1,2026-01-27 11:36:17,14.99,monthly,paid
1206,4144,2026-01-24 09:53:13,1,1,2026-01-31 03:53:13,14.99,monthly,paid
1207,4145,2026-01-18 15:35:27,1,0,,14.99,monthly,failed
1208,4146,2026-01-21 13:01:51,1,1,2026-01-26 18:01:51,94.99,yearly,paid
1209,4149,2026-01-31 04:58:03,1,1,2026-02-07 11:58:03,14.99,monthly,paid
1210,4156,2026-01-20 00:05:06,1,1,2026-01-30 10:05:06,35.99,quarterly,paid
1211,4169,2026-01-25 10:50:17,1,1,2026-02-05 07:50:17,35.99,quarterly,paid
1212,4170,2026-01-27 11:19:24,1,0,,94.99,yearly,failed
1213,4171,2026-01-22 09:04:05,1,1,2026-02-03 06:04:05,14.99,monthly,paid
1214,4174,2026-01-22 21:55:43,1,1,2026-02-01 05:55:43,14.99,monthly,paid
1215,4175,2026-01-22 11:24:33,1,0,,14.99,monthly,failed
1216,4179,2026-01-23 21:46:43,1,0,,14.99,monthly,failed
1217,4182,2026-01-21 21:24:35,1,1,2026-01-27 14:24:35,14.99,monthly,paid
1218,4185,2026-01-17 08:43:39,1,1,2026-01-27 09:43:39,14.99,monthly,paid
1219,4187,2026-01-21 02:27:18,1,1,2026-02-01 18:27:18,14.99,monthly,paid
1220,4188,2026-01-19 02:14:34,1,1,2026-01-29 15:14:34,35.99,quarterly,paid
1221,4191,2026-01-23 14:06:56,1,0,,94.99,yearly,failed
1222,4194,2026-01-16 13:54:12,1,1,2026-01-21 18:54:12,14.99,monthly,paid
1223,4195,2026-01-25 01:20:12,1,0,,35.99,quarterly,failed
1224,4197,2026-01-25 09:48:09,1,0,,35.99,quarterly,failed
1225,4199,2026-01-31 20:38:09,1,0,,14.99,monthly,failed
1226,4201,2026-01-27 05:48:28,1,0,,14.99,monthly,failed
1227,4203,2026-01-21 15:20:43,1,0,,14.99,monthly,failed
1228,4204,2026-01-18 00:20:48,1,1,2026-01-23 08:20:48,14.99,monthly,paid
1229,4208,2026-01-31 15:15:29,1,0,,14.99,monthly,failed
1230,4213,2026-01-23 14:40:26,1,0,,35.99,quarterly,failed
1231,4217,2026-01-24 16:21:59,1,1,2026-01-30 12:21:59,14.99,monthly,paid
1232,4218,2026-01-21 23:20:51,1,0,,35.99,quarterly,failed
1233,4219,2026-01-23 23:54:58,1,1,2026-01-29 10:54:58,35.99,quarterly,paid
1234,4220,2026-01-18 22:26:43,1,0,,35.99,quarterly,failed
1235,4223,2026-01-29 11:45:56,1,0,,35.99,quarterly,failed
1236,4224,2026-01-25 00:33:57,1,1,2026-01-30 09:33:57,94.99,yearly,paid
1237,4225,2026-01-29 22:01:29,1,0,,14.99,monthly,failed
1238,4227,2026-01-23 22:21:05,1,0,,14.99,monthly,failed
1239,4236,2026-01-16 05:08:26,1,0,,14.99,monthly,failed
1240,4237,2026-02-01 00:28:08,1,0,,14.99,monthly,failed
1241,4239,2026-01-28 16:51:30,1,0,,35.99,quarterly,failed
1242,4241,2026-01-22 12:56:07,1,0,,14.99,monthly,failed
1243,4249,2026-01-31 01:16:41,1,0,,14.99,monthly,failed
1244,4250,2026-01-22 18:28:38,1,1,2026-01-31 18:28:38,14.99,monthly,paid
1245,4254,2026-01-20 20:18:54,1,0,,14.99,monthly,failed
1246,4255,2026-01-20 20:24:29,1,0,,94.99,yearly,failed
1247,4259,2026-01-25 12:32:40,1,0,,14.99,monthly,failed
1248,4261,2026-01-20 08:11:18,1,1,2026-01-25 08:11:18,35.99,quarterly,paid
1249,4262,2026-01-19 23:27:45,1,0,,35.99,quarterly,failed
1250,4266,2026-02-02 14:15:01,1,0,,35.99,quarterly,failed
1251,4268,2026-02-01 08:50:19,1,1,2026-02-08 17:50:19,14.99,monthly,paid
1252,4270,2026-01-23 17:43:17,1,0,,35.99,quarterly,failed
1253,4273,2026-02-01 17:47:26,1,1,2026-02-11 09:47:26,14.99,monthly,paid
1254,4274,2026-01-21 13:20:57,1,0,,35.99,quarterly,failed
1255,4275,2026-01-15 17:35:59,1,0,,35.99,quarterly,failed
1256,4276,2026-01-28 06:46:02,1,0,,14.99,monthly,failed
1257,4281,2026-01-24 15:24:06,1,1,2026-02-05 15:24:06,14.99,monthly,paid
1258,4287,2026-01-27 10:25:23,1,0,,35.99,quarterly,failed
1259,4291,2026-01-17 13:46:16,1,0,,94.99,yearly,failed
1260,4295,2026-01-31 13:14:32,1,0,,14.99,monthly,failed
1261,4296,2026-02-01 20:39:42,1,1,2026-02-09 15:39:42,94.99,yearly,paid
1262,4298,2026-01-28 06:11:49,1,1,2026-02-09 08:11:49,14.99,monthly,paid
1263,4299,2026-01-16 17:48:34,1,1,2026-01-30 13:48:34,14.99,monthly,paid
1264,4300,2026-01-18 11:03:16,1,1,2026-01-23 19:03:16,14.99,monthly,paid
1265,4305,2026-01-26 09:51:30,1,0,,14.99,monthly,failed
1266,4307,2026-01-28 07:35:55,1,0,,14.99,monthly,failed
1267,4308,2026-01-30 09:04:58,1,1,2026-02-08 05:04:58,14.99,monthly,paid
1268,4311,2026-01-24 03:55:14,1,0,,14.99,monthly,failed
1269,4314,2026-01-18 09:56:10,1,1,2026-01-28 16:56:10,14.99,monthly,paid
1270,4319,2026-01-31 09:31:53,1,0,,14.99,monthly,failed
1271,4321,2026-01-27 23:57:58,1,0,,35.99,quarterly,failed
1272,4322,2026-01-22 22:52:19,1,0,,14.99,monthly,failed
1273,4327,2026-01-30 23:59:44,1,1,2026-02-07 18:59:44,14.99,monthly,paid
1274,4334,2026-01-31 22:38:49,1,1,2026-02-13 04:38:49,14.99,monthly,paid
1275,4338,2026-01-22 05:44:43,1,1,2026-02-01 07:44:43,94.99,yearly,paid
1276,4344,2026-01-19 18:00:28,1,1,2026-01-30 00:00:28,14.99,monthly,paid
1277,4347,2026-01-16 23:16:42,1,0,,14.99,monthly,failed
1278,4349,2026-01-29 06:50:51,1,1,2026-02-06 17:50:51,14.99,monthly,paid
1279,4354,2026-01-22 06:40:14,1,1,2026-02-05 02:40:14,14.99,monthly,paid
1280,4355,2026-01-23 15:11:33,1,1,2026-01-30 03:11:33,14.99,monthly,paid
1281,4356,2026-01-30 03:09:22,1,0,,35.99,quarterly,failed
1282,4359,2026-01-27 01:08:43,1,0,,14.99,monthly,failed
1283,4362,2026-01-29 08:09:59,1,0,,14.99,monthly,failed
1284,4365,2026-01-26 12:55:59,1,1,2026-02-03 19:55:59,94.99,yearly,paid
1285,4375,2026-01-21 17:45:29,1,0,,14.99,monthly,failed
1286,4378,2026-01-21 00:29:14,1,0,,14.99,monthly,failed
1287,4379,2026-01-19 15:44:10,1,0,,94.99,yearly,failed
1288,4381,2026-01-31 21:32:43,1,0,,14.99,monthly,failed
1289,4386,2026-01-29 01:11:04,1,1,2026-02-09 03:11:04,14.99,monthly,paid
1290,4389,2026-01-20 19:28:09,1,0,,14.99,monthly,failed
1291,4390,2026-01-26 08:55:30,1,0,,14.99,monthly,failed
1292,4392,2026-01-29 06:53:15,1,1,2026-02-06 00:53:15,14.99,monthly,paid
1293,4394,2026-01-17 23:33:04,1,1,2026-01-29 18:33:04,14.99,monthly,paid
1294,4398,2026-01-20 03:29:28,1,1,2026-01-26 18:29:28,14.99,monthly,paid
1295,4400,2026-01-26 21:28:23,1,1,2026-02-03 21:28:23,35.99,quarterly,paid
1296,4405,2026-01-19 14:35:04,1,0,,35.99,quarterly,failed
1297,4412,2026-01-26 15:45:18,1,0,,35.99,quarterly,failed
1298,4415,2026-01-24 02:19:25,1,0,,35.99,quarterly,failed
1299,4416,2026-01-22 21:36:13,1,0,,14.99,monthly,failed
1300,4417,2026-01-24 01:09:57,1,1,2026-01-31 17:09:57,14.99,monthly,paid
1301,4418,2026-01-18 08:46:00,1,1,2026-01-29 13:46:00,14.99,monthly,paid
1302,4420,2026-01-17 17:29:37,1,0,,14.99,monthly,failed
1303,4424,2026-01-22 23:47:01,1,1,2026-01-31 16:47:01,94.99,yearly,paid
1304,4428,2026-01-23 07:48:33,1,0,,94.99,yearly,failed
1305,4430,2026-01-31 03:19:18,1,1,2026-02-07 15:19:18,35.99,quarterly,paid
1306,4431,2026-02-01 04:45:00,1,1,2026-02-08 06:45:00,94.99,yearly,paid
1307,4438,2026-01-31 12:34:37,1,0,,14.99,monthly,failed
1308,4441,2026-01-22 03:05:45,1,0,,14.99,monthly,failed
1309,4444,2026-01-23 09:35:58,1,0,,14.99,monthly,failed
1310,4447,2026-01-21 02:33:06,1,0,,94.99,yearly,failed
1311,4452,2026-01-20 02:20:58,1,0,,14.99,monthly,failed
1312,4453,2026-01-24 08:52:29,1,1,2026-01-29 15:52:29,35.99,quarterly,paid
1313,4465,2026-01-22 23:51:29,1,0,,94.99,yearly,failed
1314,4470,2026-01-28 04:23:38,1,1,2026-02-10 21:23:38,35.99,quarterly,paid
1315,4471,2026-01-22 22:06:19,1,0,,14.99,monthly,failed
1316,4475,2026-01-31 01:01:24,1,0,,35.99,quarterly,failed
1317,4478,2026-01-22 05:17:03,1,0,,14.99,monthly,failed
1318,4479,2026-01-30 20:42:47,1,0,,35.99,quarterly,failed
1319,4482,2026-01-20 20:07:20,1,0,,35.99,quarterly,failed
1320,4484,2026-01-16 21:44:14,1,0,,14.99,monthly,failed
1321,4488,2026-01-21 06:51:22,1,1,2026-02-02 07:51:22,14.99,monthly,paid
1322,4492,2026-01-19 07:21:34,1,0,,14.99,monthly,failed
1323,4493,2026-01-27 20:10:26,1,0,,14.99,monthly,failed
1324,4496,2026-01-27 07:47:47,1,1,2026-02-08 12:47:47,14.99,monthly,paid
1325,4500,2026-01-22 05:54:59,1,1,2026-01-31 23:54:59,14.99,monthly,paid
1326,4501,2026-01-27 12:39:14,1,0,,14.99,monthly,failed
1327,4502,2026-01-24 23:50:00,1,0,,14.99,monthly,failed
1328,4503,2026-02-01 16:59:37,1,1,2026-02-13 06:59:37,14.99,monthly,paid
1329,4504,2026-01-29 08:55:08,1,1,2026-02-09 23:55:08,14.99,monthly,paid
1330,4505,2026-01-16 01:52:02,1,0,,14.99,monthly,failed
1331,4510,2026-02-01 00:12:38,1,1,2026-02-13 15:12:38,35.99,quarterly,paid
1332,4512,2026-01-24 13:58:04,1,0,,35.99,quarterly,failed
1333,4518,2026-01-17 07:57:25,1,0,,14.99,monthly,failed
1334,4519,2026-01-28 00:04:26,1,0,,14.99,monthly,failed
1335,4521,2026-01-31 22:04:23,1,0,,14.99,monthly,failed
1336,4524,2026-02-01 08:34:42,1,0,,35.99,quarterly,failed
1337,4527,2026-01-16 17:41:33,1,0,,94.99,yearly,failed
1338,4531,2026-01-15 22:18:07,1,1,2026-01-21 03:18:07,14.99,monthly,paid
1339,4532,2026-01-18 22:38:16,1,1,2026-01-26 20:38:16,14.99,monthly,paid
1340,4534,2026-01-28 16:37:11,1,1,2026-02-06 07:37:11,14.99,monthly,paid
1341,4535,2026-01-15 19:09:46,1,0,,35.99,quarterly,failed
1342,4536,2026-01-23 21:07:55,1,0,,35.99,quarterly,failed
1343,4540,2026-01-30 16:41:58,1,1,2026-02-04 16:41:58,14.99,monthly,paid
1344,4549,2026-01-24 09:04:40,1,1,2026-02-02 10:04:40,14.99,monthly,paid
1345,4551,2026-01-15 22:18:16,1,0,,14.99,monthly,failed
1346,4552,2026-01-16 11:51:48,1,1,2026-01-29 06:51:48,14.99,monthly,paid
1347,4554,2026-01-24 14:55:32,1,0,,14.99,monthly,failed
1348,4555,2026-01-29 00:15:43,1,0,,94.99,yearly,failed
1349,4556,2026-01-20 03:14:16,1,0,,14.99,monthly,failed
1350,4557,2026-01-18 15:32:42,1,1,2026-01-26 21:32:42,35.99,quarterly,paid
1351,4558,2026-01-29 22:01:16,1,1,2026-02-10 02:01:16,94.99,yearly,paid
1352,4562,2026-01-24 02:27:02,1,1,2026-02-05 13:27:02,14.99,monthly,paid
1353,4568,2026-01-27 12:08:28,1,1,2026-02-06 21:08:28,14.99,monthly,paid
1354,4569,2026-01-21 07:14:39,1,0,,14.99,monthly,failed
1355,4573,2026-01-24 00:53:15,1,0,,14.99,monthly,failed
1356,4580,2026-01-20 16:15:47,1,1,2026-01-29 10:15:47,35.99,quarterly,paid
1357,4582,2026-01-31 23:36:16,1,0,,14.99,monthly,failed
1358,4583,2026-01-18 21:18:05,1,1,2026-01-29 11:18:05,35.99,quarterly,paid
1359,4584,2026-01-27 13:56:21,1,0,,14.99,monthly,failed
1360,4587,2026-01-19 20:34:42,1,1,2026-01-30 15:34:42,14.99,monthly,paid
1361,4588,2026-01-20 18:30:44,1,0,,14.99,monthly,failed
1362,4589,2026-01-27 03:27:04,1,1,2026-02-05 07:27:04,35.99,quarterly,paid
1363,4597,2026-02-01 01:48:28,1,0,,35.99,quarterly,failed
1364,4601,2026-02-02 11:09:39,1,0,,14.99,monthly,failed
1365,4602,2026-02-01 17:08:25,1,1,2026-02-15 13:08:25,94.99,yearly,paid
1366,4609,2026-01-31 06:54:54,1,0,,14.99,monthly,failed
1367,4612,2026-01-21 10:27:16,1,0,,14.99,monthly,failed
1368,4613,2026-01-30 02:54:04,1,1,2026-02-10 09:54:04,14.99,monthly,paid
1369,4616,2026-01-23 08:54:34,1,0,,14.99,monthly,failed
1370,4619,2026-01-26 10:18:00,1,0,,35.99,quarterly,failed
1371,4620,2026-01-31 01:25:58,1,1,2026-02-07 14:25:58,14.99,monthly,paid
1372,4630,2026-01-22 04:39:54,1,1,2026-01-30 05:39:54,14.99,monthly,paid
1373,4632,2026-01-20 06:17:20,1,1,2026-02-02 17:17:20,35.99,quarterly,paid
1374,4637,2026-01-29 13:24:19,1,0,,14.99,monthly,failed
1375,4642,2026-01-16 11:17:51,1,0,,14.99,monthly,failed
1376,4649,2026-01-21 11:32:22,1,0,,94.99,yearly,failed
1377,4651,2026-01-21 19:07:53,1,0,,14.99,monthly,failed
1378,4652,2026-02-01 00:18:00,1,0,,14.99,monthly,failed
1379,4653,2026-01-21 23:13:01,1,1,2026-01-30 01:13:01,14.99,monthly,paid
1380,4665,2026-01-22 02:31:57,1,1,2026-01-28 23:31:57,94.99,yearly,paid
1381,4671,2026-01-18 06:06:43,1,0,,14.99,monthly,failed
1382,4672,2026-01-27 00:25:22,1,0,,94.99,yearly,failed
1383,4673,2026-01-19 12:53:19,1,0,,14.99,monthly,failed
1384,4676,2026-01-22 05:47:06,1,0,,14.99,monthly,failed
1385,4684,2026-01-17 19:12:30,1,1,2026-01-31 13:12:30,94.99,yearly,paid
1386,4685,2026-01-23 23:55:10,1,1,2026-02-01 05:55:10,94.99,yearly,paid
1387,4686,2026-01-27 19:58:31,1,0,,35.99,quarterly,failed
1388,4691,2026-01-16 11:37:51,1,1,2026-01-25 17:37:51,94.99,yearly,paid
1389,4693,2026-02-01 22:07:17,1,1,2026-02-10 23:07:17,14.99,monthly,paid
1390,4697,2026-01-17 12:44:36,1,0,,14.99,monthly,failed
1391,4699,2026-01-21 11:44:17,1,0,,94.99,yearly,failed
1392,4704,2026-01-29 14:16:51,1,0,,35.99,quarterly,failed
1393,4713,2026-01-31 01:41:00,1,1,2026-02-12 08:41:00,14.99,monthly,paid
1394,4715,2026-01-15 13:25:56,1,0,,14.99,monthly,failed
1395,4718,2026-02-02 05:32:58,1,0,,14.99,monthly,failed
1396,4719,2026-01-22 09:37:20,1,0,,14.99,monthly,failed
1397,4721,2026-01-25 07:26:32,1,0,,14.99,monthly,failed
1398,4726,2026-01-25 01:52:50,1,0,,14.99,monthly,failed
1399,4729,2026-01-18 10:45:55,1,0,,94.99,yearly,failed
1400,4733,2026-01-28 12:23:18,1,0,,14.99,monthly,failed
1401,4736,2026-01-23 15:46:42,1,1,2026-02-02 01:46:42,35.99,quarterly,paid
1402,4742,2026-01-23 08:35:20,1,1,2026-02-03 01:35:20,14.99,monthly,paid
1403,4743,2026-01-24 05:36:41,1,0,,14.99,monthly,failed
1404,4746,2026-01-22 02:38:09,1,1,2026-02-02 08:38:09,14.99,monthly,paid
1405,4749,2026-01-30 19:52:09,1,0,,14.99,monthly,failed
1406,4752,2026-01-18 03:10:34,1,0,,35.99,quarterly,failed
1407,4755,2026-01-18 21:29:16,1,0,,94.99,yearly,failed
1408,4756,2026-01-25 14:39:52,1,1,2026-02-03 22:39:52,35.99,quarterly,paid
1409,4759,2026-01-24 03:24:50,1,1,2026-02-01 13:24:50,35.99,quarterly,paid
1410,4762,2026-01-30 00:50:52,1,0,,94.99,yearly,failed
1411,4764,2026-01-20 10:54:52,1,1,2026-02-03 01:54:52,14.99,monthly,paid
1412,4767,2026-01-25 05:50:26,1,0,,35.99,quarterly,failed
1413,4768,2026-01-16 07:30:57,1,1,2026-01-27 02:30:57,35.99,quarterly,paid
1414,4769,2026-01-16 23:19:00,1,1,2026-01-25 09:19:00,35.99,quarterly,paid
1415,4774,2026-01-31 19:46:19,1,0,,94.99,yearly,failed
1416,4776,2026-01-16 15:18:40,1,0,,14.99,monthly,failed
1417,4778,2026-01-29 05:12:46,1,0,,14.99,monthly,failed
1418,4782,2026-01-25 02:35:24,1,0,,14.99,monthly,failed
1419,4786,2026-01-22 18:33:19,1,0,,14.99,monthly,failed
1420,4794,2026-01-19 14:06:28,1,0,,14.99,monthly,failed
1421,4800,2026-01-25 18:32:39,1,0,,14.99,monthly,failed
1422,4804,2026-01-30 03:14:47,1,1,2026-02-11 09:14:47,35.99,quarterly,paid
1423,4805,2026-01-27 03:14:00,1,1,2026-02-05 07:14:00,14.99,monthly,paid
1424,4807,2026-01-24 12:53:03,1,0,,14.99,monthly,failed
1425,4820,2026-01-31 02:13:59,1,0,,35.99,quarterly,failed
1426,4821,2026-01-24 23:04:33,1,1,2026-02-01 07:04:33,14.99,monthly,paid
1427,4834,2026-01-19 22:34:27,1,1,2026-01-29 04:34:27,35.99,quarterly,paid
1428,4836,2026-01-25 12:16:32,1,1,2026-02-02 22:16:32,14.99,monthly,paid
1429,4839,2026-01-30 05:06:11,1,1,2026-02-09 14:06:11,94.99,yearly,paid
1430,4845,2026-01-28 17:27:49,1,0,,14.99,monthly,failed
1431,4848,2026-01-16 21:32:57,1,0,,35.99,quarterly,failed
1432,4853,2026-01-17 21:15:48,1,0,,14.99,monthly,failed
1433,4859,2026-01-21 08:56:15,1,0,,14.99,monthly,failed
1434,4864,2026-01-27 18:05:13,1,0,,14.99,monthly,failed
1435,4868,2026-01-22 01:33:54,1,0,,14.99,monthly,failed
1436,4870,2026-01-27 07:29:15,1,0,,14.99,monthly,failed
1437,4873,2026-01-16 21:09:20,1,0,,14.99,monthly,failed
1438,4879,2026-01-27 02:59:22,1,1,2026-02-04 07:59:22,35.99,quarterly,paid
1439,4880,2026-01-28 23:29:50,1,0,,35.99,quarterly,failed
1440,4881,2026-01-22 10:03:26,1,0,,14.99,monthly,failed
1441,4883,2026-01-25 08:22:36,1,1,2026-02-02 07:22:36,14.99,monthly,paid
1442,4885,2026-01-16 09:36:38,1,1,2026-01-26 14:36:38,14.99,monthly,paid
1443,4888,2026-01-25 07:05:26,1,1,2026-02-02 14:05:26,14.99,monthly,paid
1444,4899,2026-01-28 12:47:58,1,0,,35.99,quarterly,failed
1445,4903,2026-01-25 21:32:34,1,0,,14.99,monthly,failed
1446,4910,2026-01-26 19:54:08,1,1,2026-02-05 17:54:08,14.99,monthly,paid
1447,4917,2026-01-17 09:40:37,1,0,,14.99,monthly,failed
1448,4920,2026-01-24 12:10:44,1,1,2026-02-02 09:10:44,14.99,monthly,paid
1449,4924,2026-01-26 19:03:10,1,0,,35.99,quarterly,failed
1450,4926,2026-01-17 03:53:11,1,1,2026-01-27 13:53:11,14.99,monthly,paid
1451,4929,2026-01-20 01:20:04,1,0,,14.99,monthly,failed
1452,4933,2026-02-01 04:58:01,1,1,2026-02-11 13:58:01,35.99,quarterly,paid
1453,4936,2026-01-26 08:07:48,1,1,2026-02-04 17:07:48,14.99,monthly,paid
1454,4937,2026-02-02 03:00:29,1,1,2026-02-15 21:00:29,14.99,monthly,paid
1455,4938,2026-01-26 23:16:33,1,0,,35.99,quarterly,failed
1456,4939,2026-01-20 19:43:19,1,0,,35.99,quarterly,failed
1457,4942,2026-01-23 21:04:12,1,1,2026-02-04 20:04:12,35.99,quarterly,paid
1458,4945,2026-01-15 17:37:12,1,0,,14.99,monthly,failed
1459,4948,2026-01-24 11:03:34,1,1,2026-01-29 12:03:34,14.99,monthly,paid
1460,4952,2026-01-16 22:33:17,1,0,,14.99,monthly,failed
1461,4957,2026-01-19 14:31:43,1,0,,14.99,monthly,failed
1462,4958,2026-01-23 04:20:25,1,0,,35.99,quarterly,failed
1463,4963,2026-02-02 04:09:54,1,1,2026-02-08 19:09:54,35.99,quarterly,paid
1464,4970,2026-01-29 15:49:05,1,0,,14.99,monthly,failed
1465,4972,2026-01-22 03:24:13,1,0,,94.99,yearly,failed
1466,4974,2026-01-29 12:10:56,1,1,2026-02-04 09:10:56,14.99,monthly,paid
1467,4978,2026-01-17 00:12:53,1,0,,14.99,monthly,failed
1468,4979,2026-01-31 23:46:56,1,0,,14.99,monthly,failed
1469,4980,2026-01-25 09:19:59,1,1,2026-02-03 04:19:59,14.99,monthly,paid
1470,4981,2026-01-30 08:42:56,1,0,,14.99,monthly,failed
1471,4985,2026-01-19 12:32:15,1,0,,14.99,monthly,failed
1472,4986,2026-01-15 21:47:06,1,1,2026-01-25 02:47:06,14.99,monthly,paid
1473,4988,2026-01-31 20:42:26,1,0,,14.99,monthly,failed
1474,4995,2026-01-27 13:06:43,1,1,2026-02-08 05:06:43,14.99,monthly,paid
1475,4996,2026-01-20 01:23:25,1,0,,35.99,quarterly,failed
1476,5004,2026-02-12 00:29:34,1,0,,35.99,quarterly,failed
1477,5009,2026-02-11 12:40:25,1,0,,35.99,quarterly,failed
1478,5013,2026-02-11 02:13:37,1,1,2026-02-24 18:13:37,14.99,monthly,paid
1479,5023,2026-02-11 19:21:16,1,1,2026-02-22 13:21:16,35.99,quarterly,paid
1480,5027,2026-02-06 11:23:03,1,0,,35.99,quarterly,failed
1481,5032,2026-02-13 12:06:40,1,0,,94.99,yearly,failed
1482,5036,2026-02-05 18:10:14,1,0,,14.99,monthly,failed
1483,5037,2026-02-14 13:20:03,1,0,,14.99,monthly,failed
1484,5039,2026-02-15 23:15:49,1,1,2026-02-25 00:15:49,14.99,monthly,paid
1485,5042,2026-02-04 21:50:14,1,1,2026-02-15 05:50:14,94.99,yearly,paid
1486,5044,2026-02-09 02:16:27,1,0,,14.99,monthly,failed
1487,5046,2026-02-07 21:40:45,1,0,,14.99,monthly,failed
1488,5048,2026-02-10 08:23:22,1,0,,14.99,monthly,failed
1489,5055,2026-02-01 20:38:45,1,1,2026-02-08 08:38:45,14.99,monthly,paid
1490,5056,2026-02-14 02:14:11,1,0,,14.99,monthly,failed
1491,5059,2026-02-06 04:40:43,1,0,,94.99,yearly,failed
1492,5060,2026-02-10 01:06:43,1,0,,14.99,monthly,failed
1493,5062,2026-02-10 15:22:09,1,0,,14.99,monthly,failed
1494,5063,2026-02-10 13:07:30,1,1,2026-02-21 15:07:30,14.99,monthly,paid
1495,5064,2026-02-11 09:46:31,1,0,,35.99,quarterly,failed
1496,5067,2026-02-09 01:56:23,1,1,2026-02-16 14:56:23,14.99,monthly,paid
1497,5068,2026-02-02 01:32:16,1,0,,94.99,yearly,failed
1498,5073,2026-02-04 20:39:43,1,1,2026-02-17 03:39:43,14.99,monthly,paid
1499,5086,2026-02-06 01:08:41,1,1,2026-02-16 06:08:41,14.99,monthly,paid
1500,5092,2026-02-08 00:05:36,1,1,2026-02-20 15:05:36,35.99,quarterly,paid
1501,5098,2026-02-07 09:24:27,1,0,,14.99,monthly,failed
1502,5099,2026-02-14 22:05:52,1,0,,94.99,yearly,failed
1503,5100,2026-02-05 15:46:14,1,0,,14.99,monthly,failed
1504,5104,2026-02-09 21:45:29,1,1,2026-02-20 22:45:29,35.99,quarterly,paid
1505,5110,2026-02-06 09:50:03,1,1,2026-02-19 09:50:03,35.99,quarterly,paid
1506,5114,2026-02-03 02:24:48,1,1,2026-02-13 00:24:48,94.99,yearly,paid
1507,5115,2026-02-05 21:04:14,1,1,2026-02-17 16:04:14,14.99,monthly,paid
1508,5118,2026-02-08 06:48:35,1,0,,35.99,quarterly,failed
1509,5121,2026-02-13 07:07:21,1,0,,14.99,monthly,failed
1510,5128,2026-02-09 07:34:08,1,0,,14.99,monthly,failed
1511,5140,2026-02-14 23:30:23,1,0,,14.99,monthly,failed
1512,5144,2026-02-09 13:20:52,1,0,,14.99,monthly,failed
1513,5149,2026-02-06 16:22:13,1,0,,35.99,quarterly,failed
1514,5150,2026-02-09 23:11:19,1,0,,14.99,monthly,failed
1515,5155,2026-02-12 10:09:15,1,0,,14.99,monthly,failed
1516,5158,2026-02-04 14:05:21,1,0,,14.99,monthly,failed
1517,5159,2026-02-04 20:21:54,1,0,,14.99,monthly,failed
1518,5160,2026-02-15 18:11:49,1,0,,14.99,monthly,failed
1519,5162,2026-02-02 05:44:30,1,0,,14.99,monthly,failed
1520,5165,2026-02-06 18:16:35,1,0,,35.99,quarterly,failed
1521,5169,2026-02-07 15:32:29,1,0,,35.99,quarterly,failed
1522,5178,2026-02-07 19:33:58,1,0,,14.99,monthly,failed
1523,5196,2026-02-07 09:42:12,1,0,,14.99,monthly,failed
1524,5201,2026-02-08 16:35:37,1,0,,14.99,monthly,failed
1525,5204,2026-02-11 04:14:43,1,0,,14.99,monthly,failed
1526,5206,2026-02-07 19:27:59,1,0,,14.99,monthly,failed
1527,5213,2026-02-09 10:15:41,1,1,2026-02-18 11:15:41,14.99,monthly,paid
1528,5217,2026-02-13 02:17:48,1,0,,35.99,quarterly,failed
1529,5219,2026-02-03 09:21:24,1,1,2026-02-15 23:21:24,14.99,monthly,paid
1530,5222,2026-02-15 03:54:46,1,0,,35.99,quarterly,failed
1531,5225,2026-02-09 01:24:36,1,0,,14.99,monthly,failed
1532,5226,2026-02-08 12:35:36,1,0,,14.99,monthly,failed
1533,5237,2026-02-10 14:29:28,1,0,,14.99,monthly,failed
1534,5238,2026-02-13 05:33:02,1,0,,35.99,quarterly,failed
1535,5249,2026-02-14 09:36:30,1,0,,14.99,monthly,failed
1536,5250,2026-02-09 17:55:39,1,0,,14.99,monthly,failed
1537,5259,2026-02-11 10:54:38,1,0,,14.99,monthly,failed
1538,5261,2026-02-15 02:46:47,1,1,2026-02-23 21:46:47,94.99,yearly,paid
1539,5266,2026-02-14 07:17:16,1,0,,14.99,monthly,failed
1540,5271,2026-02-04 02:07:20,1,0,,14.99,monthly,failed
1541,5282,2026-02-11 22:47:06,1,0,,14.99,monthly,failed
1542,5285,2026-02-16 04:18:04,1,0,,94.99,yearly,failed
1543,5293,2026-02-07 03:01:06,1,0,,35.99,quarterly,failed
1544,5294,2026-02-11 11:04:54,1,1,2026-02-18 17:04:54,14.99,monthly,paid
1545,5295,2026-02-14 14:55:29,1,0,,35.99,quarterly,failed
1546,5301,2026-02-02 10:31:31,1,0,,14.99,monthly,failed
1547,5302,2026-02-16 15:40:52,1,0,,14.99,monthly,failed
1548,5304,2026-02-08 10:10:28,1,1,2026-02-16 05:10:28,14.99,monthly,paid
1549,5309,2026-02-02 07:35:07,1,1,2026-02-15 02:35:07,14.99,monthly,paid
1550,5322,2026-02-14 05:28:26,1,1,2026-02-26 13:28:26,14.99,monthly,paid
1551,5325,2026-02-14 21:35:28,1,1,2026-02-25 05:35:28,14.99,monthly,paid
1552,5338,2026-02-10 07:08:23,1,1,2026-02-22 07:08:23,14.99,monthly,paid
1553,5347,2026-02-08 05:16:24,1,0,,14.99,monthly,failed
1554,5353,2026-02-03 00:50:26,1,1,2026-02-09 22:50:26,14.99,monthly,paid
1555,5358,2026-02-13 02:32:15,1,1,2026-02-20 04:32:15,35.99,quarterly,paid
1556,5359,2026-02-03 04:09:32,1,0,,14.99,monthly,failed
1557,5361,2026-02-11 14:49:41,1,0,,94.99,yearly,failed
1558,5371,2026-02-13 20:18:31,1,0,,14.99,monthly,failed
1559,5374,2026-02-05 23:13:54,1,0,,14.99,monthly,failed
1560,5382,2026-02-14 20:44:42,1,0,,94.99,yearly,failed
1561,5387,2026-02-05 11:00:30,1,0,,14.99,monthly,failed
1562,5397,2026-02-15 12:05:27,1,1,2026-02-23 01:05:27,35.99,quarterly,paid
1563,5403,2026-02-12 01:12:44,1,0,,35.99,quarterly,failed
1564,5405,2026-02-01 22:19:32,1,1,2026-02-09 11:19:32,14.99,monthly,paid
1565,5411,2026-02-02 17:18:22,1,0,,35.99,quarterly,failed
1566,5413,2026-02-08 15:35:44,1,1,2026-02-19 09:35:44,14.99,monthly,paid
1567,5423,2026-02-02 02:43:53,1,0,,94.99,yearly,failed
1568,5424,2026-02-05 03:04:41,1,0,,14.99,monthly,failed
1569,5426,2026-02-05 00:53:21,1,0,,14.99,monthly,failed
1570,5434,2026-02-08 05:04:04,1,0,,14.99,monthly,failed
1571,5440,2026-02-09 21:58:45,1,0,,35.99,quarterly,failed
1572,5453,2026-02-14 08:13:29,1,0,,14.99,monthly,failed
1573,5454,2026-02-13 13:39:43,1,1,2026-02-19 16:39:43,35.99,quarterly,paid
1574,5459,2026-02-09 09:57:56,1,0,,94.99,yearly,failed
1575,5468,2026-02-07 12:15:19,1,1,2026-02-13 23:15:19,14.99,monthly,paid
1576,5482,2026-02-02 15:17:05,1,1,2026-02-12 05:17:05,35.99,quarterly,paid
1577,5493,2026-02-05 09:26:51,1,1,2026-02-13 03:26:51,14.99,monthly,paid
1578,5496,2026-02-03 23:43:06,1,1,2026-02-17 10:43:06,35.99,quarterly,paid
1579,5504,2026-02-12 09:16:05,1,1,2026-02-17 22:16:05,14.99,monthly,paid
1580,5515,2026-02-09 16:54:45,1,1,2026-02-18 06:54:45,14.99,monthly,paid
1581,5517,2026-02-09 03:37:25,1,0,,94.99,yearly,failed
1582,5518,2026-02-12 00:30:55,1,0,,14.99,monthly,failed
1583,5529,2026-02-03 02:00:33,1,0,,14.99,monthly,failed
1584,5532,2026-02-15 09:27:16,1,0,,14.99,monthly,failed
1585,5534,2026-02-08 01:36:33,1,0,,14.99,monthly,failed
1586,5541,2026-02-06 06:31:07,1,1,2026-02-12 06:31:07,35.99,quarterly,paid
1587,5545,2026-02-04 10:31:27,1,0,,94.99,yearly,failed
1588,5551,2026-02-11 05:21:57,1,0,,94.99,yearly,failed
1589,5559,2026-02-09 17:18:22,1,0,,94.99,yearly,failed
1590,5571,2026-02-11 17:57:31,1,0,,94.99,yearly,failed
1591,5578,2026-02-14 07:08:44,1,0,,94.99,yearly,failed
1592,5586,2026-02-11 13:34:59,1,1,2026-02-22 09:34:59,14.99,monthly,paid
1593,5591,2026-02-02 07:27:34,1,1,2026-02-15 16:27:34,35.99,quarterly,paid
1594,5599,2026-02-12 06:04:16,1,1,2026-02-24 01:04:16,14.99,monthly,paid
1595,5601,2026-02-06 22:12:38,1,1,2026-02-12 03:12:38,94.99,yearly,paid
1596,5608,2026-02-09 16:12:29,1,0,,14.99,monthly,failed
1597,5612,2026-02-06 02:14:27,1,0,,14.99,monthly,failed
1598,5617,2026-02-12 17:53:05,1,0,,14.99,monthly,failed
1599,5618,2026-02-05 10:45:34,1,0,,14.99,monthly,failed
1600,5644,2026-02-11 18:11:34,1,1,2026-02-17 04:11:34,14.99,monthly,paid
1601,5645,2026-02-10 16:51:04,1,0,,14.99,monthly,failed
1602,5647,2026-02-13 16:11:03,1,0,,14.99,monthly,failed
1603,5655,2026-02-06 09:22:11,1,0,,35.99,quarterly,failed
1604,5676,2026-02-06 12:52:40,1,0,,35.99,quarterly,failed
1605,5690,2026-02-04 11:22:03,1,1,2026-02-16 22:22:03,14.99,monthly,paid
1606,5693,2026-02-15 06:41:19,1,1,2026-02-21 21:41:19,94.99,yearly,paid
1607,5698,2026-02-13 03:52:56,1,1,2026-02-21 07:52:56,35.99,quarterly,paid
1608,5701,2026-02-10 07:19:13,1,0,,14.99,monthly,failed
1609,5711,2026-02-06 02:57:06,1,0,,14.99,monthly,failed
1610,5720,2026-02-08 12:51:12,1,0,,14.99,monthly,failed
1611,5721,2026-02-15 12:16:36,1,0,,14.99,monthly,failed
1612,5726,2026-02-07 01:45:16,1,0,,14.99,monthly,failed
1613,5729,2026-02-07 04:24:12,1,0,,94.99,yearly,failed
1614,5740,2026-02-02 13:10:14,1,0,,35.99,quarterly,failed
1615,5743,2026-02-14 08:13:15,1,1,2026-02-22 22:13:15,14.99,monthly,paid
1616,5762,2026-02-04 13:23:17,1,0,,14.99,monthly,failed
1617,5764,2026-02-03 23:26:17,1,0,,14.99,monthly,failed
1618,5766,2026-02-10 00:41:24,1,0,,14.99,monthly,failed
1619,5768,2026-02-06 00:34:08,1,1,2026-02-17 20:34:08,35.99,quarterly,paid
1620,5771,2026-02-07 04:12:17,1,0,,14.99,monthly,failed
1621,5772,2026-02-04 21:31:57,1,1,2026-02-12 00:31:57,14.99,monthly,paid
1622,5773,2026-02-08 01:33:07,1,0,,35.99,quarterly,failed
1623,5774,2026-02-01 21:08:27,1,1,2026-02-13 18:08:27,14.99,monthly,paid
1624,5783,2026-02-14 19:54:42,1,0,,14.99,monthly,failed
1625,5785,2026-02-10 16:23:55,1,1,2026-02-15 22:23:55,14.99,monthly,paid
1626,5786,2026-02-11 10:32:01,1,0,,14.99,monthly,failed
1627,5791,2026-02-11 12:19:56,1,0,,14.99,monthly,failed
1628,5793,2026-02-07 09:41:33,1,0,,14.99,monthly,failed
1629,5800,2026-02-08 11:08:53,1,0,,14.99,monthly,failed
1630,5804,2026-02-15 14:53:51,1,1,2026-02-27 16:53:51,14.99,monthly,paid
1631,5805,2026-02-07 05:14:34,1,0,,14.99,monthly,failed
1632,5808,2026-02-15 16:00:54,1,1,2026-02-27 11:00:54,14.99,monthly,paid
1633,5815,2026-02-10 04:13:46,1,0,,35.99,quarterly,failed
1634,5819,2026-02-07 04:10:05,1,0,,14.99,monthly,failed
1635,5822,2026-02-12 19:40:38,1,0,,14.99,monthly,failed
1636,5825,2026-02-09 05:37:35,1,0,,14.99,monthly,failed
1637,5826,2026-02-09 17:13:05,1,0,,14.99,monthly,failed
1638,5829,2026-02-03 17:41:57,1,0,,14.99,monthly,failed
1639,5834,2026-02-05 11:01:26,1,1,2026-02-18 01:01:26,14.99,monthly,paid
1640,5844,2026-02-02 04:30:51,1,0,,35.99,quarterly,failed
1641,5848,2026-02-11 16:30:44,1,1,2026-02-21 15:30:44,14.99,monthly,paid
1642,5869,2026-02-13 23:42:06,1,0,,35.99,quarterly,failed
1643,5870,2026-02-11 03:03:21,1,0,,14.99,monthly,failed
1644,5871,2026-02-12 05:28:15,1,0,,14.99,monthly,failed
1645,5872,2026-02-09 05:31:19,1,1,2026-02-14 20:31:19,14.99,monthly,paid
1646,5879,2026-02-10 14:36:19,1,0,,35.99,quarterly,failed
1647,5882,2026-02-16 01:30:22,1,1,2026-02-22 04:30:22,14.99,monthly,paid
1648,5884,2026-02-04 23:45:14,1,0,,94.99,yearly,failed
1649,5887,2026-02-16 16:41:48,1,0,,35.99,quarterly,failed
1650,5893,2026-02-03 07:07:08,1,0,,94.99,yearly,failed
1651,5894,2026-02-07 06:00:01,1,0,,14.99,monthly,failed
1652,5898,2026-02-15 06:47:05,1,0,,14.99,monthly,failed
1653,5899,2026-02-11 23:15:57,1,0,,35.99,quarterly,failed
1654,5906,2026-02-04 09:42:36,1,0,,14.99,monthly,failed
1655,5909,2026-02-12 16:19:25,1,0,,14.99,monthly,failed
1656,5921,2026-02-04 00:13:03,1,1,2026-02-11 22:13:03,14.99,monthly,paid
1657,5940,2026-02-04 08:35:41,1,0,,94.99,yearly,failed
1658,5944,2026-02-10 15:40:22,1,0,,35.99,quarterly,failed
1659,5946,2026-02-03 16:04:09,1,0,,14.99,monthly,failed
1660,5949,2026-02-14 15:07:29,1,1,2026-02-24 15:07:29,14.99,monthly,paid
1661,5956,2026-02-12 01:33:37,1,0,,14.99,monthly,failed
1662,5960,2026-02-14 05:02:00,1,0,,14.99,monthly,failed
1663,5961,2026-02-04 05:35:44,1,0,,14.99,monthly,failed
1664,5962,2026-02-10 01:10:17,1,0,,14.99,monthly,failed
1665,5970,2026-02-02 03:17:40,1,0,,94.99,yearly,failed
1666,5980,2026-02-10 00:05:48,1,0,,35.99,quarterly,failed
1667,5984,2026-02-12 16:09:06,1,0,,35.99,quarterly,failed
1668,5985,2026-02-03 15:06:49,1,0,,14.99,monthly,failed
1669,5986,2026-02-06 08:00:23,1,0,,14.99,monthly,failed
1670,5990,2026-02-09 05:10:17,1,0,,14.99,monthly,failed
1671,5992,2026-02-08 18:53:24,1,1,2026-02-15 14:53:24,14.99,monthly,paid
1672,5993,2026-02-13 23:05:08,1,1,2026-02-27 06:05:08,14.99,monthly,paid
1673,6006,2026-02-06 06:16:16,1,0,,94.99,yearly,failed
1674,6009,2026-02-03 03:27:24,1,0,,14.99,monthly,failed
1675,6019,2026-02-13 04:44:27,1,0,,35.99,quarterly,failed
1676,6023,2026-02-06 12:39:53,1,0,,14.99,monthly,failed
1677,6032,2026-02-11 23:12:19,1,0,,94.99,yearly,failed
1678,6039,2026-02-09 01:25:16,1,0,,94.99,yearly,failed
1679,6042,2026-02-06 15:07:55,1,1,2026-02-14 10:07:55,14.99,monthly,paid
1680,6049,2026-02-04 17:48:25,1,1,2026-02-15 13:48:25,14.99,monthly,paid
1681,6059,2026-02-10 15:13:30,1,1,2026-02-19 22:13:30,35.99,quarterly,paid
1682,6064,2026-02-03 02:39:27,1,0,,14.99,monthly,failed
1683,6066,2026-02-05 16:18:26,1,1,2026-02-17 11:18:26,94.99,yearly,paid
1684,6070,2026-02-16 18:04:56,1,1,2026-02-23 16:04:56,94.99,yearly,paid
1685,6073,2026-02-12 20:06:20,1,1,2026-02-24 22:06:20,94.99,yearly,paid
1686,6076,2026-02-02 18:40:29,1,1,2026-02-14 10:40:29,14.99,monthly,paid
1687,6080,2026-02-11 07:32:30,1,1,2026-02-16 10:32:30,35.99,quarterly,paid
1688,6081,2026-02-14 13:41:41,1,0,,35.99,quarterly,failed
1689,6083,2026-02-05 21:15:43,1,0,,14.99,monthly,failed
1690,6085,2026-02-11 22:07:26,1,0,,14.99,monthly,failed
1691,6097,2026-02-11 14:42:44,1,1,2026-02-21 06:42:44,35.99,quarterly,paid
1692,6101,2026-02-04 23:26:12,1,0,,14.99,monthly,failed
1693,6103,2026-02-08 01:55:28,1,0,,14.99,monthly,failed
1694,6104,2026-02-03 02:46:30,1,1,2026-02-15 15:46:30,14.99,monthly,paid
1695,6105,2026-02-13 07:11:24,1,0,,14.99,monthly,failed
1696,6106,2026-02-11 13:52:42,1,0,,14.99,monthly,failed
1697,6112,2026-02-08 08:29:58,1,0,,35.99,quarterly,failed
1698,6117,2026-02-12 21:30:33,1,0,,14.99,monthly,failed
1699,6120,2026-02-05 17:41:10,1,0,,35.99,quarterly,failed
1700,6121,2026-02-05 00:26:01,1,1,2026-02-12 21:26:01,35.99,quarterly,paid
1701,6127,2026-02-05 05:17:48,1,1,2026-02-15 17:17:48,35.99,quarterly,paid
1702,6131,2026-02-03 08:52:06,1,0,,14.99,monthly,failed
1703,6135,2026-02-11 02:49:04,1,1,2026-02-16 14:49:04,35.99,quarterly,paid
1704,6138,2026-02-11 07:49:36,1,0,,14.99,monthly,failed
1705,6143,2026-02-08 12:29:07,1,0,,14.99,monthly,failed
1706,6149,2026-02-02 15:26:25,1,1,2026-02-10 21:26:25,14.99,monthly,paid
1707,6150,2026-02-14 03:00:53,1,0,,14.99,monthly,failed
1708,6151,2026-02-02 21:50:09,1,0,,14.99,monthly,failed
1709,6154,2026-02-06 20:23:47,1,1,2026-02-19 22:23:47,14.99,monthly,paid
1710,6155,2026-02-02 11:23:10,1,0,,35.99,quarterly,failed
1711,6156,2026-02-11 08:16:55,1,0,,35.99,quarterly,failed
1712,6163,2026-02-06 00:32:44,1,0,,14.99,monthly,failed
1713,6171,2026-02-10 07:16:54,1,0,,14.99,monthly,failed
1714,6174,2026-02-04 20:58:02,1,0,,94.99,yearly,failed
1715,6182,2026-02-13 12:56:26,1,0,,14.99,monthly,failed
1716,6191,2026-02-15 03:01:54,1,0,,14.99,monthly,failed
1717,6192,2026-02-03 05:57:03,1,0,,94.99,yearly,failed
1718,6195,2026-02-06 11:56:52,1,0,,14.99,monthly,failed
1719,6202,2026-02-15 18:16:35,1,1,2026-02-27 23:16:35,14.99,monthly,paid
1720,6207,2026-02-12 03:15:59,1,0,,14.99,monthly,failed
1721,6208,2026-02-13 02:38:30,1,0,,35.99,quarterly,failed
1722,6213,2026-02-10 17:45:52,1,0,,35.99,quarterly,failed
1723,6215,2026-02-11 08:43:03,1,0,,35.99,quarterly,failed
1724,6220,2026-02-14 16:04:08,1,0,,94.99,yearly,failed
1725,6259,2026-02-12 23:18:15,1,0,,35.99,quarterly,failed
1726,6260,2026-02-14 15:09:58,1,1,2026-02-26 16:09:58,14.99,monthly,paid
1727,6262,2026-02-07 04:24:11,1,0,,14.99,monthly,failed
1728,6263,2026-02-05 15:37:21,1,0,,14.99,monthly,failed
1729,6265,2026-02-09 03:22:12,1,1,2026-02-20 04:22:12,14.99,monthly,paid
1730,6268,2026-02-01 21:26:01,1,0,,35.99,quarterly,failed
1731,6269,2026-02-06 15:07:19,1,0,,14.99,monthly,failed
1732,6272,2026-02-12 07:42:11,1,0,,14.99,monthly,failed
1733,6279,2026-02-02 10:58:12,1,0,,14.99,monthly,failed
1734,6284,2026-02-03 14:08:09,1,1,2026-02-17 09:08:09,14.99,monthly,paid
1735,6290,2026-02-13 04:52:28,1,1,2026-02-19 22:52:28,14.99,monthly,paid
1736,6303,2026-02-03 13:28:52,1,0,,14.99,monthly,failed
1737,6306,2026-02-05 23:53:47,1,0,,14.99,monthly,failed
1738,6307,2026-02-13 03:13:44,1,0,,94.99,yearly,failed
1739,6315,2026-02-14 07:23:03,1,1,2026-02-25 09:23:03,35.99,quarterly,paid
1740,6324,2026-02-15 01:01:38,1,0,,94.99,yearly,failed
1741,6325,2026-02-14 13:05:44,1,0,,35.99,quarterly,failed
1742,6326,2026-02-04 20:54:14,1,0,,14.99,monthly,failed
1743,6331,2026-02-01 23:45:29,1,0,,14.99,monthly,failed
1744,6333,2026-02-05 02:51:10,1,1,2026-02-13 19:51:10,14.99,monthly,paid
1745,6344,2026-02-10 16:47:12,1,0,,14.99,monthly,failed
1746,6348,2026-02-15 03:49:14,1,1,2026-02-22 19:49:14,14.99,monthly,paid
1747,6350,2026-02-10 23:48:42,1,0,,35.99,quarterly,failed
1748,6354,2026-02-15 02:18:49,1,0,,14.99,monthly,failed
1749,6357,2026-02-12 00:28:08,1,0,,14.99,monthly,failed
1750,6358,2026-02-01 19:27:58,1,1,2026-02-10 16:27:58,35.99,quarterly,paid
1751,6362,2026-02-15 16:50:13,1,0,,35.99,quarterly,failed
1752,6363,2026-02-13 07:14:43,1,0,,35.99,quarterly,failed
1753,6367,2026-02-13 02:32:46,1,0,,14.99,monthly,failed
1754,6373,2026-02-14 11:37:21,1,0,,14.99,monthly,failed
1755,6375,2026-02-04 01:04:08,1,0,,94.99,yearly,failed
1756,6379,2026-02-10 14:22:31,1,1,2026-02-22 20:22:31,35.99,quarterly,paid
1757,6382,2026-02-05 02:31:47,1,0,,94.99,yearly,failed
1758,6389,2026-02-05 16:39:27,1,0,,14.99,monthly,failed
1759,6399,2026-02-10 15:07:31,1,0,,35.99,quarterly,failed
1760,6405,2026-02-13 15:05:12,1,0,,14.99,monthly,failed
1761,6408,2026-02-10 15:11:45,1,1,2026-02-16 19:11:45,14.99,monthly,paid
1762,6409,2026-02-09 00:24:02,1,0,,14.99,monthly,failed
1763,6425,2026-02-15 01:06:23,1,0,,14.99,monthly,failed
1764,6428,2026-02-10 11:18:41,1,0,,14.99,monthly,failed
1765,6432,2026-02-12 19:17:41,1,1,2026-02-22 18:17:41,35.99,quarterly,paid
1766,6445,2026-02-03 01:19:36,1,0,,35.99,quarterly,failed
1767,6452,2026-02-12 13:25:55,1,0,,35.99,quarterly,failed
1768,6453,2026-02-16 13:43:31,1,0,,14.99,monthly,failed
1769,6457,2026-02-05 04:11:35,1,0,,35.99,quarterly,failed
1770,6473,2026-02-09 05:42:14,1,0,,14.99,monthly,failed
1771,6487,2026-02-13 18:19:42,1,0,,35.99,quarterly,failed
1772,6495,2026-02-05 11:38:42,1,1,2026-02-13 23:38:42,14.99,monthly,paid
1773,6505,2026-02-07 16:59:31,1,0,,14.99,monthly,failed
1774,6515,2026-02-12 22:06:20,1,0,,35.99,quarterly,failed
1775,6521,2026-02-01 15:29:42,1,0,,14.99,monthly,failed
1776,6523,2026-02-03 21:15:59,1,0,,14.99,monthly,failed
1777,6525,2026-02-06 12:06:41,1,0,,14.99,monthly,failed
1778,6528,2026-02-07 19:17:59,1,0,,14.99,monthly,failed
1779,6536,2026-02-13 05:30:22,1,1,2026-02-20 13:30:22,14.99,monthly,paid
1780,6537,2026-02-06 02:46:42,1,1,2026-02-19 14:46:42,14.99,monthly,paid
1781,6544,2026-02-09 11:50:24,1,1,2026-02-18 10:50:24,94.99,yearly,paid
1782,6546,2026-02-10 03:35:52,1,0,,14.99,monthly,failed
1783,6548,2026-02-12 05:32:06,1,0,,14.99,monthly,failed
1784,6549,2026-02-09 18:05:42,1,0,,14.99,monthly,failed
1785,6553,2026-02-04 06:20:28,1,1,2026-02-16 14:20:28,14.99,monthly,paid
1786,6559,2026-02-15 03:35:28,1,0,,14.99,monthly,failed
1787,6562,2026-02-11 20:19:08,1,1,2026-02-25 02:19:08,94.99,yearly,paid
1788,6566,2026-02-05 01:36:48,1,1,2026-02-11 01:36:48,14.99,monthly,paid
1789,6573,2026-02-02 03:13:03,1,0,,35.99,quarterly,failed
1790,6579,2026-02-03 00:33:07,1,0,,14.99,monthly,failed
1791,6580,2026-02-07 14:36:49,1,0,,14.99,monthly,failed
1792,6587,2026-02-10 11:18:24,1,0,,14.99,monthly,failed
1793,6600,2026-02-01 12:53:49,1,1,2026-02-07 06:53:49,14.99,monthly,paid
1794,6601,2026-02-04 14:34:08,1,0,,14.99,monthly,failed
1795,6604,2026-02-06 01:14:32,1,0,,35.99,quarterly,failed
1796,6606,2026-02-05 09:59:43,1,1,2026-02-12 22:59:43,35.99,quarterly,paid
1797,6620,2026-02-03 12:02:44,1,1,2026-02-15 01:02:44,35.99,quarterly,paid
1798,6638,2026-02-04 02:44:50,1,0,,14.99,monthly,failed
1799,6657,2026-02-14 20:09:50,1,1,2026-02-22 02:09:50,14.99,monthly,paid
1800,6658,2026-02-10 01:10:30,1,0,,14.99,monthly,failed
1801,6660,2026-02-04 19:56:24,1,0,,14.99,monthly,failed
1802,6662,2026-02-14 07:13:58,1,1,2026-02-28 02:13:58,35.99,quarterly,paid
1803,6665,2026-02-11 13:55:34,1,1,2026-02-24 01:55:34,14.99,monthly,paid
1804,6673,2026-02-06 18:11:39,1,1,2026-02-17 05:11:39,14.99,monthly,paid
1805,6674,2026-02-08 22:17:17,1,0,,14.99,monthly,failed
1806,6678,2026-02-06 14:13:32,1,0,,14.99,monthly,failed
1807,6683,2026-02-12 23:13:55,1,1,2026-02-21 22:13:55,14.99,monthly,paid
1808,6698,2026-02-12 15:00:48,1,0,,35.99,quarterly,failed
1809,6699,2026-02-06 19:40:57,1,0,,14.99,monthly,failed
1810,6702,2026-02-02 00:02:36,1,0,,35.99,quarterly,failed
1811,6710,2026-02-09 09:29:06,1,0,,35.99,quarterly,failed
1812,6717,2026-02-09 11:34:54,1,0,,14.99,monthly,failed
1813,6723,2026-02-05 00:55:20,1,0,,94.99,yearly,failed
1814,6726,2026-02-10 19:36:34,1,0,,35.99,quarterly,failed
1815,6729,2026-02-03 21:10:18,1,0,,14.99,monthly,failed
1816,6737,2026-02-07 03:46:01,1,0,,14.99,monthly,failed
1817,6742,2026-02-14 09:56:57,1,1,2026-02-26 08:56:57,14.99,monthly,paid
1818,6747,2026-02-02 05:02:54,1,0,,14.99,monthly,failed
1819,6751,2026-02-12 00:51:23,1,0,,94.99,yearly,failed
1820,6761,2026-02-02 04:09:22,1,0,,14.99,monthly,failed
1821,6769,2026-02-10 02:52:14,1,0,,14.99,monthly,failed
1822,6773,2026-02-15 02:21:19,1,0,,35.99,quarterly,failed
1823,6776,2026-02-15 14:21:43,1,0,,14.99,monthly,failed
1824,6780,2026-02-06 06:13:14,1,0,,14.99,monthly,failed
1825,6781,2026-02-14 19:22:31,1,0,,14.99,monthly,failed
1826,6788,2026-02-03 02:31:24,1,0,,14.99,monthly,failed
1827,6792,2026-02-14 23:26:54,1,0,,35.99,quarterly,failed
1828,6798,2026-02-10 20:29:51,1,0,,14.99,monthly,failed
1829,6806,2026-02-09 15:52:13,1,0,,14.99,monthly,failed
1830,6810,2026-02-14 21:00:17,1,0,,14.99,monthly,failed
1831,6816,2026-02-05 02:34:29,1,0,,14.99,monthly,failed
1832,6817,2026-02-14 02:08:45,1,0,,14.99,monthly,failed
1833,6824,2026-02-04 04:00:58,1,0,,14.99,monthly,failed
1834,6829,2026-02-08 09:58:08,1,1,2026-02-22 02:58:08,14.99,monthly,paid
1835,6838,2026-02-02 04:15:13,1,1,2026-02-16 02:15:13,94.99,yearly,paid
1836,6841,2026-02-06 05:11:56,1,0,,14.99,monthly,failed
1837,6844,2026-02-06 01:00:08,1,0,,94.99,yearly,failed
1838,6848,2026-02-06 17:16:40,1,1,2026-02-20 03:16:40,14.99,monthly,paid
1839,6849,2026-02-07 04:12:27,1,0,,14.99,monthly,failed
1840,6851,2026-02-07 17:32:54,1,0,,14.99,monthly,failed
1841,6860,2026-02-14 03:03:43,1,0,,14.99,monthly,failed
1842,6869,2026-02-11 22:09:45,1,0,,94.99,yearly,failed
1843,6871,2026-02-04 22:46:02,1,1,2026-02-13 09:46:02,35.99,quarterly,paid
1844,6877,2026-02-09 03:00:34,1,0,,35.99,quarterly,failed
1845,6879,2026-02-10 06:49:36,1,1,2026-02-18 05:49:36,14.99,monthly,paid
1846,6886,2026-02-03 12:35:06,1,0,,14.99,monthly,failed
1847,6889,2026-02-02 19:12:56,1,1,2026-02-08 04:12:56,14.99,monthly,paid
1848,6892,2026-02-06 15:07:17,1,0,,35.99,quarterly,failed
1849,6895,2026-02-11 13:57:54,1,1,2026-02-19 13:57:54,94.99,yearly,paid
1850,6906,2026-02-01 13:20:00,1,1,2026-02-14 00:20:00,35.99,quarterly,paid
1851,6914,2026-02-14 11:01:18,1,0,,35.99,quarterly,failed
1852,6922,2026-02-08 03:35:05,1,1,2026-02-13 18:35:05,14.99,monthly,paid
1853,6927,2026-02-07 07:51:22,1,1,2026-02-19 01:51:22,14.99,monthly,paid
1854,6932,2026-02-13 06:27:17,1,0,,14.99,monthly,failed
1855,6944,2026-02-07 13:14:03,1,0,,35.99,quarterly,failed
1856,6946,2026-02-09 15:35:01,1,0,,14.99,monthly,failed
1857,6947,2026-02-08 07:17:24,1,0,,35.99,quarterly,failed
1858,6948,2026-02-07 05:35:34,1,0,,14.99,monthly,failed
1859,6953,2026-02-12 19:02:17,1,1,2026-02-22 12:02:17,14.99,monthly,paid
1860,6956,2026-02-14 19:26:28,1,0,,35.99,quarterly,failed
1861,6958,2026-02-15 13:11:20,1,0,,35.99,quarterly,failed
1862,6965,2026-02-03 02:16:46,1,1,2026-02-08 17:16:46,14.99,monthly,paid
1863,6972,2026-02-12 08:54:32,1,0,,14.99,monthly,failed
1864,6984,2026-02-01 09:49:57,1,1,2026-02-11 00:49:57,14.99,monthly,paid
1865,6986,2026-02-14 13:36:12,1,0,,35.99,quarterly,failed
1866,6987,2026-02-09 08:52:10,1,0,,14.99,monthly,failed
1867,6990,2026-02-03 13:23:23,1,1,2026-02-17 07:23:23,14.99,monthly,paid
1868,6993,2026-02-05 15:39:09,1,1,2026-02-16 19:39:09,35.99,quarterly,paid
1869,6994,2026-02-12 09:55:52,1,0,,35.99,quarterly,failed
1870,7001,2026-02-15 03:33:04,1,0,,14.99,monthly,failed
1871,7002,2026-02-07 02:06:47,1,0,,14.99,monthly,failed
1872,7009,2026-02-14 18:22:35,1,1,2026-02-22 23:22:35,14.99,monthly,paid
1873,7012,2026-02-10 08:32:55,1,0,,35.99,quarterly,failed
1874,7016,2026-02-14 03:08:19,1,0,,94.99,yearly,failed
1875,7019,2026-02-09 10:56:20,1,1,2026-02-22 07:56:20,94.99,yearly,paid
1876,7025,2026-02-03 05:42:31,1,1,2026-02-11 23:42:31,35.99,quarterly,paid
1877,7030,2026-02-15 17:45:13,1,1,2026-02-21 16:45:13,35.99,quarterly,paid
1878,7036,2026-02-03 15:50:57,1,0,,14.99,monthly,failed
1879,7047,2026-02-10 09:10:08,1,1,2026-02-15 10:10:08,14.99,monthly,paid
1880,7051,2026-02-16 08:05:28,1,1,2026-02-27 18:05:28,14.99,monthly,paid
1881,7055,2026-02-15 03:16:22,1,0,,14.99,monthly,failed
1882,7060,2026-02-09 11:45:11,1,1,2026-02-22 02:45:11,14.99,monthly,paid
1883,7062,2026-02-02 23:22:14,1,0,,35.99,quarterly,failed
1884,7063,2026-02-14 18:54:05,1,1,2026-02-27 15:54:05,14.99,monthly,paid
1885,7066,2026-02-08 01:05:15,1,1,2026-02-13 02:05:15,35.99,quarterly,paid
1886,7081,2026-02-07 01:42:55,1,1,2026-02-20 05:42:55,14.99,monthly,paid
1887,7083,2026-02-12 21:08:02,1,1,2026-02-20 09:08:02,14.99,monthly,paid
1888,7085,2026-02-09 14:35:32,1,0,,14.99,monthly,failed
1889,7090,2026-02-05 21:53:17,1,0,,14.99,monthly,failed
1890,7105,2026-02-06 17:35:20,1,1,2026-02-19 20:35:20,35.99,quarterly,paid
1891,7106,2026-02-06 08:35:47,1,1,2026-02-12 07:35:47,14.99,monthly,paid
1892,7118,2026-02-10 16:13:27,1,0,,94.99,yearly,failed
1893,7131,2026-02-05 19:52:36,1,1,2026-02-13 09:52:36,14.99,monthly,paid
1894,7151,2026-02-10 02:58:05,1,0,,35.99,quarterly,failed
1895,7156,2026-02-06 00:14:35,1,0,,14.99,monthly,failed
1896,7169,2026-02-07 23:00:42,1,0,,14.99,monthly,failed
1897,7171,2026-02-13 19:16:03,1,0,,14.99,monthly,failed
1898,7175,2026-02-04 13:20:22,1,1,2026-02-18 12:20:22,14.99,monthly,paid
1899,7178,2026-02-13 09:51:50,1,0,,14.99,monthly,failed
1900,7183,2026-02-03 06:21:37,1,0,,14.99,monthly,failed
1901,7185,2026-02-04 13:14:22,1,0,,35.99,quarterly,failed
1902,7188,2026-02-03 00:09:53,1,1,2026-02-09 17:09:53,14.99,monthly,paid
1903,7191,2026-02-07 19:47:12,1,0,,35.99,quarterly,failed
1904,7202,2026-02-06 07:22:36,1,1,2026-02-16 21:22:36,14.99,monthly,paid
1905,7203,2026-02-06 10:51:26,1,0,,14.99,monthly,failed
1906,7222,2026-02-11 22:25:55,1,1,2026-02-25 08:25:55,14.99,monthly,paid
1907,7224,2026-02-06 09:02:38,1,0,,14.99,monthly,failed
1908,7228,2026-02-14 17:07:35,1,1,2026-02-23 00:07:35,94.99,yearly,paid
1909,7233,2026-02-08 17:07:50,1,0,,35.99,quarterly,failed
1910,7237,2026-02-13 02:37:57,1,1,2026-02-26 19:37:57,94.99,yearly,paid
1911,7243,2026-02-06 08:28:10,1,1,2026-02-14 03:28:10,14.99,monthly,paid
1912,7245,2026-02-12 21:43:18,1,0,,14.99,monthly,failed
1913,7249,2026-02-07 15:19:40,1,1,2026-02-17 05:19:40,14.99,monthly,paid
1914,7250,2026-02-12 01:35:49,1,1,2026-02-24 19:35:49,35.99,quarterly,paid
1915,7252,2026-02-09 05:22:45,1,1,2026-02-14 22:22:45,35.99,quarterly,paid
1916,7255,2026-02-05 18:40:03,1,1,2026-02-16 13:40:03,14.99,monthly,paid
1917,7256,2026-02-12 08:56:22,1,1,2026-02-18 01:56:22,14.99,monthly,paid
1918,7267,2026-02-13 13:57:47,1,0,,14.99,monthly,failed
1919,7270,2026-02-10 11:54:39,1,0,,94.99,yearly,failed
1920,7274,2026-02-13 20:14:05,1,0,,14.99,monthly,failed
1921,7279,2026-02-09 05:32:43,1,1,2026-02-19 12:32:43,14.99,monthly,paid
1922,7285,2026-02-03 14:12:34,1,1,2026-02-17 13:12:34,94.99,yearly,paid
1923,7295,2026-02-06 02:34:14,1,1,2026-02-15 20:34:14,94.99,yearly,paid
1924,7309,2026-02-13 07:02:25,1,0,,14.99,monthly,failed
1925,7316,2026-02-08 07:07:47,1,0,,94.99,yearly,failed
1926,7320,2026-02-03 15:14:58,1,0,,14.99,monthly,failed
1927,7326,2026-02-14 09:02:41,1,1,2026-02-19 16:02:41,14.99,monthly,paid
1928,7330,2026-02-04 12:47:56,1,0,,14.99,monthly,failed
1929,7332,2026-02-08 02:03:22,1,0,,14.99,monthly,failed
1930,7334,2026-02-05 11:58:12,1,1,2026-02-17 18:58:12,14.99,monthly,paid
1931,7339,2026-02-03 10:04:49,1,0,,14.99,monthly,failed
1932,7355,2026-02-14 04:51:55,1,1,2026-02-22 13:51:55,94.99,yearly,paid
1933,7360,2026-02-02 09:55:13,1,0,,14.99,monthly,failed
1934,7367,2026-02-12 08:29:41,1,0,,94.99,yearly,failed
1935,7368,2026-02-09 15:38:50,1,0,,35.99,quarterly,failed
1936,7369,2026-02-03 03:25:55,1,0,,35.99,quarterly,failed
1937,7371,2026-02-11 21:43:45,1,1,2026-02-23 00:43:45,14.99,monthly,paid
1938,7373,2026-02-09 18:47:28,1,1,2026-02-22 01:47:28,14.99,monthly,paid
1939,7374,2026-02-07 12:55:56,1,1,2026-02-15 21:55:56,14.99,monthly,paid
1940,7379,2026-02-07 18:43:11,1,1,2026-02-20 23:43:11,14.99,monthly,paid
1941,7380,2026-02-08 06:09:13,1,1,2026-02-19 08:09:13,14.99,monthly,paid
1942,7388,2026-02-10 06:17:41,1,0,,35.99,quarterly,failed
1943,7392,2026-02-08 04:19:28,1,0,,14.99,monthly,failed
1944,7393,2026-02-06 01:14:16,1,1,2026-02-16 23:14:16,35.99,quarterly,paid
1945,7396,2026-02-01 18:55:15,1,1,2026-02-13 16:55:15,14.99,monthly,paid
1946,7398,2026-02-02 17:19:31,1,1,2026-02-11 13:19:31,14.99,monthly,paid
1947,7399,2026-02-01 18:57:46,1,0,,14.99,monthly,failed
1948,7402,2026-02-14 19:48:14,1,1,2026-02-23 00:48:14,14.99,monthly,paid
1949,7404,2026-02-04 11:00:18,1,0,,35.99,quarterly,failed
1950,7406,2026-02-10 00:52:57,1,0,,35.99,quarterly,failed
1951,7408,2026-02-11 13:55:36,1,0,,14.99,monthly,failed
1952,7412,2026-02-04 07:26:30,1,0,,14.99,monthly,failed
1953,7433,2026-02-07 03:07:13,1,0,,14.99,monthly,failed
1954,7434,2026-02-11 14:22:09,1,1,2026-02-18 06:22:09,14.99,monthly,paid
1955,7435,2026-02-08 02:54:25,1,0,,14.99,monthly,failed
1956,7436,2026-02-13 04:24:19,1,0,,14.99,monthly,failed
1957,7437,2026-02-13 03:14:30,1,0,,14.99,monthly,failed
1958,7443,2026-02-09 03:18:43,1,1,2026-02-21 10:18:43,14.99,monthly,paid
1959,7446,2026-02-13 14:56:54,1,1,2026-02-22 21:56:54,14.99,monthly,paid
1960,7447,2026-02-04 06:57:13,1,1,2026-02-15 02:57:13,14.99,monthly,paid
1961,7448,2026-02-07 11:56:12,1,0,,14.99,monthly,failed
1962,7486,2026-02-13 03:46:57,1,1,2026-02-21 21:46:57,14.99,monthly,paid
1963,7502,2026-02-03 17:30:44,1,0,,14.99,monthly,failed
1964,7504,2026-02-09 20:52:28,1,1,2026-02-23 01:52:28,94.99,yearly,paid
1965,7506,2026-02-08 21:26:52,1,0,,14.99,monthly,failed
1966,7508,2026-02-12 04:26:27,1,1,2026-02-19 11:26:27,94.99,yearly,paid
1967,7509,2026-02-11 02:02:34,1,0,,35.99,quarterly,failed
1968,7518,2026-02-14 11:45:24,1,0,,14.99,monthly,failed
1969,7519,2026-02-05 20:28:52,1,0,,94.99,yearly,failed
1970,7526,2026-02-02 13:41:56,1,1,2026-02-08 08:41:56,14.99,monthly,paid
1971,7557,2026-02-14 02:50:45,1,0,,14.99,monthly,failed
1972,7558,2026-02-13 07:41:42,1,0,,94.99,yearly,failed
1973,7569,2026-02-06 11:46:02,1,0,,35.99,quarterly,failed
1974,7572,2026-02-15 15:45:37,1,1,2026-02-21 00:45:37,35.99,quarterly,paid
1975,7573,2026-02-04 10:29:05,1,0,,14.99,monthly,failed
1976,7574,2026-02-15 15:38:09,1,0,,14.99,monthly,failed
1977,7580,2026-02-12 13:34:35,1,0,,14.99,monthly,failed
1978,7584,2026-02-06 10:07:22,1,0,,35.99,quarterly,failed
1979,7589,2026-02-02 18:44:33,1,1,2026-02-11 14:44:33,35.99,quarterly,paid
1980,7596,2026-02-13 12:31:44,1,0,,35.99,quarterly,failed
1981,7598,2026-02-08 16:32:04,1,1,2026-02-16 21:32:04,94.99,yearly,paid
1982,7599,2026-02-01 18:10:02,1,0,,35.99,quarterly,failed
1983,7606,2026-02-06 23:57:44,1,0,,14.99,monthly,failed
1984,7622,2026-02-09 09:45:57,1,1,2026-02-19 10:45:57,14.99,monthly,paid
1985,7625,2026-02-14 14:16:15,1,0,,14.99,monthly,failed
1986,7626,2026-02-10 10:31:41,1,1,2026-02-21 06:31:41,14.99,monthly,paid
1987,7628,2026-02-02 17:41:45,1,0,,14.99,monthly,failed
1988,7630,2026-02-07 10:46:38,1,0,,94.99,yearly,failed
1989,7633,2026-02-16 19:58:49,1,0,,35.99,quarterly,failed
1990,7634,2026-02-07 01:44:43,1,0,,14.99,monthly,failed
1991,7641,2026-02-10 00:38:54,1,1,2026-02-21 09:38:54,14.99,monthly,paid
1992,7647,2026-02-09 14:18:32,1,0,,14.99,monthly,failed
1993,7648,2026-02-03 09:26:39,1,1,2026-02-12 02:26:39,14.99,monthly,paid
1994,7655,2026-02-03 15:30:35,1,0,,94.99,yearly,failed
1995,7662,2026-02-08 12:54:23,1,0,,94.99,yearly,failed
1996,7664,2026-02-11 12:37:46,1,0,,14.99,monthly,failed
1997,7684,2026-02-10 03:57:20,1,1,2026-02-15 18:57:20,14.99,monthly,paid
1998,7686,2026-02-12 02:16:58,1,0,,14.99,monthly,failed
1999,7687,2026-02-03 08:43:13,1,0,,14.99,monthly,failed
2000,7690,2026-02-15 11:15:29,1,0,,14.99,monthly,failed
2001,7693,2026-02-07 00:41:28,1,1,2026-02-19 01:41:28,14.99,monthly,paid
2002,7695,2026-02-11 16:13:39,1,0,,35.99,quarterly,failed
2003,7696,2026-02-12 19:01:51,1,0,,14.99,monthly,failed
2004,7708,2026-02-07 14:21:45,1,1,2026-02-15 07:21:45,35.99,quarterly,paid
2005,7709,2026-02-07 07:02:42,1,0,,14.99,monthly,failed
2006,7710,2026-02-10 07:53:54,1,0,,35.99,quarterly,failed
2007,7712,2026-02-05 08:52:58,1,0,,35.99,quarterly,failed
2008,7716,2026-02-08 23:00:43,1,1,2026-02-20 06:00:43,14.99,monthly,paid
2009,7721,2026-02-02 03:20:40,1,0,,14.99,monthly,failed
2010,7724,2026-02-02 20:28:54,1,0,,35.99,quarterly,failed
2011,7748,2026-02-03 03:16:45,1,0,,35.99,quarterly,failed
2012,7764,2026-02-14 21:18:19,1,0,,14.99,monthly,failed
2013,7769,2026-02-05 17:31:06,1,1,2026-02-12 04:31:06,35.99,quarterly,paid
2014,7781,2026-02-08 11:04:48,1,0,,14.99,monthly,failed
2015,7784,2026-02-10 11:52:26,1,1,2026-02-17 20:52:26,35.99,quarterly,paid
2016,7786,2026-02-09 05:19:43,1,0,,14.99,monthly,failed
2017,7801,2026-02-08 04:14:07,1,0,,14.99,monthly,failed
2018,7804,2026-02-13 23:15:28,1,0,,14.99,monthly,failed
2019,7816,2026-02-15 04:05:39,1,0,,14.99,monthly,failed
2020,7818,2026-02-09 20:47:50,1,0,,35.99,quarterly,failed
2021,7827,2026-02-06 11:15:46,1,1,2026-02-16 03:15:46,94.99,yearly,paid
2022,7829,2026-02-09 18:19:28,1,0,,14.99,monthly,failed
2023,7832,2026-02-06 12:27:00,1,1,2026-02-19 02:27:00,14.99,monthly,paid
2024,7840,2026-02-08 20:38:55,1,0,,14.99,monthly,failed
2025,7847,2026-02-06 01:22:28,1,0,,35.99,quarterly,failed
2026,7848,2026-02-15 09:06:32,1,0,,14.99,monthly,failed
2027,7850,2026-02-05 15:40:14,1,1,2026-02-18 16:40:14,14.99,monthly,paid
2028,7861,2026-02-10 09:06:18,1,0,,14.99,monthly,failed
2029,7894,2026-02-04 15:28:46,1,0,,94.99,yearly,failed
2030,7895,2026-02-12 10:49:24,1,0,,94.99,yearly,failed
2031,7897,2026-02-14 11:18:00,1,0,,14.99,monthly,failed
2032,7899,2026-02-14 02:47:27,1,0,,14.99,monthly,failed
2033,7909,2026-02-04 04:34:48,1,0,,35.99,quarterly,failed
2034,7919,2026-02-02 22:38:25,1,1,2026-02-09 08:38:25,14.99,monthly,paid
2035,7921,2026-02-06 18:53:22,1,1,2026-02-16 23:53:22,35.99,quarterly,paid
2036,7928,2026-02-06 15:00:46,1,0,,94.99,yearly,failed
2037,7931,2026-02-06 22:51:28,1,0,,14.99,monthly,failed
2038,7932,2026-02-03 13:21:38,1,0,,14.99,monthly,failed
2039,7941,2026-02-11 00:22:09,1,0,,14.99,monthly,failed
2040,7942,2026-02-14 17:29:36,1,0,,35.99,quarterly,failed
2041,7946,2026-02-09 00:21:14,1,1,2026-02-15 21:21:14,14.99,monthly,paid
2042,7958,2026-02-09 03:48:38,1,0,,14.99,monthly,failed
2043,7967,2026-02-04 14:33:29,1,0,,14.99,monthly,failed
2044,7968,2026-02-04 12:41:59,1,0,,14.99,monthly,failed
2045,7970,2026-02-06 21:01:06,1,1,2026-02-12 08:01:06,94.99,yearly,paid
2046,7974,2026-02-04 21:57:50,1,0,,35.99,quarterly,failed
2047,7977,2026-02-03 18:14:54,1,0,,35.99,quarterly,failed
2048,7993,2026-02-10 12:38:36,1,0,,35.99,quarterly,failed
2049,7995,2026-02-13 20:29:22,1,0,,14.99,monthly,failed
2050,7996,2026-02-08 07:16:20,1,0,,14.99,monthly,failed
2051,7999,2026-02-04 04:20:58,1,0,,14.99,monthly,failed
2052,8001,2026-02-11 15:00:54,1,0,,14.99,monthly,failed
2053,8006,2026-02-14 03:13:39,1,1,2026-02-20 15:13:39,35.99,quarterly,paid
2054,8026,2026-02-15 10:24:07,1,1,2026-02-27 15:24:07,35.99,quarterly,paid
2055,8030,2026-02-10 03:53:23,1,1,2026-02-19 06:53:23,14.99,monthly,paid
2056,8031,2026-02-05 17:04:20,1,0,,14.99,monthly,failed
2057,8035,2026-02-12 21:57:59,1,1,2026-02-19 22:57:59,14.99,monthly,paid
2058,8045,2026-02-08 18:49:01,1,1,2026-02-18 07:49:01,94.99,yearly,paid
2059,8046,2026-02-07 00:47:57,1,0,,14.99,monthly,failed
2060,8047,2026-02-07 13:34:20,1,0,,14.99,monthly,failed
2061,8053,2026-02-08 12:20:26,1,0,,14.99,monthly,failed
2062,8056,2026-02-12 03:44:29,1,0,,35.99,quarterly,failed
2063,8060,2026-02-14 13:08:33,1,1,2026-02-19 13:08:33,35.99,quarterly,paid
2064,8067,2026-02-04 07:56:42,1,0,,94.99,yearly,failed
2065,8068,2026-02-10 10:30:10,1,0,,14.99,monthly,failed
2066,8071,2026-02-02 14:48:52,1,0,,35.99,quarterly,failed
2067,8072,2026-02-07 20:57:20,1,0,,14.99,monthly,failed
2068,8073,2026-02-10 10:35:59,1,0,,14.99,monthly,failed
2069,8076,2026-02-14 07:32:10,1,0,,14.99,monthly,failed
2070,8081,2026-02-14 14:48:53,1,1,2026-02-22 02:48:53,14.99,monthly,paid
2071,8083,2026-02-10 04:32:00,1,1,2026-02-23 11:32:00,14.99,monthly,paid
2072,8084,2026-02-12 22:10:34,1,1,2026-02-25 23:10:34,14.99,monthly,paid
2073,8089,2026-02-12 20:13:49,1,1,2026-02-22 14:13:49,14.99,monthly,paid
2074,8091,2026-02-09 23:46:55,1,0,,14.99,monthly,failed
2075,8096,2026-02-06 13:03:57,1,0,,14.99,monthly,failed
2076,8098,2026-02-07 06:13:09,1,1,2026-02-19 11:13:09,14.99,monthly,paid
2077,8100,2026-02-12 02:05:11,1,0,,14.99,monthly,failed
2078,8121,2026-02-08 22:15:44,1,1,2026-02-20 13:15:44,94.99,yearly,paid
2079,8130,2026-02-03 07:54:32,1,0,,14.99,monthly,failed
2080,8141,2026-02-13 16:28:14,1,0,,14.99,monthly,failed
2081,8152,2026-02-08 01:37:01,1,1,2026-02-15 08:37:01,14.99,monthly,paid
2082,8161,2026-02-05 06:14:30,1,0,,14.99,monthly,failed
2083,8162,2026-02-07 02:08:32,1,0,,14.99,monthly,failed
2084,8163,2026-02-06 11:29:19,1,0,,35.99,quarterly,failed
2085,8168,2026-02-07 01:02:35,1,0,,14.99,monthly,failed
2086,8173,2026-02-05 13:55:50,1,0,,35.99,quarterly,failed
2087,8178,2026-02-02 05:36:38,1,0,,35.99,quarterly,failed
2088,8181,2026-02-08 15:23:53,1,0,,14.99,monthly,failed
2089,8185,2026-02-09 09:08:07,1,0,,14.99,monthly,failed
2090,8192,2026-02-06 07:35:51,1,0,,14.99,monthly,failed
2091,8194,2026-02-09 23:36:07,1,0,,14.99,monthly,failed
2092,8201,2026-02-08 14:47:55,1,0,,35.99,quarterly,failed
2093,8216,2026-02-13 03:33:56,1,0,,94.99,yearly,failed
2094,8222,2026-02-05 16:03:54,1,1,2026-02-12 00:03:54,14.99,monthly,paid
2095,8231,2026-02-05 18:53:48,1,1,2026-02-16 03:53:48,14.99,monthly,paid
2096,8244,2026-02-13 17:11:57,1,0,,14.99,monthly,failed
2097,8245,2026-02-10 14:07:21,1,0,,35.99,quarterly,failed
2098,8248,2026-02-07 16:26:34,1,1,2026-02-19 14:26:34,35.99,quarterly,paid
2099,8250,2026-02-15 10:49:32,1,0,,35.99,quarterly,failed
2100,8253,2026-02-03 09:44:24,1,1,2026-02-10 19:44:24,14.99,monthly,paid
2101,8255,2026-02-14 01:42:50,1,1,2026-02-25 05:42:50,14.99,monthly,paid
2102,8258,2026-02-13 08:16:23,1,0,,94.99,yearly,failed
2103,8266,2026-02-07 22:36:58,1,1,2026-02-20 22:36:58,14.99,monthly,paid
2104,8274,2026-02-09 09:01:24,1,0,,14.99,monthly,failed
2105,8281,2026-02-11 20:15:24,1,0,,14.99,monthly,failed
2106,8283,2026-02-02 05:08:22,1,0,,14.99,monthly,failed
2107,8284,2026-02-09 21:44:06,1,0,,94.99,yearly,failed
2108,8301,2026-02-15 10:10:33,1,0,,35.99,quarterly,failed
2109,8302,2026-02-04 20:59:43,1,0,,14.99,monthly,failed
2110,8304,2026-02-09 18:42:39,1,1,2026-02-20 04:42:39,14.99,monthly,paid
2111,8306,2026-02-08 15:10:37,1,0,,14.99,monthly,failed
2112,8307,2026-02-09 09:30:16,1,0,,14.99,monthly,failed
2113,8312,2026-02-02 16:07:30,1,0,,14.99,monthly,failed
2114,8314,2026-02-13 18:59:08,1,0,,35.99,quarterly,failed
2115,8321,2026-02-12 05:26:32,1,0,,94.99,yearly,failed
2116,8322,2026-02-08 12:59:27,1,0,,35.99,quarterly,failed
2117,8324,2026-02-05 15:09:26,1,0,,14.99,monthly,failed
2118,8328,2026-02-07 19:10:36,1,0,,14.99,monthly,failed
2119,8329,2026-02-04 11:01:03,1,0,,14.99,monthly,failed
2120,8330,2026-02-10 03:37:18,1,0,,94.99,yearly,failed
2121,8339,2026-02-11 01:45:55,1,1,2026-02-20 18:45:55,35.99,quarterly,paid
2122,8343,2026-02-04 22:19:03,1,0,,94.99,yearly,failed
2123,8348,2026-02-06 02:08:24,1,1,2026-02-13 00:08:24,14.99,monthly,paid
2124,8349,2026-02-12 06:59:02,1,1,2026-02-22 03:59:02,14.99,monthly,paid
2125,8356,2026-02-16 12:14:48,1,0,,14.99,monthly,failed
2126,8358,2026-02-10 07:44:22,1,0,,14.99,monthly,failed
2127,8362,2026-02-12 12:51:07,1,0,,14.99,monthly,failed
2128,8369,2026-02-08 07:30:18,1,1,2026-02-17 21:30:18,14.99,monthly,paid
2129,8385,2026-02-16 07:10:20,1,0,,14.99,monthly,failed
2130,8397,2026-02-10 21:58:59,1,1,2026-02-24 08:58:59,14.99,monthly,paid
2131,8398,2026-02-04 09:48:06,1,1,2026-02-16 04:48:06,14.99,monthly,paid
2132,8400,2026-02-02 12:23:37,1,1,2026-02-08 16:23:37,94.99,yearly,paid
2133,8404,2026-02-13 22:53:37,1,1,2026-02-23 14:53:37,14.99,monthly,paid
2134,8407,2026-02-04 01:17:32,1,1,2026-02-11 12:17:32,14.99,monthly,paid
2135,8415,2026-02-12 07:40:54,1,1,2026-02-18 09:40:54,35.99,quarterly,paid
2136,8417,2026-02-10 08:40:01,1,0,,94.99,yearly,failed
2137,8426,2026-02-08 13:58:58,1,0,,35.99,quarterly,failed
2138,8429,2026-02-10 07:07:50,1,0,,14.99,monthly,failed
2139,8431,2026-02-03 06:52:38,1,0,,35.99,quarterly,failed
2140,8435,2026-02-05 18:34:42,1,1,2026-02-13 11:34:42,14.99,monthly,paid
2141,8440,2026-02-12 06:00:03,1,0,,14.99,monthly,failed
2142,8441,2026-02-07 19:23:42,1,0,,14.99,monthly,failed
2143,8451,2026-02-09 16:16:16,1,1,2026-02-17 06:16:16,14.99,monthly,paid
2144,8461,2026-02-12 09:17:41,1,1,2026-02-18 08:17:41,94.99,yearly,paid
2145,8463,2026-02-11 19:52:40,1,1,2026-02-17 12:52:40,14.99,monthly,paid
2146,8469,2026-02-12 14:38:58,1,1,2026-02-22 02:38:58,14.99,monthly,paid
2147,8478,2026-02-08 17:25:55,1,0,,94.99,yearly,failed
2148,8486,2026-02-07 22:01:53,1,0,,35.99,quarterly,failed
2149,8487,2026-02-08 09:59:39,1,0,,35.99,quarterly,failed
2150,8488,2026-02-08 11:57:16,1,1,2026-02-15 00:57:16,14.99,monthly,paid
2151,8490,2026-02-11 11:14:59,1,1,2026-02-21 16:14:59,14.99,monthly,paid
2152,8505,2026-02-04 06:23:24,1,0,,14.99,monthly,failed
2153,8516,2026-02-09 03:17:47,1,0,,14.99,monthly,failed
2154,8519,2026-02-14 23:29:34,1,0,,14.99,monthly,failed
2155,8520,2026-02-06 05:44:50,1,0,,35.99,quarterly,failed
2156,8521,2026-02-10 10:46:00,1,0,,35.99,quarterly,failed
2157,8522,2026-02-14 15:16:52,1,1,2026-02-24 05:16:52,14.99,monthly,paid
2158,8524,2026-02-14 03:15:39,1,1,2026-02-22 08:15:39,14.99,monthly,paid
2159,8529,2026-02-15 10:04:53,1,0,,94.99,yearly,failed
2160,8538,2026-02-12 12:28:28,1,0,,35.99,quarterly,failed
2161,8552,2026-02-02 07:08:03,1,1,2026-02-09 21:08:03,14.99,monthly,paid
2162,8557,2026-02-15 01:17:44,1,1,2026-02-21 09:17:44,35.99,quarterly,paid
2163,8564,2026-02-06 04:24:08,1,0,,14.99,monthly,failed
2164,8570,2026-02-15 03:15:35,1,0,,14.99,monthly,failed
2165,8573,2026-02-15 07:45:52,1,1,2026-02-28 15:45:52,94.99,yearly,paid
2166,8577,2026-02-09 23:28:18,1,1,2026-02-16 21:28:18,14.99,monthly,paid
2167,8581,2026-02-05 07:13:55,1,1,2026-02-14 06:13:55,14.99,monthly,paid
2168,8583,2026-02-05 07:04:49,1,1,2026-02-11 22:04:49,14.99,monthly,paid
2169,8590,2026-02-14 01:01:07,1,0,,14.99,monthly,failed
2170,8592,2026-02-08 04:23:43,1,1,2026-02-20 12:23:43,94.99,yearly,paid
2171,8595,2026-02-05 03:38:15,1,0,,35.99,quarterly,failed
2172,8597,2026-02-15 18:08:46,1,1,2026-02-27 13:08:46,14.99,monthly,paid
2173,8605,2026-02-04 16:55:20,1,0,,14.99,monthly,failed
2174,8606,2026-02-15 04:05:47,1,1,2026-02-26 18:05:47,14.99,monthly,paid
2175,8607,2026-02-07 04:47:06,1,1,2026-02-18 09:47:06,14.99,monthly,paid
2176,8608,2026-02-06 19:42:00,1,0,,35.99,quarterly,failed
2177,8619,2026-02-02 02:47:52,1,0,,35.99,quarterly,failed
2178,8627,2026-02-13 18:15:38,1,0,,14.99,monthly,failed
2179,8629,2026-02-06 00:23:03,1,0,,94.99,yearly,failed
2180,8641,2026-02-10 16:05:18,1,0,,14.99,monthly,failed
2181,8645,2026-02-01 23:53:30,1,0,,14.99,monthly,failed
2182,8648,2026-02-02 10:47:43,1,0,,14.99,monthly,failed
2183,8660,2026-02-14 12:14:30,1,1,2026-02-26 01:14:30,14.99,monthly,paid
2184,8679,2026-02-09 15:47:53,1,1,2026-02-20 01:47:53,14.99,monthly,paid
2185,8683,2026-02-02 22:00:24,1,0,,14.99,monthly,failed
2186,8685,2026-02-11 22:19:21,1,0,,35.99,quarterly,failed
2187,8692,2026-02-15 15:04:38,1,1,2026-03-01 04:04:38,35.99,quarterly,paid
2188,8693,2026-02-15 20:23:39,1,1,2026-02-26 19:23:39,14.99,monthly,paid
2189,8699,2026-02-08 15:06:36,1,1,2026-02-15 06:06:36,94.99,yearly,paid
2190,8704,2026-02-03 15:57:53,1,0,,35.99,quarterly,failed
2191,8709,2026-02-09 13:30:44,1,1,2026-02-15 01:30:44,94.99,yearly,paid
2192,8710,2026-02-13 12:52:25,1,0,,35.99,quarterly,failed
2193,8711,2026-02-06 03:29:02,1,0,,94.99,yearly,failed
2194,8719,2026-02-10 05:42:05,1,0,,14.99,monthly,failed
2195,8728,2026-02-16 05:52:46,1,1,2026-02-26 14:52:46,14.99,monthly,paid
2196,8731,2026-02-10 05:41:28,1,0,,14.99,monthly,failed
2197,8738,2026-02-04 07:15:55,1,0,,94.99,yearly,failed
2198,8747,2026-02-02 22:08:14,1,0,,14.99,monthly,failed
2199,8753,2026-02-08 14:02:49,1,1,2026-02-21 06:02:49,35.99,quarterly,paid
2200,8758,2026-02-14 00:09:06,1,0,,14.99,monthly,failed
2201,8762,2026-02-09 09:23:28,1,1,2026-02-20 18:23:28,94.99,yearly,paid
2202,8763,2026-02-12 01:53:20,1,1,2026-02-20 02:53:20,14.99,monthly,paid
2203,8773,2026-02-09 13:44:08,1,1,2026-02-18 17:44:08,14.99,monthly,paid
2204,8775,2026-02-09 15:00:40,1,1,2026-02-23 14:00:40,14.99,monthly,paid
2205,8781,2026-02-09 15:45:57,1,0,,14.99,monthly,failed
2206,8782,2026-02-04 12:32:29,1,1,2026-02-11 16:32:29,14.99,monthly,paid
2207,8787,2026-02-04 15:13:50,1,0,,35.99,quarterly,failed
2208,8789,2026-02-01 17:27:36,1,0,,14.99,monthly,failed
2209,8808,2026-02-05 19:46:21,1,0,,14.99,monthly,failed
2210,8813,2026-02-09 00:58:44,1,1,2026-02-14 18:58:44,14.99,monthly,paid
2211,8816,2026-02-06 10:12:12,1,0,,35.99,quarterly,failed
2212,8828,2026-02-04 00:37:09,1,0,,14.99,monthly,failed
2213,8829,2026-02-10 06:51:06,1,0,,94.99,yearly,failed
2214,8831,2026-02-14 11:22:13,1,1,2026-02-20 03:22:13,35.99,quarterly,paid
2215,8836,2026-02-01 10:41:41,1,0,,14.99,monthly,failed
2216,8839,2026-02-11 11:39:33,1,0,,14.99,monthly,failed
2217,8849,2026-02-06 22:01:14,1,1,2026-02-14 03:01:14,14.99,monthly,paid
2218,8850,2026-02-10 04:58:53,1,0,,14.99,monthly,failed
2219,8856,2026-02-03 02:24:11,1,0,,14.99,monthly,failed
2220,8857,2026-02-03 16:53:33,1,0,,14.99,monthly,failed
2221,8861,2026-02-15 16:05:59,1,1,2026-02-21 21:05:59,14.99,monthly,paid
2222,8866,2026-02-13 17:20:15,1,0,,94.99,yearly,failed
2223,8867,2026-02-03 05:37:31,1,1,2026-02-10 01:37:31,14.99,monthly,paid
2224,8868,2026-02-08 01:59:35,1,1,2026-02-16 11:59:35,14.99,monthly,paid
2225,8877,2026-02-06 13:00:37,1,0,,14.99,monthly,failed
2226,8882,2026-02-02 21:43:56,1,0,,35.99,quarterly,failed
2227,8889,2026-02-10 11:41:22,1,1,2026-02-22 14:41:22,94.99,yearly,paid
2228,8893,2026-02-11 00:58:09,1,1,2026-02-19 13:58:09,14.99,monthly,paid
2229,8895,2026-02-09 15:04:47,1,0,,14.99,monthly,failed
2230,8902,2026-02-14 16:59:36,1,1,2026-02-23 12:59:36,35.99,quarterly,paid
2231,8919,2026-02-12 04:45:14,1,0,,14.99,monthly,failed
2232,8929,2026-02-10 18:50:52,1,1,2026-02-24 01:50:52,35.99,quarterly,paid
2233,8940,2026-02-04 10:07:10,1,0,,14.99,monthly,failed
2234,8948,2026-02-02 00:36:27,1,0,,14.99,monthly,failed
2235,8950,2026-02-08 19:32:23,1,0,,35.99,quarterly,failed
2236,8955,2026-02-13 19:01:08,1,0,,94.99,yearly,failed
2237,8957,2026-02-11 19:13:27,1,0,,14.99,monthly,failed
2238,8959,2026-02-07 07:23:23,1,0,,14.99,monthly,failed
2239,8972,2026-02-05 03:08:51,1,1,2026-02-10 23:08:51,14.99,monthly,paid
2240,8977,2026-02-13 04:04:37,1,0,,14.99,monthly,failed
2241,8983,2026-02-14 20:28:30,1,0,,14.99,monthly,failed
2242,8995,2026-02-02 08:01:54,1,1,2026-02-13 03:01:54,14.99,monthly,paid
2243,9002,2026-02-03 04:20:02,1,0,,14.99,monthly,failed
2244,9015,2026-02-14 03:01:21,1,0,,14.99,monthly,failed
2245,9021,2026-02-12 01:37:25,1,0,,35.99,quarterly,failed
2246,9028,2026-02-02 17:59:49,1,1,2026-02-11 00:59:49,14.99,monthly,paid
2247,9030,2026-02-04 01:23:32,1,0,,14.99,monthly,failed
2248,9040,2026-02-04 14:24:33,1,1,2026-02-11 09:24:33,35.99,quarterly,paid
2249,9041,2026-02-12 02:29:26,1,0,,94.99,yearly,failed
2250,9042,2026-02-03 14:29:03,1,0,,35.99,quarterly,failed
2251,9046,2026-02-12 02:51:19,1,0,,94.99,yearly,failed
2252,9048,2026-02-13 01:47:19,1,0,,14.99,monthly,failed
2253,9051,2026-02-02 09:14:13,1,1,2026-02-08 07:14:13,14.99,monthly,paid
2254,9061,2026-02-12 06:36:56,1,0,,14.99,monthly,failed
2255,9069,2026-02-09 17:36:16,1,0,,94.99,yearly,failed
2256,9074,2026-02-11 07:50:56,1,0,,14.99,monthly,failed
2257,9077,2026-02-11 00:57:06,1,1,2026-02-18 08:57:06,14.99,monthly,paid
2258,9084,2026-02-02 19:57:22,1,1,2026-02-14 15:57:22,14.99,monthly,paid
2259,9085,2026-02-08 02:59:28,1,1,2026-02-16 23:59:28,35.99,quarterly,paid
2260,9086,2026-02-15 17:31:30,1,1,2026-02-23 18:31:30,14.99,monthly,paid
2261,9089,2026-02-03 09:31:03,1,0,,14.99,monthly,failed
2262,9095,2026-02-05 09:11:47,1,1,2026-02-19 02:11:47,14.99,monthly,paid
2263,9097,2026-02-03 04:24:52,1,1,2026-02-08 11:24:52,35.99,quarterly,paid
2264,9106,2026-02-01 19:32:52,1,0,,94.99,yearly,failed
2265,9107,2026-02-09 02:02:12,1,0,,14.99,monthly,failed
2266,9113,2026-02-13 17:29:10,1,1,2026-02-26 13:29:10,94.99,yearly,paid
2267,9118,2026-02-02 21:13:35,1,1,2026-02-09 15:13:35,14.99,monthly,paid
2268,9121,2026-02-11 15:30:23,1,1,2026-02-18 23:30:23,14.99,monthly,paid
2269,9127,2026-02-14 02:22:58,1,1,2026-02-20 08:22:58,14.99,monthly,paid
2270,9134,2026-02-12 22:41:19,1,0,,35.99,quarterly,failed
2271,9137,2026-02-11 02:53:41,1,0,,35.99,quarterly,failed
2272,9140,2026-02-10 07:29:41,1,0,,14.99,monthly,failed
2273,9141,2026-02-08 07:25:00,1,1,2026-02-17 15:25:00,14.99,monthly,paid
2274,9157,2026-02-14 07:05:15,1,0,,14.99,monthly,failed
2275,9180,2026-02-15 05:52:23,1,0,,14.99,monthly,failed
2276,9181,2026-02-14 00:13:22,1,1,2026-02-20 10:13:22,35.99,quarterly,paid
2277,9183,2026-02-15 03:53:35,1,1,2026-02-24 11:53:35,35.99,quarterly,paid
2278,9184,2026-02-08 01:54:14,1,0,,14.99,monthly,failed
2279,9197,2026-02-15 12:41:58,1,1,2026-02-22 10:41:58,35.99,quarterly,paid
2280,9199,2026-02-01 15:13:58,1,0,,35.99,quarterly,failed
2281,9205,2026-02-10 09:13:44,1,0,,94.99,yearly,failed
2282,9206,2026-02-16 01:29:39,1,0,,94.99,yearly,failed
2283,9219,2026-02-02 23:27:05,1,0,,94.99,yearly,failed
2284,9220,2026-02-15 18:00:50,1,0,,14.99,monthly,failed
2285,9234,2026-02-04 18:42:18,1,0,,14.99,monthly,failed
2286,9236,2026-02-09 15:34:15,1,1,2026-02-22 07:34:15,35.99,quarterly,paid
2287,9242,2026-02-04 12:21:36,1,1,2026-02-11 03:21:36,14.99,monthly,paid
2288,9249,2026-02-09 23:10:27,1,0,,35.99,quarterly,failed
2289,9250,2026-02-02 13:42:54,1,0,,14.99,monthly,failed
2290,9252,2026-02-10 05:16:40,1,0,,94.99,yearly,failed
2291,9256,2026-02-06 15:11:21,1,1,2026-02-12 01:11:21,35.99,quarterly,paid
2292,9267,2026-02-06 18:08:53,1,0,,14.99,monthly,failed
2293,9268,2026-02-12 14:29:49,1,0,,14.99,monthly,failed
2294,9271,2026-02-03 14:49:07,1,1,2026-02-14 08:49:07,94.99,yearly,paid
2295,9272,2026-02-14 07:39:18,1,1,2026-02-23 08:39:18,14.99,monthly,paid
2296,9273,2026-02-06 03:21:44,1,0,,14.99,monthly,failed
2297,9282,2026-02-02 18:39:38,1,0,,14.99,monthly,failed
2298,9287,2026-02-02 05:05:24,1,0,,94.99,yearly,failed
2299,9289,2026-02-06 16:42:27,1,1,2026-02-15 07:42:27,35.99,quarterly,paid
2300,9300,2026-02-05 18:28:33,1,0,,14.99,monthly,failed
2301,9301,2026-02-12 22:43:22,1,1,2026-02-19 19:43:22,35.99,quarterly,paid
2302,9302,2026-02-09 14:57:15,1,0,,14.99,monthly,failed
2303,9308,2026-02-11 08:51:56,1,0,,14.99,monthly,failed
2304,9316,2026-02-15 20:49:44,1,1,2026-03-01 06:49:44,35.99,quarterly,paid
2305,9317,2026-02-09 18:57:49,1,0,,14.99,monthly,failed
2306,9321,2026-02-11 04:32:22,1,1,2026-02-21 06:32:22,14.99,monthly,paid
2307,9326,2026-02-04 18:52:05,1,1,2026-02-18 00:52:05,35.99,quarterly,paid
2308,9327,2026-02-02 05:54:56,1,1,2026-02-10 17:54:56,14.99,monthly,paid
2309,9331,2026-02-08 06:15:41,1,1,2026-02-21 08:15:41,14.99,monthly,paid
2310,9333,2026-02-12 21:27:43,1,1,2026-02-23 11:27:43,14.99,monthly,paid
2311,9348,2026-02-03 11:10:16,1,0,,14.99,monthly,failed
2312,9353,2026-02-03 19:25:07,1,0,,14.99,monthly,failed
2313,9359,2026-02-14 13:52:38,1,0,,14.99,monthly,failed
2314,9364,2026-02-05 21:53:57,1,0,,14.99,monthly,failed
2315,9368,2026-02-13 02:09:54,1,0,,35.99,quarterly,failed
2316,9369,2026-02-15 03:57:41,1,0,,14.99,monthly,failed
2317,9373,2026-02-05 20:55:51,1,1,2026-02-13 06:55:51,14.99,monthly,paid
2318,9381,2026-02-08 10:27:56,1,0,,14.99,monthly,failed
2319,9387,2026-02-13 15:07:15,1,0,,35.99,quarterly,failed
2320,9390,2026-02-07 20:35:22,1,0,,35.99,quarterly,failed
2321,9393,2026-02-07 01:28:16,1,0,,14.99,monthly,failed
2322,9394,2026-02-04 11:32:27,1,1,2026-02-09 15:32:27,94.99,yearly,paid
2323,9395,2026-02-09 12:46:25,1,0,,14.99,monthly,failed
2324,9397,2026-02-09 21:22:11,1,1,2026-02-21 16:22:11,94.99,yearly,paid
2325,9401,2026-02-15 08:26:31,1,0,,14.99,monthly,failed
2326,9406,2026-02-14 00:13:29,1,0,,35.99,quarterly,failed
2327,9416,2026-02-08 20:26:36,1,0,,35.99,quarterly,failed
2328,9424,2026-02-05 11:11:47,1,0,,35.99,quarterly,failed
2329,9425,2026-02-09 21:35:47,1,0,,94.99,yearly,failed
2330,9426,2026-02-07 09:22:51,1,0,,14.99,monthly,failed
2331,9437,2026-02-09 17:13:16,1,1,2026-02-19 23:13:16,14.99,monthly,paid
2332,9438,2026-02-07 16:18:55,1,1,2026-02-17 07:18:55,94.99,yearly,paid
2333,9441,2026-02-09 03:07:24,1,0,,14.99,monthly,failed
2334,9442,2026-02-03 21:36:20,1,0,,14.99,monthly,failed
2335,9444,2026-02-12 21:42:59,1,0,,14.99,monthly,failed
2336,9448,2026-02-13 12:45:21,1,0,,14.99,monthly,failed
2337,9450,2026-02-12 09:52:10,1,0,,14.99,monthly,failed
2338,9452,2026-02-11 05:36:29,1,1,2026-02-20 01:36:29,14.99,monthly,paid
2339,9457,2026-02-09 22:20:21,1,0,,94.99,yearly,failed
2340,9483,2026-02-05 06:48:51,1,0,,94.99,yearly,failed
2341,9484,2026-02-08 01:48:49,1,1,2026-02-14 05:48:49,14.99,monthly,paid
2342,9485,2026-02-11 23:47:25,1,1,2026-02-25 22:47:25,35.99,quarterly,paid
2343,9486,2026-02-06 10:41:16,1,0,,14.99,monthly,failed
2344,9494,2026-02-09 14:44:13,1,0,,14.99,monthly,failed
2345,9496,2026-02-08 03:45:38,1,0,,14.99,monthly,failed
2346,9498,2026-02-15 05:31:56,1,0,,35.99,quarterly,failed
2347,9499,2026-02-04 08:13:48,1,0,,14.99,monthly,failed
2348,9506,2026-02-05 09:23:00,1,0,,14.99,monthly,failed
2349,9507,2026-02-09 02:07:57,1,0,,35.99,quarterly,failed
2350,9512,2026-02-08 19:24:14,1,0,,35.99,quarterly,failed
2351,9524,2026-02-08 15:40:57,1,0,,35.99,quarterly,failed
2352,9532,2026-02-10 10:31:34,1,0,,35.99,quarterly,failed
2353,9535,2026-02-10 15:24:02,1,1,2026-02-21 17:24:02,14.99,monthly,paid
2354,9538,2026-02-08 21:16:04,1,1,2026-02-20 00:16:04,14.99,monthly,paid
2355,9547,2026-02-08 03:03:04,1,0,,35.99,quarterly,failed
2356,9548,2026-02-15 04:07:20,1,0,,94.99,yearly,failed
2357,9553,2026-02-07 23:41:05,1,0,,14.99,monthly,failed
2358,9556,2026-02-12 03:11:13,1,0,,35.99,quarterly,failed
2359,9566,2026-02-04 14:49:15,1,0,,35.99,quarterly,failed
2360,9567,2026-02-10 16:39:50,1,1,2026-02-20 01:39:50,94.99,yearly,paid
2361,9571,2026-02-14 05:39:13,1,0,,14.99,monthly,failed
2362,9575,2026-02-11 15:51:51,1,0,,35.99,quarterly,failed
2363,9577,2026-02-03 17:58:31,1,0,,94.99,yearly,failed
2364,9589,2026-02-05 16:07:09,1,1,2026-02-18 04:07:09,14.99,monthly,paid
2365,9597,2026-02-12 21:07:48,1,0,,94.99,yearly,failed
2366,9600,2026-02-10 04:24:23,1,1,2026-02-18 14:24:23,14.99,monthly,paid
2367,9603,2026-02-04 13:07:56,1,1,2026-02-12 08:07:56,14.99,monthly,paid
2368,9605,2026-02-02 23:28:40,1,0,,14.99,monthly,failed
2369,9608,2026-02-09 06:48:19,1,0,,14.99,monthly,failed
2370,9614,2026-02-12 23:15:00,1,1,2026-02-25 03:15:00,14.99,monthly,paid
2371,9619,2026-02-09 07:32:57,1,0,,14.99,monthly,failed
2372,9626,2026-02-07 02:13:36,1,0,,14.99,monthly,failed
2373,9634,2026-02-11 21:23:25,1,1,2026-02-19 22:23:25,14.99,monthly,paid
2374,9635,2026-02-09 20:12:14,1,1,2026-02-17 06:12:14,35.99,quarterly,paid
2375,9642,2026-02-09 03:00:26,1,1,2026-02-22 16:00:26,14.99,monthly,paid
2376,9665,2026-02-10 20:14:57,1,0,,14.99,monthly,failed
2377,9666,2026-02-11 03:11:47,1,0,,14.99,monthly,failed
2378,9671,2026-02-13 14:43:12,1,0,,14.99,monthly,failed
2379,9674,2026-02-07 07:14:59,1,0,,94.99,yearly,failed
2380,9681,2026-02-15 05:19:12,1,1,2026-02-24 21:19:12,35.99,quarterly,paid
2381,9687,2026-02-08 15:10:09,1,1,2026-02-21 22:10:09,14.99,monthly,paid
2382,9692,2026-02-10 20:43:35,1,0,,14.99,monthly,failed
2383,9703,2026-02-12 21:44:26,1,1,2026-02-24 00:44:26,14.99,monthly,paid
2384,9709,2026-02-02 22:08:47,1,0,,14.99,monthly,failed
2385,9713,2026-02-07 15:35:01,1,0,,94.99,yearly,failed
2386,9727,2026-02-12 23:27:51,1,0,,14.99,monthly,failed
2387,9732,2026-02-10 20:35:29,1,0,,14.99,monthly,failed
2388,9739,2026-02-11 14:28:20,1,0,,14.99,monthly,failed
2389,9744,2026-02-09 18:07:32,1,1,2026-02-15 02:07:32,14.99,monthly,paid
2390,9755,2026-02-11 08:37:29,1,0,,14.99,monthly,failed
2391,9757,2026-02-08 00:12:00,1,1,2026-02-14 03:12:00,14.99,monthly,paid
2392,9766,2026-02-06 11:26:39,1,0,,14.99,monthly,failed
2393,9770,2026-02-03 02:53:19,1,1,2026-02-08 18:53:19,35.99,quarterly,paid
2394,9772,2026-02-13 08:52:52,1,0,,14.99,monthly,failed
2395,9774,2026-02-03 07:20:35,1,0,,35.99,quarterly,failed
2396,9787,2026-02-05 15:17:17,1,0,,14.99,monthly,failed
2397,9795,2026-02-08 18:08:30,1,0,,14.99,monthly,failed
2398,9803,2026-02-06 10:56:00,1,1,2026-02-11 10:56:00,14.99,monthly,paid
2399,9809,2026-02-12 20:36:57,1,0,,14.99,monthly,failed
2400,9820,2026-02-12 21:28:30,1,1,2026-02-20 10:28:30,35.99,quarterly,paid
2401,9823,2026-02-07 23:26:40,1,0,,35.99,quarterly,failed
2402,9832,2026-02-06 17:26:04,1,0,,14.99,monthly,failed
2403,9838,2026-02-03 03:14:54,1,0,,35.99,quarterly,failed
2404,9853,2026-02-05 01:36:49,1,0,,14.99,monthly,failed
2405,9854,2026-02-11 02:31:03,1,0,,14.99,monthly,failed
2406,9855,2026-02-08 15:56:47,1,1,2026-02-19 08:56:47,14.99,monthly,paid
2407,9856,2026-02-06 17:48:51,1,1,2026-02-13 19:48:51,14.99,monthly,paid
2408,9861,2026-02-13 10:35:33,1,0,,14.99,monthly,failed
2409,9864,2026-02-10 17:25:36,1,0,,94.99,yearly,failed
2410,9868,2026-02-08 14:37:07,1,1,2026-02-14 00:37:07,35.99,quarterly,paid
2411,9870,2026-02-10 09:03:16,1,0,,14.99,monthly,failed
2412,9876,2026-02-15 12:16:07,1,0,,94.99,yearly,failed
2413,9886,2026-02-11 04:22:51,1,0,,94.99,yearly,failed
2414,9888,2026-02-15 06:46:31,1,0,,35.99,quarterly,failed
2415,9901,2026-02-05 22:32:40,1,0,,35.99,quarterly,failed
2416,9902,2026-02-05 09:36:00,1,0,,35.99,quarterly,failed
2417,9904,2026-02-10 18:46:17,1,1,2026-02-23 20:46:17,14.99,monthly,paid
2418,9906,2026-02-15 02:57:37,1,0,,94.99,yearly,failed
2419,9908,2026-02-10 00:21:47,1,1,2026-02-15 17:21:47,14.99,monthly,paid
2420,9912,2026-02-08 17:18:28,1,1,2026-02-14 22:18:28,35.99,quarterly,paid
2421,9917,2026-02-06 18:15:48,1,0,,35.99,quarterly,failed
2422,9919,2026-02-11 05:07:08,1,0,,35.99,quarterly,failed
2423,9920,2026-02-05 23:54:29,1,1,2026-02-16 03:54:29,14.99,monthly,paid
2424,9921,2026-02-05 01:20:22,1,1,2026-02-13 14:20:22,14.99,monthly,paid
2425,9938,2026-02-09 23:35:20,1,0,,94.99,yearly,failed
2426,9944,2026-02-04 23:43:33,1,0,,35.99,quarterly,failed
2427,9947,2026-02-13 09:15:45,1,0,,35.99,quarterly,failed
2428,9948,2026-02-13 22:40:16,1,0,,35.99,quarterly,failed
2429,9954,2026-02-09 07:18:57,1,0,,35.99,quarterly,failed
2430,9960,2026-02-02 13:59:08,1,1,2026-02-16 02:59:08,14.99,monthly,paid
2431,9961,2026-02-15 06:58:59,1,0,,14.99,monthly,failed
2432,9963,2026-02-05 15:14:31,1,0,,35.99,quarterly,failed
2433,9968,2026-02-05 07:17:24,1,1,2026-02-18 23:17:24,14.99,monthly,paid
2434,9969,2026-02-06 08:13:10,1,0,,14.99,monthly,failed
2435,9978,2026-02-05 22:26:57,1,0,,14.99,monthly,failed
2436,9984,2026-02-06 05:50:35,1,1,2026-02-13 15:50:35,14.99,monthly,paid
2437,9986,2026-02-08 03:34:38,1,0,,14.99,monthly,failed
2438,9988,2026-02-10 13:17:21,1,0,,14.99,monthly,failed
2439,9999,2026-02-10 05:43:02,1,0,,14.99,monthly,failed
