user_id,sessions_7d,total_session_duration_7d_sec,lessons_completed_7d,returned_day_1,returned_day_3,returned_day_7
1,2,515,0,0,0,0
2,2,735,1,0,1,0
3,4,1934,3,1,0,0
4,2,446,0,1,0,0
5,1,382,0,0,0,0
6,6,3627,8,1,1,0
7,5,911,2,1,1,1
8,5,1468,0,0,1,0
9,4,2652,6,1,0,0
10,2,779,1,0,1,0
11,5,1189,1,1,0,0
12,5,3633,12,1,0,0
13,5,2763,8,1,1,0
14,1,385,1,0,0,0
15,2,1409,3,0,0,0
16,10,5452,3,1,0,0
17,6,3880,5,0,0,0
18,4,2143,1,0,0,0
19,3,1000,0,0,0,0
20,4,1110,1,1,0,0
21,6,3540,6,1,0,0
22,2,994,0,0,1,0
23,1,238,0,0,0,0
24,6,3499,9,1,0,0
25,2,1141,1,1,0,0
26,1,334,0,0,0,0
27,1,230,0,0,0,0
28,3,1038,2,1,0,0
29,6,2329,5,1,0,0
30,2,1014,3,0,0,0
31,4,2280,6,0,1,0
32,3,999,2,0,0,1
33,6,2553,7,1,0,0
34,1,349,2,0,0,0
35,1,233,0,0,0,0
36,3,1113,0,1,1,0
37,3,523,0,1,0,0
38,3,1883,2,0,0,0
39,8,2565,3,1,1,0
40,6,2804,1,0,0,1
41,11,6252,7,1,1,0
42,7,4582,6,1,0,0
43,9,3925,7,1,1,0
44,4,1785,5,0,0,0
45,3,1536,5,0,1,0
46,5,3064,7,0,1,0
47,4,2042,1,0,0,0
48,4,1362,1,1,0,0
49,5,1787,1,1,0,0
50,2,595,0,1,0,0
51,5,2106,1,0,1,0
52,1,156,1,0,0,0
53,3,812,0,0,0,0
54,5,2598,0,0,0,0
55,5,2292,3,1,0,0
56,5,2930,1,1,0,0
57,3,1146,1,0,0,0
58,4,2329,3,0,1,0
59,2,917,3,0,0,0
60,11,7804,12,1,1,1
61,2,434,1,0,0,0
62,4,1658,0,0,1,0
63,5,3137,7,1,0,0
64,1,503,0,0,0,0
65,3,955,0,1,0,0
66,4,1814,5,0,0,0
67,5,2330,1,0,1,1
68,3,1299,2,0,0,0
69,3,1465,2,0,0,0
70,7,3490,2,1,1,0
71,5,2232,4,1,1,0
72,2,870,1,0,0,0
73,6,2484,3,1,1,0
74,5,1934,1,1,1,0
75,6,3875,6,1,1,0
76,1,254,0,0,0,0
77,3,1500,1,1,0,0
78,9,6187,12,1,0,0
79,2,1240,4,0,0,0
80,8,4643,6,1,1,0
81,5,2034,3,1,1,0
82,3,1567,3,0,0,0
83,5,1425,0,0,0,1
84,7,3202,8,0,0,1
85,5,2783,5,1,0,0
86,3,2023,4,0,0,0
87,6,4305,8,0,1,0
88,3,1006,2,1,1,0
89,4,2352,2,0,1,0
90,5,2834,1,0,0,0
91,1,270,0,0,0,0
92,8,3378,5,1,1,0
93,9,5589,8,1,1,0
94,1,294,0,0,0,0
95,6,3027,8,1,1,0
96,1,416,0,0,0,0
97,2,594,1,0,0,0
98,3,1480,3,0,0,0
99,2,1115,3,0,0,0
100,3,829,1,0,1,0
101,5,2055,4,1,0,0
102,3,1124,0,1,0,0
103,2,1145,2,0,0,0
104,3,1967,8,1,0,0
105,1,138,1,0,0,0
106,3,1474,1,1,0,0
107,6,3515,3,0,1,0
108,6,2533,5,1,1,0
109,5,3451,9,1,0,0
110,6,3040,3,1,1,1
111,4,2792,5,0,0,0
112,2,753,0,0,0,0
113,2,576,1,1,0,0
114,4,2656,4,0,1,0
115,6,3951,4,0,1,0
116,3,929,0,0,0,0
117,3,1825,3,0,0,0
118,1,516,0,0,0,0
119,4,1747,2,0,1,0
120,8,5409,13,1,1,0
121,5,2907,8,1,0,0
122,3,863,1,0,0,0
123,1,355,1,0,0,0
124,6,1523,0,1,0,0
125,4,1113,0,0,0,0
126,4,2481,2,0,0,0
127,4,2153,2,0,1,0
128,3,1204,0,0,0,0
129,1,491,0,0,0,0
130,2,466,0,1,0,0
131,1,580,2,0,0,0
132,1,260,0,0,0,0
133,2,1072,3,0,0,0
134,5,2990,4,0,1,0
135,2,483,0,0,1,0
136,8,3022,2,1,0,0
137,4,2705,7,0,1,0
138,4,1097,0,0,0,0
139,4,1462,1,0,1,0
140,2,543,1,1,0,0
141,2,1200,4,0,0,0
142,1,433,0,0,0,0
143,2,699,0,0,0,0
144,1,291,0,1,0,0
145,4,2310,11,0,0,0
146,4,2251,1,0,1,0
147,2,421,0,0,0,0
148,5,2688,5,1,1,0
149,5,3199,4,0,1,0
150,3,1362,3,1,1,0
151,1,429,1,0,0,0
152,4,1376,1,1,0,0
153,6,3602,6,1,1,0
154,3,819,0,1,0,0
155,4,2595,4,0,1,0
156,3,1482,1,1,0,0
157,3,803,0,0,1,0
158,7,4013,11,1,1,0
159,5,3119,3,0,1,0
160,3,1658,1,0,1,0
161,5,3078,5,0,1,0
162,5,3286,8,0,1,0
163,4,1125,0,1,0,0
164,5,2957,4,1,1,0
165,6,1607,0,1,1,0
166,6,2641,1,1,1,0
167,4,2818,3,0,1,0
168,1,189,0,0,0,0
169,6,1451,2,0,1,1
170,6,4065,9,1,0,0
171,4,1846,3,0,1,0
172,4,1192,0,0,1,0
173,9,5906,12,1,1,0
174,3,1896,3,1,0,0
175,2,440,0,0,0,0
176,3,746,0,0,0,1
177,3,561,1,0,0,0
178,5,2785,3,0,0,1
179,1,378,1,0,0,0
180,3,953,0,1,1,0
181,4,1044,0,1,0,0
182,10,6992,9,1,0,1
183,2,952,0,0,1,0
184,3,1024,0,1,0,0
185,6,3108,6,0,1,0
186,7,4104,8,1,1,0
187,5,3231,5,1,1,0
188,4,1345,2,1,1,0
189,3,1196,1,1,0,0
190,4,2144,1,1,1,0
191,5,3617,4,1,0,0
192,2,487,0,0,0,0
193,1,322,0,0,0,0
194,3,1711,2,0,1,0
195,2,685,0,0,0,0
196,4,2731,6,0,0,1
197,4,2126,5,0,0,0
198,6,3404,7,1,0,1
199,6,2367,1,1,0,0
200,4,2118,4,0,0,0
201,6,4192,6,1,0,0
202,9,6010,17,0,1,0
203,8,2252,4,0,1,0
204,3,1807,1,1,0,0
205,1,229,1,0,0,0
206,4,1191,1,1,1,0
207,5,1791,9,1,1,0
208,5,2472,2,1,0,0
209,4,2393,3,0,1,0
210,5,1788,0,1,1,0
211,1,96,0,0,0,0
212,3,724,1,1,0,0
213,3,1729,2,0,0,1
214,2,752,1,1,0,0
215,3,1525,1,1,0,0
216,3,1556,3,0,0,0
217,7,4433,5,1,1,1
218,4,2164,3,1,0,0
219,1,336,0,0,0,0
220,1,360,0,0,0,0
221,1,146,0,0,0,0
222,4,2261,6,0,0,0
223,5,2647,5,1,1,0
224,4,1267,1,1,1,0
225,5,3178,9,1,0,0
226,3,1992,5,1,0,0
227,3,1620,6,0,0,0
228,4,2464,9,0,0,0
229,6,1633,4,1,1,0
230,4,2933,5,1,1,0
231,2,657,1,1,0,0
232,4,1356,0,0,1,0
233,3,825,0,0,0,0
234,3,1323,1,0,0,0
235,1,360,1,0,0,0
236,3,1373,1,0,0,0
237,3,1157,1,1,0,0
238,3,1190,0,0,0,0
239,4,1503,3,1,1,0
240,11,5956,5,1,0,0
241,3,1502,0,0,0,0
242,3,1075,0,0,0,0
243,9,5122,4,1,1,1
244,4,1202,1,0,0,0
245,9,5619,8,0,1,0
246,8,4961,15,1,0,0
247,9,6301,10,1,0,0
248,6,3060,6,0,0,0
249,5,2884,7,0,0,1
250,4,1100,1,1,0,0
251,1,210,0,0,0,0
252,4,614,1,0,0,1
253,2,629,0,0,0,0
254,3,833,1,1,1,0
255,4,2299,9,0,0,0
256,9,6429,13,0,0,0
257,3,1559,0,0,0,0
258,5,2541,2,0,1,1
259,1,476,4,1,0,0
260,1,262,0,0,0,0
261,3,1363,3,0,0,0
262,4,1078,0,0,0,0
263,4,2005,2,1,1,1
264,3,901,2,1,0,0
265,2,827,0,0,0,0
266,5,3165,4,0,1,0
267,5,3069,4,1,0,0
268,3,797,1,0,0,0
269,8,4286,0,0,1,1
270,3,1129,1,1,0,0
271,5,2635,2,0,1,0
272,3,1557,1,0,0,0
273,3,1552,0,1,0,0
274,4,552,1,1,0,0
275,1,461,0,0,0,0
276,5,1584,1,1,0,0
277,7,3145,5,1,1,0
278,5,2473,1,1,0,1
279,2,378,0,0,0,0
280,4,1917,2,1,0,0
281,6,2369,0,0,1,0
282,1,244,0,0,0,0
283,1,178,0,0,0,0
284,1,469,2,0,0,0
285,2,1034,3,1,0,0
286,3,1806,2,1,1,0
287,6,1770,2,1,1,0
288,8,5581,10,1,0,0
289,4,2612,4,0,1,0
290,2,1207,2,1,0,0
291,7,3473,6,1,0,0
292,2,738,0,1,0,0
293,5,3042,6,0,0,0
294,1,340,0,0,0,0
295,4,2393,6,1,0,0
296,5,2762,1,0,1,1
297,3,1121,1,0,0,1
298,1,610,1,0,0,0
299,6,2464,3,1,0,0
300,4,1647,0,0,1,0
301,1,159,1,0,0,0
302,2,1069,1,1,0,0
303,7,4851,11,1,1,1
304,8,4391,7,1,1,0
305,1,224,0,0,0,0
306,2,1220,4,0,0,0
307,2,972,2,0,0,0
308,7,2023,0,1,1,0
309,7,3043,6,1,0,1
310,1,373,0,0,0,0
311,7,3996,5,1,0,0
312,1,457,1,0,0,0
313,1,426,0,0,0,0
314,4,895,0,0,1,0
315,6,3653,7,1,0,0
316,7,4139,8,0,1,0
317,7,3927,6,1,0,1
318,5,1722,1,0,1,0
319,5,3020,8,0,0,0
320,8,5000,11,1,1,1
321,4,1856,2,0,0,0
322,4,2249,5,1,0,0
323,5,2811,7,1,0,0
324,2,498,0,0,1,0
325,6,3115,4,1,1,1
326,1,649,0,0,0,0
327,4,2563,2,0,0,0
328,3,865,0,0,1,0
329,4,2072,3,1,0,0
330,1,193,0,0,0,0
331,1,328,0,0,0,0
332,3,1778,1,0,0,0
333,6,4201,3,1,0,0
334,2,696,1,0,1,0
335,5,2570,3,0,0,0
336,2,508,0,0,0,0
337,2,563,0,0,0,0
338,1,121,0,0,0,0
339,7,4410,8,1,1,0
340,4,2305,0,1,0,0
341,1,408,0,0,0,0
342,6,4459,9,1,1,0
343,4,2452,2,0,0,0
344,4,973,0,1,1,0
345,4,2696,2,0,1,0
346,1,211,0,0,0,0
347,4,1614,6,0,1,0
348,3,1221,0,1,0,0
349,6,2257,5,1,0,0
350,4,2532,3,1,0,1
351,3,1484,1,0,1,0
352,8,5693,7,0,1,1
353,3,1567,0,0,0,1
354,4,1274,0,1,0,0
355,2,505,0,0,0,0
356,2,885,0,0,0,0
357,10,4841,9,1,1,0
358,1,288,0,0,0,0
359,5,2681,6,0,1,0
360,7,4677,9,0,0,0
361,8,4204,9,1,1,0
362,4,2080,4,1,0,0
363,5,2578,8,0,1,0
364,3,790,0,0,0,0
365,6,3927,9,1,0,0
366,1,325,0,0,0,0
367,2,741,1,1,0,0
368,3,1290,0,0,1,0
369,4,2290,7,0,0,0
370,7,4560,7,1,0,0
371,5,2076,0,0,1,0
372,4,1928,0,0,0,1
373,7,4858,2,1,1,0
374,4,1794,1,0,1,0
375,1,385,0,0,0,0
376,9,5613,11,1,0,0
377,4,2046,1,0,0,0
378,3,948,0,0,0,0
379,3,1534,0,0,1,0
380,3,1365,5,1,0,0
381,4,2203,3,1,0,1
382,4,1166,0,0,1,0
383,2,1081,1,0,0,0
384,9,5856,15,1,1,0
385,4,768,0,0,1,0
386,5,3073,6,0,1,0
387,7,4543,5,1,0,0
388,9,3613,4,1,1,0
389,4,2458,6,1,0,0
390,4,1092,0,1,0,0
391,1,417,0,0,0,0
392,5,2424,8,1,1,0
393,5,3314,11,0,0,0
394,5,1345,0,1,1,0
395,5,3219,4,1,0,0
396,3,1589,2,0,1,0
397,1,731,0,0,0,0
398,4,2303,1,0,1,0
399,4,1753,3,0,0,0
400,5,2893,5,1,0,0
401,2,1200,5,1,0,0
402,5,3207,11,1,1,0
403,4,827,2,0,1,0
404,1,301,0,0,0,0
405,2,613,0,1,0,0
406,2,941,1,0,0,1
407,1,585,0,0,0,0
408,2,658,0,1,0,0
409,2,764,0,0,0,0
410,1,237,0,0,0,0
411,1,351,0,0,0,0
412,4,2229,1,1,1,0
413,1,287,0,0,0,0
414,1,254,0,0,0,0
415,4,1114,1,0,1,0
416,5,2823,9,1,0,1
417,1,79,0,0,0,0
418,7,4513,9,1,0,0
419,3,1730,4,0,0,1
420,5,2651,9,0,0,0
421,6,3416,5,0,0,0
422,6,2613,0,0,0,1
423,3,502,0,0,1,0
424,3,1949,3,0,0,0
425,2,1373,4,0,0,0
426,3,754,1,0,1,0
427,6,3778,7,0,1,0
428,3,1602,1,1,0,0
429,1,217,0,0,0,0
430,2,1053,2,0,0,0
431,2,1375,2,1,0,0
432,1,381,0,0,0,0
433,1,201,0,0,0,0
434,5,3612,9,1,0,0
435,9,5525,9,1,0,0
436,3,2252,4,0,0,0
437,4,2038,8,1,0,0
438,5,3431,7,0,1,0
439,2,854,0,1,0,0
440,3,649,1,0,1,0
441,5,1474,1,1,1,0
442,3,2021,4,0,1,1
443,3,882,2,0,0,0
444,4,2412,1,1,0,0
445,5,1807,3,1,1,0
446,10,6338,13,1,0,1
447,1,585,4,0,0,0
448,4,1500,2,0,0,0
449,1,167,0,0,0,0
450,4,2147,6,0,0,1
451,3,1582,3,1,0,0
452,2,787,2,1,0,0
453,1,321,2,0,0,0
454,6,3419,4,0,0,0
455,1,332,0,0,0,0
456,4,1123,2,0,0,0
457,5,3171,7,1,0,0
458,5,2893,6,0,0,0
459,1,562,0,0,0,0
460,5,3116,6,1,1,0
461,5,2927,10,1,1,0
462,5,2919,4,1,1,0
463,1,502,0,0,0,0
464,5,3481,6,1,0,0
465,3,542,0,0,0,0
466,5,1935,2,1,0,0
467,5,2339,3,1,1,0
468,3,1683,1,0,0,0
469,6,2173,0,1,0,0
470,3,686,1,1,0,1
471,1,435,0,0,0,0
472,4,1365,3,0,0,0
473,3,768,0,0,0,0
474,6,1167,0,0,1,1
475,2,1476,3,0,0,1
476,2,534,1,0,0,1
477,5,1866,0,0,0,0
478,4,1288,0,0,1,0
479,5,2402,2,1,0,0
480,2,1327,4,0,0,0
481,7,3344,5,1,1,1
482,3,1655,3,0,0,0
483,6,3878,3,1,0,0
484,7,1734,3,1,0,1
485,6,3670,3,1,0,0
486,4,860,3,1,0,0
487,5,2813,3,0,1,1
488,3,1350,1,1,0,0
489,5,3288,5,1,0,0
490,4,1783,1,1,0,0
491,3,1157,0,1,0,0
492,6,3442,5,0,0,0
493,3,1404,2,0,0,0
494,3,1810,5,0,0,0
495,3,1123,2,0,0,0
496,6,4221,9,1,1,0
497,8,3796,3,1,0,0
498,2,657,0,1,0,0
499,4,1369,1,0,0,0
500,7,4022,8,1,1,0
501,1,356,0,0,0,0
502,4,1711,1,0,0,0
503,3,539,1,1,0,0
504,4,1781,5,1,1,0
505,4,2730,3,1,0,0
506,7,3209,4,1,1,1
507,1,220,0,0,0,0
508,4,2362,0,0,0,1
509,5,3516,12,0,0,0
510,3,1912,4,0,0,0
511,1,261,0,0,0,0
512,2,475,0,0,0,0
513,1,178,0,0,0,0
514,3,1281,1,0,1,0
515,3,1222,3,1,0,0
516,6,3447,7,1,1,0
517,2,617,0,0,0,0
518,6,4089,5,1,0,0
519,3,730,0,0,0,1
520,2,584,0,0,0,0
521,5,2754,2,1,0,0
522,2,1434,3,0,0,0
523,11,6645,12,0,1,1
524,5,3608,8,0,1,0
525,5,2332,1,1,0,0
526,3,786,2,0,0,0
527,3,879,1,0,0,0
528,6,3950,6,0,1,0
529,4,1156,0,1,0,0
530,7,4231,6,1,0,1
531,7,4730,7,1,0,0
532,6,3038,5,1,1,0
533,4,1760,1,0,1,0
534,2,441,0,0,0,0
535,1,327,0,0,0,0
536,3,1340,4,1,0,0
537,7,3203,3,1,1,0
538,3,1373,3,1,0,1
539,3,1123,1,0,1,0
540,4,1637,1,0,0,0
541,4,2446,9,1,1,0
542,6,3753,6,0,1,1
543,6,4070,8,1,1,0
544,2,341,0,1,1,0
545,8,4396,6,1,0,0
546,4,2407,4,1,0,0
547,1,579,1,0,0,0
548,3,606,0,0,0,0
549,4,1470,0,1,0,0
550,2,478,0,0,0,0
551,3,1393,2,0,0,1
552,1,279,1,0,0,0
553,6,2479,3,0,1,0
554,3,1691,4,1,0,0
555,4,1318,1,0,0,0
556,1,325,0,0,0,0
557,1,314,0,0,0,0
558,3,1234,4,0,1,0
559,3,1984,4,1,0,0
560,3,1441,1,0,1,0
561,3,1592,1,0,0,0
562,3,1888,0,1,0,0
563,10,4969,6,1,1,0
564,1,507,1,0,0,0
565,1,307,0,0,0,0
566,1,218,0,0,0,0
567,1,279,1,0,0,0
568,7,4301,10,0,1,0
569,1,216,0,0,0,0
570,2,1057,1,0,0,0
571,1,419,0,0,0,0
572,1,285,0,0,0,0
573,6,3261,5,1,0,0
574,7,3611,3,1,1,0
575,2,421,0,0,1,0
576,2,605,1,1,0,0
577,4,1186,0,0,1,1
578,2,682,1,1,0,0
579,4,2186,5,0,1,0
580,7,4958,7,1,1,0
581,1,279,0,0,0,0
582,1,405,1,0,0,0
583,9,4443,9,1,1,0
584,1,306,1,0,0,0
585,4,1086,1,0,0,1
586,7,4076,5,1,0,0
587,2,1291,0,0,0,0
588,3,1822,6,1,0,0
589,6,3271,6,1,0,0
590,6,2380,4,0,0,1
591,11,6150,19,1,1,0
592,2,1121,3,0,0,0
593,2,511,0,0,0,0
594,2,712,0,0,0,0
595,6,2904,1,1,0,0
596,4,2456,2,0,0,0
597,7,3420,11,1,0,0
598,2,720,1,0,1,0
599,3,1940,7,1,0,0
600,7,2497,1,1,1,0
601,2,690,0,0,0,0
602,1,282,0,0,0,0
603,5,1853,5,0,0,0
604,1,506,1,0,0,0
605,1,223,0,0,0,0
606,2,545,0,0,0,0
607,2,681,0,0,0,0
608,2,850,2,1,0,0
609,3,972,1,0,0,1
610,12,7058,16,1,1,0
611,2,932,1,0,0,0
612,6,3374,7,1,1,0
613,2,991,0,1,0,0
614,1,330,0,0,0,0
615,6,2825,5,0,0,0
616,2,550,0,0,1,0
617,6,2188,2,1,0,0
618,3,1031,2,0,0,0
619,7,3828,3,0,0,0
620,2,419,0,0,0,1
621,8,4029,6,1,1,0
622,1,250,0,0,0,0
623,2,477,0,0,0,0
624,1,464,0,0,0,0
625,3,2104,8,0,0,1
626,5,1586,0,0,0,0
627,2,957,5,0,0,1
628,3,892,0,1,0,0
629,1,168,0,0,0,0
630,3,452,0,0,1,0
631,2,721,0,1,0,0
632,4,1126,0,1,0,0
633,4,2329,5,0,1,0
634,3,1306,0,0,0,0
635,4,869,2,1,0,0
636,3,1099,0,1,0,0
637,2,1335,2,0,0,0
638,1,330,0,0,0,0
639,2,697,0,0,0,0
640,3,766,1,0,1,1
641,3,524,1,1,0,0
642,3,855,2,0,0,1
643,4,2826,5,0,0,0
644,4,1419,2,1,1,0
645,4,2252,2,0,0,0
646,5,2705,3,1,1,0
647,3,809,0,0,0,0
648,1,123,0,0,0,0
649,1,300,0,0,0,0
650,2,1203,4,0,0,0
651,2,419,0,0,0,0
652,3,983,0,0,0,0
653,5,1829,0,0,0,0
654,1,184,0,0,0,0
655,1,444,2,0,0,0
656,3,667,1,0,0,0
657,1,410,1,0,0,0
658,7,2744,9,0,1,1
659,1,118,0,0,0,0
660,2,1190,2,0,0,0
661,3,1914,3,0,0,0
662,6,4085,5,0,1,0
663,4,1408,0,1,0,0
664,8,3765,5,0,1,1
665,5,2233,2,0,1,0
666,6,3129,4,1,0,0
667,4,1607,2,1,0,0
668,2,1061,4,0,0,0
669,7,5115,8,0,1,0
670,6,3877,10,1,1,0
671,8,4941,10,1,0,0
672,5,2247,3,0,0,0
673,5,1903,1,0,1,1
674,4,1585,1,1,0,0
675,4,2402,2,0,1,0
676,4,2583,4,0,1,0
677,3,686,0,0,0,0
678,2,781,0,0,0,0
679,2,806,0,1,0,0
680,4,1836,3,1,0,0
681,10,6117,14,1,0,1
682,3,1067,0,1,0,0
683,7,1769,0,1,1,0
684,5,3031,2,1,1,0
685,5,2986,6,1,0,0
686,6,3738,5,0,1,0
687,3,1304,2,0,1,0
688,2,874,0,0,0,0
689,2,777,1,0,0,0
690,5,2583,5,0,1,0
691,5,2568,5,1,0,0
692,5,2143,0,1,0,0
693,2,570,1,1,0,0
694,5,2848,4,1,0,0
695,5,2803,7,1,1,0
696,2,796,0,0,0,0
697,4,1440,1,1,0,0
698,3,933,1,0,0,0
699,2,917,1,1,0,0
700,5,2789,7,1,0,0
701,1,201,0,0,0,0
702,2,717,1,0,0,0
703,2,461,0,0,0,0
704,1,347,0,0,0,0
705,4,1935,4,1,0,0
706,5,3833,5,1,0,1
707,6,1557,1,1,0,1
708,8,5055,10,1,0,0
709,4,2694,3,1,1,0
710,3,1098,0,1,0,0
711,6,3976,9,0,1,0
712,9,2885,1,1,0,0
713,4,1399,1,0,0,0
714,5,1718,4,1,1,0
715,5,3007,3,1,0,0
716,3,763,2,0,1,0
717,6,2445,3,0,1,0
718,4,2932,4,1,0,0
719,6,1547,2,1,0,0
720,2,759,2,0,0,0
721,2,1246,1,0,1,0
722,4,2400,3,0,0,0
723,4,1800,2,0,1,0
724,3,1722,3,0,1,0
725,6,1712,3,1,0,0
726,2,589,1,1,0,0
727,4,2147,2,1,0,0
728,6,3264,7,0,1,0
729,2,248,2,0,0,0
730,2,735,1,0,0,0
731,6,3344,4,0,0,0
732,3,1349,2,0,0,0
733,3,938,0,0,1,0
734,4,1621,1,0,0,0
735,2,621,0,0,0,0
736,5,2565,0,1,0,0
737,3,716,0,0,0,0
738,5,3003,2,1,1,0
739,7,2477,3,1,0,0
740,6,2097,3,1,1,1
741,1,220,0,0,0,0
742,1,144,0,1,0,0
743,4,2251,8,0,0,1
744,8,4815,15,0,1,0
745,5,2491,6,0,1,0
746,4,2419,4,1,0,0
747,3,1156,1,0,0,1
748,6,3993,3,1,1,0
749,5,1819,2,1,0,0
750,5,3041,4,1,1,0
751,6,1992,1,1,1,0
752,2,779,0,0,1,0
753,1,384,0,0,0,0
754,5,2683,6,0,0,0
755,4,2108,5,1,1,0
756,5,3329,5,1,1,0
757,4,1730,6,0,1,0
758,6,3089,8,1,0,0
759,4,1081,0,1,0,0
760,6,3480,3,0,1,0
761,3,1882,4,1,0,0
762,1,731,0,0,0,0
763,3,1447,0,0,0,0
764,3,1592,1,0,0,0
765,6,2215,1,1,1,0
766,4,2157,6,1,0,0
767,1,788,0,0,0,0
768,5,1523,2,0,0,0
769,9,5382,10,0,0,0
770,2,1144,6,0,0,1
771,5,2697,7,1,1,0
772,3,2214,5,0,1,0
773,8,4844,4,0,1,0
774,1,204,0,0,0,0
775,4,2209,4,0,0,0
776,5,3196,9,1,0,0
777,1,415,0,0,0,0
778,5,3086,4,0,0,0
779,4,992,0,0,0,0
780,2,652,0,0,0,0
781,7,2831,5,1,0,0
782,1,250,0,0,0,0
783,4,765,3,1,1,0
784,6,3452,6,0,0,0
785,7,2568,1,1,1,0
786,1,403,0,0,0,0
787,1,154,0,0,0,0
788,2,545,0,1,0,0
789,4,2109,2,1,1,0
790,3,806,0,0,1,0
791,5,2768,4,0,1,0
792,1,384,0,0,0,0
793,5,2262,5,0,0,0
794,2,459,1,0,0,0
795,5,2733,5,1,1,0
796,7,4657,11,1,1,0
797,3,656,0,0,1,0
798,7,4252,8,0,0,0
799,8,4561,10,0,1,0
800,1,416,0,0,0,0
801,5,1812,1,0,1,0
802,4,2279,1,1,0,0
803,7,2322,9,0,0,0
804,6,2281,1,1,1,0
805,2,1389,2,0,0,1
806,6,2951,7,1,0,0
807,1,367,0,0,0,0
808,5,2315,3,0,0,0
809,4,2439,7,1,1,0
810,4,1008,1,1,0,0
811,4,2235,1,1,0,0
812,9,6214,14,1,0,1
813,4,1720,0,0,0,0
814,2,656,0,0,0,0
815,5,2381,1,1,0,0
816,2,667,0,0,0,0
817,2,416,1,0,1,0
818,1,467,0,0,0,0
819,3,760,0,0,0,0
820,2,786,0,1,0,0
821,2,667,0,0,0,0
822,4,1700,1,0,0,1
823,2,1209,1,0,0,0
824,3,1564,5,0,0,0
825,3,1343,4,0,1,0
826,3,860,0,1,0,0
827,4,2026,3,1,1,0
828,2,659,0,0,0,0
829,4,2302,10,0,1,0
830,1,600,2,0,0,0
831,1,338,1,0,0,0
832,1,258,0,0,0,0
833,1,295,0,0,0,0
834,1,219,0,0,0,0
835,5,3282,11,0,1,1
836,3,738,0,1,0,0
837,3,974,0,0,0,0
838,2,428,0,0,0,0
839,6,3159,6,1,1,0
840,5,1994,3,1,0,0
841,2,682,1,0,1,0
842,6,3257,8,0,1,0
843,8,3295,2,0,1,0
844,8,3770,5,1,1,1
845,2,342,0,0,0,0
846,1,560,2,0,0,0
847,1,216,0,0,0,0
848,2,441,0,0,1,0
849,1,292,0,0,0,0
850,2,623,0,0,0,0
851,5,1099,1,1,1,0
852,2,925,0,0,0,0
853,4,1390,1,1,1,0
854,3,1492,1,0,0,0
855,6,3073,2,1,1,0
856,5,1905,0,1,0,0
857,4,2276,6,0,0,0
858,8,5675,8,1,1,0
859,3,1791,6,0,0,0
860,3,1768,1,0,0,0
861,6,4040,10,1,1,0
862,2,405,0,1,0,0
863,9,6580,11,0,1,0
864,7,2932,1,0,0,0
865,5,1979,0,1,0,0
866,2,609,1,0,0,0
867,4,2189,0,1,1,0
868,4,626,0,0,1,0
869,2,568,1,1,0,0
870,3,1604,3,0,0,0
871,2,509,0,0,0,0
872,3,1387,1,1,0,0
873,1,285,1,0,0,0
874,2,1325,5,0,1,0
875,1,293,0,0,0,0
876,6,3116,7,1,1,0
877,5,3287,4,0,1,0
878,4,1249,1,0,0,0
879,2,607,0,0,1,0
880,4,1579,0,0,0,0
881,1,291,0,0,0,0
882,4,1259,1,1,1,0
883,5,2757,5,1,0,0
884,1,444,0,0,0,0
885,1,466,0,0,0,0
886,3,1810,5,1,0,0
887,4,2628,4,0,1,0
888,6,3611,9,1,1,1
889,6,4194,9,0,1,1
890,1,310,0,0,0,0
891,7,3776,9,1,1,0
892,6,3535,2,0,0,0
893,1,304,0,0,0,0
894,5,2051,1,1,0,0
895,6,1231,1,0,0,0
896,5,2939,7,1,0,0
897,2,807,0,0,0,0
898,2,803,3,1,0,0
899,4,751,0,0,0,0
900,1,514,1,0,0,0
901,3,1230,2,1,0,0
902,5,1534,0,0,1,1
903,4,1728,1,1,0,0
904,3,1181,0,0,0,0
905,6,1572,1,0,1,1
906,2,268,0,0,0,0
907,5,2416,4,1,1,0
908,7,3633,4,1,1,0
909,3,1484,0,0,0,0
910,3,817,0,0,0,1
911,2,1053,2,0,0,0
912,4,1157,0,1,0,1
913,2,1385,5,1,0,0
914,3,1560,3,0,0,0
915,1,676,2,0,0,0
916,3,1444,7,0,0,0
917,4,2269,3,0,0,0
918,8,4769,9,1,1,1
919,2,699,0,0,0,0
920,2,361,0,0,0,0
921,5,1362,1,0,1,0
922,5,2452,5,1,0,0
923,3,640,0,0,0,0
924,2,1156,2,1,0,0
925,7,3355,4,1,0,1
926,5,2543,3,1,0,0
927,5,3249,3,1,1,0
928,7,4921,8,0,1,0
929,2,971,2,0,0,0
930,5,1973,1,1,0,0
931,5,1630,2,1,1,0
932,6,3936,6,0,1,0
933,1,237,0,0,0,0
934,6,3961,13,1,1,0
935,1,448,1,0,0,0
936,1,537,0,1,0,0
937,7,3654,2,0,1,1
938,3,1365,2,1,0,0
939,5,2269,3,1,1,0
940,6,1626,0,1,1,1
941,5,1493,1,0,1,0
942,1,193,0,0,0,0
943,3,729,1,0,0,1
944,4,2234,2,0,1,0
945,3,1131,2,0,0,0
946,2,485,0,0,0,0
947,1,367,0,0,0,0
948,3,932,0,1,0,0
949,3,1144,0,1,0,0
950,5,3129,7,0,1,0
951,2,588,0,0,0,0
952,5,2663,1,0,1,0
953,3,1988,3,0,0,0
954,2,915,0,0,0,0
955,4,1790,1,0,1,0
956,3,1559,2,0,0,0
957,2,945,2,0,0,0
958,7,3995,13,1,1,0
959,2,721,0,0,0,0
960,5,2437,4,0,1,0
961,1,228,0,0,0,0
962,2,503,0,1,0,0
963,3,1005,0,1,0,0
964,7,4874,5,1,0,0
965,2,1018,1,0,0,0
966,3,855,0,1,0,0
967,1,494,1,0,0,0
968,6,3434,3,1,0,0
969,5,1550,2,1,0,1
970,1,50,0,0,0,0
971,6,3586,5,1,1,0
972,2,492,0,0,0,0
973,4,2359,1,1,0,0
974,3,1133,0,0,0,0
975,3,1843,0,0,1,0
976,6,3752,10,0,1,0
977,5,3446,7,1,1,0
978,4,2363,5,0,0,0
979,2,858,3,1,0,0
980,2,252,0,0,0,0
981,4,1156,0,1,1,1
982,2,985,0,1,0,0
983,8,3781,5,1,0,0
984,5,2123,1,0,1,1
985,7,3400,4,1,0,0
986,3,2061,4,1,0,1
987,1,356,1,0,0,0
988,6,3479,4,1,0,0
989,2,951,5,0,0,0
990,5,3486,3,1,1,1
991,3,904,0,0,0,0
992,1,315,1,0,0,0
993,1,124,0,0,0,0
994,6,1517,0,1,1,0
995,3,1696,2,1,0,1
996,3,933,0,0,1,0
997,2,448,0,1,0,0
998,3,942,0,1,0,0
999,1,218,0,0,0,0
1000,5,1823,3,1,1,0
1001,1,281,0,0,0,0
1002,3,695,0,0,0,0
1003,8,4878,9,1,0,0
1004,9,3396,2,1,1,0
1005,4,1412,2,1,1,0
1006,4,2026,2,0,1,0
1007,5,3107,7,0,0,0
1008,5,3190,8,0,0,1
1009,3,1455,2,0,0,1
1010,4,2216,7,0,0,0
1011,5,3087,11,1,0,0
1012,7,4716,7,1,1,0
1013,4,1277,0,0,0,0
1014,5,3543,4,0,1,0
1015,1,396,0,0,0,0
1016,2,1340,3,0,0,0
1017,4,2850,7,0,0,0
1018,3,1032,1,0,0,0
1019,3,1162,0,0,1,0
1020,2,671,0,0,0,0
1021,7,4728,9,0,0,0
1022,6,2527,0,1,0,0
1023,6,3988,5,1,0,1
1024,5,2129,4,1,0,0
1025,4,1275,2,1,0,0
1026,3,580,0,1,0,0
1027,2,332,0,0,0,1
1028,7,4708,10,0,0,0
1029,3,1313,0,0,0,0
1030,6,3395,2,1,0,0
1031,3,1003,0,0,0,0
1032,3,1517,1,1,0,0
1033,3,839,0,0,1,0
1034,3,1133,0,0,0,1
1035,1,552,1,0,0,0
1036,9,6126,12,1,0,1
1037,2,530,0,0,0,0
1038,4,2315,7,0,0,0
1039,3,760,0,0,0,0
1040,5,2768,7,1,0,0
1041,6,3832,7,1,0,1
1042,6,3070,4,1,1,0
1043,6,2158,0,1,1,0
1044,2,896,0,1,0,0
1045,3,1334,2,1,0,0
1046,2,507,1,0,0,0
1047,4,1837,2,0,0,0
1048,4,1517,0,0,0,0
1049,7,3943,10,1,1,0
1050,1,169,1,0,0,0
1051,1,242,0,0,0,0
1052,9,6089,14,1,1,0
1053,1,418,0,0,0,0
1054,4,1787,4,1,0,0
1055,3,1178,0,0,0,0
1056,8,3686,7,0,1,0
1057,2,983,3,0,0,0
1058,3,1151,0,1,0,0
1059,1,344,0,0,0,0
1060,3,583,0,0,0,0
1061,3,1333,2,0,0,0
1062,2,1233,2,0,0,0
1063,1,362,0,0,0,0
1064,6,3838,7,1,1,1
1065,4,1298,0,1,1,0
1066,10,3566,2,1,1,1
1067,2,1141,3,0,0,0
1068,1,466,0,0,0,0
1069,7,3682,6,0,1,0
1070,1,393,0,0,0,0
1071,2,459,0,0,0,0
1072,1,212,1,0,0,0
1073,5,1925,1,1,0,0
1074,4,2733,6,0,1,1
1075,6,3607,5,1,1,0
1076,7,4819,8,1,1,0
1077,1,403,0,0,0,0
1078,7,2657,2,1,0,0
1079,6,3117,10,1,0,0
1080,3,1615,3,0,0,0
1081,1,376,1,0,0,0
1082,2,531,1,0,0,0
1083,1,345,0,0,0,0
1084,7,2238,0,1,1,1
1085,2,438,1,0,0,0
1086,4,2795,5,0,0,0
1087,3,1672,4,1,1,0
1088,4,2357,7,0,0,1
1089,4,1834,5,1,0,0
1090,3,1074,0,0,0,1
1091,5,3620,4,1,1,0
1092,2,1141,2,0,0,0
1093,7,3841,7,1,0,0
1094,5,3250,8,0,0,0
1095,8,3791,5,0,0,0
1096,1,463,1,0,0,0
1097,3,1051,1,0,0,0
1098,6,3698,9,1,0,0
1099,3,1465,1,1,0,0
1100,3,1029,0,0,1,0
1101,1,315,0,0,0,0
1102,4,2294,4,1,1,0
1103,7,3447,7,1,0,0
1104,2,976,1,0,1,0
1105,3,1802,6,0,0,0
1106,3,2101,2,0,0,1
1107,6,4318,7,1,0,0
1108,3,1184,0,1,1,0
1109,3,1853,2,0,0,0
1110,5,1810,1,1,0,0
1111,2,1070,1,0,0,0
1112,3,1120,0,1,0,0
1113,5,1458,2,1,0,0
1114,4,2555,6,1,0,0
1115,3,1132,3,0,0,1
1116,4,1557,2,0,0,0
1117,3,878,4,1,0,0
1118,3,1658,3,1,0,0
1119,4,1227,1,0,1,0
1120,1,349,0,0,0,0
1121,1,262,0,0,0,0
1122,7,4339,7,1,0,0
1123,8,4000,13,0,1,0
1124,8,5104,8,1,0,0
1125,3,968,1,1,1,0
1126,2,404,0,0,0,0
1127,3,1850,2,0,0,0
1128,2,935,0,0,1,0
1129,4,2495,6,1,0,0
1130,2,356,0,0,1,0
1131,5,1910,3,1,1,0
1132,2,1216,2,0,0,0
1133,3,1125,1,1,0,0
1134,4,2339,4,0,0,0
1135,5,3688,4,0,0,0
1136,6,4291,8,1,0,1
1137,9,4785,13,1,1,0
1138,1,271,0,0,0,0
1139,3,683,0,0,0,0
1140,5,2083,2,0,1,0
1141,7,4126,12,0,0,0
1142,1,591,1,0,0,0
1143,6,3466,4,1,0,0
1144,3,1465,3,0,0,1
1145,3,2204,3,0,0,0
1146,4,2359,3,0,0,0
1147,6,3065,6,1,0,1
1148,2,886,1,0,1,0
1149,5,2280,4,1,0,1
1150,12,7007,14,1,1,1
1151,4,2546,4,0,1,0
1152,6,2851,4,1,0,0
1153,2,669,1,0,0,0
1154,5,3327,8,1,0,0
1155,2,687,0,0,0,0
1156,4,1187,0,1,0,0
1157,3,1201,1,0,0,0
1158,8,3596,7,1,1,0
1159,5,2131,3,0,0,0
1160,6,3682,6,1,1,0
1161,5,2554,5,1,0,1
1162,1,312,0,0,0,0
1163,4,2974,9,0,0,0
1164,3,651,0,0,0,0
1165,2,1104,1,0,0,0
1166,2,635,0,0,0,0
1167,1,396,0,0,0,0
1168,3,1164,3,0,0,0
1169,4,2037,2,1,0,0
1170,8,4518,5,1,1,0
1171,3,1027,1,1,0,0
1172,5,1974,2,0,0,0
1173,2,665,1,1,0,0
1174,5,1776,0,1,1,0
1175,6,4675,7,1,0,0
1176,5,3024,9,0,0,0
1177,2,1077,1,1,0,0
1178,5,1183,2,0,1,0
1179,1,443,0,0,0,0
1180,4,2208,2,1,0,0
1181,1,285,1,0,0,0
1182,3,2100,5,0,0,0
1183,5,1725,1,1,0,0
1184,3,1437,0,0,1,0
1185,1,114,0,0,0,0
1186,5,2976,5,1,0,0
1187,2,1092,4,1,0,0
1188,1,317,0,0,0,0
1189,6,3663,12,0,0,1
1190,2,484,0,0,1,0
1191,3,1817,5,0,0,0
1192,1,301,0,0,0,0
1193,1,400,0,0,0,0
1194,6,1960,1,1,0,0
1195,7,4672,8,1,0,0
1196,1,241,0,0,0,0
1197,2,381,1,0,0,0
1198,4,2157,4,0,0,0
1199,2,512,0,0,0,0
1200,8,5287,9,1,1,0
1201,5,1258,2,1,0,1
1202,3,829,0,0,1,0
1203,2,990,0,1,0,0
1204,5,2329,3,0,0,0
1205,2,1064,3,0,0,0
1206,3,969,1,0,0,0
1207,3,847,2,1,0,0
1208,1,101,0,0,0,0
1209,7,4184,9,0,1,1
1210,4,1262,0,0,1,1
1211,5,3600,7,1,1,0
1212,4,1546,1,1,0,0
1213,3,1073,0,0,0,1
1214,2,640,0,0,0,0
1215,5,2818,5,1,0,0
1216,1,335,0,0,0,0
1217,2,490,1,1,0,0
1218,5,3586,6,1,0,0
1219,4,1560,0,0,0,1
1220,2,576,0,0,0,0
1221,6,2127,4,1,0,0
1222,3,1164,0,1,0,0
1223,2,1338,3,1,0,0
1224,3,907,0,0,1,0
1225,9,6238,16,1,0,0
1226,2,582,0,1,0,0
1227,1,235,0,0,0,0
1228,1,352,0,0,0,0
1229,2,358,0,0,1,0
1230,3,823,1,1,0,0
1231,2,496,1,0,1,0
1232,3,1254,1,0,0,0
1233,3,1851,2,1,0,0
1234,2,558,0,0,0,0
1235,1,220,0,0,0,0
1236,5,1660,3,0,1,0
1237,1,286,0,0,0,0
1238,5,2098,4,0,0,0
1239,2,858,0,0,0,0
1240,2,949,2,1,0,0
1241,2,654,0,0,0,0
1242,2,921,0,0,0,0
1243,1,215,0,0,0,0
1244,5,2712,0,1,1,0
1245,4,2547,5,0,1,0
1246,6,2996,5,1,0,0
1247,1,429,0,0,0,0
1248,4,2353,2,1,0,1
1249,3,583,1,1,0,0
1250,3,1013,1,1,0,0
1251,9,6390,13,1,1,0
1252,1,513,1,1,0,0
1253,2,852,1,0,1,0
1254,3,1841,1,0,1,0
1255,8,4147,7,1,0,0
1256,10,6749,16,1,1,1
1257,3,728,1,0,0,1
1258,4,1719,4,0,0,0
1259,6,3554,6,0,0,0
1260,8,4714,9,1,1,0
1261,4,2424,8,1,0,0
1262,7,4360,10,1,0,0
1263,2,584,0,1,0,0
1264,1,230,1,1,0,0
1265,3,952,1,1,0,0
1266,8,4642,9,1,1,1
1267,9,5916,8,1,1,1
1268,3,1368,4,0,1,0
1269,3,489,0,0,0,1
1270,4,2292,6,1,0,0
1271,8,4986,2,1,0,0
1272,2,654,0,0,0,1
1273,3,1417,1,0,0,0
1274,1,160,0,0,0,0
1275,2,668,1,1,0,0
1276,9,4903,1,1,0,0
1277,3,682,0,1,0,0
1278,3,1958,6,1,0,0
1279,1,154,0,0,0,0
1280,4,1919,1,0,0,0
1281,3,1602,1,1,0,0
1282,2,681,1,0,0,0
1283,5,3364,5,0,1,1
1284,3,1165,1,1,0,0
1285,2,746,1,1,0,0
1286,2,513,1,0,0,0
1287,4,1669,1,0,1,0
1288,1,241,0,1,0,0
1289,1,608,2,0,0,0
1290,3,2113,5,1,0,0
1291,6,1720,2,1,0,0
1292,2,1131,4,0,0,0
1293,5,3299,3,1,0,0
1294,4,2258,1,0,0,0
1295,2,827,0,1,0,0
1296,1,493,0,0,0,0
1297,6,3670,9,1,1,0
1298,4,1944,3,0,0,0
1299,3,1383,2,1,0,0
1300,4,2761,3,0,1,0
1301,1,435,0,0,0,0
1302,4,1976,3,1,0,0
1303,4,1460,0,0,1,0
1304,5,3198,8,1,1,0
1305,3,1187,0,1,1,0
1306,4,592,0,1,0,0
1307,3,1281,0,0,1,0
1308,3,695,1,0,0,0
1309,1,432,1,0,0,0
1310,10,6126,11,1,0,1
1311,5,2951,8,1,0,0
1312,5,1437,0,1,0,0
1313,3,2248,5,1,0,0
1314,3,716,0,0,0,0
1315,4,2045,0,1,0,0
1316,1,400,0,0,0,0
1317,5,1009,2,1,1,0
1318,5,3064,5,0,1,0
1319,2,940,2,0,0,0
1320,5,2729,1,0,0,1
1321,7,3648,11,1,1,0
1322,4,1525,1,1,1,0
1323,5,4043,6,1,1,0
1324,6,3790,7,1,1,0
1325,3,896,0,0,0,0
1326,6,3669,7,1,0,0
1327,6,3108,0,1,0,0
1328,5,2519,6,0,0,0
1329,1,589,0,0,0,0
1330,7,4768,8,1,0,0
1331,6,4219,8,1,1,0
1332,5,1291,1,1,0,0
1333,6,2199,6,1,1,0
1334,2,314,0,0,0,0
1335,6,3546,11,1,1,0
1336,1,130,0,1,0,0
1337,3,1062,0,0,0,0
1338,7,2705,1,0,0,0
1339,2,731,0,0,0,0
1340,1,698,2,0,0,0
1341,7,3926,5,1,1,1
1342,3,1499,1,0,0,0
1343,4,1348,0,0,1,0
1344,2,978,2,0,0,0
1345,6,2926,5,1,1,0
1346,3,1287,0,1,0,0
1347,8,5659,14,1,0,0
1348,3,1043,0,0,0,0
1349,6,2146,2,0,0,0
1350,3,1742,4,0,0,0
1351,4,1142,1,0,1,0
1352,2,577,1,0,0,0
1353,5,2562,3,0,1,0
1354,2,599,1,0,0,0
1355,7,3650,4,0,1,1
1356,1,808,1,0,0,0
1357,3,1589,7,0,0,0
1358,3,771,0,0,0,0
1359,3,1847,3,0,0,0
1360,1,163,0,0,0,0
1361,6,2751,4,1,0,0
1362,2,326,0,0,0,0
1363,5,2880,1,1,0,0
1364,7,3291,4,1,1,0
1365,9,6461,14,0,1,0
1366,4,1318,1,1,0,0
1367,4,2145,0,0,1,1
1368,4,2434,7,1,0,0
1369,1,447,0,0,0,0
1370,5,2825,9,0,1,0
1371,2,1172,1,1,0,0
1372,4,2402,5,0,0,0
1373,3,1419,1,0,0,0
1374,5,3321,5,0,0,1
1375,2,574,1,0,0,0
1376,1,90,0,0,0,0
1377,4,2272,4,0,0,0
1378,6,1848,0,1,0,0
1379,5,1595,0,0,0,0
1380,3,620,0,0,0,1
1381,6,3585,9,1,1,0
1382,3,463,0,1,1,0
1383,5,2777,5,1,0,0
1384,3,1375,1,0,0,0
1385,5,2326,2,0,0,0
1386,1,301,1,1,0,0
1387,3,1839,2,0,0,0
1388,5,2909,4,1,1,0
1389,5,2505,3,1,1,0
1390,3,1588,5,1,0,1
1391,5,3273,8,0,0,0
1392,2,551,0,0,0,0
1393,3,704,1,0,0,0
1394,4,1836,4,0,0,0
1395,6,2241,1,1,0,0
1396,4,1675,2,1,0,0
1397,3,1086,0,0,0,0
1398,6,1154,2,1,0,0
1399,5,3370,3,1,0,0
1400,5,2604,4,0,0,0
1401,5,3051,5,1,0,0
1402,1,440,1,0,0,0
1403,3,500,1,1,0,0
1404,3,1984,4,0,0,1
1405,4,1332,0,1,1,0
1406,9,3354,5,1,0,0
1407,5,3020,5,1,0,1
1408,2,788,0,0,0,0
1409,6,2651,3,1,0,1
1410,2,886,2,0,0,0
1411,2,1113,1,0,0,0
1412,7,4676,6,1,1,0
1413,6,1440,2,0,1,0
1414,7,4073,14,0,1,0
1415,2,759,0,0,0,0
1416,5,2948,11,1,1,1
1417,4,2658,3,0,0,0
1418,2,589,0,0,0,0
1419,2,1174,3,0,0,1
1420,4,2001,3,1,0,0
1421,3,1434,0,1,1,0
1422,6,1731,0,1,0,0
1423,1,266,0,0,0,0
1424,2,637,0,1,0,0
1425,6,4236,8,1,1,0
1426,5,3863,8,1,0,0
1427,3,1013,0,1,0,0
1428,4,1907,4,1,0,0
1429,4,1285,1,0,0,0
1430,4,3014,8,0,0,0
1431,4,1119,0,1,0,0
1432,2,406,0,0,0,0
1433,6,2228,0,0,1,0
1434,4,1897,3,1,1,0
1435,1,254,0,0,0,0
1436,2,906,0,0,0,0
1437,6,3958,8,0,0,1
1438,4,2652,7,0,1,0
1439,2,1271,3,0,0,0
1440,7,3577,3,0,0,0
1441,3,1658,2,0,0,0
1442,3,607,1,0,1,0
1443,5,3187,4,0,0,1
1444,4,2017,0,1,0,0
1445,3,1182,1,0,0,0
1446,2,1171,2,0,0,0
1447,4,1833,1,1,1,1
1448,2,783,0,0,0,0
1449,2,925,1,0,1,0
1450,4,2807,3,0,0,0
1451,4,2361,1,1,0,0
1452,5,3300,5,1,0,1
1453,6,3758,7,0,1,0
1454,4,2309,2,0,1,0
1455,4,1776,1,0,0,1
1456,4,1184,1,1,0,0
1457,6,1627,2,0,1,0
1458,6,1822,0,0,1,0
1459,4,2347,3,0,1,1
1460,3,1198,1,0,1,0
1461,2,450,1,1,0,0
1462,2,1288,0,0,0,0
1463,4,1904,1,1,1,0
1464,1,501,0,0,0,0
1465,5,2206,2,0,0,1
1466,2,836,3,0,0,0
1467,9,3270,4,1,1,1
1468,1,596,0,0,0,0
1469,1,256,1,0,0,0
1470,5,1393,5,1,0,0
1471,1,216,0,0,0,0
1472,4,1992,4,1,1,0
1473,1,272,0,0,0,0
1474,5,2381,2,1,1,0
1475,5,1422,0,0,1,1
1476,3,1843,4,1,1,0
1477,3,1889,2,1,0,0
1478,3,1136,1,0,0,0
1479,6,3136,2,0,1,1
1480,3,1211,1,1,0,0
1481,2,347,1,0,0,0
1482,2,839,2,0,0,1
1483,1,268,0,0,0,0
1484,9,5234,10,1,1,1
1485,1,273,0,0,0,0
1486,4,1061,0,0,0,0
1487,2,1002,1,0,0,0
1488,8,3217,2,0,0,1
1489,4,2304,7,0,0,1
1490,5,3547,6,1,1,0
1491,6,3835,9,1,1,0
1492,5,3097,4,0,0,0
1493,1,277,0,0,0,0
1494,4,1640,1,1,1,0
1495,1,432,0,1,0,0
1496,3,654,2,1,0,0
1497,2,742,0,0,0,0
1498,1,350,0,0,0,0
1499,4,2846,6,0,1,0
1500,6,3490,3,1,0,0
1501,4,1311,1,0,0,0
1502,5,2344,4,0,0,0
1503,1,434,0,0,0,0
1504,6,2481,3,1,0,0
1505,3,1524,1,0,0,0
1506,6,4090,6,1,1,0
1507,4,1770,1,1,0,0
1508,2,475,1,0,1,0
1509,2,1165,1,0,0,0
1510,6,2350,0,0,0,1
1511,3,1587,1,1,1,0
1512,3,1561,2,0,0,0
1513,2,413,1,0,0,0
1514,3,1768,2,0,0,0
1515,6,4675,9,0,0,0
1516,2,569,0,0,0,0
1517,5,1947,1,1,0,0
1518,6,2294,2,1,0,0
1519,3,881,0,1,0,0
1520,4,2004,2,1,0,0
1521,2,536,1,1,0,0
1522,3,1786,2,0,0,0
1523,2,1133,0,0,0,0
1524,7,2000,0,1,1,0
1525,1,306,0,0,0,0
1526,2,949,2,0,0,0
1527,3,1133,1,0,0,0
1528,1,283,1,0,0,0
1529,5,2728,4,0,0,0
1530,5,2574,3,0,0,0
1531,6,3206,2,1,0,0
1532,10,7113,12,1,1,0
1533,7,2808,4,0,0,0
1534,2,371,1,1,0,0
1535,1,710,1,0,0,0
1536,5,1093,0,1,1,0
1537,2,594,0,1,0,0
1538,3,805,0,0,0,1
1539,1,664,0,0,0,0
1540,6,2079,0,0,0,0
1541,4,1107,0,0,1,0
1542,3,1696,7,0,0,0
1543,1,343,1,0,0,0
1544,4,1984,0,0,1,0
1545,1,304,0,0,0,0
1546,7,3347,7,0,1,0
1547,4,1692,1,0,0,1
1548,3,1775,3,0,1,0
1549,2,513,2,0,0,0
1550,2,1269,1,0,0,0
1551,3,1989,3,0,0,0
1552,5,3547,5,1,0,0
1553,4,1868,0,0,0,0
1554,8,4799,7,1,0,0
1555,1,332,1,0,0,0
1556,2,611,0,0,0,0
1557,9,3429,1,0,1,1
1558,4,1445,2,1,1,0
1559,6,3926,4,0,0,0
1560,3,1149,2,0,0,0
1561,5,1954,3,1,0,0
1562,6,4027,8,0,1,0
1563,4,2026,2,1,0,0
1564,2,952,1,0,0,0
1565,11,7163,19,1,1,0
1566,4,2442,3,0,0,0
1567,2,454,0,0,0,0
1568,6,1260,1,1,1,0
1569,5,3140,3,0,0,0
1570,4,1641,4,1,0,0
1571,4,1053,2,0,1,0
1572,8,4682,6,1,1,0
1573,3,1254,2,0,0,0
1574,4,2837,6,1,0,0
1575,1,294,1,0,0,0
1576,5,2973,5,1,1,0
1577,1,336,0,0,0,0
1578,1,293,0,0,0,0
1579,5,2387,2,0,0,0
1580,2,495,1,0,0,0
1581,3,712,0,1,0,0
1582,7,3907,7,1,1,0
1583,5,2907,4,0,1,0
1584,2,860,1,0,0,0
1585,4,1420,0,1,0,0
1586,1,187,0,0,0,0
1587,1,413,0,1,0,0
1588,4,2275,7,1,1,1
1589,5,2282,4,1,0,0
1590,3,1474,1,0,1,0
1591,2,619,0,0,1,0
1592,4,1932,6,0,0,0
1593,1,289,0,0,0,0
1594,2,684,0,1,0,0
1595,1,309,0,0,0,0
1596,1,50,0,0,0,0
1597,9,5158,8,1,1,1
1598,3,735,1,1,0,0
1599,5,2992,6,0,1,0
1600,3,1807,5,0,1,0
1601,2,1451,4,0,0,0
1602,1,378,0,0,0,0
1603,1,626,3,0,0,0
1604,4,1272,0,1,0,0
1605,2,566,0,0,0,0
1606,2,1211,7,1,0,0
1607,4,936,0,0,0,0
1608,3,914,0,0,0,0
1609,3,760,1,0,0,0
1610,6,3511,4,1,0,0
1611,2,912,2,1,0,0
1612,3,1375,0,0,0,1
1613,4,1836,3,0,0,0
1614,5,2476,2,1,0,0
1615,1,610,0,0,0,0
1616,4,1555,1,0,0,0
1617,5,2917,2,1,0,0
1618,5,3578,5,1,1,0
1619,4,2271,1,1,0,0
1620,8,5127,12,1,0,0
1621,2,987,1,0,0,0
1622,2,482,0,0,0,1
1623,3,1095,0,1,0,0
1624,4,1746,0,1,1,0
1625,3,1186,0,0,0,0
1626,3,2409,4,1,0,0
1627,3,1025,0,1,0,0
1628,5,2899,7,1,0,0
1629,7,3613,7,1,0,1
1630,8,4570,13,1,0,0
1631,3,1953,4,1,0,1
1632,4,2206,2,0,1,0
1633,4,1301,1,0,0,0
1634,5,2839,4,1,1,0
1635,2,875,0,0,0,0
1636,5,2358,3,0,0,0
1637,1,248,0,0,0,0
1638,6,2841,5,1,0,0
1639,3,1785,4,1,0,0
1640,1,281,0,0,0,0
1641,3,1167,1,0,1,1
1642,6,2628,4,0,1,1
1643,4,804,0,1,1,0
1644,4,1400,5,1,1,0
1645,2,1528,2,0,0,0
1646,1,348,0,0,0,0
1647,6,4123,11,1,0,0
1648,4,2448,2,1,1,0
1649,1,284,0,0,0,0
1650,4,2625,5,0,1,0
1651,3,948,0,1,0,0
1652,3,1044,0,1,0,0
1653,5,3482,9,1,0,0
1654,6,3335,7,1,0,0
1655,2,530,0,1,0,0
1656,5,2141,2,1,1,0
1657,9,4132,3,1,0,1
1658,4,1967,1,1,0,0
1659,5,2307,0,1,1,1
1660,5,3618,5,1,1,0
1661,2,1481,3,0,0,0
1662,5,3350,8,0,1,0
1663,2,620,0,0,0,0
1664,2,1231,1,0,0,0
1665,3,1338,1,0,0,1
1666,3,1473,1,1,0,0
1667,7,1945,0,1,0,0
1668,3,1656,2,0,0,0
1669,1,293,0,0,0,0
1670,6,3444,2,1,0,0
1671,5,3053,6,1,0,1
1672,1,544,0,0,0,0
1673,7,2690,0,1,1,0
1674,1,339,0,0,0,0
1675,6,3639,8,1,1,0
1676,4,2014,5,0,0,0
1677,3,1092,0,1,0,0
1678,4,1743,1,1,0,0
1679,4,1054,0,0,0,0
1680,3,1651,8,0,0,0
1681,1,370,0,0,0,0
1682,1,549,1,0,0,0
1683,1,373,0,0,0,0
1684,9,5667,7,1,1,0
1685,5,1918,1,0,1,0
1686,2,414,2,0,0,0
1687,9,4992,9,1,1,0
1688,3,1428,1,1,0,0
1689,1,164,0,0,0,0
1690,2,460,1,1,0,0
1691,1,220,0,0,0,0
1692,1,638,2,0,0,0
1693,5,921,1,0,1,0
1694,5,2065,1,1,0,0
1695,2,832,1,0,0,0
1696,5,2637,2,1,0,0
1697,2,1350,3,0,0,0
1698,2,287,0,0,0,0
1699,3,1826,3,1,0,0
1700,2,718,2,0,0,0
1701,3,1062,2,0,0,0
1702,7,3776,5,1,0,1
1703,5,2765,5,0,1,0
1704,10,6892,15,1,1,0
1705,1,275,1,0,0,0
1706,6,3035,2,0,1,0
1707,1,195,0,0,0,0
1708,2,398,1,0,0,0
1709,1,203,0,0,0,0
1710,1,50,0,0,0,0
1711,7,1932,1,0,1,0
1712,1,517,0,1,0,0
1713,1,157,0,0,0,0
1714,4,2402,4,0,1,0
1715,5,3193,7,1,0,0
1716,3,691,1,1,0,0
1717,4,2525,2,0,0,0
1718,8,5227,11,1,0,0
1719,8,4854,5,1,0,0
1720,5,2393,6,1,0,1
1721,10,5568,3,1,1,0
1722,8,4418,15,0,1,1
1723,5,2560,4,1,0,0
1724,1,410,0,0,0,0
1725,1,221,0,0,0,0
1726,8,5741,14,0,1,0
1727,1,147,1,0,0,0
1728,3,996,0,1,1,0
1729,3,733,0,1,0,0
1730,4,1857,3,1,0,0
1731,1,402,0,0,0,0
1732,5,3169,5,0,0,0
1733,1,268,1,0,0,0
1734,3,1617,2,1,0,0
1735,4,1683,0,0,0,0
1736,5,964,0,1,0,0
1737,4,2223,5,1,0,0
1738,2,1407,1,0,0,0
1739,5,3268,6,0,0,0
1740,6,3282,10,0,1,0
1741,2,640,1,1,0,0
1742,4,2343,4,0,0,0
1743,1,543,0,0,0,0
1744,2,755,1,0,0,0
1745,6,3827,10,1,0,0
1746,3,1060,4,0,0,1
1747,4,1583,0,0,0,0
1748,3,1260,1,1,0,0
1749,7,4629,11,1,0,0
1750,1,405,1,0,0,0
1751,3,1663,4,0,0,0
1752,7,4002,5,1,0,0
1753,3,888,0,0,0,0
1754,2,505,0,1,0,0
1755,1,173,0,0,0,0
1756,3,1851,2,1,0,0
1757,6,3045,5,0,1,1
1758,7,4078,17,1,1,0
1759,4,2323,3,0,0,0
1760,2,641,0,0,0,0
1761,1,209,1,0,0,0
1762,7,3756,4,0,1,0
1763,3,1469,3,0,0,0
1764,2,1133,2,0,1,0
1765,2,1300,1,0,0,0
1766,6,3323,7,0,0,0
1767,1,535,2,0,0,0
1768,2,863,0,0,0,1
1769,4,2042,3,0,0,0
1770,5,2409,4,1,0,0
1771,1,328,1,0,0,0
1772,3,972,0,0,0,0
1773,3,1547,1,1,0,0
1774,4,2795,7,1,0,0
1775,3,1038,1,1,0,0
1776,1,288,0,0,0,0
1777,7,2578,3,1,1,0
1778,2,614,0,0,0,0
1779,4,980,1,1,0,0
1780,5,3110,9,1,0,0
1781,1,314,0,0,0,0
1782,5,2480,4,1,1,0
1783,3,616,1,1,0,1
1784,3,955,0,0,0,0
1785,1,367,0,0,0,0
1786,4,2542,8,0,1,0
1787,4,986,1,0,0,0
1788,5,2956,3,1,1,0
1789,2,643,0,1,0,0
1790,2,576,0,0,0,0
1791,3,1071,0,0,0,0
1792,4,1122,0,1,0,0
1793,4,2855,4,1,1,1
1794,6,2221,0,0,0,0
1795,3,836,1,1,0,0
1796,4,1157,1,0,0,0
1797,5,2776,1,1,0,0
1798,7,4106,12,0,1,0
1799,7,4640,6,0,1,0
1800,3,1479,1,0,1,0
1801,3,1172,1,1,0,0
1802,5,2339,3,1,0,0
1803,1,228,0,0,0,0
1804,4,2446,7,1,0,0
1805,1,352,0,0,0,0
1806,5,2205,0,1,0,0
1807,1,291,0,0,0,0
1808,4,2616,6,1,1,0
1809,4,2001,2,1,1,0
1810,5,2002,3,1,0,0
1811,3,653,0,0,0,0
1812,8,4941,10,1,0,0
1813,2,900,0,0,0,0
1814,1,128,0,0,0,0
1815,5,2901,5,0,0,1
1816,3,541,0,0,0,0
1817,9,6436,11,1,0,1
1818,5,1911,0,1,0,1
1819,4,948,4,1,0,0
1820,4,2512,7,1,0,0
1821,6,3698,2,1,1,0
1822,4,1997,3,1,1,0
1823,2,513,1,1,0,0
1824,2,234,1,0,0,0
1825,3,735,0,1,0,0
1826,12,7881,13,1,1,0
1827,1,262,0,0,0,0
1828,2,1339,3,0,0,0
1829,2,569,0,0,0,1
1830,6,4151,8,1,0,0
1831,3,744,0,0,1,0
1832,2,1287,2,0,1,0
1833,6,2926,10,0,1,1
1834,1,392,1,0,0,0
1835,5,3647,6,1,1,0
1836,5,3064,2,0,0,1
1837,8,5496,6,1,1,0
1838,1,222,0,0,0,0
1839,2,711,0,0,0,0
1840,3,894,0,0,1,0
1841,6,3779,10,0,1,1
1842,3,1149,3,1,0,0
1843,4,969,1,1,0,0
1844,1,224,0,0,0,0
1845,1,303,0,0,0,0
1846,2,929,2,0,0,0
1847,5,1845,3,0,0,1
1848,6,3807,6,1,0,0
1849,3,1365,3,0,0,0
1850,4,2631,7,1,1,0
1851,4,2661,4,1,0,0
1852,4,2312,7,0,1,0
1853,5,1325,0,1,0,0
1854,2,906,0,0,0,0
1855,3,815,0,0,0,0
1856,2,1370,2,0,0,0
1857,3,1303,1,1,0,0
1858,3,1845,1,0,0,1
1859,5,2925,2,0,0,0
1860,1,470,1,0,0,0
1861,8,4442,14,1,0,0
1862,3,1651,6,0,0,0
1863,3,788,1,0,1,0
1864,3,1745,4,0,0,0
1865,2,763,1,1,0,0
1866,1,50,0,0,0,0
1867,1,394,0,0,0,0
1868,5,3235,7,0,0,0
1869,4,1155,1,0,0,0
1870,3,954,0,0,0,0
1871,3,961,0,0,0,0
1872,4,1169,2,1,0,0
1873,5,3070,3,1,0,0
1874,1,311,0,0,0,0
1875,2,947,0,1,0,0
1876,6,3751,2,0,1,1
1877,4,2095,1,0,0,1
1878,4,2018,1,1,0,1
1879,1,348,0,0,0,0
1880,2,478,0,0,0,0
1881,5,1519,1,1,0,0
1882,1,417,1,0,0,0
1883,10,6473,9,1,1,1
1884,1,306,0,0,0,0
1885,2,963,2,0,1,0
1886,7,4573,8,0,0,1
1887,4,2292,2,1,1,0
1888,4,2295,1,0,0,0
1889,3,961,1,0,0,0
1890,3,1545,2,1,0,0
1891,1,186,1,0,0,0
1892,4,1473,1,0,0,0
1893,1,142,0,0,0,0
1894,7,5074,13,1,1,0
1895,5,2384,2,0,0,0
1896,4,1382,0,1,1,0
1897,6,2411,1,1,1,0
1898,1,610,2,0,0,0
1899,2,929,1,0,0,0
1900,4,2839,6,0,0,0
1901,3,1086,2,0,0,0
1902,2,549,0,1,0,0
1903,3,1382,1,0,1,0
1904,4,2293,3,0,1,1
1905,6,3381,5,0,1,0
1906,3,1590,1,0,0,0
1907,10,5414,8,1,1,1
1908,8,3923,1,0,0,0
1909,4,2283,10,1,1,0
1910,4,2211,5,1,1,0
1911,4,2261,5,0,1,0
1912,3,1016,1,1,0,1
1913,1,490,0,0,0,0
1914,4,2308,1,1,0,0
1915,2,888,1,0,0,0
1916,3,967,2,0,1,0
1917,4,900,0,1,0,0
1918,5,3665,6,0,0,0
1919,1,378,0,0,0,0
1920,3,1199,0,1,0,0
1921,1,171,0,0,0,0
1922,5,1707,0,1,0,0
1923,3,1727,2,0,1,1
1924,1,317,0,0,0,0
1925,2,768,0,0,0,0
1926,3,1244,1,1,0,0
1927,5,3316,7,0,0,0
1928,6,3630,9,1,1,0
1929,6,3735,10,1,1,0
1930,8,5661,11,1,1,0
1931,3,958,1,0,0,0
1932,5,2875,8,1,1,0
1933,2,1041,3,0,1,0
1934,4,2023,3,1,0,0
1935,4,2048,2,0,1,0
1936,5,2375,4,1,0,0
1937,4,1439,1,0,0,0
1938,3,946,0,1,0,0
1939,4,980,2,0,1,1
1940,1,392,1,0,0,0
1941,5,3078,6,1,1,0
1942,4,1450,0,1,0,0
1943,3,1409,1,0,0,0
1944,5,3051,8,1,1,0
1945,2,548,1,0,0,0
1946,5,2323,1,1,0,0
1947,1,286,0,0,0,0
1948,5,3175,6,1,0,0
1949,2,172,2,0,1,0
1950,5,1643,1,1,1,0
1951,3,1796,2,0,1,0
1952,4,2493,3,0,0,1
1953,2,500,0,0,0,0
1954,5,1852,1,1,0,0
1955,3,1502,2,0,0,0
1956,2,707,0,0,0,0
1957,4,1172,1,1,0,0
1958,6,3120,2,0,0,0
1959,5,2433,3,1,1,0
1960,1,143,0,0,0,0
1961,2,1163,4,1,0,0
1962,7,1793,3,1,1,1
1963,1,279,0,0,0,0
1964,4,2217,6,1,0,0
1965,6,3883,2,1,0,1
1966,4,1584,3,0,1,0
1967,2,861,1,0,0,0
1968,4,1960,1,1,0,0
1969,3,1050,0,1,0,0
1970,1,202,0,0,0,0
1971,6,3170,7,1,0,0
1972,2,866,2,0,0,0
1973,1,55,0,0,0,0
1974,4,1940,5,0,0,0
1975,9,3981,10,0,0,1
1976,9,4052,8,1,1,0
1977,8,5058,10,1,1,0
1978,3,1150,0,0,0,0
1979,5,3530,3,1,1,0
1980,5,1367,1,0,0,0
1981,6,3493,8,1,1,0
1982,1,129,0,0,0,0
1983,9,4819,5,0,1,1
1984,5,3260,4,1,1,0
1985,6,3407,7,1,1,0
1986,4,2067,4,0,0,1
1987,3,717,2,0,0,0
1988,6,3484,6,0,1,0
1989,3,2181,5,1,0,0
1990,7,3718,5,1,1,0
1991,3,1398,1,0,0,0
1992,2,560,1,0,0,0
1993,9,4103,6,1,1,0
1994,3,1859,5,1,0,1
1995,2,696,0,0,0,0
1996,5,2275,4,1,0,0
1997,2,544,0,0,0,0
1998,3,811,0,0,0,0
1999,3,1829,3,1,0,0
2000,7,4282,11,0,1,1
2001,4,2068,6,0,1,0
2002,7,4566,10,0,1,0
2003,1,222,0,0,0,0
2004,3,1709,3,0,0,0
2005,5,1828,2,1,0,0
2006,1,194,0,0,0,0
2007,4,2724,4,1,0,1
2008,5,1925,1,1,0,0
2009,7,4552,6,0,0,0
2010,5,2864,4,0,1,0
2011,3,1068,0,1,0,0
2012,3,1975,4,1,1,0
2013,8,5160,10,1,0,1
2014,3,1514,2,0,0,0
2015,2,640,0,1,0,0
2016,5,3465,5,1,0,0
2017,5,3574,9,0,0,0
2018,2,783,1,1,0,0
2019,2,349,0,0,0,0
2020,4,2578,7,1,0,0
2021,2,914,0,0,0,0
2022,4,2079,6,1,0,0
2023,3,718,0,0,1,0
2024,6,1824,2,1,1,0
2025,2,666,1,1,0,0
2026,5,1953,1,1,0,0
2027,2,944,0,1,0,0
2028,2,846,0,0,0,1
2029,1,308,0,0,0,0
2030,5,3311,6,1,0,0
2031,2,865,0,0,0,0
2032,3,875,0,0,0,0
2033,4,1980,1,1,0,1
2034,3,1435,6,1,0,0
2035,4,1222,1,1,0,0
2036,6,2954,3,1,1,1
2037,3,1759,1,0,0,0
2038,1,291,0,0,0,0
2039,1,615,0,0,0,0
2040,3,1873,4,0,0,0
2041,6,1479,0,1,0,0
2042,1,507,0,0,0,0
2043,4,1197,5,0,1,0
2044,1,269,1,0,0,0
2045,1,565,1,0,0,0
2046,3,1155,0,0,0,0
2047,3,1530,5,1,0,0
2048,6,1982,1,1,0,1
2049,4,1334,1,1,0,0
2050,6,3541,18,1,0,0
2051,4,1312,0,1,1,0
2052,2,1091,2,0,0,0
2053,3,1459,1,0,0,0
2054,2,545,1,1,0,0
2055,5,2881,5,1,0,0
2056,2,1303,3,0,1,0
2057,2,745,0,0,0,0
2058,3,1691,4,1,0,0
2059,5,3351,9,0,1,0
2060,2,334,0,1,0,0
2061,5,2990,11,1,1,0
2062,5,3201,9,1,0,0
2063,1,50,0,0,0,0
2064,1,208,0,0,0,0
2065,4,1456,0,0,0,0
2066,5,3136,6,1,0,0
2067,6,2751,3,0,0,0
2068,1,516,1,0,0,0
2069,4,2132,1,0,0,0
2070,2,792,0,0,1,0
2071,2,943,2,0,1,0
2072,2,678,0,1,0,0
2073,1,218,0,0,0,0
2074,7,3368,8,1,1,0
2075,5,2883,5,1,0,0
2076,4,1832,4,1,0,0
2077,5,1701,1,1,0,0
2078,2,303,0,0,0,0
2079,1,571,0,0,0,0
2080,7,5115,14,0,0,0
2081,7,5045,5,1,0,1
2082,8,4361,9,0,1,1
2083,4,2029,1,1,0,0
2084,7,2344,1,0,1,0
2085,4,1301,1,0,1,0
2086,3,1424,2,1,0,0
2087,5,3449,9,1,0,0
2088,1,412,0,0,0,0
2089,4,2710,7,1,0,0
2090,1,258,0,0,0,0
2091,2,1010,2,1,0,0
2092,3,682,1,0,1,0
2093,1,320,0,0,0,0
2094,4,1880,5,1,0,0
2095,5,1437,1,1,0,0
2096,2,377,0,0,0,0
2097,4,2586,7,1,0,0
2098,5,2774,9,0,0,1
2099,6,3506,9,0,1,0
2100,6,3241,11,1,1,0
2101,6,3489,6,1,0,0
2102,4,2281,1,0,1,0
2103,2,547,1,0,0,0
2104,6,1765,2,1,1,0
2105,2,852,1,0,0,0
2106,1,360,0,0,0,0
2107,1,599,0,0,0,0
2108,4,2516,1,1,0,0
2109,2,862,0,0,0,1
2110,4,2125,8,1,0,0
2111,7,4430,11,1,1,0
2112,7,4424,8,1,0,0
2113,4,2152,0,0,0,0
2114,3,2189,6,0,0,0
2115,4,797,1,1,0,0
2116,1,389,0,0,0,0
2117,3,1468,3,1,0,0
2118,2,994,3,0,1,0
2119,1,446,0,0,0,0
2120,5,2857,5,1,1,0
2121,4,1485,4,0,1,0
2122,7,3635,1,0,0,1
2123,5,2017,1,0,1,0
2124,3,667,0,0,0,0
2125,2,357,0,1,0,0
2126,4,1071,1,1,0,0
2127,3,1292,0,0,0,0
2128,4,1968,5,1,0,0
2129,2,708,0,0,1,0
2130,10,6304,17,1,1,1
2131,3,2007,4,1,0,0
2132,4,1991,2,1,0,0
2133,2,543,0,0,0,0
2134,9,6482,9,1,1,0
2135,4,2419,4,1,0,0
2136,8,3104,1,1,1,1
2137,3,1287,1,0,1,0
2138,1,305,1,0,0,0
2139,5,1776,2,0,0,0
2140,3,1604,3,1,0,0
2141,4,2789,4,0,1,0
2142,6,3458,4,1,0,1
2143,6,3850,10,1,1,0
2144,4,1809,3,1,0,0
2145,2,469,1,0,0,0
2146,1,108,1,0,0,0
2147,2,1152,4,1,0,0
2148,3,2064,6,1,0,0
2149,3,1206,4,1,0,0
2150,7,3302,6,1,0,0
2151,3,1650,2,0,1,0
2152,1,84,0,0,0,0
2153,3,1670,4,1,0,0
2154,5,2645,1,1,1,0
2155,1,293,0,1,0,0
2156,7,3920,7,1,0,0
2157,4,2414,1,1,0,0
2158,7,3880,5,1,1,0
2159,2,985,1,0,0,0
2160,3,1705,3,0,0,0
2161,8,2844,3,1,1,0
2162,10,6598,9,1,0,1
2163,1,423,0,0,0,0
2164,3,1398,0,1,0,0
2165,1,604,2,0,0,0
2166,4,2249,3,0,0,0
2167,2,847,0,0,0,0
2168,5,2923,2,1,1,0
2169,5,2936,6,0,1,0
2170,3,1001,0,0,1,0
2171,2,527,0,1,0,0
2172,2,735,0,1,0,0
2173,6,3241,3,1,1,0
2174,2,1324,3,1,0,0
2175,2,1074,1,1,0,0
2176,4,850,0,1,0,0
2177,4,924,1,1,0,0
2178,6,2943,2,1,0,0
2179,6,1432,0,1,0,0
2180,6,1797,0,1,0,0
2181,4,1033,1,1,0,0
2182,3,1442,1,0,0,0
2183,12,7420,16,1,0,0
2184,5,2639,7,1,0,1
2185,1,362,0,0,0,0
2186,5,1701,0,1,0,0
2187,2,739,0,0,0,0
2188,2,1329,1,0,1,0
2189,6,3032,5,1,1,0
2190,10,7076,14,1,0,0
2191,6,3229,5,0,0,0
2192,5,2150,3,1,1,0
2193,3,907,1,1,0,0
2194,2,794,0,0,0,1
2195,2,879,1,0,0,0
2196,2,400,0,1,0,0
2197,2,344,1,1,0,0
2198,5,2299,3,0,0,0
2199,5,1980,0,1,0,0
2200,1,244,0,0,0,0
2201,1,383,0,0,0,0
2202,6,3723,6,0,0,0
2203,7,4405,8,1,0,1
2204,7,4260,11,0,0,1
2205,7,1842,2,1,0,0
2206,4,1941,4,1,0,0
2207,7,4399,7,1,1,0
2208,4,2042,6,0,1,0
2209,4,1735,3,1,0,1
2210,7,2287,0,1,0,1
2211,1,324,0,0,0,0
2212,3,1354,3,1,1,0
2213,3,737,0,0,0,1
2214,2,539,1,1,0,0
2215,4,1941,2,0,0,0
2216,4,1256,0,0,0,0
2217,4,1961,4,0,1,0
2218,4,1235,2,1,1,1
2219,2,902,2,0,0,0
2220,9,4375,8,1,1,1
2221,1,361,0,0,0,0
2222,4,1407,2,1,1,0
2223,1,475,0,0,0,0
2224,4,1463,0,1,0,0
2225,4,2338,6,1,0,0
2226,8,5055,10,1,1,0
2227,1,282,0,0,0,0
2228,5,3396,6,0,0,0
2229,2,725,5,0,0,0
2230,6,3893,4,1,1,0
2231,4,1548,3,0,0,1
2232,4,1786,2,0,1,0
2233,4,1047,0,0,1,0
2234,3,1639,2,1,0,1
2235,2,602,1,0,1,0
2236,4,1332,2,0,1,1
2237,7,4558,11,1,0,0
2238,7,4912,14,1,1,1
2239,4,2752,3,0,0,0
2240,3,993,0,0,1,0
2241,2,1377,2,0,0,0
2242,4,2678,5,0,0,0
2243,1,366,0,0,0,0
2244,3,1129,1,0,1,1
2245,4,1941,8,0,1,0
2246,2,761,0,0,0,1
2247,2,694,0,0,0,0
2248,7,3909,8,1,0,0
2249,4,936,0,1,1,0
2250,8,2442,0,1,1,0
2251,6,3752,3,0,1,0
2252,6,3105,2,1,1,0
2253,4,2154,3,1,0,0
2254,2,383,1,0,0,0
2255,6,4339,6,0,0,0
2256,8,5787,11,1,0,1
2257,9,3390,6,0,1,0
2258,4,2330,1,1,1,0
2259,5,2099,0,1,1,0
2260,3,794,0,0,1,0
2261,3,1396,3,1,0,0
2262,1,315,0,1,0,0
2263,3,785,1,0,0,0
2264,2,845,2,0,0,0
2265,3,714,0,1,0,0
2266,2,614,0,0,0,0
2267,8,5605,7,1,0,1
2268,6,2482,2,0,0,1
2269,1,402,0,0,0,0
2270,5,2263,3,1,1,0
2271,4,1337,1,1,0,0
2272,5,1504,0,0,0,0
2273,1,443,0,0,0,0
2274,2,749,3,0,0,0
2275,5,1663,1,1,1,0
2276,5,2524,3,1,0,0
2277,4,2234,6,1,0,0
2278,3,1437,1,1,0,0
2279,7,4795,12,1,1,0
2280,4,1955,3,0,1,0
2281,3,1734,5,1,0,0
2282,2,672,0,0,0,0
2283,1,195,0,0,0,0
2284,4,2614,6,0,0,0
2285,3,1391,0,1,0,0
2286,9,5039,8,0,1,0
2287,2,583,1,0,0,0
2288,5,2962,2,0,1,0
2289,2,481,1,1,1,0
2290,4,2910,5,0,0,1
2291,3,1400,3,0,0,0
2292,4,2432,6,1,0,0
2293,2,248,0,1,0,0
2294,3,1401,0,0,1,0
2295,5,1733,0,1,0,0
2296,3,1576,2,0,0,0
2297,3,959,0,1,0,0
2298,7,4407,14,0,1,1
2299,3,1943,4,0,1,0
2300,2,1180,2,0,0,0
2301,4,1079,1,1,0,1
2302,6,2417,2,1,0,0
2303,2,1307,3,0,0,0
2304,1,271,0,1,0,0
2305,2,1116,2,0,0,0
2306,3,1972,6,0,1,0
2307,1,202,0,0,0,0
2308,2,568,0,0,0,0
2309,3,1418,4,0,1,0
2310,3,856,0,0,0,0
2311,3,1460,2,0,0,0
2312,1,296,0,0,0,0
2313,2,903,0,1,0,0
2314,3,700,0,0,1,0
2315,3,1205,1,0,0,0
2316,1,350,1,0,0,0
2317,5,3392,4,1,0,0
2318,2,898,2,1,0,0
2319,10,4805,8,0,1,0
2320,6,3037,4,0,0,0
2321,5,2388,1,0,1,0
2322,3,921,0,0,1,0
2323,7,4136,6,1,0,1
2324,3,1454,0,0,0,0
2325,4,2176,0,1,0,0
2326,7,2503,1,1,0,1
2327,1,223,0,0,0,0
2328,2,567,0,0,0,0
2329,3,876,0,1,1,0
2330,1,498,1,0,0,0
2331,5,2529,3,1,0,1
2332,7,4215,7,1,1,0
2333,4,1972,2,1,0,0
2334,5,1325,2,1,1,1
2335,4,2850,5,0,0,0
2336,5,2369,3,0,0,0
2337,4,1667,0,1,0,1
2338,3,1693,0,1,0,0
2339,4,2271,1,0,1,0
2340,3,833,2,0,1,0
2341,4,1182,0,1,0,0
2342,1,132,0,0,0,0
2343,6,3611,3,0,0,0
2344,1,300,0,0,0,0
2345,2,680,2,1,0,0
2346,1,253,0,0,0,0
2347,3,1100,0,1,0,0
2348,6,4065,10,0,0,0
2349,2,858,1,0,0,0
2350,6,2425,3,1,0,0
2351,2,825,0,0,0,0
2352,6,2197,0,0,1,1
2353,4,1652,2,0,0,0
2354,2,719,0,0,0,0
2355,1,306,0,0,0,0
2356,2,370,0,0,0,0
2357,6,3622,6,1,1,1
2358,4,2490,8,0,0,0
2359,4,1452,2,0,0,1
2360,4,839,1,0,1,0
2361,3,1059,3,1,0,0
2362,7,3920,7,0,0,0
2363,2,819,0,0,0,0
2364,3,798,1,0,0,0
2365,3,1170,5,0,0,0
2366,5,2275,4,0,0,1
2367,7,3978,9,1,0,0
2368,2,787,1,1,0,0
2369,4,2242,5,1,1,0
2370,5,1776,1,1,1,1
2371,4,1362,1,0,0,0
2372,3,839,0,1,0,0
2373,3,1760,4,0,0,0
2374,4,2424,5,0,1,1
2375,3,1075,1,0,0,0
2376,1,365,1,0,0,0
2377,1,520,0,0,0,0
2378,6,1760,4,0,1,1
2379,3,682,0,0,1,0
2380,5,1449,0,0,1,0
2381,1,565,1,0,0,0
2382,6,3287,11,1,1,0
2383,4,2047,3,1,1,0
2384,1,302,1,0,0,0
2385,1,485,3,0,0,0
2386,3,1749,2,0,0,0
2387,2,732,2,1,0,0
2388,5,3016,6,0,1,0
2389,4,2497,7,0,0,0
2390,5,2802,5,1,1,0
2391,1,689,1,0,0,0
2392,2,610,0,0,1,0
2393,3,1283,1,0,0,0
2394,1,298,0,0,0,0
2395,3,1628,4,0,0,0
2396,5,2813,3,0,0,0
2397,5,2506,4,0,0,0
2398,1,518,0,0,0,0
2399,5,3207,3,0,0,0
2400,2,1140,0,0,0,0
2401,2,744,2,1,0,0
2402,3,1395,2,0,1,0
2403,4,1281,0,1,0,0
2404,1,130,0,0,0,0
2405,4,1922,2,1,0,0
2406,3,1715,5,1,0,0
2407,4,1572,1,0,0,0
2408,3,1504,3,1,1,0
2409,1,358,0,0,0,0
2410,2,424,0,0,0,0
2411,7,4398,12,1,1,0
2412,8,4831,8,1,0,1
2413,5,2854,9,1,1,1
2414,3,1149,0,0,0,0
2415,3,1181,1,0,0,0
2416,3,1293,2,0,0,0
2417,6,2020,2,0,1,0
2418,8,4318,4,1,1,0
2419,6,3144,9,1,0,0
2420,7,3826,8,0,0,0
2421,3,2023,3,1,0,0
2422,4,1307,2,0,0,0
2423,2,1256,3,0,1,0
2424,8,5415,9,1,0,0
2425,2,427,0,0,0,0
2426,1,329,0,0,0,0
2427,1,258,0,0,0,0
2428,4,1706,2,1,0,0
2429,5,3208,7,0,0,0
2430,7,3201,5,1,1,0
2431,5,1167,1,0,0,1
2432,2,881,1,0,0,0
2433,2,460,0,0,1,0
2434,1,263,0,0,0,0
2435,5,2044,1,1,0,0
2436,3,1457,3,1,1,0
2437,4,1012,1,0,0,1
2438,1,210,0,0,0,0
2439,3,669,0,0,1,0
2440,1,262,0,0,0,0
2441,2,1275,2,0,0,0
2442,7,4748,14,1,0,1
2443,1,209,1,0,0,0
2444,1,350,0,0,0,0
2445,1,321,1,0,0,0
2446,6,3997,9,0,0,0
2447,4,1240,1,0,1,0
2448,5,3613,6,1,1,0
2449,3,940,0,0,0,0
2450,5,2374,3,1,0,1
2451,3,1816,2,1,0,0
2452,6,1428,2,1,0,0
2453,2,824,1,1,0,0
2454,4,2578,2,0,1,0
2455,3,1544,5,0,0,1
2456,2,513,0,0,0,0
2457,5,2892,3,0,0,0
2458,5,2495,2,0,0,1
2459,5,2688,3,1,1,0
2460,4,1857,4,1,1,0
2461,2,545,1,0,0,0
2462,1,280,0,0,0,0
2463,5,3210,8,0,0,0
2464,1,253,0,0,0,0
2465,4,1919,1,0,1,0
2466,4,1884,4,0,0,1
2467,2,1020,0,1,0,0
2468,2,907,1,0,0,0
2469,5,1296,2,0,0,0
2470,5,2092,2,1,0,0
2471,5,3184,8,0,1,0
2472,1,307,0,0,0,0
2473,7,5028,7,1,1,0
2474,2,584,0,1,0,0
2475,3,1482,1,1,0,0
2476,1,414,1,0,0,0
2477,2,1208,1,0,0,1
2478,1,567,2,1,0,0
2479,3,954,0,0,1,1
2480,3,1993,5,0,0,0
2481,1,308,0,0,0,0
2482,6,3300,7,0,1,1
2483,9,6200,9,0,1,0
2484,2,618,2,0,0,0
2485,7,4768,11,1,0,0
2486,2,1213,3,1,0,0
2487,4,1282,0,1,0,0
2488,3,1294,4,0,0,0
2489,1,254,0,0,0,0
2490,5,2216,1,0,0,0
2491,4,2890,4,0,0,0
2492,9,3105,2,1,0,0
2493,4,1954,1,1,0,0
2494,7,3826,2,1,1,0
2495,6,3161,12,1,0,0
2496,4,1340,0,0,0,1
2497,1,88,1,0,0,0
2498,4,1219,0,0,0,0
2499,1,341,0,0,0,0
2500,3,832,0,1,0,0
2501,7,4306,8,1,0,0
2502,3,1468,2,0,0,0
2503,2,1171,1,0,0,0
2504,6,2394,1,1,1,0
2505,3,1754,1,1,0,0
2506,1,183,0,0,0,0
2507,4,1395,3,0,0,0
2508,4,1439,1,0,0,0
2509,9,6274,12,1,0,0
2510,1,332,0,0,0,0
2511,3,627,0,0,1,0
2512,1,387,0,0,0,0
2513,2,576,2,0,0,0
2514,5,2225,3,0,0,0
2515,3,1164,3,0,0,0
2516,2,1370,1,0,0,0
2517,4,771,1,1,1,0
2518,5,2806,2,1,0,0
2519,4,1113,0,0,0,0
2520,1,200,0,0,0,0
2521,5,1854,2,0,0,0
2522,1,359,0,0,0,0
2523,1,139,0,0,0,0
2524,2,642,0,0,0,0
2525,3,2201,6,0,0,0
2526,6,2228,3,1,1,0
2527,4,2052,3,1,1,0
2528,3,1884,2,1,0,0
2529,5,2669,8,0,1,0
2530,8,5673,9,0,1,0
2531,4,2221,4,1,0,0
2532,4,2792,5,0,0,0
2533,4,2226,4,1,0,0
2534,4,2348,4,0,1,0
2535,2,973,2,0,0,1
2536,4,882,1,0,0,0
2537,5,2960,1,0,0,0
2538,5,2039,0,1,0,0
2539,4,902,1,0,0,0
2540,4,1098,0,0,1,0
2541,1,103,0,0,0,0
2542,8,5048,9,1,0,0
2543,1,163,1,0,0,0
2544,5,2331,2,1,0,0
2545,4,1994,2,1,1,0
2546,5,2199,4,1,0,0
2547,4,2176,2,1,0,0
2548,1,324,0,0,0,0
2549,7,4270,10,1,1,0
2550,4,1066,1,0,0,0
2551,3,1861,4,0,0,0
2552,3,1019,0,0,0,1
2553,4,3025,5,1,0,1
2554,3,981,0,0,0,0
2555,2,596,1,0,0,0
2556,4,1459,0,0,0,0
2557,3,963,1,0,0,0
2558,4,1870,0,0,0,0
2559,2,734,1,0,0,0
2560,3,701,0,1,0,1
2561,5,1678,1,1,0,0
2562,6,1241,2,0,1,0
2563,2,550,0,0,0,0
2564,4,1142,1,1,1,0
2565,1,50,1,0,0,0
2566,4,1871,0,1,0,0
2567,4,2744,2,1,0,0
2568,8,5071,8,1,0,1
2569,2,516,0,0,0,0
2570,2,1082,2,0,0,0
2571,4,977,2,0,1,0
2572,3,1748,2,0,0,0
2573,3,568,1,0,0,0
2574,1,580,2,0,0,0
2575,2,984,0,0,0,0
2576,7,3923,7,1,0,0
2577,4,1303,6,0,1,0
2578,2,739,1,0,0,1
2579,2,479,1,1,0,0
2580,5,1305,1,0,1,0
2581,1,463,0,0,0,0
2582,1,249,0,0,0,0
2583,4,773,1,1,1,0
2584,5,1958,3,0,0,0
2585,5,2503,9,1,0,0
2586,3,2044,4,1,0,0
2587,4,721,0,1,1,0
2588,3,1431,1,1,0,0
2589,6,3358,3,1,1,0
2590,5,1879,0,1,1,0
2591,5,3180,9,0,0,0
2592,2,398,1,1,0,0
2593,3,1510,2,0,0,0
2594,1,494,0,0,0,0
2595,1,351,0,0,0,0
2596,4,2192,1,1,0,0
2597,4,2513,4,0,0,0
2598,1,286,0,0,0,0
2599,6,3745,8,1,1,1
2600,3,1547,2,0,0,0
2601,4,2473,2,0,0,0
2602,4,1730,2,0,1,0
2603,1,445,2,0,0,0
2604,3,1639,0,1,0,0
2605,4,1883,3,0,0,0
2606,3,1082,2,1,0,0
2607,4,2304,4,1,1,0
2608,7,3776,8,1,0,0
2609,3,876,2,1,1,0
2610,2,299,0,0,0,0
2611,1,194,0,0,0,0
2612,2,798,2,0,0,0
2613,6,3933,14,0,1,0
2614,5,2810,1,1,0,0
2615,3,1339,2,1,0,0
2616,4,2494,5,0,1,0
2617,5,1999,2,0,1,0
2618,2,332,0,0,0,0
2619,8,5130,6,1,1,1
2620,6,2147,1,1,0,0
2621,6,3007,7,1,0,1
2622,3,1238,1,0,0,0
2623,5,3267,5,1,0,0
2624,4,2446,6,1,0,0
2625,8,5605,7,1,0,0
2626,6,3055,7,1,0,0
2627,6,3860,7,0,1,0
2628,1,275,1,0,0,0
2629,3,1800,2,0,1,0
2630,4,2661,3,0,0,0
2631,5,2051,3,1,0,0
2632,4,1438,0,1,0,0
2633,5,3488,2,1,0,0
2634,3,1375,1,0,0,1
2635,3,1352,0,0,0,0
2636,1,211,0,0,0,0
2637,6,3296,2,1,0,0
2638,2,886,0,0,0,0
2639,1,151,1,0,0,0
2640,8,4232,5,1,0,1
2641,1,634,2,0,0,0
2642,1,251,0,0,0,0
2643,4,1742,1,1,1,0
2644,2,853,0,0,1,0
2645,2,981,0,0,0,0
2646,6,3036,4,0,1,0
2647,1,222,0,0,0,0
2648,10,6057,14,1,1,1
2649,4,1471,1,0,1,0
2650,4,2743,8,1,0,0
2651,2,622,1,1,0,0
2652,5,2271,0,1,0,1
2653,2,690,1,0,0,0
2654,5,2739,6,1,0,1
2655,1,368,0,0,0,0
2656,9,4219,3,1,0,0
2657,1,212,0,0,0,0
2658,6,3643,1,0,1,0
2659,1,441,0,0,0,0
2660,5,3234,1,1,1,0
2661,4,1236,0,0,1,1
2662,2,1034,2,0,1,0
2663,4,2538,2,0,0,1
2664,1,302,0,0,0,0
2665,3,1403,2,1,0,0
2666,4,2393,3,0,1,0
2667,1,384,0,0,0,0
2668,4,2426,5,1,0,0
2669,4,1498,2,1,0,0
2670,2,648,0,0,0,0
2671,5,3732,5,1,1,0
2672,3,1618,5,0,0,0
2673,2,666,0,0,0,0
2674,1,135,0,0,0,0
2675,3,948,0,0,0,0
2676,7,4831,9,1,1,0
2677,4,2174,3,1,0,0
2678,5,2882,8,0,1,0
2679,1,594,0,0,0,0
2680,10,4236,8,1,1,1
2681,1,142,0,1,0,0
2682,2,720,1,0,0,0
2683,7,2901,9,1,0,0
2684,1,263,0,0,0,0
2685,3,605,1,0,0,0
2686,7,4658,13,0,0,1
2687,2,409,1,1,0,0
2688,1,663,0,0,0,0
2689,4,2428,2,1,0,0
2690,1,394,0,0,0,0
2691,1,519,1,0,0,0
2692,10,5104,16,1,1,0
2693,3,1318,1,0,0,0
2694,4,1315,0,0,1,0
2695,6,2767,1,0,0,0
2696,5,3911,7,1,0,0
2697,5,3190,3,0,0,0
2698,6,3246,5,0,0,1
2699,5,2741,7,1,1,0
2700,3,1206,2,0,0,0
2701,2,705,1,1,0,0
2702,3,886,1,1,0,0
2703,5,2628,6,1,1,0
2704,6,2618,1,1,0,0
2705,8,4844,7,1,0,0
2706,1,459,0,0,0,0
2707,3,1250,0,1,0,0
2708,4,2199,7,1,0,0
2709,5,2642,2,0,1,0
2710,2,736,0,0,0,0
2711,5,1725,0,0,1,0
2712,5,1511,3,0,0,0
2713,1,436,0,0,0,0
2714,8,5125,6,1,1,1
2715,2,960,1,0,0,0
2716,2,1409,3,0,0,1
2717,7,5255,7,0,1,0
2718,8,5275,10,0,1,0
2719,6,3891,6,0,1,1
2720,10,6826,13,1,0,0
2721,3,1018,0,0,1,0
2722,1,261,0,0,0,0
2723,3,1622,2,1,0,0
2724,8,2944,3,1,0,0
2725,3,1857,3,0,0,1
2726,5,3243,6,0,0,0
2727,2,467,0,0,0,0
2728,10,5990,3,0,1,0
2729,4,2928,4,0,0,0
2730,8,4968,11,0,1,0
2731,4,1633,3,1,0,0
2732,4,2181,2,0,0,0
2733,5,3589,6,1,0,0
2734,1,430,2,0,0,0
2735,2,653,0,1,0,0
2736,5,2906,3,0,0,0
2737,1,360,0,0,0,0
2738,4,1015,2,1,0,0
2739,2,1128,3,1,0,0
2740,2,825,0,0,0,0
2741,5,1741,3,1,0,0
2742,4,2165,5,0,0,1
2743,4,1752,2,0,0,0
2744,2,641,0,0,1,0
2745,5,3263,5,1,0,0
2746,2,637,0,0,0,1
2747,3,776,0,1,0,0
2748,4,1521,0,0,1,0
2749,5,1792,0,1,0,0
2750,3,912,0,0,0,0
2751,8,3950,4,1,1,1
2752,6,2862,1,1,0,0
2753,7,3938,9,1,1,1
2754,1,228,0,0,0,0
2755,3,978,1,1,0,0
2756,5,2498,5,0,1,0
2757,5,2344,3,0,0,0
2758,5,1400,0,0,1,0
2759,4,1152,0,0,1,0
2760,5,3067,7,0,0,0
2761,2,508,1,0,0,0
2762,3,1800,5,0,1,0
2763,3,1926,3,0,0,0
2764,4,1862,1,1,0,0
2765,3,1820,5,0,0,0
2766,2,1523,4,1,0,0
2767,6,3787,4,1,1,0
2768,2,605,0,1,0,0
2769,4,1616,0,0,1,0
2770,1,335,0,0,0,0
2771,9,4707,6,1,1,1
2772,4,2351,4,1,0,0
2773,7,1851,2,1,0,0
2774,3,1708,3,1,0,0
2775,4,1918,4,1,1,0
2776,3,1519,0,1,0,0
2777,3,1729,5,1,0,0
2778,1,117,0,0,0,0
2779,5,2014,3,0,0,1
2780,2,844,1,0,0,0
2781,3,2136,5,1,0,0
2782,3,943,0,0,0,0
2783,2,718,0,1,0,0
2784,3,1914,4,0,0,0
2785,3,1432,0,0,0,0
2786,2,761,1,1,0,0
2787,2,1062,1,0,0,0
2788,4,1205,1,1,0,0
2789,4,1003,2,1,0,0
2790,1,159,0,0,0,0
2791,1,194,0,0,0,0
2792,6,3100,5,0,0,0
2793,6,3282,3,1,0,1
2794,6,2374,2,1,1,0
2795,4,2681,6,0,0,0
2796,2,1122,4,0,0,0
2797,3,1740,4,1,1,0
2798,6,3939,6,1,1,0
2799,5,2067,5,0,1,0
2800,1,367,0,0,0,0
2801,4,1077,0,0,0,0
2802,2,1394,1,0,0,0
2803,3,917,0,0,0,0
2804,4,1774,1,1,0,0
2805,3,2183,5,1,0,0
2806,1,216,0,0,0,0
2807,2,1269,2,0,0,0
2808,5,2959,3,1,0,1
2809,4,3074,10,0,0,0
2810,3,1683,5,0,0,0
2811,3,629,1,0,0,0
2812,6,3788,13,1,0,0
2813,1,627,0,0,0,0
2814,5,1614,1,0,0,0
2815,2,418,0,0,0,0
2816,4,1210,0,1,0,0
2817,2,675,0,0,0,0
2818,4,2576,3,1,0,0
2819,6,3803,11,1,0,0
2820,6,3789,4,1,1,0
2821,1,216,1,0,0,0
2822,4,2295,2,1,1,0
2823,1,314,0,0,0,0
2824,4,862,1,1,0,0
2825,11,7642,17,1,1,1
2826,6,3840,6,0,1,0
2827,4,1611,2,0,1,0
2828,4,2777,3,1,0,0
2829,1,277,0,0,0,0
2830,6,3103,1,1,1,1
2831,8,5431,11,0,0,0
2832,11,7349,14,1,1,0
2833,5,3036,6,1,0,0
2834,3,1697,2,0,0,0
2835,1,595,0,0,0,0
2836,4,1467,2,1,0,0
2837,2,641,0,0,0,0
2838,4,1194,1,1,0,0
2839,4,1112,0,1,0,0
2840,6,2787,4,0,0,1
2841,2,345,1,0,0,0
2842,3,1173,2,1,0,0
2843,6,2801,3,1,1,0
2844,3,1079,0,0,0,0
2845,5,2360,2,0,0,1
2846,8,2420,1,1,0,1
2847,2,476,1,0,0,0
2848,2,860,0,0,0,0
2849,1,531,0,0,0,0
2850,4,2487,8,1,0,0
2851,2,922,3,1,0,0
2852,2,1321,2,0,0,0
2853,3,1179,2,1,0,0
2854,6,3048,2,1,0,0
2855,3,850,1,0,0,0
2856,1,115,0,0,0,0
2857,8,4105,2,1,1,0
2858,4,1933,1,0,0,0
2859,2,532,0,0,0,0
2860,4,2101,7,0,0,0
2861,5,3288,6,1,0,0
2862,5,2548,5,0,0,0
2863,3,796,2,1,0,0
2864,3,871,2,0,0,0
2865,2,518,0,0,0,0
2866,7,4632,7,0,0,0
2867,6,3562,5,0,0,0
2868,9,6300,11,1,0,0
2869,2,280,0,0,1,0
2870,5,1427,2,1,0,0
2871,1,371,0,0,0,0
2872,4,1821,2,0,0,0
2873,3,1397,1,0,0,0
2874,8,4487,7,1,1,1
2875,2,617,0,1,0,0
2876,2,610,2,0,0,0
2877,8,4601,5,1,0,0
2878,9,6299,6,1,1,0
2879,7,3688,3,1,1,0
2880,3,1675,1,0,0,0
2881,7,3708,10,1,0,0
2882,2,992,3,0,0,0
2883,5,3037,9,1,1,0
2884,6,3690,5,0,1,1
2885,4,1949,3,1,0,0
2886,1,136,0,0,0,0
2887,5,3038,3,0,1,0
2888,2,651,0,1,0,0
2889,6,4012,10,0,0,0
2890,4,1882,3,0,1,0
2891,8,4956,12,1,1,0
2892,4,1644,0,1,1,1
2893,1,516,3,0,0,0
2894,1,201,0,0,0,0
2895,8,5136,7,0,1,0
2896,9,5738,12,1,0,0
2897,4,2209,6,0,1,0
2898,2,622,0,0,0,0
2899,4,2587,6,0,0,1
2900,3,802,1,0,0,0
2901,1,303,1,0,0,0
2902,2,976,4,0,0,0
2903,6,3063,3,0,0,0
2904,5,3381,8,1,1,0
2905,4,1225,0,1,0,0
2906,2,814,0,0,0,0
2907,3,908,1,0,0,0
2908,6,3489,8,1,0,0
2909,1,272,0,0,0,0
2910,1,469,1,0,0,0
2911,3,1349,2,0,0,0
2912,3,708,0,0,0,0
2913,5,3443,10,1,0,0
2914,4,1382,0,0,0,0
2915,1,599,0,0,0,0
2916,10,6927,12,1,1,1
2917,8,5097,9,1,0,1
2918,7,1987,2,1,1,0
2919,7,4201,7,1,0,0
2920,1,568,0,0,0,0
2921,2,909,0,1,0,0
2922,1,531,0,0,0,0
2923,6,2834,2,1,1,1
2924,10,6970,9,1,1,0
2925,5,2350,3,1,0,0
2926,5,2619,6,1,0,0
2927,5,2333,2,1,1,0
2928,2,962,0,0,1,0
2929,3,726,0,0,0,0
2930,5,3228,7,1,1,0
2931,5,2048,0,1,0,0
2932,5,2455,1,0,1,0
2933,8,5534,11,1,1,1
2934,2,598,1,0,0,1
2935,4,2528,3,1,0,0
2936,1,285,0,0,0,0
2937,3,1501,0,1,1,0
2938,3,980,0,0,0,0
2939,3,1001,1,0,0,0
2940,7,4070,8,1,0,0
2941,12,6890,7,1,1,1
2942,2,1061,1,0,0,0
2943,3,1455,1,1,0,0
2944,2,1147,5,0,0,0
2945,6,2727,3,0,1,0
2946,4,1510,0,1,0,0
2947,3,1124,0,1,0,0
2948,1,261,0,0,0,0
2949,6,2533,3,0,0,0
2950,1,435,1,0,0,0
2951,1,377,0,0,0,0
2952,2,598,0,0,0,0
2953,3,1128,1,1,1,0
2954,5,3597,7,0,0,0
2955,5,2697,3,0,0,0
2956,2,568,1,0,0,0
2957,5,1157,2,1,0,0
2958,2,1477,0,0,0,1
2959,3,1426,2,0,0,0
2960,5,3233,3,0,1,0
2961,4,1439,0,0,0,0
2962,4,2054,2,0,0,0
2963,1,175,1,0,0,0
2964,5,1255,3,1,1,0
2965,5,2432,5,1,1,0
2966,7,4045,10,1,1,0
2967,7,4893,9,1,1,0
2968,3,1953,7,1,0,0
2969,1,456,0,0,0,0
2970,4,2218,5,0,0,0
2971,2,451,0,0,1,0
2972,4,1175,0,0,0,0
2973,4,1758,3,0,0,0
2974,8,4721,8,1,1,1
2975,1,271,1,0,0,0
2976,2,607,0,0,0,0
2977,1,152,0,0,0,0
2978,3,853,0,1,0,0
2979,11,5950,14,1,0,0
2980,4,1587,0,0,0,0
2981,6,3992,10,1,0,0
2982,3,1734,3,1,0,0
2983,2,880,0,0,0,0
2984,2,903,1,1,0,0
2985,3,1834,3,0,0,0
2986,6,4166,6,0,1,0
2987,5,2222,6,1,0,0
2988,2,690,0,0,0,0
2989,3,757,2,1,0,0
2990,2,881,1,0,0,0
2991,1,564,1,0,0,0
2992,11,7236,11,0,1,0
2993,2,418,2,0,0,0
2994,4,1925,5,0,0,0
2995,2,576,0,0,0,0
2996,3,1460,2,0,0,0
2997,5,3497,8,1,0,0
2998,7,4584,14,0,0,1
2999,4,2088,5,1,0,1
3000,1,238,0,0,0,0
3001,3,1300,2,0,0,0
3002,3,1674,4,1,0,0
3003,2,1146,0,1,0,0
3004,2,492,0,1,0,0
3005,2,711,0,1,0,0
3006,6,3999,6,1,0,0
3007,5,2218,2,1,0,0
3008,1,384,0,0,0,0
3009,6,2036,4,0,1,0
3010,6,2401,5,0,0,0
3011,3,1301,2,1,0,0
3012,4,1278,0,0,1,0
3013,3,1091,0,0,0,0
3014,5,1503,0,1,1,0
3015,2,1060,4,0,0,0
3016,6,3544,7,0,1,0
3017,6,4020,5,1,0,0
3018,5,2388,6,1,0,1
3019,5,2566,4,0,0,0
3020,3,1945,1,0,0,0
3021,5,1939,2,1,0,0
3022,1,471,0,0,0,0
3023,3,1021,1,0,0,0
3024,2,527,1,0,0,0
3025,7,4939,10,1,0,0
3026,3,1377,2,0,0,0
3027,4,2267,4,1,0,0
3028,1,262,0,0,0,0
3029,7,4294,10,0,0,0
3030,7,4226,5,1,1,1
3031,2,553,0,1,0,0
3032,4,2543,3,0,0,0
3033,2,390,1,0,0,0
3034,6,2797,6,1,1,0
3035,7,4711,10,1,1,0
3036,3,461,0,0,1,0
3037,1,274,0,0,0,0
3038,3,716,1,0,0,0
3039,1,276,0,0,0,0
3040,9,4470,10,1,0,0
3041,3,1913,3,0,1,0
3042,3,968,1,0,1,0
3043,2,358,0,1,0,0
3044,1,207,0,1,0,0
3045,4,1457,1,0,0,1
3046,1,225,0,0,0,0
3047,1,268,2,0,0,0
3048,2,786,5,0,0,0
3049,3,1761,0,0,0,0
3050,2,581,1,0,0,0
3051,3,722,0,1,0,0
3052,2,603,0,1,0,0
3053,7,4284,14,1,0,1
3054,1,416,0,0,0,0
3055,1,160,0,0,0,0
3056,7,4809,12,1,1,1
3057,5,3508,6,1,0,0
3058,8,4400,12,0,1,0
3059,1,588,2,0,0,0
3060,3,838,3,0,0,0
3061,3,1596,4,0,0,0
3062,4,1709,3,0,0,0
3063,7,3862,5,0,1,0
3064,3,1496,1,0,0,0
3065,1,232,1,0,0,0
3066,9,3293,1,1,0,0
3067,3,923,0,0,0,0
3068,2,268,1,1,0,0
3069,3,587,0,1,0,0
3070,10,5304,5,1,0,0
3071,6,1782,0,1,1,0
3072,7,4336,10,0,0,0
3073,6,2524,4,1,1,0
3074,6,3207,3,0,0,0
3075,5,1285,1,1,0,0
3076,4,1295,1,0,0,0
3077,7,3678,2,1,0,1
3078,7,3294,4,1,1,0
3079,3,1041,0,0,1,0
3080,1,180,0,0,0,0
3081,2,864,1,0,0,0
3082,10,6827,11,1,1,0
3083,2,648,0,0,0,0
3084,7,4103,10,0,1,1
3085,3,1540,1,0,0,0
3086,4,1884,8,1,0,0
3087,4,1164,1,0,0,0
3088,6,3588,9,1,1,0
3089,5,2056,3,0,1,0
3090,1,538,0,1,0,0
3091,3,1206,2,0,1,0
3092,7,4234,10,0,0,0
3093,5,2930,5,1,0,0
3094,6,4130,9,1,1,0
3095,2,360,1,0,0,0
3096,2,156,0,0,0,0
3097,4,2242,2,1,1,0
3098,3,803,2,1,1,0
3099,7,4176,9,1,1,0
3100,4,1987,1,0,1,0
3101,5,3422,7,1,0,0
3102,3,775,1,0,0,0
3103,5,1888,1,0,1,0
3104,2,1009,2,0,0,0
3105,2,633,1,0,0,0
3106,1,177,0,0,0,0
3107,1,472,0,0,0,0
3108,3,1617,1,1,1,0
3109,1,640,1,0,0,0
3110,3,1014,3,0,0,0
3111,5,2191,4,1,0,1
3112,6,3352,5,1,0,0
3113,1,373,0,0,0,0
3114,2,1401,4,0,0,0
3115,3,2073,4,0,0,0
3116,3,1611,4,1,0,0
3117,4,2709,3,0,1,0
3118,5,2984,2,1,0,0
3119,2,781,0,0,0,0
3120,6,2989,4,1,1,0
3121,3,1203,2,1,0,0
3122,4,1310,1,1,0,1
3123,1,148,0,0,0,0
3124,5,3484,8,0,1,0
3125,1,219,0,0,0,0
3126,5,2738,9,1,1,0
3127,5,1995,1,0,1,0
3128,4,2322,4,1,0,0
3129,1,264,0,0,0,0
3130,3,1210,1,1,0,0
3131,7,3732,10,1,0,0
3132,6,3540,7,1,0,0
3133,5,1008,1,0,1,0
3134,4,1641,1,1,1,0
3135,4,1664,6,0,0,1
3136,4,839,1,0,1,0
3137,9,5139,14,1,0,0
3138,2,399,0,0,1,0
3139,5,1722,0,1,0,0
3140,1,241,0,0,0,0
3141,5,3143,0,0,0,0
3142,6,4019,11,0,1,0
3143,7,3069,8,1,1,1
3144,5,2520,1,0,1,0
3145,6,3541,7,1,0,0
3146,3,1561,4,0,0,0
3147,1,469,0,0,0,0
3148,5,3650,7,0,1,0
3149,7,3926,4,0,1,1
3150,2,900,1,1,0,0
3151,1,178,0,0,0,0
3152,4,1145,1,1,0,0
3153,1,608,0,0,0,0
3154,4,2123,6,1,0,0
3155,3,925,0,0,0,0
3156,5,2865,8,1,0,0
3157,4,1748,3,1,1,0
3158,5,3014,6,1,0,1
3159,1,184,0,0,0,0
3160,2,590,1,0,0,0
3161,2,944,0,1,0,0
3162,6,3304,10,0,1,0
3163,1,493,0,0,0,0
3164,1,418,0,0,0,0
3165,5,3454,4,0,1,0
3166,4,1803,2,0,1,0
3167,1,305,0,0,0,0
3168,3,974,1,1,0,0
3169,6,4479,5,1,0,0
3170,3,1933,5,0,0,1
3171,2,804,1,0,0,0
3172,6,3363,8,1,1,0
3173,7,4560,7,0,1,0
3174,2,1109,4,0,0,0
3175,6,2310,1,1,1,0
3176,7,3860,5,1,1,1
3177,2,613,0,0,0,0
3178,8,5341,9,1,1,0
3179,4,1332,2,0,0,0
3180,4,1545,1,0,0,0
3181,7,4877,8,0,1,0
3182,6,1253,3,0,0,1
3183,7,4038,7,1,0,0
3184,9,4562,11,1,1,0
3185,4,1916,2,1,0,0
3186,7,3189,2,1,0,0
3187,5,2254,3,1,0,0
3188,3,1313,1,1,0,1
3189,3,1628,4,1,0,0
3190,5,3021,4,1,1,0
3191,1,624,3,0,0,0
3192,2,1393,0,0,0,0
3193,2,564,0,0,0,0
3194,7,3633,3,1,1,0
3195,3,1204,2,1,0,0
3196,6,3554,6,1,1,0
3197,7,4155,4,1,0,0
3198,2,610,0,0,1,0
3199,4,2327,3,1,0,0
3200,5,3452,8,0,1,0
3201,3,819,0,1,0,0
3202,1,263,0,0,0,0
3203,3,2063,3,0,0,0
3204,6,2443,2,1,1,0
3205,6,3518,9,1,1,0
3206,7,4025,8,0,0,1
3207,4,2164,4,1,0,0
3208,2,623,0,0,0,0
3209,6,3287,2,0,0,1
3210,3,1468,1,1,1,0
3211,4,1157,3,0,0,0
3212,1,307,0,0,0,0
3213,5,1615,0,0,1,0
3214,3,636,1,0,0,0
3215,3,1648,0,0,0,0
3216,1,429,0,0,0,0
3217,4,1767,2,1,0,0
3218,8,5610,9,1,0,1
3219,2,927,1,0,0,0
3220,3,979,0,0,0,0
3221,5,2410,4,1,0,0
3222,3,1935,2,0,0,0
3223,1,105,0,0,0,0
3224,3,640,0,1,0,0
3225,4,1529,0,1,0,0
3226,3,1602,0,0,0,0
3227,4,1791,5,0,0,0
3228,5,2575,5,0,1,0
3229,1,545,0,0,0,0
3230,3,1769,3,1,0,0
3231,4,1001,1,1,0,0
3232,5,2731,4,1,0,0
3233,2,558,2,0,0,0
3234,8,5603,15,0,1,1
3235,9,5750,10,1,1,0
3236,1,286,0,0,0,0
3237,4,1245,0,1,0,0
3238,3,1989,2,0,0,0
3239,9,4955,2,0,1,0
3240,1,279,0,0,0,0
3241,6,3065,3,1,0,0
3242,2,678,0,0,0,0
3243,2,230,0,1,0,0
3244,2,665,1,0,0,0
3245,1,320,0,0,0,0
3246,4,2447,6,1,0,0
3247,5,2588,3,1,1,0
3248,2,366,1,0,0,0
3249,3,1863,4,0,1,0
3250,3,1379,2,0,0,0
3251,7,3692,3,1,1,0
3252,6,1570,1,0,1,0
3253,5,2979,9,0,0,0
3254,2,674,0,1,0,0
3255,4,2334,4,0,0,0
3256,4,1250,2,0,1,0
3257,4,2340,4,1,0,0
3258,1,210,0,0,0,0
3259,5,3092,3,0,0,1
3260,4,1588,0,1,1,0
3261,2,618,0,0,0,0
3262,5,964,0,1,1,0
3263,2,877,0,1,0,0
3264,3,1810,2,1,1,0
3265,1,356,0,0,0,0
3266,2,441,0,0,0,0
3267,6,4433,6,0,1,1
3268,8,1656,0,1,0,1
3269,5,3186,6,1,0,0
3270,4,1551,0,0,1,0
3271,6,3279,7,1,1,0
3272,4,836,0,1,1,0
3273,4,933,0,1,0,0
3274,2,483,0,1,0,0
3275,6,2450,1,1,0,0
3276,7,4735,11,1,1,1
3277,5,1403,3,0,1,0
3278,2,1128,0,0,1,0
3279,2,102,1,0,1,0
3280,3,1634,5,0,0,0
3281,2,288,0,0,0,0
3282,4,2244,4,1,0,0
3283,4,1992,1,1,0,0
3284,2,853,0,0,0,0
3285,1,333,0,0,0,0
3286,2,249,1,0,0,0
3287,5,2031,1,1,0,0
3288,4,1330,0,1,0,0
3289,3,1713,2,0,0,0
3290,4,1803,3,1,1,0
3291,2,1225,1,0,1,0
3292,1,265,0,0,0,0
3293,4,654,0,0,0,0
3294,6,4041,7,0,0,0
3295,6,3531,6,0,0,1
3296,4,2812,4,1,0,1
3297,5,1445,0,1,0,0
3298,5,3092,4,1,1,0
3299,1,219,0,0,0,0
3300,2,623,0,0,0,0
3301,2,513,1,0,1,0
3302,9,2724,2,1,0,0
3303,4,1247,1,0,0,0
3304,5,3281,6,0,0,0
3305,1,399,0,0,0,0
3306,3,890,0,0,0,0
3307,10,3630,2,0,1,1
3308,1,251,0,0,0,0
3309,2,1031,3,0,0,0
3310,3,1662,6,0,0,0
3311,1,131,0,0,0,0
3312,3,871,1,1,0,0
3313,1,394,0,0,0,0
3314,6,3566,10,1,0,0
3315,3,2290,4,1,0,0
3316,3,952,0,1,0,0
3317,1,251,1,0,0,0
3318,6,3040,3,1,1,0
3319,9,5400,6,1,0,0
3320,5,3800,7,0,0,0
3321,3,901,0,0,0,0
3322,1,293,1,0,0,0
3323,2,360,1,0,0,0
3324,3,975,1,0,0,0
3325,5,2331,2,1,1,0
3326,5,2307,3,0,0,0
3327,4,923,0,1,0,0
3328,5,3405,10,0,1,0
3329,5,1903,2,0,1,0
3330,1,381,1,0,0,0
3331,2,1044,3,1,0,0
3332,6,1868,0,1,1,0
3333,3,866,1,1,0,0
3334,4,2029,4,0,0,0
3335,1,93,0,0,0,0
3336,6,4069,6,1,1,0
3337,1,416,0,0,0,0
3338,1,389,1,0,0,0
3339,12,7364,11,1,1,0
3340,1,219,0,0,0,0
3341,3,855,1,0,1,0
3342,2,557,0,1,0,0
3343,6,2447,0,1,1,0
3344,4,2464,8,0,1,0
3345,2,553,0,0,0,0
3346,2,638,0,0,0,1
3347,2,638,0,0,0,0
3348,3,1819,6,0,0,0
3349,6,1793,0,1,1,0
3350,6,3084,4,1,0,1
3351,2,812,2,0,0,0
3352,3,1508,2,1,0,0
3353,10,5626,8,1,1,0
3354,6,3223,10,0,1,0
3355,8,4799,3,1,0,1
3356,6,3881,7,1,0,1
3357,5,3261,6,1,0,1
3358,5,2523,5,0,0,0
3359,4,2224,0,1,0,0
3360,10,3697,2,1,1,0
3361,4,2406,1,0,1,0
3362,3,1157,3,0,0,0
3363,7,4888,8,1,0,1
3364,1,386,0,0,0,0
3365,4,1625,2,1,0,1
3366,2,303,0,0,0,0
3367,4,2691,4,0,1,0
3368,4,2145,1,0,1,1
3369,1,293,0,0,0,0
3370,3,1108,1,1,0,0
3371,3,2138,7,1,1,0
3372,6,3204,2,1,1,1
3373,4,2270,5,1,0,0
3374,1,135,0,0,0,0
3375,1,269,0,0,0,0
3376,2,1185,4,0,0,0
3377,4,2486,8,0,1,1
3378,8,4787,8,0,1,1
3379,3,537,2,0,0,0
3380,4,1711,1,0,0,0
3381,3,1894,3,0,0,0
3382,3,1266,0,0,1,0
3383,1,117,1,0,0,0
3384,6,3226,7,0,1,1
3385,4,2961,8,0,0,0
3386,2,461,1,1,0,0
3387,3,805,3,0,1,0
3388,4,998,0,1,1,0
3389,3,1180,1,1,1,0
3390,4,1126,1,0,0,0
3391,2,788,0,0,1,0
3392,5,1575,0,1,0,0
3393,1,393,1,0,0,0
3394,4,1227,0,0,0,0
3395,7,3125,5,0,1,0
3396,4,1642,2,0,1,0
3397,5,2486,8,1,0,0
3398,1,410,0,0,0,0
3399,5,3137,3,1,0,0
3400,5,3000,4,1,0,0
3401,2,1218,2,1,0,0
3402,3,1401,0,1,0,0
3403,5,1251,2,0,1,0
3404,9,5992,8,1,0,0
3405,3,1581,2,1,0,0
3406,4,929,0,1,0,0
3407,2,641,0,0,1,0
3408,7,1895,0,1,1,0
3409,1,364,0,0,0,0
3410,2,660,1,0,0,0
3411,3,931,0,0,0,0
3412,1,381,1,0,0,0
3413,5,3541,8,1,0,0
3414,2,1301,0,1,0,0
3415,5,3165,4,0,0,0
3416,4,2670,0,1,1,0
3417,2,832,0,0,1,0
3418,5,3748,10,1,1,0
3419,6,2649,5,1,0,0
3420,1,686,0,0,0,0
3421,9,5907,10,1,0,1
3422,3,2226,1,0,0,0
3423,3,1411,4,1,0,0
3424,2,376,0,0,0,0
3425,4,1544,1,1,0,0
3426,3,1842,2,0,0,0
3427,4,2198,3,0,0,1
3428,2,542,1,0,0,1
3429,6,3724,13,1,1,0
3430,3,1786,7,1,0,0
3431,6,3684,7,0,0,1
3432,3,1496,4,0,1,0
3433,6,4113,6,1,0,1
3434,2,1113,0,1,0,0
3435,2,673,2,0,0,0
3436,4,1801,1,0,1,0
3437,3,1796,2,0,0,0
3438,1,515,0,0,0,0
3439,1,324,1,0,0,0
3440,3,901,1,0,0,0
3441,2,767,0,0,0,0
3442,4,2087,2,0,0,0
3443,3,1614,6,0,0,0
3444,4,2118,7,0,0,0
3445,3,891,0,0,1,0
3446,1,714,1,0,0,0
3447,2,1151,1,0,0,0
3448,1,154,0,0,0,0
3449,1,335,0,0,0,0
3450,4,2597,3,1,0,0
3451,4,1684,1,1,1,0
3452,6,3134,4,1,1,0
3453,2,1335,4,0,0,0
3454,1,378,0,0,0,0
3455,4,2920,1,0,1,0
3456,4,1560,1,0,0,0
3457,2,649,1,0,0,0
3458,6,1452,1,1,0,0
3459,2,960,2,0,0,0
3460,2,696,0,0,0,0
3461,8,5896,15,1,1,0
3462,4,2122,2,1,1,1
3463,2,316,0,1,0,0
3464,1,245,0,0,0,0
3465,6,1923,1,1,0,0
3466,7,2848,4,1,0,0
3467,7,4603,9,1,1,0
3468,2,624,0,1,0,0
3469,1,730,2,0,0,0
3470,1,115,0,0,0,0
3471,1,247,0,0,0,0
3472,8,2008,0,1,1,0
3473,2,1286,2,0,0,0
3474,9,3608,1,0,1,0
3475,8,3016,5,1,1,1
3476,3,871,0,1,0,0
3477,1,537,4,0,0,0
3478,5,1277,1,0,0,0
3479,8,4451,3,1,0,0
3480,2,631,0,0,1,0
3481,8,5664,15,1,1,0
3482,4,1436,0,1,1,0
3483,8,2460,3,1,1,1
3484,4,1829,1,0,1,0
3485,8,4001,3,1,0,0
3486,4,1320,0,0,0,0
3487,7,3193,2,1,0,1
3488,1,295,0,0,0,0
3489,5,3013,2,0,0,0
3490,5,1296,2,0,0,0
3491,7,4234,8,1,1,0
3492,1,362,1,0,0,0
3493,4,1636,2,0,0,1
3494,6,2717,3,0,1,0
3495,3,822,0,0,1,0
3496,8,3852,9,1,1,0
3497,5,1944,3,1,1,0
3498,3,996,0,0,0,0
3499,7,3110,3,1,0,0
3500,3,669,0,0,0,0
3501,3,1149,0,0,0,0
3502,5,2480,5,0,1,1
3503,2,916,0,0,0,0
3504,6,3646,9,1,0,0
3505,3,1228,0,0,0,0
3506,3,1996,4,0,1,0
3507,6,3788,6,1,1,0
3508,1,451,1,0,0,0
3509,4,2446,2,1,0,0
3510,3,1095,0,0,0,0
3511,4,1096,2,1,0,0
3512,3,1683,2,0,0,0
3513,4,2293,2,0,1,0
3514,2,815,0,0,0,0
3515,2,558,2,0,1,0
3516,2,494,0,0,0,1
3517,3,1546,0,1,0,0
3518,1,649,1,0,0,0
3519,2,1083,2,0,0,0
3520,5,2765,0,0,1,0
3521,4,2134,4,1,0,1
3522,2,870,0,0,0,0
3523,3,756,0,0,0,0
3524,4,1510,1,0,0,1
3525,4,1674,5,0,0,1
3526,1,388,0,0,0,0
3527,3,1928,5,0,0,0
3528,4,2247,2,0,0,0
3529,3,1624,3,0,0,0
3530,1,247,0,0,0,0
3531,3,1212,1,0,0,0
3532,4,819,2,1,0,0
3533,2,1284,3,0,1,0
3534,1,447,2,0,0,0
3535,1,172,0,0,0,0
3536,5,1763,2,0,0,1
3537,5,3414,3,0,0,0
3538,5,2815,4,0,1,0
3539,5,2737,3,1,1,0
3540,6,1935,0,1,1,1
3541,5,3170,10,1,0,0
3542,7,3675,8,1,0,0
3543,4,2206,2,1,1,0
3544,7,4344,13,1,0,0
3545,3,1033,0,0,0,1
3546,8,3620,5,1,0,0
3547,1,394,0,1,0,0
3548,3,1007,0,1,0,1
3549,3,2043,2,0,0,0
3550,3,1543,3,0,0,0
3551,1,434,0,0,0,0
3552,6,3422,2,0,0,0
3553,4,1404,2,1,0,1
3554,4,2478,5,1,0,0
3555,4,2454,3,1,0,0
3556,6,2722,5,1,1,0
3557,1,340,0,1,0,0
3558,1,302,0,0,0,0
3559,2,633,0,0,1,0
3560,2,1063,0,0,1,0
3561,7,3350,10,1,1,0
3562,2,561,0,0,0,0
3563,4,1924,1,0,0,0
3564,4,2100,2,1,0,0
3565,8,4324,4,0,1,0
3566,4,2287,8,1,0,0
3567,5,1859,0,0,0,0
3568,4,2189,4,1,0,1
3569,7,4860,10,1,1,0
3570,7,2802,2,1,0,0
3571,5,1991,5,0,1,0
3572,2,614,0,0,0,0
3573,2,741,0,0,0,0
3574,6,2933,4,0,0,1
3575,3,812,1,0,0,0
3576,3,1431,1,0,0,0
3577,6,3876,11,1,1,0
3578,3,1965,9,0,1,0
3579,6,3796,10,1,1,0
3580,6,3579,9,1,0,0
3581,2,1043,1,1,0,0
3582,5,3381,3,0,1,0
3583,4,2445,4,1,0,0
3584,2,682,0,0,0,0
3585,2,463,1,0,0,0
3586,1,230,0,0,0,0
3587,7,4185,8,1,1,0
3588,3,1830,3,1,0,0
3589,5,1733,2,0,0,0
3590,3,1423,1,1,0,0
3591,3,1054,1,0,0,0
3592,3,965,1,0,1,0
3593,2,1284,1,0,0,0
3594,1,210,2,0,0,0
3595,4,1873,0,0,1,0
3596,3,1055,0,0,0,0
3597,7,3777,8,0,1,0
3598,8,2353,0,1,0,0
3599,1,440,0,0,0,0
3600,4,2266,7,0,0,0
3601,5,2263,6,1,0,0
3602,2,1135,4,0,0,0
3603,2,776,2,0,0,0
3604,4,1128,3,1,0,0
3605,2,404,0,0,1,0
3606,2,531,0,0,0,0
3607,2,846,0,0,1,0
3608,1,301,1,0,0,0
3609,5,2610,2,0,0,0
3610,6,2433,2,1,1,0
3611,4,1505,2,0,0,0
3612,1,353,0,0,0,0
3613,2,775,0,0,0,0
3614,1,421,2,0,0,0
3615,7,3215,6,1,0,0
3616,3,1841,2,1,0,0
3617,3,1726,4,0,1,0
3618,3,1692,4,1,0,0
3619,6,3368,3,0,0,1
3620,10,5673,18,1,1,1
3621,6,2290,0,0,1,0
3622,4,819,1,1,0,0
3623,4,3003,5,0,1,0
3624,3,1599,0,1,0,0
3625,3,2121,4,0,1,0
3626,3,1226,1,0,1,0
3627,6,4055,6,1,1,0
3628,5,2214,2,0,0,0
3629,4,2585,5,1,0,0
3630,2,482,1,0,0,0
3631,4,2393,4,1,0,0
3632,6,2392,1,0,1,1
3633,2,529,0,0,0,0
3634,2,300,0,1,0,0
3635,10,3615,1,1,1,0
3636,5,1691,3,1,0,0
3637,2,1211,3,0,0,0
3638,2,975,2,0,1,0
3639,7,1549,1,1,0,0
3640,6,3740,5,0,1,0
3641,5,2146,3,0,0,1
3642,5,1700,1,0,1,0
3643,6,2790,3,1,1,1
3644,7,4902,11,0,0,1
3645,5,2300,5,0,0,0
3646,1,236,0,1,0,0
3647,3,2083,3,0,0,1
3648,1,403,0,0,0,0
3649,5,3262,4,1,0,0
3650,4,2152,2,0,0,0
3651,1,419,2,0,0,0
3652,2,616,0,0,0,0
3653,3,1883,2,1,1,0
3654,4,1864,2,0,0,0
3655,5,3350,5,1,0,0
3656,6,3065,3,0,1,0
3657,5,2810,6,1,0,0
3658,5,2515,4,0,1,1
3659,3,1581,0,0,0,1
3660,3,704,0,0,0,0
3661,3,885,0,0,0,0
3662,4,1394,4,1,0,1
3663,4,2357,2,0,0,0
3664,3,1804,4,1,1,0
3665,5,2327,5,1,0,0
3666,7,5006,4,1,0,0
3667,3,749,3,0,0,0
3668,3,1099,2,0,1,0
3669,4,1716,0,1,1,0
3670,1,583,1,0,0,0
3671,1,416,0,0,0,0
3672,3,1816,4,0,1,0
3673,1,351,0,1,0,0
3674,3,1376,0,0,1,0
3675,2,847,1,1,0,0
3676,3,1189,1,1,0,0
3677,6,3900,5,1,0,0
3678,4,2743,4,0,0,1
3679,6,2425,0,0,0,0
3680,4,2341,5,0,0,0
3681,7,4176,7,1,1,1
3682,1,382,0,0,0,0
3683,1,147,0,0,0,0
3684,1,375,0,0,0,0
3685,9,5529,8,1,1,0
3686,4,1926,3,0,0,0
3687,2,1369,2,0,0,1
3688,3,1503,2,1,0,0
3689,1,361,0,0,0,0
3690,5,2808,6,0,1,0
3691,8,4679,11,1,1,1
3692,2,1303,3,0,0,0
3693,1,232,0,0,0,0
3694,4,2441,4,0,1,0
3695,3,734,1,0,0,0
3696,5,2303,3,0,0,0
3697,2,1347,1,0,0,0
3698,3,1519,5,0,0,0
3699,1,428,0,0,0,0
3700,3,874,0,0,0,0
3701,1,130,0,0,0,0
3702,4,698,2,0,0,0
3703,8,4633,4,1,1,1
3704,3,797,0,0,0,0
3705,4,1972,5,0,1,0
3706,7,3583,2,1,1,0
3707,2,611,0,0,0,0
3708,2,391,1,0,0,0
3709,3,729,1,1,0,0
3710,3,1210,2,0,1,0
3711,4,2923,3,1,0,0
3712,8,5723,8,1,1,0
3713,9,6216,11,1,0,1
3714,1,230,0,0,0,0
3715,1,281,1,0,0,0
3716,5,3384,8,1,0,0
3717,4,2418,4,1,1,0
3718,7,4729,6,1,0,1
3719,7,4489,5,1,1,0
3720,2,1264,1,0,0,0
3721,5,2292,2,1,0,0
3722,5,2320,3,1,1,0
3723,4,2396,4,1,1,0
3724,3,1375,5,1,0,1
3725,1,313,1,0,0,0
3726,1,171,0,0,0,0
3727,3,652,0,1,0,0
3728,2,1308,1,0,1,0
3729,4,1663,4,1,0,0
3730,5,1837,4,1,1,0
3731,3,1356,1,1,0,0
3732,3,1480,1,1,0,0
3733,1,271,0,0,0,0
3734,2,1170,2,1,0,0
3735,5,3377,6,1,0,0
3736,7,3431,7,0,0,0
3737,1,233,0,0,0,0
3738,8,3694,2,1,0,1
3739,2,1453,1,0,0,0
3740,7,4871,9,1,0,0
3741,3,1435,2,1,0,0
3742,5,3412,6,0,1,0
3743,3,1154,1,0,0,0
3744,4,2393,4,0,0,0
3745,1,246,0,0,0,0
3746,4,996,0,1,0,0
3747,4,2290,6,0,1,0
3748,5,2870,9,1,0,0
3749,4,1402,2,0,0,0
3750,1,217,1,0,0,0
3751,5,2578,3,0,1,1
3752,1,387,0,0,0,0
3753,5,2815,4,1,1,0
3754,2,1028,3,0,0,0
3755,6,1898,1,0,0,0
3756,1,491,0,0,0,0
3757,2,990,2,0,0,0
3758,7,4261,12,1,1,0
3759,2,1184,3,0,0,0
3760,1,533,1,0,0,0
3761,2,427,0,1,0,0
3762,1,117,0,0,0,0
3763,3,1831,5,0,0,0
3764,1,511,3,0,0,0
3765,1,255,0,0,0,0
3766,5,2498,3,0,0,0
3767,2,1148,1,0,1,0
3768,2,1341,2,0,1,0
3769,6,4402,9,1,0,0
3770,1,698,0,0,0,0
3771,1,532,1,0,0,0
3772,1,749,0,0,0,0
3773,5,2698,8,1,0,0
3774,4,1224,1,1,0,0
3775,1,244,2,0,0,0
3776,3,1141,1,0,0,1
3777,5,2325,2,1,0,0
3778,4,2762,3,0,0,0
3779,2,1051,0,0,0,0
3780,4,1522,3,0,0,0
3781,5,3435,9,1,0,0
3782,4,1843,3,1,0,0
3783,10,3412,3,0,1,0
3784,3,1713,3,1,0,0
3785,6,2865,8,1,0,0
3786,4,2678,7,0,0,0
3787,9,5145,14,1,0,0
3788,5,1458,1,1,0,0
3789,7,3658,9,0,1,0
3790,5,3319,10,0,1,0
3791,4,2376,4,0,1,0
3792,2,693,0,0,0,0
3793,1,312,1,0,0,0
3794,4,1744,0,0,1,0
3795,4,1108,1,0,1,0
3796,3,988,0,1,0,0
3797,3,1789,4,0,0,0
3798,6,4560,7,1,0,1
3799,4,2116,4,0,0,0
3800,4,1408,1,1,0,0
3801,4,1902,1,0,0,0
3802,1,599,1,0,0,0
3803,8,4535,4,0,1,0
3804,5,3104,5,1,0,1
3805,5,2208,0,0,0,0
3806,6,3670,9,1,0,0
3807,4,1658,0,0,1,0
3808,2,1098,4,0,1,0
3809,9,5260,6,1,0,0
3810,1,343,0,0,0,0
3811,3,997,1,0,0,0
3812,1,498,0,0,0,0
3813,1,136,0,0,0,0
3814,3,1225,2,0,0,1
3815,1,517,0,0,0,0
3816,2,789,0,1,0,0
3817,1,294,0,0,0,0
3818,9,5198,12,1,0,0
3819,5,1173,0,0,0,0
3820,2,1325,2,0,0,0
3821,3,897,1,0,0,1
3822,5,2460,6,1,1,0
3823,5,2737,3,0,0,0
3824,8,5047,4,1,1,0
3825,2,521,0,1,0,0
3826,7,3466,3,0,0,0
3827,5,2745,5,1,0,0
3828,5,2931,6,1,0,1
3829,2,521,0,0,0,0
3830,4,1961,3,1,0,0
3831,6,3647,5,0,1,0
3832,6,2901,6,1,0,0
3833,4,900,2,0,0,0
3834,5,1689,0,0,0,1
3835,5,1170,2,0,1,0
3836,2,636,2,1,0,0
3837,4,996,1,1,1,0
3838,4,2780,5,0,0,0
3839,3,2342,0,0,1,0
3840,2,821,2,0,0,0
3841,6,4069,5,1,0,1
3842,4,1670,3,0,0,0
3843,1,333,1,0,0,0
3844,2,546,0,0,0,0
3845,8,3155,2,1,0,0
3846,1,600,0,0,0,0
3847,8,5433,18,1,0,1
3848,4,1163,0,0,0,0
3849,3,1902,7,1,0,0
3850,4,891,1,0,1,1
3851,5,1503,2,0,0,0
3852,6,3962,8,1,0,0
3853,7,2144,3,1,1,0
3854,1,550,3,1,0,0
3855,3,1961,2,1,1,0
3856,5,1430,2,1,0,0
3857,5,2736,1,1,0,0
3858,1,647,1,0,0,0
3859,5,1423,0,0,0,1
3860,5,3285,6,1,1,0
3861,4,1226,1,1,0,0
3862,1,340,0,1,0,0
3863,3,737,2,0,0,0
3864,5,2513,5,1,0,0
3865,7,4036,10,1,0,0
3866,3,1542,1,1,0,0
3867,5,1518,0,1,1,0
3868,7,1692,1,1,0,0
3869,1,429,1,0,0,0
3870,1,463,0,0,0,0
3871,6,4427,9,1,1,0
3872,4,1415,1,0,1,0
3873,4,1435,1,1,1,0
3874,6,3194,11,1,0,0
3875,6,3856,8,1,1,1
3876,5,2168,3,0,0,0
3877,5,3421,4,1,0,1
3878,7,4160,7,0,1,0
3879,3,1364,1,0,0,0
3880,2,647,0,0,0,0
3881,2,467,3,0,0,0
3882,3,1943,2,0,0,0
3883,2,1083,4,0,0,0
3884,1,314,0,0,0,0
3885,4,1427,1,1,0,0
3886,1,180,0,0,0,0
3887,3,1511,1,1,0,0
3888,4,1733,2,1,0,0
3889,2,467,0,0,0,0
3890,3,1330,0,0,1,0
3891,2,1063,2,0,0,0
3892,5,3234,2,0,0,1
3893,2,1215,3,0,0,0
3894,2,660,1,1,0,0
3895,1,352,1,0,0,0
3896,3,1265,1,0,0,0
3897,3,1372,0,1,0,0
3898,3,1714,6,1,0,0
3899,2,567,0,0,0,0
3900,6,2563,5,1,1,0
3901,2,958,0,0,0,0
3902,9,5535,12,1,0,0
3903,3,1333,0,0,0,0
3904,9,5830,19,0,0,0
3905,4,761,2,0,0,0
3906,9,5815,14,1,1,0
3907,5,2496,3,0,0,0
3908,1,417,0,0,0,0
3909,1,330,0,0,0,0
3910,2,519,0,0,1,0
3911,8,2712,3,1,1,0
3912,8,4445,6,0,1,0
3913,2,1016,1,0,0,0
3914,3,1604,1,1,0,0
3915,3,1628,2,0,0,0
3916,7,3796,11,1,0,0
3917,5,2903,3,0,1,0
3918,6,4351,12,1,0,0
3919,1,383,0,0,0,0
3920,5,2685,5,0,0,1
3921,6,3715,12,1,0,0
3922,6,3830,9,1,1,0
3923,5,3185,9,0,0,0
3924,5,2623,0,1,0,0
3925,3,1279,1,0,0,0
3926,8,4283,15,1,1,0
3927,7,2776,0,0,0,0
3928,1,323,0,0,0,0
3929,4,2820,3,0,0,0
3930,7,4237,4,1,0,0
3931,4,1797,2,0,0,0
3932,5,2161,4,1,0,0
3933,3,1308,1,0,0,0
3934,4,1722,2,0,0,0
3935,1,285,0,0,0,0
3936,4,1018,0,1,1,0
3937,4,1261,1,1,0,0
3938,5,2747,2,1,0,0
3939,2,1122,1,0,0,0
3940,3,1034,2,0,0,0
3941,4,2042,4,0,1,0
3942,1,86,0,0,0,0
3943,4,2001,1,0,0,0
3944,5,3005,6,0,0,0
3945,8,3851,7,1,0,0
3946,3,952,0,0,1,0
3947,3,901,3,0,1,0
3948,3,985,1,0,1,0
3949,2,1364,3,1,0,0
3950,6,1987,0,1,1,0
3951,3,663,0,0,0,0
3952,10,6871,11,1,1,0
3953,2,356,1,0,1,0
3954,2,692,0,0,0,0
3955,3,1922,4,1,0,0
3956,7,3831,4,1,1,0
3957,5,2935,2,0,0,0
3958,1,111,0,0,0,0
3959,7,4565,12,0,1,0
3960,2,769,1,0,0,0
3961,3,1318,3,0,0,0
3962,2,549,2,0,0,0
3963,3,1697,1,0,0,0
3964,4,2738,4,0,1,0
3965,3,637,1,0,0,0
3966,3,860,0,0,1,0
3967,2,474,0,0,0,0
3968,3,1857,5,1,0,0
3969,1,293,1,0,0,0
3970,3,1374,4,0,0,0
3971,3,762,0,0,0,0
3972,3,1193,1,0,1,0
3973,5,2578,7,0,0,0
3974,4,2073,2,0,1,1
3975,3,1846,8,1,0,0
3976,1,337,0,0,0,0
3977,3,847,0,1,0,0
3978,6,4235,6,0,1,0
3979,1,433,0,0,0,0
3980,2,1547,5,0,0,0
3981,3,1286,2,0,0,0
3982,3,761,0,0,0,0
3983,1,195,0,0,0,0
3984,4,1112,2,0,1,0
3985,8,4842,12,0,1,0
3986,5,2149,2,1,0,0
3987,5,2617,5,0,1,0
3988,9,4290,7,1,1,1
3989,6,2258,1,1,0,0
3990,2,511,0,1,0,0
3991,4,2506,4,1,0,0
3992,5,1879,0,1,1,0
3993,5,1929,1,0,1,0
3994,4,2557,2,0,1,1
3995,1,624,1,0,0,0
3996,6,4081,4,1,0,0
3997,6,2243,0,1,0,0
3998,1,319,0,0,0,0
3999,6,3701,4,1,1,0
4000,5,2898,4,0,1,0
4001,3,755,0,0,0,1
4002,6,2312,0,1,0,1
4003,5,3234,5,0,0,0
4004,1,391,2,0,0,0
4005,1,200,0,0,0,0
4006,7,2078,0,1,0,0
4007,5,1923,3,0,0,1
4008,6,2919,3,1,1,1
4009,3,854,1,0,0,0
4010,1,266,0,0,0,0
4011,2,842,4,0,0,0
4012,2,731,0,0,0,0
4013,11,6680,15,1,1,0
4014,4,2138,4,0,0,0
4015,2,696,1,0,1,0
4016,4,1449,0,0,1,0
4017,7,4171,10,0,1,0
4018,3,678,1,0,0,0
4019,1,348,3,0,0,0
4020,1,347,0,0,0,0
4021,2,873,0,0,0,0
4022,3,1012,2,0,0,0
4023,1,468,1,0,0,0
4024,3,1152,0,0,0,0
4025,5,1762,0,1,0,0
4026,2,1261,3,1,0,0
4027,4,2155,6,0,0,0
4028,1,659,0,0,0,0
4029,10,5877,8,0,1,0
4030,5,2144,3,0,0,0
4031,12,8536,11,0,1,0
4032,3,1799,3,0,0,0
4033,3,1421,2,0,0,0
4034,3,1162,4,0,0,0
4035,7,4866,5,0,1,0
4036,2,1001,0,0,0,0
4037,3,1500,3,1,0,0
4038,7,3363,2,1,0,0
4039,4,2151,2,0,0,1
4040,4,1222,1,0,0,0
4041,1,116,0,0,0,0
4042,2,756,0,0,0,0
4043,1,558,0,0,0,0
4044,1,626,0,0,0,0
4045,4,2764,7,1,1,0
4046,2,1469,6,0,1,0
4047,2,220,0,0,0,0
4048,2,1081,3,0,0,0
4049,5,2126,7,1,0,0
4050,6,2234,0,1,1,0
4051,4,2851,6,1,0,0
4052,3,1425,2,0,0,0
4053,6,1900,1,1,0,0
4054,1,292,0,0,0,0
4055,2,731,1,0,0,0
4056,3,1096,0,0,1,0
4057,3,1215,1,0,0,0
4058,4,2212,5,1,0,0
4059,4,1367,2,0,0,0
4060,4,1016,1,0,0,0
4061,5,2170,3,1,0,0
4062,2,909,0,0,0,0
4063,2,838,0,0,0,0
4064,3,2012,4,0,1,0
4065,6,3698,10,1,1,0
4066,2,740,0,0,0,0
4067,3,1966,2,1,0,0
4068,4,2268,1,1,0,0
4069,5,3434,5,1,0,0
4070,4,1427,3,0,0,0
4071,3,995,1,0,1,0
4072,3,1618,2,0,0,0
4073,2,1001,0,0,0,0
4074,5,2214,3,1,1,0
4075,3,1415,5,1,0,0
4076,1,331,0,0,0,0
4077,3,1136,4,0,0,0
4078,5,1879,3,0,0,1
4079,2,609,0,0,1,0
4080,1,538,1,1,0,0
4081,6,3709,2,0,0,0
4082,3,1435,4,0,1,0
4083,1,153,0,0,0,0
4084,7,4122,3,0,0,1
4085,2,996,2,0,0,0
4086,10,7046,13,1,0,0
4087,2,558,1,0,0,0
4088,7,3693,8,0,1,1
4089,4,2387,1,1,0,0
4090,2,416,0,0,0,0
4091,8,3455,0,1,1,0
4092,1,227,0,0,0,0
4093,5,2547,6,1,0,0
4094,3,818,0,0,0,1
4095,6,4286,7,1,0,1
4096,1,593,0,0,0,0
4097,5,3179,5,0,1,0
4098,4,2481,6,1,1,0
4099,2,1003,4,0,1,0
4100,2,1053,1,0,0,0
4101,3,877,1,0,0,0
4102,7,2401,2,0,1,0
4103,6,3255,13,0,1,0
4104,2,623,1,0,0,0
4105,4,2157,7,0,1,0
4106,6,2856,5,1,0,0
4107,6,4551,14,1,0,0
4108,7,1808,1,1,1,0
4109,4,1948,1,1,1,0
4110,5,2342,5,0,1,0
4111,5,2478,2,1,1,0
4112,3,1817,3,0,0,1
4113,5,3200,3,0,0,0
4114,7,3574,6,1,1,0
4115,2,1016,1,1,0,0
4116,2,444,0,0,0,0
4117,8,2782,3,1,1,0
4118,4,914,1,0,1,0
4119,4,1732,4,1,0,0
4120,3,1122,0,0,0,0
4121,5,2447,2,1,0,0
4122,3,1232,0,0,0,0
4123,3,1155,2,0,0,0
4124,7,3208,8,0,1,0
4125,2,943,1,0,0,0
4126,3,1401,0,1,0,0
4127,9,6073,11,1,1,0
4128,3,700,0,0,0,0
4129,3,814,1,1,0,0
4130,2,992,1,0,1,0
4131,5,1915,2,1,1,0
4132,5,1259,1,1,1,1
4133,4,2658,5,0,0,0
4134,5,1364,1,1,0,0
4135,4,2273,5,0,1,0
4136,4,1052,1,0,1,0
4137,9,4944,5,1,1,0
4138,2,1144,3,0,0,0
4139,1,310,0,1,0,0
4140,1,262,1,0,0,0
4141,3,1423,4,1,0,0
4142,2,385,0,0,0,0
4143,5,1692,3,0,0,0
4144,5,3064,7,1,0,1
4145,4,2174,5,0,0,1
4146,2,1177,3,1,0,0
4147,1,447,0,0,0,0
4148,1,335,0,0,0,0
4149,10,6735,12,1,0,1
4150,4,1352,2,0,1,0
4151,2,409,0,0,0,0
4152,1,267,0,0,0,0
4153,2,620,0,0,0,0
4154,1,334,0,0,0,0
4155,5,1592,0,0,0,0
4156,7,3698,10,1,1,0
4157,2,724,1,0,0,0
4158,4,1739,4,0,0,0
4159,4,1471,0,1,0,0
4160,6,2393,5,1,0,0
4161,1,73,0,0,0,0
4162,2,943,2,0,0,0
4163,6,2953,1,0,1,0
4164,3,1217,0,0,1,0
4165,5,2131,3,0,1,0
4166,2,740,0,0,0,0
4167,6,2370,3,0,1,0
4168,2,531,0,0,0,0
4169,4,2839,3,1,1,0
4170,4,2722,6,1,0,0
4171,4,2614,4,1,0,1
4172,6,2915,6,1,0,0
4173,1,236,0,0,0,0
4174,1,657,3,0,0,0
4175,6,4044,7,1,0,0
4176,7,3833,7,0,1,0
4177,2,529,1,0,0,1
4178,2,630,0,0,0,0
4179,3,1946,5,0,0,0
4180,2,696,2,0,0,0
4181,3,588,1,1,0,0
4182,4,2754,6,1,0,0
4183,1,129,0,0,0,0
4184,6,3297,4,1,1,0
4185,2,1096,1,0,0,0
4186,1,468,0,0,0,0
4187,2,1090,2,1,0,0
4188,2,1237,4,1,0,0
4189,1,203,1,0,0,0
4190,1,375,0,0,0,0
4191,7,4824,9,1,1,1
4192,3,1093,2,0,0,0
4193,4,1003,1,0,0,0
4194,5,3295,3,1,0,1
4195,7,3709,11,1,0,0
4196,5,1714,0,0,0,0
4197,4,2231,3,1,1,1
4198,3,924,0,1,0,0
4199,3,1702,4,1,1,0
4200,3,663,1,0,0,0
4201,3,2013,3,1,0,0
4202,2,348,0,1,0,0
4203,6,4063,6,1,0,0
4204,4,2355,4,0,1,0
4205,4,1929,0,0,0,0
4206,8,4188,6,1,1,1
4207,3,1524,2,1,0,0
4208,3,2074,4,1,0,0
4209,1,247,0,0,0,0
4210,2,828,2,0,0,1
4211,2,1242,0,1,0,0
4212,2,1018,1,0,0,0
4213,7,4681,8,1,0,0
4214,3,1512,2,0,0,0
4215,4,1767,4,1,0,0
4216,2,1057,0,0,0,0
4217,3,1794,4,0,0,0
4218,9,5844,8,1,1,1
4219,4,2174,7,0,0,0
4220,5,2880,11,0,1,0
4221,1,262,1,0,0,0
4222,8,4513,5,1,0,0
4223,3,2152,4,0,1,0
4224,10,6515,16,1,1,0
4225,6,2949,10,1,1,0
4226,3,1412,0,0,0,0
4227,2,1105,1,0,0,0
4228,2,333,0,1,0,0
4229,3,943,0,1,0,0
4230,2,881,2,0,0,0
4231,7,4031,4,1,0,0
4232,5,1621,2,1,1,0
4233,4,1237,0,0,1,0
4234,1,598,0,0,0,0
4235,6,3239,2,0,1,0
4236,4,2151,4,0,0,0
4237,3,1415,4,1,0,0
4238,4,1196,1,1,0,0
4239,2,1370,3,1,0,0
4240,3,1428,4,1,0,0
4241,8,5323,9,1,1,0
4242,2,1055,2,0,0,0
4243,2,792,1,0,0,0
4244,7,3736,4,0,0,1
4245,4,1735,0,1,0,0
4246,3,1292,2,1,0,0
4247,5,2110,2,0,0,0
4248,2,701,0,0,0,0
4249,6,3362,2,1,0,1
4250,3,1949,5,0,0,1
4251,1,309,1,0,0,0
4252,1,337,0,0,0,0
4253,12,6015,8,1,1,0
4254,5,3617,7,0,1,0
4255,3,1935,3,0,1,0
4256,4,1026,0,0,1,0
4257,1,364,0,0,0,0
4258,3,1117,0,1,0,0
4259,11,7455,6,1,1,1
4260,2,430,0,1,0,0
4261,8,5338,14,0,1,0
4262,4,2339,2,1,0,0
4263,4,2260,2,1,0,0
4264,3,576,1,1,1,0
4265,5,1652,2,0,1,1
4266,4,2846,6,1,0,0
4267,1,499,1,1,0,0
4268,4,2138,4,1,0,0
4269,4,2064,1,0,0,0
4270,4,2585,5,1,0,0
4271,9,5293,6,1,0,0
4272,2,1101,0,0,0,0
4273,9,6009,16,1,1,0
4274,4,2862,3,1,0,0
4275,8,4923,11,0,1,0
4276,6,3985,7,1,1,0
4277,2,847,0,1,0,0
4278,1,253,0,0,0,0
4279,4,959,0,1,1,0
4280,3,997,0,0,1,0
4281,5,3230,5,1,0,0
4282,2,1176,1,0,0,0
4283,3,751,1,1,0,0
4284,4,1174,1,1,0,0
4285,4,1762,1,1,0,0
4286,2,295,2,1,0,0
4287,1,689,2,0,0,0
4288,3,887,1,0,1,0
4289,2,579,0,1,0,0
4290,3,895,1,1,0,1
4291,6,3196,8,1,0,0
4292,5,2353,3,0,0,0
4293,3,1062,1,1,0,0
4294,3,1390,3,0,0,0
4295,2,925,1,0,0,0
4296,2,1141,2,1,0,0
4297,8,4217,6,1,1,0
4298,2,1055,2,0,0,0
4299,3,2159,5,1,0,0
4300,9,6108,10,1,0,0
4301,1,207,0,0,0,0
4302,2,531,1,0,0,0
4303,3,985,0,0,0,0
4304,4,1490,5,1,0,0
4305,3,1626,3,0,0,1
4306,1,340,1,0,0,0
4307,9,5216,11,1,1,0
4308,2,1432,1,0,0,0
4309,4,1888,2,1,0,1
4310,5,2423,1,0,0,0
4311,6,3483,8,1,0,1
4312,7,1966,1,1,0,1
4313,1,283,0,0,0,0
4314,6,3330,4,0,1,0
4315,4,944,0,1,0,0
4316,1,259,0,0,0,0
4317,4,1832,5,0,0,0
4318,6,1178,1,0,1,0
4319,5,2678,9,1,0,0
4320,2,737,0,1,0,0
4321,12,7276,15,1,0,1
4322,2,1526,2,0,0,0
4323,8,4437,2,1,1,0
4324,4,1400,2,0,0,0
4325,3,834,1,0,1,0
4326,3,817,1,0,0,0
4327,2,1253,3,0,1,0
4328,3,504,0,0,1,0
4329,5,1845,2,0,0,1
4330,3,1522,1,1,0,0
4331,5,3216,5,1,1,0
4332,1,279,0,0,0,0
4333,3,1201,1,0,0,0
4334,7,4734,12,1,1,0
4335,1,551,0,0,0,0
4336,4,1534,3,0,0,0
4337,4,1174,0,1,0,0
4338,8,5567,3,1,1,0
4339,5,2908,0,0,0,0
4340,7,2062,0,1,0,0
4341,1,372,0,0,0,0
4342,3,1455,1,1,1,0
4343,5,1696,1,0,1,0
4344,4,2688,6,0,0,0
4345,2,787,0,0,0,0
4346,5,2394,1,0,0,0
4347,3,1832,3,1,0,1
4348,3,1260,3,0,1,0
4349,5,2520,7,1,1,1
4350,1,244,0,1,0,0
4351,1,149,0,0,0,0
4352,2,518,0,0,0,0
4353,2,434,0,0,0,0
4354,5,3265,7,1,1,0
4355,11,6693,16,0,0,0
4356,4,2237,3,1,0,0
4357,4,874,2,0,1,0
4358,4,2024,6,1,0,0
4359,3,1595,1,0,0,1
4360,5,3095,2,1,1,0
4361,6,1667,0,0,1,0
4362,8,5553,4,0,1,0
4363,2,971,0,0,0,0
4364,2,688,0,1,0,0
4365,7,4062,11,0,0,0
4366,10,3693,3,1,0,0
4367,2,297,0,0,1,0
4368,2,1297,1,0,1,0
4369,7,3451,5,1,1,0
4370,4,1350,0,1,1,0
4371,1,218,0,0,0,0
4372,6,2557,3,1,0,0
4373,4,1011,0,0,0,0
4374,3,1039,2,1,0,0
4375,3,1811,0,0,1,0
4376,5,2958,6,1,0,1
4377,5,1618,1,0,0,0
4378,1,758,1,0,0,0
4379,4,3054,8,0,1,0
4380,1,396,0,0,0,0
4381,1,658,1,0,0,0
4382,1,321,1,0,0,0
4383,6,2947,6,1,1,0
4384,6,3422,2,1,0,0
4385,2,790,0,0,0,0
4386,10,7346,10,1,1,1
4387,7,2366,4,1,0,1
4388,3,1491,1,0,0,1
4389,4,2270,12,0,0,0
4390,6,3382,8,1,1,0
4391,4,1563,1,0,1,0
4392,7,4708,10,0,0,0
4393,2,967,2,0,1,0
4394,5,3548,7,1,1,0
4395,3,661,0,0,0,0
4396,4,1457,1,1,0,1
4397,1,537,0,0,0,0
4398,4,2219,2,0,0,0
4399,5,2926,3,1,0,1
4400,2,1156,3,0,0,0
4401,3,1247,2,0,0,0
4402,4,1014,1,0,0,0
4403,3,654,0,0,0,0
4404,7,3735,6,1,1,0
4405,7,4062,10,0,0,1
4406,2,882,1,0,1,0
4407,1,300,0,0,0,0
4408,5,2469,2,0,0,0
4409,5,2240,5,0,0,0
4410,3,1492,2,1,0,0
4411,5,2266,2,1,0,0
4412,4,2752,4,0,0,0
4413,1,514,3,0,0,0
4414,1,319,0,0,0,0
4415,5,3296,10,0,0,0
4416,8,5296,10,1,1,1
4417,4,2203,8,0,0,0
4418,5,2820,4,1,1,0
4419,4,1915,1,0,0,0
4420,4,2380,6,1,1,0
4421,3,1029,1,0,1,0
4422,1,396,0,1,0,0
4423,4,1653,0,1,1,0
4424,4,2508,3,1,0,0
4425,3,865,1,0,0,1
4426,1,311,0,0,0,0
4427,2,455,0,0,0,0
4428,6,4103,12,1,0,0
4429,2,349,0,0,0,0
4430,6,3363,13,1,0,0
4431,5,3840,5,1,0,1
4432,1,450,2,0,0,0
4433,2,429,0,0,0,0
4434,3,802,0,1,0,0
4435,2,425,0,0,0,1
4436,4,1637,2,0,0,0
4437,1,173,0,0,0,0
4438,2,1206,1,0,1,0
4439,4,1248,0,1,0,0
4440,2,1001,0,0,0,0
4441,2,1320,4,0,1,0
4442,1,379,0,0,0,0
4443,5,2604,3,1,0,1
4444,4,2445,6,1,0,0
4445,3,458,1,1,0,0
4446,4,2580,3,1,0,0
4447,2,989,2,0,1,0
4448,7,1932,2,1,0,0
4449,1,285,1,0,0,0
4450,2,559,1,0,0,0
4451,4,1399,2,1,0,0
4452,5,3437,5,0,1,0
4453,5,3659,5,1,0,0
4454,4,1765,4,1,1,0
4455,3,1268,3,0,0,0
4456,1,211,0,0,0,0
4457,1,283,0,0,0,0
4458,3,717,0,1,0,0
4459,2,904,2,0,0,0
4460,2,1079,0,1,0,0
4461,2,384,0,1,0,0
4462,5,2655,5,1,0,1
4463,1,296,0,0,0,0
4464,5,2410,3,0,1,0
4465,7,4788,14,1,1,0
4466,4,1518,2,1,0,0
4467,1,164,0,0,0,0
4468,3,729,1,0,0,0
4469,6,2296,2,1,1,0
4470,4,3000,6,0,0,0
4471,4,2723,5,0,1,0
4472,6,3255,2,1,0,0
4473,2,1060,1,0,0,0
4474,3,1288,1,0,1,0
4475,8,5378,13,1,1,0
4476,5,1571,1,1,0,0
4477,6,3086,3,1,1,0
4478,6,4287,7,1,0,0
4479,7,4376,5,0,1,0
4480,2,468,0,1,0,0
4481,7,1691,1,1,1,0
4482,1,500,0,0,0,0
4483,4,1208,0,1,0,0
4484,7,4193,11,0,1,0
4485,2,469,0,1,0,0
4486,5,2349,1,0,1,0
4487,6,2239,1,1,1,0
4488,4,2678,4,0,0,0
4489,1,423,2,0,0,0
4490,2,710,0,0,1,0
4491,1,547,0,0,0,0
4492,7,4894,7,1,0,0
4493,4,2739,11,1,1,0
4494,2,610,0,0,0,0
4495,8,3801,5,0,1,0
4496,6,3442,7,0,0,0
4497,2,740,1,1,0,0
4498,1,378,0,0,0,0
4499,3,1103,0,0,0,0
4500,3,1383,3,0,1,1
4501,5,2591,9,1,0,0
4502,2,1077,5,0,0,0
4503,1,633,1,0,0,0
4504,6,3250,7,1,0,0
4505,1,516,0,0,0,0
4506,6,1561,1,1,0,0
4507,2,639,0,0,0,0
4508,3,679,1,1,0,0
4509,2,473,0,0,0,0
4510,4,2227,6,1,0,0
4511,2,727,1,1,0,0
4512,3,1850,3,0,0,0
4513,2,391,0,0,0,0
4514,2,721,1,0,0,0
4515,3,814,1,0,0,0
4516,4,1654,4,1,1,0
4517,1,603,0,0,0,0
4518,3,2441,1,1,1,0
4519,5,3383,5,0,1,0
4520,7,3896,0,0,0,1
4521,5,3182,8,0,1,0
4522,2,428,0,1,0,0
4523,5,2547,4,0,1,0
4524,2,1106,2,0,0,0
4525,1,355,0,0,0,0
4526,6,3455,3,1,0,0
4527,6,4138,11,0,0,0
4528,3,977,0,1,1,0
4529,3,1099,1,0,0,0
4530,7,4518,5,1,0,1
4531,4,2461,4,0,1,0
4532,3,1519,4,0,0,0
4533,2,475,1,1,0,0
4534,5,2841,4,0,0,0
4535,10,6218,9,1,1,0
4536,6,3829,9,1,1,0
4537,1,469,1,0,0,0
4538,7,3287,8,1,1,0
4539,1,270,0,0,0,0
4540,5,3271,8,0,1,0
4541,3,1469,1,1,0,0
4542,2,288,0,1,0,0
4543,2,725,0,0,0,0
4544,9,4854,4,1,0,0
4545,2,520,1,0,1,0
4546,1,585,1,0,0,0
4547,1,607,0,0,0,0
4548,2,412,0,0,0,0
4549,3,1970,3,0,0,0
4550,7,3605,7,0,0,0
4551,5,3070,5,0,0,0
4552,4,2270,4,1,0,0
4553,6,3472,6,1,0,0
4554,6,3524,9,1,0,0
4555,5,2870,7,0,1,0
4556,2,1517,7,0,1,0
4557,6,3970,12,1,0,0
4558,2,1236,5,0,0,0
4559,9,5041,9,1,1,1
4560,8,3570,4,1,1,0
4561,7,1938,2,1,1,0
4562,9,5798,11,0,0,1
4563,2,1058,0,1,0,0
4564,2,696,1,1,0,0
4565,1,208,0,0,0,0
4566,4,1530,1,0,0,0
4567,3,1610,2,1,0,0
4568,8,4624,10,1,0,0
4569,4,2124,6,0,0,0
4570,4,863,1,1,0,0
4571,3,1471,2,0,0,0
4572,3,638,0,1,0,0
4573,7,4479,9,0,1,0
4574,1,288,0,0,0,0
4575,5,2297,6,0,1,0
4576,1,374,2,1,0,0
4577,5,3082,1,1,0,0
4578,2,931,3,0,0,0
4579,3,900,0,0,0,0
4580,8,5039,9,1,0,0
4581,2,720,1,0,0,0
4582,3,1311,3,0,0,0
4583,3,1983,3,1,1,0
4584,6,3261,8,1,1,0
4585,1,294,0,1,0,0
4586,4,1030,0,1,0,0
4587,4,2621,4,0,0,0
4588,2,1189,4,1,0,0
4589,2,1028,1,0,0,0
4590,5,947,0,1,1,0
4591,1,252,1,0,0,0
4592,4,2215,2,1,0,0
4593,4,1290,0,1,0,0
4594,1,437,0,0,0,0
4595,1,393,1,0,0,0
4596,1,413,0,0,0,0
4597,5,2850,8,0,0,0
4598,4,1206,1,1,0,1
4599,4,1421,1,0,1,0
4600,6,3257,3,1,1,0
4601,6,3740,6,1,0,1
4602,3,1583,1,0,0,0
4603,5,2762,2,1,1,0
4604,1,183,0,0,0,0
4605,2,407,0,0,0,0
4606,1,368,0,0,0,0
4607,2,506,0,0,1,0
4608,4,2274,0,0,0,0
4609,8,4341,15,1,1,0
4610,3,1068,1,0,0,0
4611,4,1198,0,1,0,0
4612,4,2936,7,1,0,0
4613,7,4270,7,1,0,0
4614,6,1765,0,0,0,0
4615,7,2971,0,1,0,1
4616,3,1857,5,0,0,0
4617,3,918,1,0,1,0
4618,1,182,1,0,0,0
4619,3,1810,6,0,0,0
4620,2,1307,4,1,0,0
4621,1,448,0,0,0,0
4622,11,6106,7,1,0,1
4623,4,1860,2,0,0,0
4624,1,394,1,0,0,0
4625,3,691,0,0,1,0
4626,3,1596,0,0,0,0
4627,1,77,0,0,0,0
4628,6,2351,1,1,0,0
4629,2,566,0,1,0,0
4630,6,4180,5,1,0,0
4631,1,319,1,0,0,0
4632,6,2734,4,0,1,0
4633,3,1098,0,0,0,0
4634,3,1209,6,1,1,0
4635,2,788,1,0,0,1
4636,1,354,0,1,0,0
4637,3,1996,3,0,1,0
4638,3,1331,0,0,0,0
4639,1,288,0,0,0,0
4640,1,326,0,0,0,0
4641,4,1424,1,0,0,0
4642,4,2544,3,0,0,0
4643,4,2238,3,0,1,1
4644,1,216,0,0,0,0
4645,4,2232,1,1,0,1
4646,5,1288,0,0,0,1
4647,4,1634,2,1,0,0
4648,1,199,0,0,0,0
4649,8,4947,14,1,1,1
4650,4,2005,1,0,1,0
4651,7,3558,13,1,0,1
4652,7,4963,9,1,0,0
4653,3,2025,4,0,0,0
4654,1,270,0,0,0,0
4655,2,1190,0,0,0,0
4656,3,1188,0,0,0,0
4657,4,1562,1,0,0,1
4658,6,2562,3,0,1,0
4659,4,1016,1,0,1,0
4660,2,795,0,0,1,0
4661,1,561,1,0,0,0
4662,1,126,0,0,0,0
4663,1,383,1,0,0,0
4664,6,1669,0,1,0,0
4665,9,6175,14,1,0,1
4666,1,216,0,0,0,0
4667,1,171,1,0,0,0
4668,2,672,1,0,0,0
4669,3,973,2,0,0,0
4670,2,345,0,0,0,0
4671,3,1548,3,0,0,0
4672,4,2519,2,0,1,1
4673,6,3475,10,1,1,0
4674,4,2563,6,0,1,0
4675,1,430,0,0,0,0
4676,3,2360,4,0,0,0
4677,4,1209,2,0,0,0
4678,1,249,0,0,0,0
4679,2,464,1,0,0,0
4680,1,343,0,0,0,0
4681,3,1260,0,0,0,0
4682,6,2308,0,1,1,1
4683,4,1129,0,0,0,1
4684,6,4209,9,1,1,0
4685,3,1526,0,0,0,0
4686,7,4682,6,0,1,1
4687,4,934,0,1,0,0
4688,5,1280,0,1,0,0
4689,2,539,1,0,0,0
4690,2,696,0,1,0,0
4691,3,1358,3,0,1,0
4692,4,1888,1,0,0,1
4693,4,2699,5,0,0,0
4694,1,368,0,0,0,0
4695,5,1912,2,1,0,0
4696,5,2454,4,0,0,0
4697,9,5986,19,1,1,0
4698,5,2418,2,1,0,0
4699,5,3356,6,1,0,1
4700,4,1941,1,1,0,0
4701,2,875,0,0,0,0
4702,5,2143,3,1,0,0
4703,4,1030,0,0,0,0
4704,4,2328,4,0,0,0
4705,3,623,1,0,1,0
4706,4,1131,2,1,0,0
4707,2,972,0,1,1,0
4708,6,2051,1,1,1,0
4709,1,304,0,0,0,0
4710,2,833,0,1,0,0
4711,3,1589,1,0,0,1
4712,4,1465,5,0,0,0
4713,3,1581,4,0,1,0
4714,2,602,0,0,0,0
4715,3,1870,3,0,1,0
4716,1,273,0,0,0,0
4717,4,1340,3,0,1,0
4718,3,1606,3,0,0,0
4719,3,1587,5,1,0,0
4720,3,1247,2,0,0,0
4721,4,2470,6,0,1,0
4722,3,1006,2,0,0,0
4723,1,459,0,0,0,0
4724,3,1359,1,1,0,0
4725,6,3070,10,1,1,0
4726,2,1119,3,0,0,0
4727,6,2965,3,0,1,0
4728,4,1206,0,1,0,0
4729,2,1477,2,0,0,0
4730,2,101,0,0,0,0
4731,3,1276,1,0,0,0
4732,7,3892,8,1,1,0
4733,2,1216,3,1,0,0
4734,4,1526,1,0,0,0
4735,3,908,2,0,0,0
4736,3,1824,6,0,0,0
4737,4,1715,4,1,0,0
4738,4,1808,0,0,1,0
4739,2,721,1,0,0,0
4740,4,1882,4,1,1,0
4741,1,301,0,0,0,0
4742,6,4658,4,1,0,0
4743,3,1956,3,0,1,0
4744,4,1045,0,0,0,0
4745,3,1076,0,1,1,0
4746,2,1088,2,1,0,0
4747,2,976,1,0,0,0
4748,6,3723,3,1,1,0
4749,5,2636,8,1,0,0
4750,3,1217,2,1,0,0
4751,4,1291,0,0,1,0
4752,5,2943,3,1,1,0
4753,2,543,0,0,0,0
4754,6,3594,5,0,0,0
4755,4,2491,4,0,0,1
4756,3,1661,3,0,0,0
4757,3,1324,2,1,1,0
4758,5,2368,3,0,0,0
4759,4,2477,5,1,1,0
4760,3,1494,0,0,0,0
4761,1,281,1,0,0,0
4762,3,2061,5,0,1,0
4763,3,922,0,0,0,1
4764,2,1108,2,0,1,0
4765,2,720,2,0,0,0
4766,4,975,1,0,1,0
4767,5,3443,4,1,1,0
4768,2,1219,2,0,0,0
4769,4,2917,3,1,1,0
4770,2,364,1,0,0,0
4771,4,1687,2,0,1,0
4772,1,186,0,0,0,0
4773,4,1093,0,1,0,0
4774,4,2388,3,0,0,0
4775,3,1312,2,1,0,0
4776,4,2386,4,1,0,0
4777,1,189,0,0,0,0
4778,4,2346,7,1,0,0
4779,2,629,0,0,0,1
4780,3,1301,5,0,1,0
4781,1,50,0,0,0,0
4782,7,3997,9,1,0,0
4783,1,68,0,0,0,0
4784,11,5883,8,1,1,0
4785,6,2869,6,0,0,0
4786,5,2897,7,0,1,0
4787,1,185,0,0,0,0
4788,2,671,0,0,0,0
4789,2,549,0,0,0,1
4790,4,2170,2,0,0,0
4791,3,1069,0,0,0,0
4792,10,5338,6,1,1,0
4793,1,235,0,0,0,0
4794,4,2352,4,1,0,1
4795,2,694,0,0,0,0
4796,5,1296,0,1,0,0
4797,2,993,2,0,0,0
4798,2,502,2,0,0,0
4799,1,490,0,0,0,0
4800,6,3619,11,1,1,1
4801,4,2130,2,0,0,0
4802,2,349,0,1,0,0
4803,1,303,0,0,0,0
4804,5,2814,4,0,0,0
4805,2,1172,3,0,0,0
4806,4,1766,2,1,0,0
4807,9,6279,16,1,0,0
4808,3,969,1,1,1,0
4809,8,4184,4,1,1,0
4810,3,872,0,0,0,0
4811,5,2496,5,0,1,0
4812,3,1163,2,0,0,0
4813,6,1787,1,1,0,0
4814,2,803,2,1,0,0
4815,5,2320,2,1,0,0
4816,5,1693,2,0,1,0
4817,4,2237,3,1,1,0
4818,3,927,2,1,0,0
4819,3,783,0,0,0,0
4820,2,1426,1,0,0,0
4821,9,6012,8,1,0,1
4822,4,2197,3,1,0,0
4823,1,313,0,0,0,0
4824,3,1247,0,0,1,1
4825,1,478,0,0,0,0
4826,1,661,1,0,0,0
4827,4,1699,0,0,1,0
4828,2,843,0,1,0,0
4829,2,650,1,1,0,0
4830,3,1319,0,0,0,0
4831,3,1549,1,0,0,0
4832,3,964,2,1,0,0
4833,1,266,0,0,0,0
4834,3,1456,4,1,0,0
4835,5,2747,2,0,1,0
4836,2,1119,2,0,0,0
4837,9,2654,1,1,1,0
4838,3,973,0,0,1,0
4839,5,2898,5,1,0,0
4840,2,717,2,0,0,0
4841,3,1166,0,0,0,0
4842,3,668,0,0,1,0
4843,5,1929,2,1,0,0
4844,1,249,0,0,0,0
4845,6,3819,14,0,0,1
4846,3,996,0,0,0,0
4847,2,424,0,0,0,0
4848,3,2169,4,1,0,0
4849,3,1258,2,0,1,0
4850,4,1320,1,0,0,0
4851,4,1584,0,0,0,0
4852,1,224,0,0,0,0
4853,2,1337,2,0,0,0
4854,3,1023,0,1,0,0
4855,3,1540,1,0,0,0
4856,2,724,0,0,0,0
4857,3,1024,0,0,1,0
4858,1,303,0,0,0,0
4859,8,4791,12,0,1,0
4860,8,2917,1,1,1,1
4861,4,1446,1,0,0,0
4862,10,4462,5,0,0,1
4863,3,1514,2,0,0,0
4864,10,5278,9,1,1,0
4865,1,339,0,1,0,0
4866,3,962,2,1,0,0
4867,2,1317,1,1,0,0
4868,6,4188,7,1,0,0
4869,4,1156,1,1,0,0
4870,2,1029,2,1,0,0
4871,2,630,1,0,0,0
4872,1,408,0,0,0,0
4873,4,2770,4,0,0,0
4874,1,262,0,1,0,0
4875,6,2292,1,0,1,1
4876,6,1669,1,1,1,0
4877,2,913,2,0,1,0
4878,5,2673,4,0,0,1
4879,6,3967,8,1,0,0
4880,4,2148,2,0,1,0
4881,3,1935,2,0,0,0
4882,5,2340,8,1,0,0
4883,5,2246,12,1,0,0
4884,4,1828,0,1,0,1
4885,7,4748,8,1,0,0
4886,3,819,0,0,0,0
4887,2,685,1,0,1,0
4888,1,502,1,0,0,0
4889,5,2745,5,1,0,0
4890,1,282,0,0,0,0
4891,2,568,0,0,0,0
4892,4,1677,2,1,0,1
4893,8,4496,3,1,1,0
4894,1,155,0,0,0,0
4895,1,251,0,0,0,0
4896,2,521,1,0,0,0
4897,3,764,2,0,1,0
4898,3,1307,0,0,0,0
4899,3,2232,6,0,0,0
4900,1,341,1,0,0,0
4901,1,477,1,0,0,0
4902,2,1346,2,0,0,0
4903,5,2939,6,1,1,0
4904,3,751,1,0,1,0
4905,1,214,0,0,0,0
4906,7,3938,5,0,1,0
4907,1,397,0,0,0,0
4908,8,3936,2,1,1,0
4909,3,855,0,0,0,0
4910,2,1070,1,0,1,0
4911,4,1688,3,1,0,0
4912,1,554,0,0,0,0
4913,3,1702,2,0,0,0
4914,2,392,0,0,0,0
4915,5,2683,1,0,1,0
4916,6,2168,1,1,1,0
4917,7,4971,6,1,0,0
4918,1,508,0,0,0,0
4919,7,3649,7,1,1,0
4920,3,2320,5,1,0,0
4921,1,345,0,0,0,0
4922,3,1015,0,0,1,0
4923,1,194,0,0,0,0
4924,4,2386,5,1,0,0
4925,3,605,1,1,0,0
4926,5,3215,9,1,0,1
4927,3,1463,3,0,1,0
4928,7,4130,3,1,1,0
4929,3,1965,6,0,1,0
4930,1,325,0,0,0,0
4931,7,2611,3,0,1,0
4932,4,1669,2,0,0,0
4933,7,4065,7,0,0,0
4934,5,2676,4,0,1,0
4935,8,3642,7,0,1,0
4936,7,4929,9,1,1,0
4937,3,1599,4,1,0,0
4938,2,1179,3,0,0,1
4939,3,2283,3,0,1,0
4940,4,986,1,0,0,0
4941,1,283,0,0,0,0
4942,7,4968,6,1,0,0
4943,3,932,2,1,0,0
4944,1,459,1,0,0,0
4945,4,2229,5,0,1,0
4946,3,774,3,1,0,0
4947,3,718,2,0,1,0
4948,5,2690,5,0,1,0
4949,6,3581,6,0,1,0
4950,2,492,0,0,0,0
4951,8,2715,2,0,0,1
4952,5,2780,5,0,0,0
4953,5,1767,2,1,1,0
4954,5,2666,4,0,1,1
4955,7,3945,5,1,0,0
4956,1,253,0,0,0,0
4957,10,6835,12,1,1,0
4958,4,2530,5,0,1,0
4959,2,443,0,0,1,0
4960,5,3203,1,0,0,0
4961,2,292,0,1,0,0
4962,3,1090,0,0,1,0
4963,4,2132,7,1,1,0
4964,6,2283,0,1,1,0
4965,9,4183,6,1,0,0
4966,1,322,0,0,0,0
4967,1,383,0,0,0,0
4968,4,748,1,0,1,0
4969,3,923,2,1,0,0
4970,1,668,1,0,0,0
4971,7,4060,5,1,1,0
4972,10,7087,16,0,1,0
4973,2,340,0,0,0,0
4974,2,1484,4,1,0,0
4975,3,1733,2,1,0,0
4976,4,1345,2,0,1,0
4977,1,273,0,0,0,0
4978,8,5814,11,0,1,0
4979,1,585,0,0,0,0
4980,4,2577,6,1,1,0
4981,7,4082,9,0,1,0
4982,5,2363,2,1,1,0
4983,3,684,1,0,0,1
4984,7,3163,3,1,1,0
4985,2,1105,4,1,0,0
4986,5,3299,4,0,0,1
4987,1,369,0,0,0,0
4988,3,1646,2,1,0,0
4989,2,786,0,0,0,0
4990,8,4906,3,0,1,0
4991,4,851,1,1,1,0
4992,3,963,0,0,0,1
4993,7,3314,1,1,1,0
4994,4,2009,3,0,0,0
4995,5,3528,6,1,1,0
4996,6,4237,11,0,1,0
4997,3,1425,1,0,1,0
4998,5,2289,5,1,0,0
4999,6,3538,1,1,0,0
5000,5,2045,5,0,1,0
5001,4,1181,0,0,0,0
5002,1,196,0,0,0,0
5003,3,877,4,0,0,0
5004,1,576,1,0,0,0
5005,5,984,2,1,1,0
5006,3,1019,1,0,0,0
5007,1,305,0,1,0,0
5008,1,183,0,0,0,0
5009,4,1917,4,0,0,0
5010,3,1209,1,0,0,0
5011,1,50,0,0,0,0
5012,2,665,3,0,0,0
5013,5,2988,5,1,0,1
5014,2,502,1,0,0,0
5015,1,162,0,0,0,0
5016,1,453,0,0,0,0
5017,2,402,1,0,0,0
5018,1,374,0,0,0,0
5019,2,636,0,1,0,0
5020,1,284,0,1,0,0
5021,1,283,0,0,0,0
5022,4,439,1,1,0,0
5023,4,2565,4,1,0,0
5024,2,467,0,0,1,0
5025,5,1646,0,1,1,0
5026,1,182,0,0,0,0
5027,3,1809,6,0,1,0
5028,1,57,0,0,0,0
5029,2,513,0,1,0,0
5030,3,486,2,1,0,0
5031,1,217,0,0,0,0
5032,3,1985,4,0,0,1
5033,1,69,0,0,0,0
5034,4,1341,2,1,1,0
5035,3,1607,2,0,0,0
5036,6,3585,3,0,1,0
5037,2,1397,1,0,0,0
5038,2,617,0,0,0,0
5039,4,2379,4,0,1,0
5040,3,1142,2,1,0,0
5041,1,61,0,0,0,0
5042,3,1669,5,0,0,0
5043,8,3066,3,0,1,0
5044,7,3993,10,0,0,0
5045,4,1700,4,0,0,0
5046,2,1072,5,0,0,0
5047,1,699,2,0,0,0
5048,4,1669,5,0,0,0
5049,2,289,0,0,0,0
5050,7,3304,3,1,0,1
5051,2,406,0,0,0,0
5052,3,657,0,0,0,0
5053,4,1756,3,1,1,0
5054,1,271,0,0,0,0
5055,5,2731,3,0,0,0
5056,4,1846,3,0,0,0
5057,1,330,0,0,0,0
5058,4,898,1,1,0,0
5059,3,1554,6,1,0,0
5060,4,2370,4,0,0,0
5061,5,1397,1,1,0,0
5062,3,1657,11,1,0,0
5063,4,1870,3,0,0,0
5064,2,996,3,0,0,0
5065,1,203,0,0,0,0
5066,4,754,1,0,0,0
5067,4,1538,4,0,0,0
5068,8,4588,12,1,1,0
5069,3,1391,5,0,0,0
5070,1,354,0,0,0,0
5071,6,1245,2,1,0,0
5072,3,1066,1,0,0,0
5073,4,2382,6,0,0,0
5074,1,477,0,0,0,0
5075,1,332,0,0,0,0
5076,1,197,0,0,0,0
5077,2,422,1,0,1,0
5078,6,1567,3,0,0,0
5079,4,1589,2,0,1,0
5080,3,879,0,0,0,0
5081,2,409,1,0,0,0
5082,1,267,0,0,0,0
5083,1,114,0,0,0,0
5084,3,957,1,1,0,0
5085,4,1752,4,0,0,0
5086,2,1101,3,1,0,0
5087,1,284,0,0,0,0
5088,4,719,1,0,0,1
5089,1,172,0,0,0,0
5090,6,2617,4,0,0,0
5091,3,1033,0,0,0,0
5092,2,1453,1,1,0,0
5093,1,204,0,0,0,0
5094,3,1281,0,0,1,0
5095,4,1368,2,1,1,0
5096,1,155,0,0,0,0
5097,2,784,2,1,0,0
5098,4,2261,5,0,0,0
5099,2,788,2,1,0,0
5100,3,1502,1,1,0,0
5101,5,2107,4,1,0,0
5102,3,438,1,1,0,0
5103,2,518,0,0,0,0
5104,4,2272,9,1,0,0
5105,4,1077,0,1,0,0
5106,1,384,0,0,0,0
5107,1,443,0,0,0,0
5108,5,2268,5,0,1,0
5109,1,159,0,0,0,0
5110,3,2212,2,1,0,0
5111,1,328,0,0,0,0
5112,2,360,0,0,0,0
5113,1,289,0,0,0,0
5114,4,2560,6,0,0,1
5115,1,700,2,0,0,0
5116,3,1004,0,1,0,0
5117,1,362,1,0,0,0
5118,5,3116,4,1,1,0
5119,2,738,0,0,0,1
5120,3,714,0,0,0,0
5121,4,2586,4,0,0,0
5122,1,254,0,0,0,0
5123,4,1567,3,1,1,0
5124,1,174,1,0,0,0
5125,1,407,0,0,0,0
5126,2,627,0,1,0,0
5127,2,587,0,0,1,0
5128,4,2408,4,0,0,0
5129,1,50,0,0,0,0
5130,1,283,1,0,0,0
5131,4,1736,4,0,1,0
5132,1,50,0,0,0,0
5133,4,1022,2,0,1,0
5134,1,170,0,0,0,0
5135,1,414,0,0,0,0
5136,3,693,0,0,0,0
5137,5,1585,6,0,1,0
5138,1,300,1,0,0,0
5139,4,1552,1,0,0,0
5140,5,3012,10,0,1,0
5141,4,1458,1,0,0,0
5142,1,394,0,0,0,0
5143,1,493,0,0,0,0
5144,1,432,1,0,0,0
5145,1,263,0,0,0,0
5146,3,926,2,1,0,0
5147,1,120,0,0,0,0
5148,2,395,1,0,0,0
5149,5,2279,9,1,0,0
5150,3,1830,2,0,0,0
5151,1,346,0,0,0,0
5152,4,1292,0,0,0,0
5153,1,233,0,0,0,0
5154,5,1328,1,0,0,0
5155,5,3271,7,1,0,1
5156,1,154,0,0,0,0
5157,5,1776,6,0,0,0
5158,5,3033,7,0,1,0
5159,4,2274,4,0,0,0
5160,4,1978,6,1,0,0
5161,7,2875,4,1,1,0
5162,4,2565,7,1,1,0
5163,1,228,0,0,0,0
5164,1,181,0,0,0,0
5165,7,4164,4,1,1,0
5166,2,533,0,0,0,0
5167,1,379,0,0,0,0
5168,1,342,2,0,0,0
5169,3,1676,3,0,0,0
5170,3,588,1,1,0,0
5171,1,90,0,0,0,0
5172,3,906,0,0,0,0
5173,1,233,0,0,0,0
5174,2,578,0,0,0,0
5175,2,545,3,0,1,0
5176,3,964,0,0,0,0
5177,1,418,1,0,0,0
5178,5,2581,6,1,0,0
5179,1,143,0,0,0,0
5180,6,1916,2,0,0,0
5181,3,397,2,1,1,0
5182,4,1473,2,1,0,0
5183,2,393,0,0,1,0
5184,4,982,1,1,0,0
5185,1,77,0,0,0,0
5186,2,603,1,0,0,0
5187,1,198,0,0,0,0
5188,2,675,0,0,0,0
5189,2,549,1,1,0,0
5190,5,2116,1,0,1,0
5191,5,2572,2,0,0,0
5192,2,254,1,0,0,0
5193,1,253,0,1,0,0
5194,3,1200,2,1,0,0
5195,1,239,0,0,0,0
5196,2,1284,4,0,0,0
5197,1,162,0,0,0,0
5198,1,190,0,0,0,0
5199,2,455,0,0,0,0
5200,5,1922,5,1,0,1
5201,4,2247,6,1,0,0
5202,3,1060,0,0,0,0
5203,5,1926,2,0,1,0
5204,1,692,0,0,0,0
5205,1,59,1,0,0,0
5206,2,1129,2,0,0,0
5207,5,1183,2,0,0,0
5208,5,1057,2,1,0,0
5209,1,144,0,0,0,0
5210,1,308,0,0,0,0
5211,3,629,0,1,0,0
5212,1,265,0,0,0,0
5213,2,1136,1,0,0,0
5214,1,365,0,0,0,0
5215,3,904,2,0,0,1
5216,1,163,0,0,0,0
5217,7,4419,11,1,1,0
5218,1,256,0,0,0,0
5219,3,1662,3,1,0,0
5220,1,173,0,0,0,0
5221,1,180,0,0,0,0
5222,2,1125,2,0,0,0
5223,1,50,0,0,0,0
5224,1,124,0,0,0,0
5225,3,2012,2,0,0,0
5226,8,4995,8,1,1,0
5227,5,1556,2,0,1,0
5228,6,1010,2,1,0,0
5229,1,329,0,0,0,0
5230,3,1146,0,0,0,0
5231,1,377,0,0,0,0
5232,2,284,0,1,0,0
5233,2,968,3,1,0,0
5234,2,272,0,1,0,0
5235,7,3029,7,1,0,0
5236,5,1109,0,0,0,0
5237,1,600,1,0,0,0
5238,3,1864,6,1,0,0
5239,6,2852,3,0,1,1
5240,1,249,0,0,0,0
5241,2,516,0,0,1,0
5242,2,494,1,0,0,0
5243,3,1171,0,0,0,1
5244,1,122,0,0,0,0
5245,1,214,0,0,0,0
5246,3,552,1,1,0,1
5247,1,392,0,0,0,0
5248,2,1027,4,0,0,0
5249,4,2229,2,1,1,0
5250,5,2710,5,1,1,0
5251,1,159,1,0,0,0
5252,1,229,0,0,0,0
5253,5,862,0,1,0,0
5254,3,717,1,1,0,0
5255,1,264,0,0,0,0
5256,4,1500,1,1,0,0
5257,3,1041,0,0,0,0
5258,2,536,0,0,0,0
5259,6,2759,7,1,1,0
5260,4,1374,1,0,0,1
5261,3,2050,7,1,0,0
5262,1,211,0,0,0,0
5263,3,769,1,0,0,0
5264,2,652,0,1,0,0
5265,3,793,0,1,0,0
5266,9,4840,8,1,0,0
5267,1,138,0,0,0,0
5268,1,68,0,0,0,0
5269,1,118,0,0,0,0
5270,3,1326,4,1,0,0
5271,6,3922,13,0,0,0
5272,5,1012,2,0,0,0
5273,2,466,0,0,0,0
5274,2,293,0,0,0,0
5275,4,854,1,0,0,0
5276,4,1019,0,0,1,0
5277,4,694,0,0,1,0
5278,1,128,0,0,0,0
5279,4,1187,2,1,0,0
5280,1,263,0,0,0,0
5281,1,225,0,1,0,0
5282,7,3971,7,0,1,0
5283,2,549,1,1,0,0
5284,7,3416,3,1,0,0
5285,4,2428,8,0,1,0
5286,6,1873,2,1,0,0
5287,2,357,0,0,0,0
5288,1,101,0,0,0,0
5289,2,637,0,0,0,0
5290,1,234,0,0,0,0
5291,2,652,0,0,0,0
5292,1,191,0,0,0,0
5293,4,2132,6,1,0,0
5294,1,561,1,0,0,0
5295,6,3908,10,1,1,0
5296,5,2789,3,1,0,0
5297,2,770,1,0,0,1
5298,3,813,0,1,1,0
5299,1,377,1,0,0,0
5300,1,295,0,0,0,0
5301,4,2101,8,1,1,0
5302,5,3069,7,1,1,0
5303,1,215,0,0,0,0
5304,5,2994,4,1,0,0
5305,2,817,0,1,0,0
5306,3,1306,0,1,0,0
5307,1,437,0,0,0,0
5308,3,627,0,0,0,1
5309,4,2199,5,0,0,0
5310,2,406,0,0,0,0
5311,1,155,0,0,0,0
5312,1,234,0,1,0,0
5313,2,1094,1,0,0,0
5314,3,418,2,1,0,0
5315,4,1394,2,0,0,0
5316,1,318,0,0,0,0
5317,1,217,0,0,0,0
5318,4,1189,2,0,1,0
5319,1,263,0,0,0,0
5320,3,560,0,0,0,0
5321,1,181,0,0,0,0
5322,4,2112,4,1,1,0
5323,1,62,0,0,0,0
5324,4,2025,3,0,0,0
5325,3,1653,5,0,0,1
5326,1,330,0,0,0,0
5327,2,495,0,0,0,0
5328,2,398,0,0,0,0
5329,2,835,1,1,0,0
5330,2,844,0,1,0,0
5331,1,110,1,0,0,0
5332,4,604,0,1,0,0
5333,1,91,0,0,0,0
5334,1,137,0,0,0,0
5335,2,313,2,0,0,0
5336,5,2075,9,1,0,0
5337,1,532,0,0,0,0
5338,2,1323,5,1,0,0
5339,1,204,0,0,0,0
5340,2,551,1,1,0,0
5341,2,628,0,0,0,0
5342,3,707,0,1,0,0
5343,2,184,0,1,0,0
5344,4,1907,2,1,0,0
5345,3,1078,0,1,0,0
5346,2,810,0,0,1,0
5347,2,1220,0,0,0,0
5348,2,325,0,0,0,1
5349,3,738,0,1,0,0
5350,2,516,0,0,0,0
5351,1,500,0,0,0,0
5352,3,547,3,1,0,0
5353,4,2207,4,1,0,0
5354,1,196,0,0,0,0
5355,2,450,1,1,0,0
5356,1,235,0,0,0,0
5357,3,1105,0,0,1,0
5358,4,2014,2,1,1,0
5359,2,1106,4,0,0,0
5360,3,528,0,0,0,0
5361,5,2559,9,0,0,0
5362,1,258,0,0,0,0
5363,1,310,1,0,0,0
5364,7,3583,6,1,1,0
5365,6,1931,0,1,0,0
5366,3,1215,2,0,0,0
5367,6,2461,5,1,0,0
5368,1,212,0,0,0,0
5369,1,240,0,0,0,0
5370,1,160,0,1,0,0
5371,6,3420,8,1,0,0
5372,1,231,0,0,0,0
5373,2,523,0,0,0,0
5374,8,4924,11,1,0,0
5375,7,3399,7,1,0,0
5376,1,436,1,0,0,0
5377,3,692,0,0,1,0
5378,1,320,0,0,0,0
5379,2,399,1,0,0,0
5380,1,467,0,0,0,0
5381,1,380,0,0,0,0
5382,7,4761,7,1,0,0
5383,2,479,0,0,0,0
5384,1,399,0,0,0,0
5385,3,670,0,0,0,0
5386,2,408,1,1,0,0
5387,4,2199,3,1,0,0
5388,1,385,1,0,0,0
5389,1,344,1,1,0,0
5390,1,351,1,0,0,0
5391,5,870,1,1,0,1
5392,3,1170,0,1,0,0
5393,2,538,0,0,0,0
5394,4,1614,1,0,0,0
5395,5,2462,6,0,1,1
5396,3,1220,2,0,1,0
5397,3,1736,6,0,1,1
5398,3,1422,8,0,0,0
5399,4,1400,1,1,1,0
5400,2,891,0,0,0,0
5401,1,334,1,0,0,0
5402,5,2479,2,0,1,0
5403,5,2431,10,1,0,0
5404,1,494,1,0,0,0
5405,5,3113,3,0,1,0
5406,2,869,1,0,0,0
5407,1,87,0,0,0,0
5408,2,364,0,0,0,0
5409,2,513,0,1,0,0
5410,1,111,1,0,0,0
5411,5,2942,8,0,0,0
5412,5,2220,8,1,0,0
5413,5,2888,5,1,0,0
5414,1,205,0,0,0,0
5415,3,745,0,0,0,0
5416,5,2113,1,0,1,1
5417,1,233,0,1,0,0
5418,3,508,0,0,0,0
5419,2,380,1,0,0,0
5420,2,330,0,1,0,0
5421,1,281,0,0,0,0
5422,3,1399,0,0,0,0
5423,3,1312,1,0,0,0
5424,8,4785,11,0,1,0
5425,3,582,0,1,1,0
5426,8,4249,9,1,0,0
5427,2,469,1,0,0,0
5428,2,794,0,1,0,0
5429,2,531,1,1,0,0
5430,1,131,0,0,0,0
5431,3,1646,4,1,0,0
5432,2,306,0,0,0,0
5433,1,360,0,0,0,0
5434,2,1430,3,0,0,0
5435,1,161,1,0,0,0
5436,1,137,0,0,0,0
5437,2,409,0,0,0,1
5438,4,909,0,1,0,0
5439,1,119,0,0,0,0
5440,3,1833,4,1,0,0
5441,2,653,4,1,0,0
5442,3,1568,1,1,0,0
5443,1,402,1,0,0,0
5444,1,168,1,0,0,0
5445,1,92,0,0,0,0
5446,2,357,0,1,0,0
5447,1,323,0,0,0,0
5448,3,721,1,0,0,0
5449,2,631,2,1,0,0
5450,1,338,0,0,0,0
5451,3,732,0,0,0,0
5452,1,428,0,0,0,0
5453,3,1677,3,0,0,0
5454,6,3191,10,1,0,0
5455,1,383,1,0,0,0
5456,6,1773,1,0,0,1
5457,1,171,0,0,0,0
5458,1,392,0,0,0,0
5459,1,491,0,0,0,0
5460,3,815,1,0,0,1
5461,2,426,0,0,0,0
5462,4,2228,3,1,0,0
5463,1,538,0,0,0,0
5464,5,2354,1,0,1,0
5465,1,337,0,0,0,0
5466,1,171,1,0,0,0
5467,5,2216,5,1,0,0
5468,9,5661,12,1,1,0
5469,4,1364,0,1,0,0
5470,5,2060,7,1,0,1
5471,2,600,0,0,0,0
5472,3,733,0,1,0,0
5473,6,2798,3,1,1,0
5474,2,634,0,0,0,0
5475,1,50,0,0,0,0
5476,6,1787,0,1,0,0
5477,2,420,0,0,0,0
5478,4,1392,2,0,0,0
5479,2,562,0,0,0,0
5480,6,3006,3,0,0,0
5481,5,522,0,1,0,0
5482,3,1803,3,0,0,0
5483,1,205,0,0,0,0
5484,3,1235,2,0,0,0
5485,2,186,0,0,0,0
5486,1,194,0,0,0,0
5487,3,1410,0,1,0,0
5488,3,919,0,0,1,0
5489,1,164,0,0,0,0
5490,4,1919,0,1,0,0
5491,3,964,0,0,1,0
5492,2,581,0,1,0,0
5493,2,896,3,0,0,0
5494,5,2566,3,0,0,0
5495,1,59,0,0,0,0
5496,10,6126,8,1,0,0
5497,1,184,0,0,0,0
5498,3,866,0,1,0,0
5499,9,4295,9,1,0,0
5500,2,350,0,0,0,0
5501,1,440,0,0,0,0
5502,1,254,0,0,0,0
5503,2,477,1,0,0,0
5504,3,1403,1,1,0,0
5505,5,1079,0,0,0,0
5506,4,1823,2,0,0,0
5507,2,314,1,0,0,0
5508,4,2084,5,0,0,0
5509,2,324,0,0,0,0
5510,3,915,0,0,0,0
5511,6,3086,8,0,1,0
5512,1,356,1,0,0,0
5513,2,652,0,0,0,0
5514,2,387,0,1,0,0
5515,4,2305,4,1,0,0
5516,5,1044,1,0,1,0
5517,4,2001,4,1,0,0
5518,3,1759,5,0,1,0
5519,7,2824,9,0,0,1
5520,2,505,0,0,0,0
5521,3,827,0,1,0,0
5522,1,225,0,0,0,0
5523,2,558,0,1,0,0
5524,1,459,2,0,0,0
5525,1,518,1,0,0,0
5526,2,468,0,0,1,0
5527,5,1497,1,0,0,0
5528,1,445,0,0,0,0
5529,6,3785,8,1,0,1
5530,3,831,0,0,0,0
5531,1,372,0,0,0,0
5532,2,1356,1,0,0,0
5533,1,50,1,0,0,0
5534,5,2592,10,1,0,0
5535,6,2146,1,1,0,0
5536,6,2482,2,1,0,0
5537,1,284,0,0,0,0
5538,4,1908,1,0,0,0
5539,4,1713,3,0,0,0
5540,1,223,0,0,0,0
5541,5,3151,2,1,0,1
5542,2,1108,1,1,0,0
5543,2,873,0,1,0,0
5544,1,247,0,0,0,0
5545,6,3208,12,1,1,0
5546,2,346,0,0,0,0
5547,5,904,2,0,0,0
5548,2,348,0,0,0,0
5549,2,348,0,0,0,0
5550,2,396,0,0,0,0
5551,3,1577,2,0,0,0
5552,5,2780,5,0,0,0
5553,3,1118,1,1,0,0
5554,3,1024,0,0,0,0
5555,3,1090,0,0,0,0
5556,1,416,1,0,0,0
5557,1,183,0,0,0,0
5558,1,223,0,0,0,0
5559,2,1009,2,0,0,0
5560,1,321,0,0,0,0
5561,1,116,0,0,0,0
5562,1,149,0,0,0,0
5563,2,964,2,1,0,0
5564,4,2083,4,0,0,0
5565,5,1517,1,1,0,0
5566,1,472,0,0,0,0
5567,2,342,2,0,0,0
5568,1,655,1,0,0,0
5569,3,598,0,0,1,0
5570,1,239,0,0,0,0
5571,4,2222,6,0,1,0
5572,2,457,0,1,0,0
5573,1,50,0,0,0,0
5574,2,649,3,1,0,0
5575,1,226,0,0,0,0
5576,1,260,0,0,0,0
5577,2,764,1,0,0,0
5578,6,3629,5,0,1,0
5579,1,73,0,0,0,0
5580,1,194,0,0,0,0
5581,1,241,1,0,0,0
5582,1,377,0,0,0,0
5583,3,785,1,1,0,0
5584,3,677,0,1,0,0
5585,2,1012,2,0,0,0
5586,8,4376,7,1,1,0
5587,1,189,0,0,0,0
5588,3,973,0,0,0,0
5589,3,968,0,0,1,0
5590,1,167,0,0,0,0
5591,3,1898,4,0,0,0
5592,1,206,0,0,0,0
5593,1,227,0,0,0,0
5594,3,703,0,0,1,0
5595,2,743,2,0,0,0
5596,2,237,0,1,0,0
5597,4,1228,0,1,0,0
5598,6,2527,4,1,0,0
5599,7,4054,9,1,1,1
5600,4,1385,2,0,1,0
5601,5,3053,2,1,1,0
5602,4,1531,0,1,0,0
5603,2,712,0,0,0,0
5604,3,1149,0,1,1,0
5605,3,1363,1,0,1,0
5606,1,180,0,0,0,0
5607,3,410,1,1,0,0
5608,8,4116,9,1,0,1
5609,1,64,0,0,0,0
5610,1,237,1,0,0,0
5611,3,824,1,0,0,0
5612,8,5143,11,1,1,0
5613,3,1184,1,1,0,0
5614,3,522,1,0,1,0
5615,3,443,1,1,0,0
5616,6,2660,4,1,1,0
5617,7,4395,5,1,0,0
5618,1,572,0,0,0,0
5619,3,677,0,1,0,0
5620,4,2094,4,0,1,0
5621,3,793,1,0,1,0
5622,1,84,0,0,0,0
5623,4,1323,3,1,1,0
5624,2,1077,5,0,0,0
5625,1,178,0,0,0,0
5626,2,877,3,0,0,0
5627,4,1165,0,1,0,0
5628,1,224,0,0,0,0
5629,1,120,0,0,0,0
5630,1,110,0,0,0,0
5631,3,618,1,0,1,0
5632,1,56,2,0,0,0
5633,2,390,0,0,0,0
5634,2,688,1,1,0,0
5635,2,445,0,1,0,0
5636,1,247,0,0,0,0
5637,2,359,0,0,0,0
5638,6,1681,3,0,1,0
5639,2,713,1,0,0,0
5640,1,463,0,0,0,0
5641,1,321,0,0,0,0
5642,6,2518,1,0,0,1
5643,5,2643,3,1,0,0
5644,2,997,3,0,0,0
5645,9,4610,8,1,1,0
5646,2,780,1,0,1,0
5647,3,1891,6,1,0,0
5648,3,1177,1,1,0,0
5649,3,324,2,0,0,1
5650,1,299,0,0,0,0
5651,1,170,0,0,0,0
5652,2,527,0,0,0,0
5653,2,465,0,0,0,0
5654,1,298,0,0,0,0
5655,9,5197,9,0,0,1
5656,1,315,0,0,0,0
5657,1,368,0,0,0,0
5658,1,287,0,0,0,0
5659,1,290,0,0,0,0
5660,5,2112,4,1,0,0
5661,5,1373,1,1,0,0
5662,2,501,0,0,0,0
5663,4,2092,3,0,1,0
5664,1,249,0,0,0,0
5665,3,910,0,1,0,0
5666,2,330,0,0,0,0
5667,3,1118,1,0,1,0
5668,1,98,0,0,0,0
5669,3,295,0,0,1,0
5670,1,450,1,0,0,0
5671,1,489,0,0,0,0
5672,2,511,1,0,0,0
5673,2,812,1,0,1,0
5674,1,149,0,0,0,0
5675,3,773,2,0,1,0
5676,4,2200,4,1,0,0
5677,6,1739,2,0,1,0
5678,6,2913,3,0,1,0
5679,2,681,1,0,0,0
5680,5,1688,1,1,1,0
5681,1,212,0,0,0,0
5682,6,2619,4,1,0,0
5683,1,235,1,0,0,0
5684,1,284,0,0,0,0
5685,1,276,1,0,0,0
5686,3,561,0,1,0,0
5687,4,1462,1,1,0,0
5688,1,380,0,0,0,0
5689,2,403,0,0,0,0
5690,2,1174,2,1,0,0
5691,2,614,0,0,0,0
5692,1,258,1,0,0,0
5693,5,2469,5,0,0,0
5694,2,285,1,0,1,0
5695,1,195,0,0,0,0
5696,1,575,0,0,0,0
5697,1,256,0,0,0,0
5698,3,1693,4,0,0,0
5699,1,179,0,0,0,0
5700,1,439,0,0,0,0
5701,3,1466,3,0,1,0
5702,2,673,0,0,0,0
5703,2,456,0,0,0,0
5704,5,2101,2,0,0,0
5705,1,330,0,0,0,0
5706,1,207,0,0,0,0
5707,1,326,0,0,0,0
5708,1,409,0,0,0,0
5709,2,568,1,0,1,0
5710,4,760,1,1,0,0
5711,6,2638,7,1,0,0
5712,1,268,0,0,0,0
5713,3,687,0,0,0,0
5714,2,610,2,0,0,0
5715,1,440,0,0,0,0
5716,1,358,0,0,0,0
5717,1,269,0,0,0,0
5718,1,300,0,0,0,0
5719,5,2378,3,1,0,0
5720,3,1652,6,0,0,0
5721,7,4699,10,1,0,1
5722,5,1077,3,0,0,0
5723,1,163,1,0,0,0
5724,2,567,1,1,0,0
5725,1,50,0,0,0,0
5726,2,1126,2,0,1,0
5727,2,298,0,0,0,0
5728,2,575,0,0,0,0
5729,4,2585,5,1,0,0
5730,1,322,1,0,0,0
5731,1,253,0,0,0,0
5732,2,418,0,0,0,0
5733,3,914,0,0,0,0
5734,8,3955,4,1,0,0
5735,4,1984,5,0,1,0
5736,3,1096,1,1,0,0
5737,2,313,0,0,0,0
5738,1,250,0,0,0,0
5739,3,925,1,0,0,0
5740,2,1104,4,0,0,0
5741,1,250,1,0,0,0
5742,3,774,1,0,0,0
5743,1,507,1,0,0,0
5744,1,93,0,0,0,0
5745,1,296,0,0,0,0
5746,9,4688,6,0,1,0
5747,6,2207,0,0,0,0
5748,3,581,1,0,0,0
5749,3,575,1,0,1,0
5750,1,295,0,0,0,0
5751,1,196,0,0,0,0
5752,3,1267,2,0,0,0
5753,2,912,2,0,0,0
5754,2,267,0,0,0,0
5755,6,2784,4,0,0,0
5756,4,1245,1,1,0,0
5757,1,226,1,0,0,0
5758,4,2026,0,1,0,0
5759,4,1773,1,1,0,0
5760,3,1113,2,0,0,0
5761,1,168,0,0,0,0
5762,10,5531,14,1,0,0
5763,4,704,2,0,0,0
5764,1,486,2,0,0,0
5765,2,305,0,0,0,0
5766,2,955,2,0,1,0
5767,4,727,0,0,0,0
5768,4,2309,4,0,1,0
5769,1,237,0,0,0,0
5770,7,2060,1,1,0,1
5771,4,2284,2,1,0,1
5772,3,1504,3,0,1,0
5773,7,4353,6,1,0,0
5774,6,3753,12,1,0,1
5775,4,1255,1,0,0,1
5776,4,1714,3,0,1,0
5777,2,800,2,0,1,0
5778,1,192,0,0,0,0
5779,5,998,2,1,1,0
5780,3,1186,2,0,1,0
5781,1,316,0,0,0,0
5782,1,361,0,0,0,0
5783,4,2278,7,0,1,0
5784,1,260,0,0,0,0
5785,4,2400,5,1,0,0
5786,4,2492,6,1,1,0
5787,1,259,0,0,0,0
5788,4,1390,1,1,1,0
5789,6,2418,6,0,0,1
5790,1,313,0,0,0,0
5791,5,2844,2,1,1,1
5792,4,1573,1,1,0,0
5793,3,1740,3,0,0,0
5794,5,591,0,1,0,1
5795,2,657,0,0,1,0
5796,1,246,0,0,0,0
5797,3,650,2,0,0,0
5798,1,205,0,0,0,0
5799,1,338,0,0,0,0
5800,5,3113,5,1,0,0
5801,1,153,0,0,0,0
5802,2,591,0,1,0,0
5803,1,259,0,0,0,0
5804,1,631,2,0,0,0
5805,3,2181,4,0,0,0
5806,2,474,0,1,0,0
5807,6,1367,2,1,1,0
5808,2,1207,6,1,0,0
5809,1,176,0,0,0,0
5810,7,2274,1,0,1,0
5811,3,992,1,0,0,0
5812,1,529,1,0,0,0
5813,3,1253,1,0,0,0
5814,5,1643,0,1,0,0
5815,4,1886,3,0,0,0
5816,1,223,0,0,0,0
5817,5,2277,3,1,0,0
5818,2,392,0,0,0,0
5819,1,578,0,0,0,0
5820,4,1419,2,1,0,0
5821,3,1198,1,0,0,0
5822,2,868,3,0,0,0
5823,3,1175,4,1,0,0
5824,3,1325,2,1,0,0
5825,6,3629,5,0,1,0
5826,6,3799,6,0,0,0
5827,1,311,0,0,0,0
5828,1,210,1,0,0,0
5829,2,829,4,0,0,0
5830,1,214,0,0,0,0
5831,4,1028,0,0,0,1
5832,4,1618,0,0,0,1
5833,1,183,1,0,0,0
5834,3,1949,2,0,0,0
5835,5,1746,4,0,0,0
5836,1,278,1,0,0,0
5837,5,1279,1,1,0,0
5838,3,1499,4,1,0,0
5839,5,1410,0,0,1,0
5840,6,3075,2,1,0,0
5841,5,1051,1,1,1,0
5842,1,370,0,1,0,0
5843,3,656,0,1,0,0
5844,4,2060,5,1,1,0
5845,1,151,0,0,0,0
5846,1,156,0,0,0,0
5847,2,475,0,1,0,0
5848,4,2268,4,1,0,0
5849,2,255,0,0,0,0
5850,1,252,0,0,0,0
5851,4,1287,0,0,0,0
5852,3,993,0,0,0,0
5853,1,213,0,0,0,0
5854,2,471,1,0,0,0
5855,3,829,0,0,0,0
5856,3,1412,0,0,0,0
5857,2,447,1,0,0,0
5858,2,428,0,0,0,0
5859,3,1407,2,0,0,1
5860,4,1835,5,0,0,0
5861,1,164,0,0,0,0
5862,2,209,0,1,0,0
5863,3,1288,2,0,1,0
5864,3,1138,4,1,0,0
5865,1,50,0,0,0,0
5866,2,339,0,1,0,0
5867,3,1304,2,1,0,0
5868,6,2944,4,1,0,0
5869,2,1183,4,0,0,0
5870,2,1266,4,0,0,0
5871,3,1835,6,1,0,0
5872,1,437,2,0,0,0
5873,1,811,1,0,0,0
5874,2,602,0,1,0,0
5875,1,265,0,1,0,0
5876,2,984,1,0,0,0
5877,1,154,0,0,0,0
5878,3,695,1,1,0,0
5879,4,1849,2,0,0,0
5880,5,1525,1,1,0,0
5881,1,133,0,0,0,0
5882,3,1627,2,0,0,1
5883,3,1050,3,1,0,0
5884,5,3308,8,0,0,0
5885,1,308,0,0,0,0
5886,3,909,0,0,0,0
5887,3,1468,5,0,0,0
5888,4,1646,3,0,0,0
5889,2,417,0,0,0,0
5890,1,304,0,0,0,0
5891,4,1220,0,0,0,0
5892,5,1978,4,0,1,1
5893,5,2524,6,1,1,0
5894,2,981,1,1,0,0
5895,1,71,0,0,0,0
5896,6,1838,1,1,0,0
5897,1,234,0,0,0,0
5898,8,4539,2,1,1,0
5899,7,3771,4,0,0,0
5900,1,467,0,0,0,0
5901,1,163,0,0,0,0
5902,1,50,0,0,0,0
5903,1,282,0,0,0,0
5904,1,347,0,0,0,0
5905,3,1048,2,0,0,0
5906,4,2369,4,1,0,0
5907,4,1646,3,0,0,0
5908,4,2251,1,0,0,0
5909,10,5159,13,1,1,0
5910,2,757,0,0,0,0
5911,1,177,0,0,0,0
5912,2,619,0,0,0,0
5913,1,101,1,0,0,0
5914,2,1117,1,0,0,0
5915,4,1838,2,1,1,0
5916,5,2257,4,0,0,0
5917,1,181,0,0,0,0
5918,1,83,1,0,0,0
5919,2,1002,3,0,1,0
5920,1,274,0,0,0,0
5921,7,4318,8,0,1,0
5922,1,235,0,0,0,0
5923,4,1702,3,1,0,0
5924,1,415,1,0,0,0
5925,2,811,2,1,0,0
5926,3,813,0,1,0,0
5927,2,950,0,0,0,1
5928,4,854,3,0,1,0
5929,1,157,2,0,0,0
5930,4,1272,0,1,0,0
5931,3,740,1,1,1,0
5932,4,1207,0,0,0,1
5933,3,1203,0,0,0,1
5934,4,1281,0,0,0,0
5935,1,376,0,0,0,0
5936,4,1161,0,1,0,0
5937,4,945,2,0,1,0
5938,3,1251,1,0,1,0
5939,6,2225,4,1,1,0
5940,3,1532,3,1,0,0
5941,2,907,4,0,0,0
5942,2,687,1,0,0,0
5943,2,460,1,0,0,0
5944,9,4775,15,1,0,0
5945,2,792,2,0,0,0
5946,4,2180,9,0,0,0
5947,1,278,0,0,0,0
5948,3,1164,2,0,1,0
5949,3,1726,5,0,0,0
5950,2,692,0,0,0,0
5951,4,1712,4,1,0,0
5952,3,683,0,0,1,0
5953,1,197,0,0,0,0
5954,3,1467,1,0,1,1
5955,1,161,0,0,0,0
5956,7,4302,13,1,0,1
5957,2,852,1,0,1,0
5958,4,1752,1,0,0,1
5959,3,700,1,1,0,0
5960,5,3055,8,1,1,0
5961,4,2094,4,1,1,0
5962,3,1633,6,0,0,0
5963,3,662,1,1,0,0
5964,5,2130,3,1,0,0
5965,2,756,0,0,0,0
5966,1,389,0,0,0,0
5967,3,913,0,0,0,0
5968,1,225,0,0,0,0
5969,2,508,1,0,1,0
5970,2,855,3,1,0,0
5971,2,513,0,0,0,0
5972,1,180,0,0,0,0
5973,3,483,0,0,0,0
5974,2,657,1,0,0,0
5975,4,1192,1,1,0,0
5976,1,167,0,0,0,0
5977,3,1055,2,0,1,0
5978,1,249,0,0,0,0
5979,2,586,1,0,0,0
5980,4,2684,9,0,1,0
5981,1,186,0,0,0,0
5982,3,832,0,1,0,0
5983,1,221,0,1,0,0
5984,2,1007,2,0,0,0
5985,1,443,0,1,0,0
5986,4,2537,2,1,0,1
5987,1,183,0,0,0,0
5988,1,500,1,0,0,0
5989,2,305,1,0,0,0
5990,4,2570,5,0,0,0
5991,1,570,1,0,0,0
5992,4,2239,4,1,0,0
5993,5,2699,7,0,0,0
5994,5,2507,1,1,1,0
5995,2,663,0,0,0,0
5996,7,3107,6,1,1,0
5997,3,960,1,0,0,0
5998,2,954,1,0,0,0
5999,2,374,0,1,0,0
6000,2,762,2,0,0,0
6001,1,404,0,0,0,0
6002,1,246,1,0,0,0
6003,3,1468,3,0,0,0
6004,1,95,0,0,0,0
6005,2,423,0,0,0,0
6006,7,3724,6,1,1,0
6007,1,333,1,0,0,0
6008,1,50,0,0,0,0
6009,5,3294,8,1,1,0
6010,2,709,0,1,0,0
6011,1,50,0,0,0,0
6012,3,784,1,1,0,0
6013,3,670,2,0,0,1
6014,2,394,1,0,1,0
6015,5,2566,4,1,0,0
6016,2,520,0,0,0,0
6017,1,329,0,0,0,0
6018,1,197,0,0,0,0
6019,1,355,3,0,0,0
6020,2,1002,2,0,1,0
6021,2,564,2,0,1,0
6022,5,1778,4,1,1,0
6023,4,1866,6,1,0,0
6024,2,333,0,0,0,0
6025,4,2088,3,0,0,0
6026,3,1014,1,0,1,0
6027,2,688,0,0,0,0
6028,6,2632,4,0,0,0
6029,1,50,0,0,0,0
6030,3,956,1,0,0,0
6031,1,166,1,0,0,0
6032,7,3492,7,1,1,0
6033,2,944,1,1,0,0
6034,2,396,0,1,0,0
6035,1,277,0,0,0,0
6036,1,326,0,0,0,0
6037,1,235,0,0,0,0
6038,1,96,0,0,0,0
6039,5,2764,5,0,0,1
6040,1,257,0,0,0,0
6041,3,851,0,0,1,0
6042,1,555,1,0,0,0
6043,2,531,0,1,0,0
6044,1,338,0,0,0,0
6045,2,491,0,0,0,0
6046,2,1031,1,0,1,0
6047,1,443,0,0,0,0
6048,2,456,0,1,0,0
6049,6,3681,8,0,0,0
6050,5,2720,4,1,0,0
6051,1,163,0,0,0,0
6052,3,359,0,1,1,0
6053,3,1323,3,0,0,0
6054,1,283,0,0,0,0
6055,3,437,0,0,1,0
6056,3,1043,2,0,0,0
6057,3,608,0,1,0,0
6058,6,2955,7,1,0,0
6059,2,917,6,1,0,0
6060,1,292,0,0,0,0
6061,1,278,0,0,0,0
6062,5,2274,2,0,0,0
6063,3,849,2,0,0,0
6064,6,3594,8,1,0,0
6065,1,370,0,0,0,0
6066,3,1657,5,0,0,0
6067,1,531,0,0,0,0
6068,2,889,3,0,0,0
6069,1,160,0,0,0,0
6070,4,2313,4,1,0,0
6071,3,567,1,0,0,1
6072,4,1383,1,0,0,0
6073,4,2131,7,1,0,0
6074,3,1285,3,0,1,0
6075,2,608,0,0,0,0
6076,7,4397,9,0,1,1
6077,1,354,0,0,0,0
6078,4,1782,4,0,1,0
6079,1,290,0,0,0,0
6080,2,1137,4,0,0,0
6081,6,2985,7,0,1,0
6082,5,1683,0,0,1,0
6083,2,1225,4,0,0,0
6084,1,291,0,1,0,0
6085,3,1451,5,1,1,0
6086,4,1560,3,0,0,0
6087,3,1205,3,0,0,0
6088,2,645,0,0,0,0
6089,1,495,2,0,0,0
6090,3,1090,0,0,0,0
6091,1,192,0,0,0,0
6092,1,208,0,0,0,0
6093,1,198,0,0,0,0
6094,2,533,0,0,0,0
6095,2,500,0,0,0,0
6096,1,279,1,1,0,0
6097,1,642,1,0,0,0
6098,3,469,0,0,0,0
6099,2,597,1,0,0,0
6100,5,1892,7,1,0,0
6101,5,3030,8,0,1,0
6102,1,415,0,0,0,0
6103,5,2295,5,0,1,0
6104,6,3746,7,0,1,0
6105,5,2743,8,0,0,0
6106,3,1826,3,0,0,0
6107,1,401,0,0,0,0
6108,1,50,0,1,0,0
6109,2,604,0,0,0,1
6110,3,1114,0,1,0,0
6111,3,818,0,0,0,0
6112,4,2321,8,1,1,0
6113,6,1460,0,0,0,0
6114,4,1164,0,0,0,0
6115,2,870,2,0,0,0
6116,5,2102,2,0,0,1
6117,5,3386,4,0,0,0
6118,1,50,0,0,0,0
6119,1,367,0,0,0,0
6120,5,3027,9,0,0,0
6121,8,4660,10,1,0,1
6122,4,995,0,0,0,0
6123,1,376,0,0,0,0
6124,1,107,0,0,0,0
6125,1,345,1,0,0,0
6126,1,388,0,0,0,0
6127,4,2365,5,1,0,0
6128,1,329,0,0,0,0
6129,3,1216,0,1,0,0
6130,2,519,0,0,0,0
6131,3,2066,3,1,0,0
6132,3,1513,2,0,0,0
6133,1,239,1,0,0,0
6134,3,957,2,0,0,0
6135,2,1167,0,0,0,1
6136,1,406,0,0,0,0
6137,1,221,0,0,0,0
6138,7,3598,7,1,0,0
6139,4,881,1,0,0,0
6140,1,269,0,0,0,0
6141,1,279,1,0,0,0
6142,1,128,0,0,0,0
6143,3,1549,4,1,0,0
6144,1,361,0,0,0,0
6145,2,532,0,1,0,0
6146,2,378,0,1,0,0
6147,1,243,1,0,0,0
6148,2,408,0,0,0,0
6149,4,2295,4,0,0,0
6150,2,857,5,0,1,0
6151,4,2364,5,0,0,0
6152,1,104,0,0,0,0
6153,1,129,0,0,0,0
6154,4,2357,4,0,1,0
6155,4,1968,6,0,0,0
6156,2,1220,0,0,0,0
6157,4,955,2,1,0,0
6158,1,192,0,0,0,0
6159,3,206,0,0,0,0
6160,2,132,1,0,0,0
6161,7,2560,4,1,0,0
6162,1,172,0,0,0,0
6163,2,1304,2,0,0,0
6164,2,237,0,1,0,0
6165,1,155,0,0,0,0
6166,2,447,0,0,0,0
6167,3,1498,1,0,0,0
6168,2,297,1,0,1,0
6169,1,217,1,0,0,0
6170,3,909,0,0,0,0
6171,5,3228,6,0,0,1
6172,8,2745,4,0,1,0
6173,1,302,0,0,0,0
6174,1,605,0,0,0,0
6175,1,86,0,0,0,0
6176,1,214,0,0,0,0
6177,1,406,1,0,0,0
6178,1,260,0,0,0,0
6179,1,172,0,0,0,0
6180,1,170,0,0,0,0
6181,3,710,0,1,0,0
6182,4,1852,2,0,0,0
6183,4,1133,3,1,0,0
6184,1,147,1,0,0,0
6185,5,1636,0,0,0,0
6186,2,777,2,0,0,0
6187,3,1278,5,0,0,0
6188,4,1999,3,0,1,0
6189,3,1221,2,1,0,0
6190,3,779,0,0,0,0
6191,4,2273,5,0,0,0
6192,2,1264,2,0,0,0
6193,2,117,0,1,0,0
6194,2,864,0,0,0,0
6195,3,1686,2,0,1,0
6196,3,1677,3,0,1,0
6197,3,1064,1,0,0,0
6198,1,192,0,0,0,0
6199,1,50,0,0,0,0
6200,1,288,1,0,0,0
6201,1,261,1,0,0,0
6202,3,1629,5,0,1,0
6203,3,974,0,0,1,0
6204,4,869,1,0,1,0
6205,1,254,0,0,0,0
6206,2,595,0,0,0,0
6207,5,3031,8,1,0,0
6208,5,2857,0,1,0,0
6209,4,1974,2,0,1,0
6210,2,694,1,0,0,0
6211,4,1668,3,0,0,0
6212,3,1196,2,0,1,0
6213,6,3801,11,0,0,0
6214,1,308,1,0,0,0
6215,1,626,0,0,0,0
6216,1,215,1,0,0,0
6217,2,873,1,0,0,0
6218,3,982,0,0,1,0
6219,1,267,0,0,0,0
6220,6,3517,9,1,0,0
6221,3,1156,2,1,0,0
6222,1,351,0,0,0,0
6223,1,566,0,0,0,0
6224,1,137,0,0,0,0
6225,1,245,0,0,0,0
6226,4,1408,1,1,1,0
6227,2,549,0,0,1,0
6228,3,1605,2,1,0,0
6229,3,1112,2,0,0,0
6230,2,383,0,0,0,0
6231,1,186,0,0,0,0
6232,4,1721,0,1,0,0
6233,6,2150,4,1,0,0
6234,3,735,0,0,0,0
6235,2,898,2,0,1,0
6236,6,2203,3,0,1,0
6237,1,242,0,0,0,0
6238,3,761,1,0,1,0
6239,2,293,0,1,0,0
6240,2,556,1,0,0,0
6241,1,247,1,0,0,0
6242,4,1411,3,0,0,0
6243,4,847,0,0,0,0
6244,5,1805,3,1,1,0
6245,3,1345,1,1,0,0
6246,1,210,0,0,0,0
6247,2,702,2,0,0,0
6248,3,847,0,1,0,1
6249,1,190,0,0,0,0
6250,2,565,0,1,0,0
6251,1,227,0,0,0,0
6252,3,1265,3,0,0,0
6253,3,640,2,0,0,0
6254,1,166,1,0,0,0
6255,2,410,0,0,0,0
6256,3,806,1,1,0,0
6257,3,1384,1,0,0,0
6258,2,316,0,0,0,0
6259,6,3781,7,1,1,0
6260,5,2741,7,0,0,0
6261,5,2315,4,0,1,1
6262,4,2384,2,1,1,0
6263,1,399,1,0,0,0
6264,5,1102,0,1,1,0
6265,7,4235,8,1,0,0
6266,1,182,0,0,0,0
6267,5,2516,1,1,0,0
6268,2,1100,2,0,0,0
6269,2,1075,1,0,0,0
6270,1,256,0,0,0,0
6271,1,177,0,0,0,0
6272,1,427,0,0,0,0
6273,1,253,0,1,0,0
6274,1,463,1,0,0,0
6275,1,241,1,0,0,0
6276,1,287,0,0,0,0
6277,2,678,0,1,1,0
6278,1,461,1,0,0,0
6279,2,834,2,1,0,0
6280,6,2863,5,1,1,1
6281,1,257,0,0,0,0
6282,1,141,0,0,0,0
6283,1,519,0,0,0,0
6284,3,1460,3,0,0,0
6285,3,548,0,0,0,1
6286,1,345,0,0,0,0
6287,1,271,0,1,0,0
6288,4,1587,3,1,0,1
6289,2,720,3,0,0,0
6290,3,1558,7,0,0,0
6291,4,1299,5,1,0,0
6292,1,243,0,1,0,0
6293,1,183,0,0,0,0
6294,1,218,0,0,0,0
6295,6,1004,3,1,1,0
6296,3,1217,0,0,0,0
6297,4,774,1,0,0,0
6298,4,1456,2,1,0,1
6299,8,3284,6,1,0,1
6300,2,120,0,0,0,0
6301,1,420,1,0,0,0
6302,2,267,1,0,0,0
6303,1,582,0,0,0,0
6304,1,186,0,0,0,0
6305,1,356,0,0,0,0
6306,4,2116,4,1,0,1
6307,6,2892,9,0,1,0
6308,1,331,1,0,0,0
6309,5,1377,0,1,1,0
6310,1,275,0,0,0,0
6311,3,1041,0,1,0,0
6312,2,463,1,0,0,0
6313,1,200,0,0,0,0
6314,3,752,0,1,0,0
6315,7,4032,8,1,1,0
6316,1,228,0,0,0,0
6317,1,370,0,0,0,0
6318,1,50,1,0,0,0
6319,1,157,0,0,0,0
6320,4,1600,2,0,0,0
6321,2,565,0,0,0,0
6322,4,1702,2,1,0,0
6323,3,804,0,1,0,0
6324,4,2397,4,0,0,0
6325,3,1345,5,0,1,0
6326,6,3631,10,1,0,0
6327,3,722,2,0,0,0
6328,2,655,0,0,1,0
6329,2,292,0,1,0,0
6330,1,331,1,0,0,0
6331,5,2457,2,1,0,0
6332,1,163,0,0,0,0
6333,5,2653,10,1,0,0
6334,3,964,0,0,1,0
6335,1,301,1,0,0,0
6336,1,249,0,0,0,0
6337,3,879,1,0,0,0
6338,2,408,0,0,0,0
6339,5,2048,3,1,0,1
6340,2,1030,2,0,0,0
6341,1,106,0,0,0,0
6342,6,2830,5,0,1,0
6343,5,2166,3,0,1,0
6344,1,400,0,0,0,0
6345,6,1653,1,1,0,0
6346,2,423,0,1,0,0
6347,3,1188,0,1,0,0
6348,2,682,2,0,0,0
6349,2,684,0,0,0,0
6350,1,529,1,0,0,0
6351,3,925,1,0,0,0
6352,5,1232,4,1,0,0
6353,1,189,0,0,0,0
6354,3,1509,5,1,0,0
6355,4,1768,3,1,1,0
6356,1,267,0,0,0,0
6357,2,1334,2,0,0,0
6358,4,2444,2,1,1,0
6359,3,1027,3,0,1,0
6360,9,3622,8,1,1,0
6361,1,333,0,0,0,0
6362,4,2029,3,0,1,0
6363,2,969,6,0,0,0
6364,7,3358,7,0,0,0
6365,5,2700,3,1,1,0
6366,4,1200,0,0,1,0
6367,6,3490,10,1,0,0
6368,1,424,0,0,0,0
6369,1,435,0,0,0,0
6370,1,450,0,0,0,0
6371,4,686,0,0,0,0
6372,2,738,0,0,0,0
6373,6,3236,4,1,1,0
6374,1,260,0,0,0,0
6375,4,2395,5,0,0,1
6376,4,929,1,0,0,0
6377,1,139,1,0,0,0
6378,1,50,0,0,0,0
6379,1,634,1,0,0,0
6380,1,94,0,0,0,0
6381,5,1415,0,0,1,0
6382,4,1843,7,0,0,1
6383,1,344,0,0,0,0
6384,2,287,1,0,0,0
6385,1,107,0,0,0,0
6386,1,50,0,0,0,0
6387,1,252,0,0,0,0
6388,2,543,3,0,0,0
6389,5,3254,7,1,0,0
6390,1,244,0,0,0,0
6391,2,648,1,0,0,0
6392,4,1215,0,0,1,0
6393,2,640,0,1,0,0
6394,5,2648,4,0,0,0
6395,2,824,0,0,1,0
6396,8,3418,6,1,1,1
6397,2,448,2,0,0,0
6398,1,282,0,0,0,0
6399,3,1262,6,1,0,0
6400,1,140,0,0,0,0
6401,1,161,0,0,0,0
6402,1,242,0,0,0,0
6403,3,1292,3,0,0,0
6404,3,774,0,1,0,0
6405,3,1679,3,0,1,0
6406,3,659,0,0,0,0
6407,1,378,0,0,0,0
6408,4,2455,3,1,0,0
6409,4,2149,3,0,0,0
6410,3,1314,2,1,0,0
6411,2,362,2,0,0,0
6412,1,189,0,0,0,0
6413,4,1382,2,0,1,0
6414,3,631,0,0,0,0
6415,1,355,0,0,0,0
6416,2,289,0,1,0,0
6417,5,1733,0,0,1,0
6418,1,50,0,0,0,0
6419,2,693,1,0,0,0
6420,4,1841,4,0,1,1
6421,1,185,1,0,0,0
6422,1,471,2,0,0,0
6423,5,1766,6,0,1,0
6424,2,446,2,1,0,0
6425,7,4025,8,1,0,0
6426,4,946,0,0,1,0
6427,1,480,0,0,0,0
6428,4,2597,4,1,0,0
6429,4,970,1,0,0,1
6430,3,1596,2,0,0,0
6431,1,221,1,0,0,0
6432,5,2971,6,0,0,0
6433,2,227,0,0,1,0
6434,5,1385,3,1,0,0
6435,4,666,1,0,1,1
6436,4,948,1,1,0,0
6437,5,2212,3,1,0,1
6438,2,710,0,0,0,0
6439,5,1055,1,1,0,0
6440,1,204,0,0,0,0
6441,2,343,0,0,0,0
6442,2,1015,3,0,0,0
6443,3,999,1,1,0,0
6444,1,201,0,0,0,0
6445,4,2149,6,0,0,0
6446,1,258,0,0,0,0
6447,1,299,0,0,0,0
6448,3,1001,0,0,0,0
6449,1,79,0,0,0,0
6450,1,145,1,0,0,0
6451,4,1642,2,0,0,0
6452,2,864,3,0,0,0
6453,8,4328,8,1,0,0
6454,2,1291,1,0,0,0
6455,3,642,1,1,0,0
6456,1,351,1,0,0,0
6457,3,1652,4,1,0,0
6458,2,297,0,0,0,0
6459,1,297,0,0,0,0
6460,2,718,2,0,0,0
6461,1,239,0,0,0,0
6462,1,166,0,0,0,0
6463,1,240,0,0,0,0
6464,2,796,1,1,0,0
6465,1,250,2,0,0,0
6466,3,470,0,1,0,0
6467,2,415,1,0,0,0
6468,1,315,0,0,0,0
6469,1,90,1,0,0,0
6470,3,1035,0,0,0,0
6471,1,310,0,0,0,0
6472,1,261,0,0,0,0
6473,4,2641,5,1,1,0
6474,1,266,0,0,0,0
6475,3,476,0,0,0,0
6476,1,170,0,1,0,0
6477,3,748,0,0,0,0
6478,1,432,0,1,0,0
6479,2,421,1,0,0,0
6480,4,1632,0,0,0,0
6481,1,99,0,0,0,0
6482,4,2042,3,1,0,0
6483,2,668,0,0,0,0
6484,4,1125,0,0,0,0
6485,1,90,1,1,0,0
6486,2,614,0,0,0,0
6487,5,2969,8,0,0,0
6488,1,443,0,0,0,0
6489,1,212,0,0,0,0
6490,1,219,0,0,0,0
6491,3,1095,0,0,0,0
6492,2,494,0,1,0,0
6493,2,783,2,0,0,0
6494,1,120,0,0,0,0
6495,5,2784,4,1,0,0
6496,7,2090,0,1,0,0
6497,1,220,0,0,0,0
6498,3,442,0,0,0,0
6499,3,289,0,0,1,0
6500,4,904,1,0,0,0
6501,5,1744,0,1,0,0
6502,1,276,0,0,0,0
6503,3,1341,3,0,1,0
6504,2,639,1,0,0,0
6505,4,2326,1,0,1,0
6506,2,154,1,0,0,0
6507,2,464,0,0,0,0
6508,2,388,0,1,0,0
6509,4,1512,5,0,1,0
6510,1,236,0,0,0,0
6511,1,307,0,0,0,0
6512,1,130,0,0,0,0
6513,1,451,1,0,0,0
6514,2,349,1,0,1,0
6515,10,6398,11,0,0,0
6516,4,1836,4,0,1,0
6517,1,120,0,0,0,0
6518,1,253,0,0,0,0
6519,5,1631,1,1,0,1
6520,1,378,0,0,0,0
6521,7,3638,11,1,1,0
6522,5,1997,2,1,0,0
6523,4,2307,4,0,0,0
6524,1,116,0,0,0,0
6525,1,632,2,0,0,0
6526,3,616,0,0,0,1
6527,6,2291,5,1,0,0
6528,2,960,2,1,0,0
6529,1,50,0,0,0,0
6530,1,338,0,0,0,0
6531,1,233,0,0,0,0
6532,1,301,0,0,0,0
6533,4,1097,0,1,1,0
6534,3,1106,1,0,0,0
6535,1,148,0,0,0,0
6536,3,1762,3,0,1,0
6537,2,1019,2,0,0,0
6538,10,4096,6,1,0,0
6539,7,3223,8,1,1,0
6540,1,50,1,1,0,0
6541,2,485,0,1,0,0
6542,1,370,0,0,0,0
6543,3,1331,0,0,0,0
6544,4,2525,6,0,1,0
6545,1,152,0,0,0,0
6546,5,2831,2,1,1,1
6547,3,946,2,1,0,0
6548,2,1393,2,1,0,0
6549,2,1225,2,1,0,0
6550,2,352,0,0,0,0
6551,1,310,1,0,0,0
6552,1,308,0,0,0,0
6553,5,2904,7,1,0,0
6554,2,598,0,1,0,0
6555,1,236,0,0,0,0
6556,5,2379,2,0,0,0
6557,2,710,0,1,0,0
6558,1,352,1,0,0,0
6559,5,2770,8,1,0,0
6560,1,517,1,0,0,0
6561,2,317,0,0,0,0
6562,4,2098,5,0,1,0
6563,2,444,0,0,0,0
6564,1,277,0,0,0,0
6565,4,1500,3,0,0,0
6566,10,5785,8,1,1,0
6567,2,619,1,0,0,0
6568,3,843,1,0,0,0
6569,3,886,0,0,0,0
6570,3,1489,3,0,0,0
6571,2,839,2,0,1,0
6572,2,658,0,0,0,0
6573,4,2453,4,1,0,0
6574,4,987,1,1,1,0
6575,1,186,0,0,0,0
6576,5,2184,2,1,0,0
6577,1,517,0,0,0,0
6578,2,577,0,0,0,0
6579,11,6911,13,1,0,1
6580,1,368,2,0,0,0
6581,2,365,1,0,0,0
6582,3,984,2,1,1,0
6583,1,166,0,0,0,0
6584,4,1918,3,0,0,0
6585,1,108,0,0,0,0
6586,2,812,0,1,0,0
6587,6,3557,10,0,0,0
6588,2,201,0,0,0,0
6589,4,1561,2,0,1,0
6590,1,198,0,0,0,0
6591,2,742,0,0,0,0
6592,3,716,1,1,0,0
6593,1,257,0,0,0,0
6594,1,433,0,0,0,0
6595,1,278,0,0,0,0
6596,1,167,0,0,0,0
6597,2,990,2,1,0,0
6598,2,287,0,0,0,1
6599,5,1924,0,1,0,0
6600,6,3664,4,1,0,0
6601,1,650,0,0,0,0
6602,1,271,0,0,0,0
6603,3,1191,2,0,1,0
6604,3,1876,0,1,0,0
6605,1,300,0,0,0,0
6606,5,2790,4,1,0,0
6607,1,224,0,0,0,0
6608,3,1317,0,1,0,1
6609,1,227,0,0,0,0
6610,6,1958,2,1,0,0
6611,1,83,0,0,0,0
6612,4,1898,2,0,0,0
6613,1,279,0,0,0,0
6614,3,898,0,0,0,0
6615,1,300,0,0,0,0
6616,2,409,0,0,0,0
6617,1,225,0,0,0,0
6618,2,875,2,0,0,0
6619,1,281,0,0,0,0
6620,4,1885,3,0,1,0
6621,5,2649,4,1,1,0
6622,4,1851,4,0,1,1
6623,1,223,0,0,0,0
6624,1,243,0,0,0,0
6625,2,549,0,0,0,0
6626,1,50,0,0,0,0
6627,1,361,1,0,0,0
6628,1,241,0,0,0,0
6629,2,420,1,0,0,0
6630,4,1299,2,0,0,0
6631,2,552,0,0,0,0
6632,1,331,0,0,0,0
6633,2,402,0,0,0,0
6634,3,1236,0,0,1,0
6635,2,583,0,0,0,0
6636,1,73,0,0,0,0
6637,3,636,1,0,0,0
6638,5,2770,8,0,0,0
6639,1,105,1,0,0,0
6640,3,938,1,0,1,0
6641,1,146,0,0,0,0
6642,2,566,1,0,0,0
6643,3,989,1,1,0,1
6644,5,2318,2,1,1,0
6645,1,156,0,0,0,0
6646,1,432,2,0,0,0
6647,5,2382,2,1,0,1
6648,1,274,0,0,0,0
6649,1,194,0,0,0,0
6650,1,278,0,0,0,0
6651,1,144,0,0,0,0
6652,1,158,0,0,0,0
6653,1,421,0,0,0,0
6654,3,863,0,0,0,0
6655,1,368,0,0,0,0
6656,4,2169,2,0,0,0
6657,5,3258,9,1,0,0
6658,7,3832,12,1,1,0
6659,4,1029,2,1,0,0
6660,4,2110,3,1,0,0
6661,4,1878,4,1,0,0
6662,4,2191,8,0,0,0
6663,2,345,0,1,0,0
6664,2,526,0,0,0,0
6665,2,1250,2,1,0,0
6666,4,1808,0,1,0,0
6667,1,169,0,0,0,0
6668,3,836,2,0,1,0
6669,3,356,2,0,0,0
6670,3,1007,1,0,0,0
6671,3,637,1,0,0,0
6672,3,1385,3,0,1,0
6673,4,1891,4,1,0,1
6674,2,1058,1,0,0,0
6675,3,1250,2,0,0,0
6676,3,1235,1,0,1,0
6677,1,415,0,0,0,0
6678,1,653,2,0,0,0
6679,3,1459,0,0,1,0
6680,4,736,1,0,1,0
6681,3,1002,0,1,0,0
6682,1,194,1,0,0,0
6683,5,2567,5,1,0,1
6684,3,703,0,0,1,0
6685,1,259,0,0,0,0
6686,7,3139,4,0,1,1
6687,1,119,0,0,0,0
6688,3,862,0,0,0,0
6689,6,1131,0,0,0,0
6690,3,623,0,0,1,0
6691,2,693,0,0,0,0
6692,1,247,0,0,0,0
6693,2,404,0,0,0,0
6694,2,332,1,0,0,0
6695,1,118,0,0,0,0
6696,2,345,0,0,0,0
6697,3,816,0,0,0,0
6698,4,2433,2,0,0,0
6699,5,3052,6,0,0,0
6700,1,242,0,0,0,0
6701,2,397,0,1,0,0
6702,3,1471,4,0,0,0
6703,1,366,0,0,0,0
6704,1,69,0,0,0,0
6705,1,548,1,0,0,0
6706,1,195,0,0,0,0
6707,1,431,0,0,0,0
6708,2,563,0,0,0,0
6709,3,1689,3,1,0,0
6710,2,991,0,0,0,0
6711,1,244,0,0,0,0
6712,3,903,2,1,0,0
6713,3,1429,0,1,0,0
6714,4,1063,2,1,1,0
6715,1,330,0,0,0,0
6716,1,203,0,0,0,0
6717,5,3437,5,0,0,0
6718,1,385,0,0,0,0
6719,1,290,0,0,0,0
6720,5,2008,5,1,1,0
6721,2,893,2,0,0,0
6722,4,1141,0,0,0,0
6723,4,2690,2,0,0,0
6724,6,1677,1,0,0,1
6725,3,1551,3,0,0,0
6726,3,1417,5,0,0,0
6727,1,156,0,0,0,0
6728,2,1019,3,1,0,0
6729,2,1376,3,0,0,0
6730,4,1901,6,0,1,0
6731,4,833,1,0,0,0
6732,1,95,0,0,0,0
6733,1,353,2,0,0,0
6734,1,507,0,0,0,0
6735,4,1904,2,0,0,0
6736,1,50,0,0,0,0
6737,1,878,1,0,0,0
6738,1,409,0,0,0,0
6739,4,954,0,1,0,1
6740,1,333,0,0,0,0
6741,4,1784,6,0,1,0
6742,4,1640,5,1,0,0
6743,1,342,0,0,0,0
6744,5,1784,0,1,1,0
6745,1,357,0,0,0,0
6746,3,979,2,1,1,0
6747,4,2256,5,0,0,0
6748,5,2245,4,0,0,0
6749,3,195,0,1,0,0
6750,1,231,0,0,0,0
6751,2,954,1,0,0,0
6752,1,289,0,0,0,0
6753,7,3527,2,1,0,0
6754,2,831,2,0,0,0
6755,4,1299,1,0,1,0
6756,1,444,0,0,0,0
6757,8,3082,5,0,1,0
6758,2,587,1,0,0,0
6759,4,1319,1,0,0,0
6760,2,454,2,0,0,1
6761,5,3207,5,0,0,0
6762,2,687,1,0,0,0
6763,2,388,0,0,0,1
6764,1,209,0,0,0,0
6765,3,560,0,0,1,0
6766,2,415,0,0,0,0
6767,2,198,0,0,1,0
6768,2,1279,1,0,0,0
6769,3,1927,2,1,0,0
6770,1,152,0,0,0,0
6771,3,761,0,0,0,0
6772,4,1143,0,0,1,1
6773,5,3178,7,0,0,0
6774,2,506,0,0,1,0
6775,4,1265,2,0,0,1
6776,3,1391,4,0,0,1
6777,1,274,0,0,0,0
6778,1,252,0,0,0,0
6779,1,322,1,1,0,0
6780,9,4463,7,1,1,0
6781,5,2258,3,1,1,0
6782,3,1030,1,0,0,0
6783,2,305,0,1,0,0
6784,1,422,1,0,0,0
6785,1,252,0,0,0,0
6786,1,381,1,0,0,0
6787,6,2034,0,1,0,0
6788,4,2068,7,0,0,0
6789,4,998,1,1,0,0
6790,3,318,0,0,1,0
6791,2,678,1,0,0,0
6792,2,1239,2,1,1,0
6793,1,312,0,0,0,0
6794,3,1210,0,0,1,0
6795,1,478,1,0,0,0
6796,3,618,2,0,0,0
6797,4,1620,2,0,1,0
6798,8,4386,5,0,1,1
6799,2,294,0,0,0,0
6800,1,213,0,0,0,0
6801,4,1894,0,0,1,0
6802,3,1585,0,1,1,0
6803,2,691,1,0,0,0
6804,2,532,0,1,0,0
6805,1,148,0,0,0,0
6806,5,2830,6,0,0,1
6807,5,2045,0,1,0,0
6808,1,408,0,0,0,0
6809,2,360,0,0,0,0
6810,6,3594,7,0,0,0
6811,3,722,0,0,0,1
6812,1,241,0,0,0,0
6813,5,1547,1,1,0,0
6814,2,940,2,0,0,0
6815,2,788,0,0,0,0
6816,1,657,2,0,0,0
6817,4,2447,4,0,0,0
6818,3,916,3,1,0,0
6819,5,2011,3,1,1,1
6820,3,1079,2,0,0,0
6821,2,950,3,0,1,0
6822,4,1495,1,1,0,0
6823,1,186,0,1,0,0
6824,8,4904,8,1,0,1
6825,1,65,0,0,0,0
6826,3,1172,1,1,0,0
6827,4,1982,3,1,0,0
6828,1,300,0,0,0,0
6829,4,2351,6,1,0,0
6830,1,275,0,0,0,0
6831,2,576,0,1,0,0
6832,3,1030,1,1,0,0
6833,1,188,0,0,0,0
6834,6,3101,4,0,1,0
6835,1,398,2,0,0,0
6836,3,1176,2,1,0,0
6837,1,506,2,0,0,0
6838,5,2685,6,0,1,0
6839,4,1106,1,0,1,0
6840,1,147,0,0,0,0
6841,6,3878,6,1,0,0
6842,4,2011,4,1,0,0
6843,2,785,1,1,0,0
6844,3,1712,4,0,1,0
6845,3,911,1,0,1,0
6846,2,859,1,0,0,0
6847,7,2277,2,1,1,0
6848,5,3316,6,0,1,0
6849,2,1084,2,0,1,0
6850,7,2133,1,1,1,0
6851,8,4506,7,0,1,0
6852,1,270,0,0,0,0
6853,1,50,0,0,0,0
6854,3,1656,0,0,1,0
6855,1,241,0,0,0,0
6856,3,955,1,0,0,0
6857,3,480,1,0,0,0
6858,2,688,1,0,0,0
6859,1,50,0,1,0,0
6860,3,1764,2,1,0,0
6861,1,91,0,0,0,0
6862,5,2354,7,0,1,1
6863,3,887,1,0,0,0
6864,3,403,2,0,0,0
6865,2,954,2,1,0,0
6866,3,1499,3,0,0,0
6867,2,539,1,0,1,0
6868,3,1318,2,1,0,0
6869,3,1821,3,1,0,0
6870,3,1121,1,0,0,0
6871,1,442,2,0,0,0
6872,2,544,0,0,0,0
6873,4,860,3,0,1,0
6874,1,181,1,0,0,0
6875,1,413,1,0,0,0
6876,2,577,0,0,0,0
6877,3,1580,2,0,0,0
6878,3,714,1,0,0,0
6879,1,585,3,0,0,0
6880,2,643,0,0,1,0
6881,1,226,0,0,0,0
6882,1,230,0,0,0,0
6883,7,2193,1,1,0,0
6884,5,1301,0,0,0,0
6885,2,570,1,0,0,0
6886,4,2666,5,1,0,0
6887,2,519,0,0,0,0
6888,2,500,0,0,0,0
6889,2,1002,2,0,1,0
6890,2,635,0,0,0,0
6891,3,945,1,0,1,0
6892,5,3031,8,1,0,0
6893,6,2671,3,0,0,0
6894,1,358,0,0,0,0
6895,5,2259,6,1,0,0
6896,3,916,1,0,1,0
6897,8,4039,3,1,0,0
6898,1,522,0,0,0,0
6899,1,178,0,0,0,0
6900,1,259,0,0,0,0
6901,1,334,0,0,0,0
6902,1,579,0,0,0,0
6903,2,800,0,0,0,0
6904,1,604,1,0,0,0
6905,2,778,2,1,0,0
6906,8,4407,8,0,1,0
6907,1,190,0,0,0,0
6908,1,341,1,0,0,0
6909,1,213,0,0,0,0
6910,3,1109,2,0,0,0
6911,3,1089,2,1,0,0
6912,3,973,0,0,0,0
6913,3,1644,1,0,0,0
6914,4,2513,7,0,0,0
6915,1,263,0,0,0,0
6916,1,50,0,0,0,0
6917,7,2284,1,1,0,1
6918,2,598,1,0,0,0
6919,1,278,0,0,0,0
6920,6,2451,3,0,0,0
6921,5,2150,1,0,0,0
6922,7,4306,10,1,0,0
6923,4,977,0,1,0,0
6924,1,365,1,0,0,0
6925,2,852,3,0,0,0
6926,8,3266,4,1,0,0
6927,5,2605,10,1,1,0
6928,1,58,0,0,0,0
6929,1,303,0,0,0,0
6930,3,899,0,0,0,0
6931,2,559,2,1,0,0
6932,5,3440,4,1,0,0
6933,3,1429,1,1,0,0
6934,1,187,0,0,0,0
6935,4,1741,3,0,0,0
6936,1,166,0,0,0,0
6937,1,651,0,0,0,0
6938,2,601,0,0,0,0
6939,6,2125,1,1,1,0
6940,2,600,0,0,0,0
6941,2,296,0,0,0,0
6942,3,1374,4,1,0,0
6943,8,4265,4,1,0,1
6944,4,2293,2,1,0,0
6945,1,50,1,0,0,0
6946,4,1845,2,1,0,0
6947,4,2490,5,1,0,0
6948,1,634,0,0,0,0
6949,1,300,0,0,0,0
6950,5,2691,5,1,0,0
6951,4,817,1,1,0,1
6952,4,1534,1,1,0,1
6953,5,3153,4,0,0,0
6954,3,1516,4,0,0,1
6955,1,240,0,0,0,0
6956,6,3849,6,1,1,1
6957,1,297,0,0,0,0
6958,4,2329,3,1,0,0
6959,1,362,0,0,0,0
6960,1,233,0,0,0,0
6961,1,290,0,0,0,0
6962,3,1271,0,0,0,0
6963,4,1368,0,0,0,0
6964,2,258,1,0,0,0
6965,6,3326,10,1,0,0
6966,2,677,0,0,0,0
6967,1,191,2,0,0,0
6968,2,323,1,0,0,0
6969,1,242,0,0,0,0
6970,1,541,0,0,0,0
6971,1,251,1,0,0,0
6972,4,2506,8,1,0,0
6973,4,1750,2,1,0,0
6974,6,2658,5,0,0,1
6975,1,364,0,0,0,0
6976,6,2285,4,1,0,0
6977,2,569,0,0,0,0
6978,1,306,0,0,0,0
6979,5,2250,5,1,0,0
6980,2,981,0,1,0,0
6981,1,188,0,0,0,0
6982,3,797,2,0,0,1
6983,1,183,0,0,0,0
6984,3,1594,3,0,0,0
6985,3,1506,2,0,0,0
6986,7,3970,13,1,0,0
6987,6,3996,9,0,1,0
6988,1,248,1,0,0,0
6989,3,377,1,0,1,0
6990,4,1738,2,1,0,0
6991,3,1100,2,0,0,0
6992,3,838,0,0,0,0
6993,4,2150,6,0,1,0
6994,2,1090,2,0,0,0
6995,1,290,0,0,0,0
6996,1,349,1,0,0,0
6997,1,402,0,0,0,0
6998,1,180,0,0,0,0
6999,4,1012,0,0,0,0
7000,4,1609,3,1,0,0
7001,6,2776,4,1,0,0
7002,7,3612,9,1,1,0
7003,1,181,0,0,0,0
7004,1,323,0,1,0,0
7005,3,943,0,0,0,0
7006,5,1547,1,1,0,0
7007,4,1380,0,0,0,0
7008,1,468,0,0,0,0
7009,8,4379,15,1,1,0
7010,2,453,1,0,0,0
7011,4,1133,0,1,1,0
7012,5,2744,11,1,0,0
7013,3,1427,3,1,0,0
7014,1,309,0,1,0,0
7015,2,920,0,0,0,0
7016,6,2973,8,0,0,0
7017,1,245,0,0,0,0
7018,1,177,0,0,0,0
7019,5,2970,9,0,0,0
7020,6,2274,4,1,0,0
7021,3,1090,2,1,0,0
7022,1,138,0,0,0,0
7023,3,668,0,0,1,0
7024,4,975,0,0,0,0
7025,5,2871,9,0,0,1
7026,2,907,1,0,0,0
7027,3,922,0,0,0,0
7028,5,1709,0,1,0,0
7029,3,364,2,0,1,0
7030,1,517,2,0,0,0
7031,1,188,0,0,0,0
7032,2,416,1,1,0,0
7033,2,145,0,0,0,0
7034,1,218,0,0,0,0
7035,1,279,0,0,0,0
7036,2,1142,1,0,0,0
7037,1,146,0,0,0,0
7038,2,469,0,0,0,0
7039,5,1638,1,1,0,0
7040,5,2446,5,1,1,0
7041,3,751,0,0,0,0
7042,5,2472,8,0,0,0
7043,2,855,1,1,0,0
7044,2,942,1,0,0,0
7045,5,1181,2,1,0,0
7046,1,273,0,0,0,0
7047,4,2331,7,0,0,1
7048,1,172,0,0,0,0
7049,2,416,0,1,0,0
7050,2,546,1,0,1,0
7051,3,1662,3,0,0,0
7052,1,437,1,0,0,0
7053,3,1050,0,0,0,1
7054,1,254,0,0,0,0
7055,3,1267,4,1,0,0
7056,4,847,2,0,0,0
7057,1,99,0,0,0,0
7058,1,130,0,0,0,0
7059,3,742,2,0,0,0
7060,5,2489,8,0,1,0
7061,4,1986,2,0,0,0
7062,4,2606,7,0,0,1
7063,2,1185,4,0,0,0
7064,1,237,1,0,0,0
7065,1,323,1,0,0,0
7066,8,4817,10,1,0,0
7067,3,695,0,0,0,0
7068,3,821,2,0,0,0
7069,2,401,1,1,0,0
7070,2,641,1,0,0,0
7071,3,1179,2,0,0,1
7072,2,545,0,0,0,0
7073,1,115,0,0,0,0
7074,1,208,0,0,0,0
7075,3,891,0,1,0,0
7076,6,2073,0,0,1,1
7077,2,808,0,1,0,0
7078,2,836,1,1,0,0
7079,2,610,0,0,0,0
7080,1,355,0,0,0,0
7081,3,1542,6,0,0,0
7082,1,235,0,0,0,0
7083,4,2184,4,1,1,0
7084,3,1376,3,0,0,0
7085,7,3310,11,1,0,1
7086,2,727,0,0,0,0
7087,1,50,0,0,0,0
7088,1,192,0,0,0,0
7089,3,1170,0,1,0,0
7090,1,609,1,0,0,0
7091,1,188,1,0,0,0
7092,3,1282,2,0,0,0
7093,3,628,1,0,0,0
7094,4,2314,2,1,0,0
7095,1,270,0,0,0,0
7096,1,50,0,0,0,0
7097,3,524,0,0,1,0
7098,5,2502,2,0,0,1
7099,1,298,2,0,0,0
7100,4,2178,4,0,0,0
7101,5,2518,3,0,0,0
7102,1,134,0,0,0,0
7103,2,711,1,0,0,0
7104,2,234,0,0,0,0
7105,3,1836,6,1,0,0
7106,1,474,1,0,0,0
7107,1,158,0,0,0,0
7108,1,332,0,0,0,0
7109,1,249,0,0,0,0
7110,1,613,1,0,0,0
7111,1,177,1,0,0,0
7112,1,364,0,0,0,0
7113,3,1181,3,0,0,0
7114,1,266,0,0,0,0
7115,1,207,0,0,0,0
7116,1,320,1,1,0,0
7117,3,1226,2,0,0,0
7118,4,1861,3,1,0,0
7119,2,360,0,1,0,0
7120,3,1233,0,0,0,0
7121,5,2250,4,1,1,0
7122,2,922,1,1,0,0
7123,5,2049,3,1,1,0
7124,2,469,0,0,1,0
7125,3,807,0,1,1,0
7126,2,578,0,1,0,0
7127,3,862,0,0,1,0
7128,1,135,0,0,0,0
7129,3,1073,0,0,0,0
7130,5,996,0,1,0,0
7131,6,3572,6,1,0,0
7132,5,1430,2,1,0,0
7133,1,397,0,0,0,0
7134,3,481,0,0,0,0
7135,1,203,0,0,0,0
7136,1,285,0,0,0,0
7137,2,337,0,0,1,0
7138,3,1124,2,0,0,0
7139,4,1930,3,0,0,0
7140,4,1131,2,0,1,0
7141,5,2582,3,1,1,0
7142,5,1803,0,1,0,0
7143,1,305,0,1,0,0
7144,2,299,0,0,0,0
7145,4,1319,0,0,1,0
7146,2,705,1,1,0,0
7147,1,505,1,0,0,0
7148,1,223,0,0,0,0
7149,5,1774,0,1,0,0
7150,1,337,0,0,0,0
7151,4,2034,5,0,1,0
7152,3,544,1,0,0,0
7153,4,1048,0,1,0,0
7154,2,773,0,0,0,0
7155,2,1047,0,0,0,0
7156,6,3210,4,1,0,0
7157,2,391,0,0,0,0
7158,2,700,1,0,0,0
7159,1,229,0,0,0,0
7160,4,1893,2,1,0,0
7161,1,201,0,0,0,0
7162,4,1010,1,1,0,0
7163,2,525,1,0,0,0
7164,3,1326,2,0,0,0
7165,2,1009,1,0,0,0
7166,1,447,0,0,0,0
7167,3,280,1,0,0,0
7168,1,94,1,0,0,0
7169,1,522,1,0,0,0
7170,2,626,2,0,0,0
7171,6,3262,8,1,1,0
7172,3,1161,4,1,0,0
7173,5,1740,2,0,1,0
7174,2,579,2,0,0,0
7175,4,2783,7,0,0,1
7176,2,334,0,0,1,0
7177,1,198,0,0,0,0
7178,7,4023,10,1,0,0
7179,1,361,0,0,0,0
7180,3,889,1,0,0,0
7181,2,646,2,0,0,0
7182,2,611,0,0,0,0
7183,4,2261,4,1,0,0
7184,1,290,0,0,0,0
7185,4,2519,4,0,0,0
7186,2,680,0,0,0,0
7187,2,475,0,1,0,0
7188,5,2685,8,1,0,0
7189,5,2496,1,1,0,0
7190,1,235,0,0,0,0
7191,3,1611,3,0,0,0
7192,7,3241,5,1,1,1
7193,3,643,1,1,0,0
7194,3,1464,0,1,0,0
7195,1,450,0,0,0,0
7196,3,923,1,0,0,0
7197,5,1724,0,1,1,0
7198,2,1037,3,0,0,0
7199,1,329,0,0,0,0
7200,2,737,0,1,0,0
7201,4,1320,1,0,1,0
7202,9,5768,15,1,1,0
7203,6,3064,12,1,1,0
7204,3,353,1,0,0,0
7205,2,327,2,0,0,0
7206,6,2508,5,1,1,0
7207,1,386,0,0,0,0
7208,4,1554,2,1,1,0
7209,2,483,0,0,0,0
7210,1,388,2,0,0,0
7211,2,576,0,0,0,0
7212,3,780,1,1,0,0
7213,3,753,0,1,0,0
7214,2,304,1,1,0,0
7215,4,1404,3,0,0,0
7216,3,1137,1,0,0,0
7217,4,1713,2,1,0,0
7218,2,208,0,0,0,0
7219,3,1617,1,0,0,1
7220,4,1743,2,0,0,0
7221,2,153,0,1,0,0
7222,8,4026,11,1,0,0
7223,1,189,0,0,0,0
7224,3,1608,3,0,0,0
7225,1,331,0,0,0,0
7226,3,624,1,1,0,0
7227,2,725,0,0,0,0
7228,5,2639,6,1,0,0
7229,3,697,1,0,0,0
7230,1,211,0,0,0,0
7231,1,376,1,0,0,0
7232,5,1634,0,0,1,0
7233,4,1608,4,0,0,0
7234,1,297,0,0,0,0
7235,1,482,1,0,0,0
7236,1,151,0,0,0,0
7237,3,1763,4,0,0,0
7238,1,323,0,0,0,0
7239,1,55,0,1,0,0
7240,3,1635,1,0,0,0
7241,1,144,0,0,0,0
7242,4,1979,3,0,0,1
7243,5,2782,6,1,1,0
7244,3,719,0,1,0,0
7245,7,4619,6,1,0,1
7246,1,145,0,0,0,0
7247,1,308,0,0,0,0
7248,1,84,0,0,0,0
7249,4,2592,5,0,0,0
7250,8,4918,14,1,1,0
7251,2,798,1,0,1,0
7252,5,2842,5,1,0,1
7253,1,50,0,0,0,0
7254,1,66,0,0,0,0
7255,1,580,0,0,0,0
7256,9,4633,13,1,0,0
7257,3,885,0,1,0,0
7258,1,125,0,1,0,0
7259,4,1129,0,1,0,0
7260,1,322,0,0,0,0
7261,1,327,0,0,0,0
7262,2,868,1,0,0,0
7263,1,240,0,0,0,0
7264,1,321,0,0,0,0
7265,3,918,0,0,0,0
7266,1,214,1,0,0,0
7267,6,3874,11,0,1,0
7268,4,1060,0,0,0,0
7269,5,2741,1,1,0,0
7270,4,2337,6,0,1,0
7271,5,1746,3,0,0,0
7272,1,367,0,0,0,0
7273,2,621,0,0,0,0
7274,5,2585,4,1,0,0
7275,4,1299,0,0,0,0
7276,1,182,0,0,0,0
7277,4,1967,0,1,0,0
7278,2,824,3,0,0,0
7279,7,3579,7,1,0,0
7280,1,77,0,0,0,0
7281,1,126,0,0,0,0
7282,6,2911,5,0,0,0
7283,2,492,1,1,1,0
7284,4,1921,2,0,1,0
7285,3,1672,6,0,0,0
7286,6,1751,2,0,1,0
7287,2,368,0,0,0,0
7288,1,260,0,0,0,0
7289,4,1517,2,0,0,0
7290,3,737,2,0,0,0
7291,1,164,0,0,0,0
7292,1,271,0,0,0,0
7293,2,1045,0,0,0,0
7294,5,621,2,0,0,0
7295,2,896,3,0,0,0
7296,5,2671,6,0,0,0
7297,4,1533,2,1,0,0
7298,2,521,0,0,0,0
7299,2,377,1,0,0,0
7300,2,525,0,1,0,0
7301,1,349,0,0,0,0
7302,2,498,0,0,0,0
7303,4,670,1,1,0,0
7304,3,609,1,0,1,0
7305,1,406,0,0,0,0
7306,1,219,0,0,0,0
7307,2,904,0,0,0,0
7308,1,113,0,0,0,0
7309,3,1834,3,1,0,0
7310,1,309,0,0,0,0
7311,2,374,0,0,1,0
7312,2,944,1,0,0,0
7313,2,246,0,0,0,0
7314,3,965,2,0,0,0
7315,2,392,0,0,0,0
7316,2,900,0,0,0,0
7317,1,230,0,0,0,0
7318,5,1022,2,1,0,0
7319,3,1238,0,0,0,1
7320,2,1238,2,1,0,0
7321,5,1483,1,1,0,0
7322,1,59,0,1,0,0
7323,5,1307,1,1,0,0
7324,1,197,0,0,0,0
7325,5,2054,3,0,0,0
7326,1,583,2,0,0,0
7327,4,1265,1,1,0,0
7328,2,445,0,0,0,0
7329,1,557,1,0,0,0
7330,5,2598,8,0,1,0
7331,3,694,0,0,0,0
7332,2,1151,2,0,0,0
7333,3,739,0,0,0,0
7334,4,2420,6,1,1,0
7335,1,50,0,0,0,0
7336,2,629,0,0,0,0
7337,3,1537,3,1,0,0
7338,5,2088,4,1,0,0
7339,2,1335,2,0,0,0
7340,1,171,0,0,0,0
7341,2,993,1,0,0,0
7342,3,1531,2,0,0,0
7343,1,187,2,0,0,0
7344,1,525,2,0,0,0
7345,2,342,0,0,0,0
7346,1,627,3,0,0,0
7347,1,59,0,0,0,0
7348,1,259,0,0,0,0
7349,1,185,1,0,0,0
7350,3,876,0,0,1,0
7351,1,183,1,0,0,0
7352,2,366,1,0,0,0
7353,1,194,0,0,0,0
7354,2,598,0,1,0,0
7355,5,2633,8,1,0,0
7356,4,1487,1,1,0,0
7357,3,1085,5,0,0,0
7358,4,1384,1,1,0,1
7359,1,238,0,0,0,0
7360,3,1381,0,0,0,0
7361,6,2982,4,1,0,0
7362,2,369,0,0,0,0
7363,1,63,0,0,0,0
7364,1,389,0,0,0,0
7365,1,113,0,0,0,0
7366,1,347,0,0,0,0
7367,12,7535,14,1,1,0
7368,1,531,1,0,0,0
7369,8,5196,14,1,1,0
7370,1,153,0,0,0,0
7371,3,1872,3,1,0,0
7372,5,2777,1,0,0,1
7373,4,2081,5,0,1,0
7374,5,3237,5,0,0,0
7375,2,647,0,1,0,0
7376,2,532,0,0,0,0
7377,2,646,0,0,0,0
7378,2,462,1,0,0,0
7379,2,1215,2,0,0,0
7380,2,1274,0,0,0,0
7381,5,1264,1,0,0,0
7382,2,714,0,1,0,0
7383,1,398,0,0,0,0
7384,1,61,0,0,0,0
7385,3,1121,1,1,0,0
7386,1,50,0,0,0,0
7387,3,1308,1,0,1,0
7388,2,1142,2,0,0,0
7389,3,773,1,0,0,0
7390,3,841,0,0,0,0
7391,2,292,1,0,0,0
7392,7,3983,6,0,1,1
7393,5,2323,4,1,0,0
7394,1,94,0,0,0,0
7395,3,1314,2,0,0,0
7396,2,1236,2,0,0,0
7397,1,319,1,0,0,0
7398,7,3733,6,1,1,1
7399,5,2755,4,0,1,0
7400,5,2106,1,1,0,1
7401,4,1924,2,0,1,0
7402,3,1563,1,1,0,0
7403,3,534,0,0,0,0
7404,7,4123,12,1,0,0
7405,2,734,1,1,0,0
7406,4,2372,6,0,0,0
7407,2,672,1,1,0,0
7408,4,2607,8,1,0,0
7409,2,810,2,0,0,0
7410,2,877,3,0,1,0
7411,1,252,0,0,0,0
7412,3,1564,6,0,1,0
7413,1,207,0,0,0,0
7414,3,718,1,1,0,0
7415,4,1308,0,1,0,1
7416,1,178,1,0,0,0
7417,2,413,0,1,0,0
7418,1,107,0,0,0,0
7419,2,915,3,1,0,0
7420,1,157,0,0,0,0
7421,3,704,2,0,0,0
7422,1,262,0,0,0,0
7423,4,2136,4,1,0,0
7424,4,1170,2,1,1,0
7425,1,220,0,0,0,0
7426,4,846,1,0,0,0
7427,1,243,1,0,0,0
7428,4,970,0,1,0,0
7429,3,1063,0,0,0,1
7430,2,633,0,1,0,0
7431,6,2943,5,0,0,0
7432,1,287,1,0,0,0
7433,3,1634,4,0,0,0
7434,1,582,2,0,0,0
7435,3,1394,3,0,1,0
7436,5,3132,6,1,0,0
7437,7,4318,10,1,0,0
7438,2,651,1,0,0,0
7439,1,276,0,0,0,0
7440,2,550,1,0,0,0
7441,1,365,0,0,0,0
7442,1,252,1,0,0,0
7443,2,920,2,0,0,0
7444,4,963,1,0,0,0
7445,3,923,0,0,0,0
7446,10,6325,15,1,0,0
7447,5,2793,4,0,1,0
7448,8,4543,5,1,0,0
7449,4,797,1,0,0,0
7450,5,1668,4,1,0,0
7451,1,362,1,0,0,0
7452,1,212,0,0,0,0
7453,1,571,0,1,0,0
7454,1,285,0,0,0,0
7455,1,308,0,0,0,0
7456,2,393,1,0,0,0
7457,2,590,1,0,0,0
7458,1,219,0,0,0,0
7459,1,180,1,0,0,0
7460,5,2352,4,1,1,0
7461,3,537,0,0,0,0
7462,1,127,0,0,0,0
7463,3,899,0,1,0,0
7464,3,1393,0,0,1,0
7465,3,441,1,0,0,0
7466,1,118,0,0,0,0
7467,4,1125,1,0,1,0
7468,1,294,0,0,0,0
7469,3,894,1,0,0,0
7470,3,954,2,0,1,0
7471,4,859,0,0,1,0
7472,2,504,3,0,0,0
7473,3,1366,3,0,0,0
7474,1,341,1,0,0,0
7475,1,249,0,0,0,0
7476,4,2147,6,1,0,0
7477,3,506,0,0,0,0
7478,3,1555,2,1,0,0
7479,4,1723,2,0,0,0
7480,1,280,0,0,0,0
7481,1,274,1,0,0,0
7482,1,201,0,0,0,0
7483,1,263,0,0,0,0
7484,1,155,0,0,0,0
7485,5,2358,3,1,0,0
7486,4,1947,7,1,0,0
7487,4,1176,0,1,0,0
7488,1,92,0,0,0,0
7489,4,728,0,1,0,0
7490,2,310,1,0,0,0
7491,3,812,0,0,0,1
7492,2,641,0,0,0,0
7493,1,558,0,0,0,0
7494,3,811,0,1,1,0
7495,3,1243,2,0,0,0
7496,3,1293,2,0,0,0
7497,3,829,0,1,0,0
7498,3,1230,3,1,0,1
7499,1,169,0,0,0,0
7500,2,406,2,1,0,0
7501,1,179,0,0,0,0
7502,3,1534,5,1,0,0
7503,4,1422,5,1,0,0
7504,3,1597,4,0,0,0
7505,3,1074,1,0,0,0
7506,2,932,2,0,0,0
7507,1,68,1,0,0,0
7508,6,3934,11,1,1,0
7509,5,3202,8,0,1,0
7510,5,1848,2,1,0,1
7511,2,503,0,0,0,0
7512,4,1482,2,0,0,1
7513,3,1378,4,1,1,0
7514,1,293,0,0,0,0
7515,2,1059,2,0,0,0
7516,4,2286,2,0,1,0
7517,2,812,0,0,0,0
7518,5,2836,7,1,1,0
7519,5,3137,5,0,1,0
7520,2,617,1,0,0,0
7521,6,2983,4,1,0,0
7522,1,69,0,0,0,0
7523,3,1090,1,0,0,0
7524,2,625,1,1,0,0
7525,2,365,1,0,0,0
7526,2,1202,3,1,0,0
7527,3,460,0,0,0,1
7528,1,368,0,0,0,0
7529,1,107,0,0,0,0
7530,5,1822,1,1,0,1
7531,2,738,0,1,0,0
7532,2,375,0,0,0,0
7533,1,255,0,0,0,0
7534,1,87,1,0,0,0
7535,1,232,0,0,0,0
7536,1,169,0,0,0,0
7537,1,245,0,0,0,0
7538,4,1695,1,0,1,0
7539,1,283,0,0,0,0
7540,3,1310,0,0,0,0
7541,1,50,0,0,0,0
7542,1,290,0,0,0,0
7543,3,505,0,0,0,0
7544,6,2028,1,1,0,0
7545,5,2271,1,1,0,0
7546,4,1546,2,1,0,0
7547,1,220,0,0,0,0
7548,1,315,0,0,0,0
7549,3,590,1,0,0,0
7550,2,1086,0,0,0,0
7551,3,1526,1,1,0,0
7552,1,104,0,0,0,0
7553,4,960,0,1,0,0
7554,4,827,2,0,0,0
7555,3,880,0,1,0,0
7556,2,459,0,0,1,0
7557,3,1652,0,1,0,0
7558,4,2118,2,0,0,0
7559,4,2017,4,0,0,0
7560,2,397,0,0,0,0
7561,2,778,3,0,0,0
7562,1,111,0,0,0,0
7563,4,1881,5,1,0,0
7564,3,346,0,1,0,0
7565,2,415,0,1,0,0
7566,1,378,0,0,0,0
7567,5,993,0,0,0,0
7568,9,4291,5,1,0,0
7569,1,616,3,1,0,0
7570,1,146,0,0,0,0
7571,2,919,0,0,0,0
7572,6,3388,11,1,0,0
7573,2,1268,3,0,1,0
7574,4,2056,2,0,1,0
7575,2,597,0,0,0,0
7576,7,3740,3,1,1,0
7577,4,791,0,1,0,0
7578,5,2030,2,0,0,0
7579,5,780,2,1,0,1
7580,6,3783,6,0,0,0
7581,2,512,0,0,0,0
7582,4,1858,3,0,0,0
7583,1,364,0,0,0,0
7584,4,2002,4,1,0,1
7585,2,615,0,0,0,0
7586,1,207,2,0,0,0
7587,4,808,1,0,1,0
7588,1,269,0,0,0,0
7589,3,1734,2,0,0,0
7590,1,256,0,0,0,0
7591,1,218,0,0,0,0
7592,1,451,0,0,0,0
7593,2,839,0,0,0,0
7594,1,339,0,0,0,0
7595,1,173,0,0,0,0
7596,5,2663,10,0,0,0
7597,1,387,1,0,0,0
7598,3,1858,1,0,0,0
7599,4,2329,2,0,1,0
7600,2,482,0,0,0,0
7601,3,1468,0,0,0,0
7602,1,174,0,0,0,0
7603,3,1138,0,1,0,0
7604,5,1932,0,1,0,0
7605,1,209,1,0,0,0
7606,3,1885,7,1,0,0
7607,1,164,0,0,0,0
7608,3,1214,1,1,0,0
7609,1,529,0,0,0,0
7610,5,1590,1,0,1,0
7611,1,85,0,0,0,0
7612,6,2681,3,1,1,0
7613,1,262,1,0,0,0
7614,3,842,0,0,0,0
7615,1,440,0,0,0,0
7616,4,1011,1,1,0,0
7617,1,50,0,0,0,0
7618,1,422,0,0,0,0
7619,4,840,1,0,0,0
7620,1,287,0,0,0,0
7621,2,424,1,1,0,0
7622,5,2550,8,0,1,0
7623,6,2880,3,0,1,0
7624,2,793,0,0,0,0
7625,5,2675,7,0,1,0
7626,4,2147,7,0,0,0
7627,1,327,0,0,0,0
7628,4,2266,5,1,0,1
7629,2,437,0,0,0,0
7630,4,2372,7,1,0,0
7631,3,1240,0,0,0,0
7632,7,3669,3,1,0,0
7633,2,1221,2,0,0,0
7634,3,1360,5,1,1,0
7635,1,375,0,0,0,0
7636,2,819,1,0,0,0
7637,1,188,0,0,0,0
7638,3,1323,0,0,0,0
7639,4,875,1,0,1,0
7640,1,389,0,0,0,0
7641,3,1636,6,0,1,0
7642,1,328,0,0,0,0
7643,3,1197,0,0,0,0
7644,5,1068,0,1,1,0
7645,2,295,1,0,0,0
7646,3,1005,0,0,0,0
7647,1,664,1,0,0,0
7648,8,4470,7,0,0,0
7649,6,2534,7,0,1,0
7650,1,210,1,0,0,0
7651,3,645,1,0,0,0
7652,1,213,0,0,0,0
7653,1,293,0,0,0,0
7654,3,1140,2,1,0,0
7655,3,1951,3,1,0,0
7656,5,2469,5,0,0,1
7657,6,1859,2,0,1,0
7658,1,211,0,0,0,0
7659,2,673,0,0,0,0
7660,3,666,0,1,0,0
7661,4,1323,1,0,1,0
7662,1,449,1,0,0,0
7663,5,1390,1,0,1,1
7664,4,2017,5,1,0,0
7665,1,160,1,1,0,0
7666,1,192,0,0,0,0
7667,2,590,0,0,0,1
7668,6,2209,7,0,1,0
7669,1,260,0,1,0,0
7670,5,2434,3,1,1,0
7671,2,978,1,0,1,0
7672,1,179,0,0,0,0
7673,6,1827,1,1,0,0
7674,4,1149,1,0,0,0
7675,9,2973,0,1,1,0
7676,4,2008,2,1,0,0
7677,5,1083,0,0,1,0
7678,1,333,1,0,0,0
7679,5,1645,1,0,1,0
7680,2,179,1,1,0,0
7681,3,649,1,1,0,0
7682,5,2676,3,0,0,0
7683,3,846,2,1,0,0
7684,5,2980,6,1,0,0
7685,2,366,0,0,0,0
7686,5,2888,8,1,0,0
7687,4,2247,4,1,0,0
7688,2,513,0,0,0,0
7689,3,1464,2,0,0,0
7690,6,3579,8,1,1,0
7691,1,138,0,0,0,0
7692,1,100,1,0,0,0
7693,2,991,3,0,0,0
7694,1,448,1,0,0,0
7695,3,1691,6,0,0,0
7696,4,1956,3,0,0,0
7697,4,1552,0,0,0,1
7698,1,166,0,0,0,0
7699,2,324,0,0,0,0
7700,1,259,0,1,0,0
7701,7,3385,3,0,1,0
7702,3,1408,5,0,0,0
7703,2,1055,2,0,0,0
7704,3,708,0,0,1,0
7705,1,165,0,0,0,0
7706,1,145,0,0,0,0
7707,4,935,0,1,0,0
7708,7,4411,5,1,0,0
7709,3,1457,4,0,0,0
7710,5,2834,5,1,1,1
7711,2,437,0,0,0,0
7712,2,1088,2,0,0,0
7713,2,831,3,1,0,0
7714,1,602,1,0,0,0
7715,2,905,4,1,0,0
7716,5,3151,6,1,0,0
7717,1,309,0,0,0,0
7718,1,191,0,0,0,0
7719,1,60,0,0,0,0
7720,1,192,0,0,0,0
7721,4,2341,2,0,0,0
7722,2,1242,0,1,0,0
7723,1,157,1,0,0,0
7724,7,4286,10,0,1,0
7725,4,1270,1,0,0,0
7726,4,713,0,1,1,0
7727,1,307,0,0,0,0
7728,3,1142,2,1,0,0
7729,3,1181,2,0,0,0
7730,3,1203,2,1,0,0
7731,1,104,1,0,0,0
7732,1,286,1,0,0,0
7733,3,1374,3,1,0,0
7734,1,331,0,0,0,0
7735,1,286,0,0,0,0
7736,4,1792,3,1,0,0
7737,1,359,0,0,0,0
7738,2,548,0,0,0,0
7739,1,322,1,0,0,0
7740,1,50,0,0,0,0
7741,2,215,0,0,0,0
7742,1,220,0,0,0,0
7743,5,2205,4,0,0,0
7744,2,341,0,1,0,0
7745,2,376,0,0,0,0
7746,1,246,0,0,0,0
7747,1,287,0,0,0,0
7748,3,1627,5,0,1,0
7749,4,804,0,1,0,0
7750,8,3885,7,1,0,0
7751,3,860,0,1,0,0
7752,1,342,1,0,0,0
7753,4,2128,0,1,0,0
7754,5,2430,6,1,0,0
7755,1,375,0,0,0,0
7756,1,270,2,0,0,0
7757,3,909,2,0,0,0
7758,1,253,1,0,0,0
7759,2,600,1,0,1,0
7760,1,241,0,0,0,0
7761,1,333,0,1,0,0
7762,1,392,0,0,0,0
7763,3,1050,0,0,1,0
7764,4,1973,5,1,1,0
7765,1,94,0,0,0,0
7766,1,279,0,1,0,0
7767,1,243,0,0,0,0
7768,7,3522,4,1,0,0
7769,10,5940,17,1,0,0
7770,1,251,0,0,0,0
7771,5,2053,0,1,1,0
7772,1,455,0,0,0,0
7773,2,370,0,0,0,0
7774,1,387,0,0,0,0
7775,3,1172,3,0,0,0
7776,3,753,0,1,0,0
7777,1,266,0,0,0,0
7778,1,76,0,0,0,0
7779,1,271,0,0,0,0
7780,5,2308,3,0,0,1
7781,5,2982,4,0,1,0
7782,1,109,0,1,0,0
7783,2,647,0,0,0,0
7784,10,6589,15,1,1,0
7785,1,384,0,0,0,0
7786,5,2838,5,0,0,0
7787,6,1703,0,0,0,0
7788,4,1867,2,0,0,1
7789,3,1639,3,0,0,0
7790,2,443,0,1,0,0
7791,7,3566,5,1,0,0
7792,2,618,1,0,0,0
7793,3,712,0,0,0,0
7794,2,1139,3,0,0,0
7795,2,465,0,0,0,0
7796,5,1774,2,0,0,0
7797,2,711,0,0,0,0
7798,1,121,0,0,0,0
7799,4,1177,0,0,0,0
7800,2,473,0,0,1,0
7801,3,1961,6,0,0,0
7802,2,447,0,0,0,0
7803,1,146,0,0,0,0
7804,4,2006,7,1,1,0
7805,2,351,0,0,0,0
7806,3,689,2,0,0,0
7807,1,370,0,0,0,0
7808,1,213,1,0,0,0
7809,1,221,0,0,0,0
7810,1,236,0,0,0,0
7811,1,277,0,0,0,0
7812,2,446,0,0,0,0
7813,1,285,0,0,0,0
7814,5,1650,3,1,1,0
7815,5,1541,1,1,0,0
7816,6,3961,5,1,0,0
7817,5,1584,2,0,0,0
7818,3,1819,2,1,0,0
7819,3,1499,2,1,0,0
7820,2,498,2,0,0,0
7821,4,1655,1,1,0,0
7822,1,194,0,0,0,0
7823,1,277,0,0,0,0
7824,1,50,0,0,0,0
7825,2,675,1,0,0,0
7826,4,2171,1,1,0,0
7827,5,2943,6,1,1,0
7828,1,222,0,0,0,0
7829,7,4280,9,1,0,0
7830,2,632,0,0,0,0
7831,1,211,0,0,0,0
7832,5,2512,5,1,0,0
7833,2,473,0,0,0,0
7834,3,956,0,0,0,0
7835,1,232,0,0,0,0
7836,2,445,0,0,0,0
7837,4,1779,2,0,0,0
7838,1,150,1,0,0,0
7839,3,1175,3,0,0,0
7840,7,4116,10,0,1,0
7841,1,334,2,0,0,0
7842,1,279,1,0,0,0
7843,4,1825,4,0,1,0
7844,1,197,0,0,0,0
7845,1,159,0,0,0,0
7846,2,545,1,0,0,0
7847,2,1079,2,0,0,0
7848,5,3288,7,0,0,1
7849,1,244,0,0,0,0
7850,4,2108,2,1,0,0
7851,1,419,0,0,0,0
7852,1,166,0,0,0,0
7853,5,2488,4,1,0,0
7854,3,1272,2,1,0,0
7855,2,786,0,1,0,0
7856,3,503,0,1,1,0
7857,3,1231,2,0,1,0
7858,1,265,0,1,0,0
7859,4,1931,2,0,1,0
7860,2,360,0,0,0,0
7861,3,2030,7,1,0,0
7862,1,235,1,0,0,0
7863,1,279,0,0,0,0
7864,4,1866,1,1,0,0
7865,4,1949,3,1,0,0
7866,1,110,0,0,0,0
7867,2,374,0,0,0,0
7868,2,492,0,0,0,0
7869,2,285,1,0,0,0
7870,1,420,1,1,0,0
7871,1,173,0,0,0,0
7872,5,2028,2,1,0,1
7873,1,289,0,0,0,0
7874,1,241,0,0,0,0
7875,1,182,0,0,0,0
7876,4,598,0,0,0,0
7877,1,50,0,0,0,0
7878,1,116,0,1,0,0
7879,1,225,0,0,0,0
7880,3,764,3,0,0,1
7881,5,2513,6,1,0,0
7882,3,646,0,0,0,0
7883,3,1054,4,0,1,0
7884,1,330,0,0,0,0
7885,1,335,0,0,0,0
7886,1,189,0,0,0,0
7887,3,1027,1,0,1,0
7888,5,1824,0,1,0,0
7889,2,378,0,1,0,0
7890,1,297,0,0,0,0
7891,3,1574,3,1,0,0
7892,4,1015,0,0,1,0
7893,1,208,0,0,0,0
7894,3,1918,2,0,0,0
7895,5,2486,8,0,0,0
7896,3,781,0,0,1,0
7897,3,1685,3,0,0,0
7898,1,473,0,0,0,0
7899,4,2295,6,1,1,0
7900,4,1520,4,1,1,0
7901,3,1515,6,0,0,0
7902,1,202,0,0,0,0
7903,7,2977,7,1,0,0
7904,2,593,1,0,0,0
7905,1,141,0,0,0,0
7906,2,283,1,1,0,0
7907,1,371,0,0,0,0
7908,2,605,1,0,1,0
7909,5,3031,6,1,0,0
7910,2,457,0,0,0,0
7911,1,50,1,0,0,0
7912,1,168,0,0,0,0
7913,1,433,1,0,0,0
7914,1,105,1,0,0,0
7915,1,425,0,0,0,0
7916,3,576,1,0,0,0
7917,2,602,1,0,0,0
7918,1,397,1,0,0,0
7919,5,3349,6,1,1,0
7920,4,1375,2,0,0,0
7921,4,2649,2,0,1,0
7922,3,929,1,0,0,0
7923,1,200,0,0,0,0
7924,1,289,0,0,0,0
7925,1,163,0,0,0,0
7926,1,179,0,0,0,0
7927,3,1553,1,1,0,0
7928,10,6441,13,1,1,0
7929,1,237,0,0,0,0
7930,2,514,0,0,0,0
7931,10,5795,12,1,1,1
7932,1,552,0,0,0,0
7933,1,184,0,0,0,0
7934,1,245,0,0,0,0
7935,4,1869,1,0,0,0
7936,1,335,1,0,0,0
7937,6,1516,1,1,1,0
7938,1,331,0,0,0,0
7939,1,149,0,1,0,0
7940,2,551,0,1,0,0
7941,8,5190,7,0,1,0
7942,4,2522,6,0,0,0
7943,2,659,0,0,0,0
7944,1,146,0,0,0,0
7945,4,1518,4,0,0,0
7946,4,2282,3,0,0,0
7947,1,282,0,0,0,0
7948,3,1144,1,1,0,0
7949,6,1585,2,0,0,0
7950,4,1207,1,1,0,0
7951,3,1016,3,1,0,0
7952,2,687,0,0,0,0
7953,1,325,1,0,0,0
7954,1,141,0,0,0,0
7955,3,894,1,0,0,0
7956,1,451,0,1,0,0
7957,4,2166,1,0,0,1
7958,3,1491,5,0,0,0
7959,3,1223,2,1,0,0
7960,5,1798,4,0,0,0
7961,5,1358,1,0,1,0
7962,3,548,1,1,0,0
7963,3,1348,2,1,0,0
7964,1,121,1,0,0,0
7965,7,3709,4,1,0,0
7966,1,425,0,0,0,0
7967,2,1041,2,1,0,1
7968,8,4583,6,1,0,0
7969,3,899,1,0,0,0
7970,2,1076,4,0,1,0
7971,4,1896,3,0,1,0
7972,2,478,1,0,0,0
7973,1,303,0,0,0,0
7974,4,2609,2,1,0,0
7975,2,920,3,1,0,0
7976,8,2165,4,1,1,0
7977,3,1395,3,0,0,0
7978,1,336,0,0,0,0
7979,2,272,1,1,0,0
7980,7,2020,4,1,1,0
7981,1,332,0,0,0,0
7982,5,1763,1,0,0,0
7983,4,1541,0,0,1,0
7984,2,374,0,0,0,0
7985,1,156,1,0,0,0
7986,1,228,0,0,0,0
7987,2,683,0,0,0,0
7988,3,675,0,1,0,0
7989,6,2249,0,0,0,1
7990,3,1052,0,1,0,0
7991,4,1575,4,1,0,0
7992,2,737,0,0,0,0
7993,4,2551,4,0,1,0
7994,3,825,1,1,0,0
7995,6,4066,6,1,0,0
7996,3,1769,5,1,0,0
7997,2,396,2,1,0,0
7998,4,1259,3,1,1,0
7999,6,3352,6,1,0,0
8000,1,254,0,0,0,0
8001,5,2714,4,1,0,0
8002,1,56,0,0,0,0
8003,2,360,1,0,0,0
8004,2,238,0,1,0,0
8005,1,174,0,0,0,0
8006,3,1567,2,0,1,0
8007,2,498,0,0,0,0
8008,3,608,1,1,0,0
8009,2,251,0,0,0,0
8010,2,751,0,0,0,1
8011,1,354,0,1,0,0
8012,1,200,0,0,0,0
8013,1,389,0,0,0,0
8014,4,1868,4,1,1,0
8015,1,287,0,0,0,0
8016,5,1394,1,0,1,0
8017,2,284,0,0,0,0
8018,3,1193,2,0,0,0
8019,3,893,1,1,0,1
8020,1,382,0,0,0,0
8021,1,224,0,0,0,0
8022,2,1110,1,1,0,0
8023,1,263,1,0,0,0
8024,1,295,0,0,0,0
8025,2,219,0,0,0,0
8026,3,2193,5,0,1,0
8027,1,254,0,0,0,0
8028,1,460,0,0,0,0
8029,1,152,1,0,0,0
8030,10,6265,9,0,0,0
8031,4,2356,5,0,0,0
8032,1,250,0,0,0,0
8033,1,286,0,0,0,0
8034,2,785,0,0,0,0
8035,2,823,2,0,0,0
8036,1,201,0,0,0,0
8037,1,218,0,0,0,0
8038,5,2115,2,0,1,0
8039,3,1245,1,0,1,0
8040,5,1074,3,1,1,0
8041,3,667,0,0,0,0
8042,3,1308,3,0,0,0
8043,1,399,1,0,0,0
8044,1,231,0,0,0,0
8045,1,398,2,0,0,0
8046,3,1656,3,0,1,1
8047,4,2575,5,0,1,0
8048,3,1184,0,0,0,0
8049,2,568,0,0,0,0
8050,2,402,0,0,0,1
8051,2,288,2,0,0,0
8052,2,705,1,1,0,0
8053,5,3063,5,0,0,0
8054,2,588,0,1,0,0
8055,7,2538,5,0,1,0
8056,3,1782,3,1,0,0
8057,4,1249,0,0,0,0
8058,6,2904,4,1,0,1
8059,3,809,0,1,0,0
8060,2,1232,1,0,0,0
8061,7,3555,6,1,1,0
8062,1,224,0,0,0,0
8063,1,311,0,0,0,0
8064,5,1380,2,1,0,0
8065,1,141,0,0,0,0
8066,1,277,0,1,0,0
8067,8,4176,10,1,1,0
8068,3,1757,2,1,0,0
8069,1,249,0,0,0,0
8070,3,810,2,0,0,0
8071,2,1038,7,0,0,0
8072,1,535,1,0,0,0
8073,3,1670,4,0,0,0
8074,3,670,0,0,1,0
8075,1,211,0,0,0,0
8076,6,3068,4,0,1,0
8077,1,268,0,0,0,0
8078,1,355,0,0,0,0
8079,3,1554,1,1,0,0
8080,2,506,1,0,1,0
8081,3,1742,2,0,0,0
8082,1,239,1,0,0,0
8083,6,3123,5,1,0,1
8084,1,349,2,0,0,0
8085,2,184,0,1,0,0
8086,1,340,0,0,0,0
8087,1,272,0,0,0,0
8088,2,764,2,1,0,0
8089,7,4615,12,1,0,1
8090,1,335,0,0,0,0
8091,5,2907,6,1,0,0
8092,1,374,0,0,0,0
8093,1,138,1,0,0,0
8094,3,782,0,0,1,1
8095,1,266,0,0,0,0
8096,5,2852,3,0,0,0
8097,3,766,0,1,0,0
8098,1,563,1,0,0,0
8099,2,325,0,0,0,0
8100,5,2915,10,1,0,0
8101,3,1488,2,0,0,0
8102,1,385,0,0,0,0
8103,1,203,0,0,0,0
8104,4,1929,1,0,0,0
8105,2,431,0,1,0,0
8106,2,458,0,0,0,1
8107,2,838,0,0,1,0
8108,2,653,2,0,0,0
8109,3,672,1,0,1,0
8110,3,1032,2,1,0,0
8111,2,617,1,0,0,0
8112,2,420,0,0,0,0
8113,2,491,0,1,0,0
8114,3,850,0,1,0,0
8115,1,122,1,0,0,0
8116,1,403,0,0,0,0
8117,1,88,0,0,0,0
8118,5,2027,1,1,1,0
8119,1,188,0,0,0,0
8120,4,1199,1,1,0,0
8121,8,4270,8,1,0,0
8122,4,1723,2,1,1,0
8123,2,328,0,0,1,0
8124,1,189,0,0,0,0
8125,2,726,0,1,0,0
8126,3,1014,2,0,0,1
8127,5,1603,2,1,0,0
8128,2,331,0,0,0,0
8129,2,391,0,0,0,0
8130,1,507,0,0,0,0
8131,1,291,1,0,0,0
8132,3,747,0,1,0,0
8133,5,1580,0,1,0,0
8134,1,389,1,1,0,0
8135,3,878,1,0,0,0
8136,3,975,1,0,0,0
8137,2,449,2,0,1,0
8138,2,622,0,0,0,0
8139,1,230,0,0,0,0
8140,1,99,0,0,0,0
8141,7,3495,9,1,0,0
8142,3,568,0,0,1,0
8143,1,390,0,0,0,0
8144,2,439,1,1,0,0
8145,1,322,1,0,0,0
8146,1,193,0,0,0,0
8147,2,627,0,1,0,1
8148,1,395,0,0,0,0
8149,2,385,0,0,0,0
8150,3,1079,1,0,0,0
8151,3,1655,0,0,0,0
8152,6,2958,6,0,0,1
8153,5,703,1,1,0,0
8154,1,214,2,0,0,0
8155,2,480,0,0,0,0
8156,2,793,1,0,0,0
8157,2,434,0,1,0,0
8158,1,102,0,0,0,0
8159,4,1969,1,0,0,0
8160,5,2729,2,0,0,0
8161,4,2181,5,0,0,0
8162,4,2301,7,0,0,0
8163,5,2628,3,0,1,1
8164,3,987,0,0,0,0
8165,1,431,0,0,0,0
8166,4,1815,1,0,0,0
8167,1,235,0,0,0,0
8168,3,1713,4,0,0,0
8169,1,146,0,0,0,0
8170,3,1040,2,1,0,0
8171,2,417,0,0,0,0
8172,1,261,0,0,0,0
8173,9,5397,7,1,1,0
8174,1,245,0,0,0,0
8175,6,3150,4,1,0,0
8176,1,220,0,0,0,0
8177,2,916,4,0,0,0
8178,9,5707,9,1,1,0
8179,4,709,1,0,0,0
8180,1,119,0,0,0,0
8181,5,3139,6,1,0,0
8182,6,2401,6,0,1,0
8183,2,676,0,0,0,0
8184,4,1402,0,1,0,0
8185,1,529,1,0,0,0
8186,3,941,1,0,0,0
8187,4,1419,0,1,1,0
8188,1,74,0,0,0,0
8189,1,263,0,0,0,0
8190,1,198,0,0,0,0
8191,5,2533,6,0,1,0
8192,7,3900,9,0,1,0
8193,1,220,0,0,0,0
8194,7,4520,7,1,1,0
8195,3,571,0,0,0,0
8196,1,160,0,0,0,0
8197,1,397,0,0,0,0
8198,1,187,0,0,0,0
8199,4,1004,1,1,0,0
8200,2,422,0,0,0,0
8201,1,563,0,0,0,0
8202,1,50,0,0,0,0
8203,4,1613,1,0,1,1
8204,3,973,1,1,0,0
8205,2,594,0,0,0,0
8206,2,496,0,0,0,0
8207,1,270,0,0,0,0
8208,6,1620,0,1,0,0
8209,2,429,0,0,0,0
8210,5,893,0,1,0,0
8211,1,249,0,0,0,0
8212,1,301,1,0,0,0
8213,1,368,2,0,0,0
8214,2,992,0,1,0,0
8215,1,143,0,0,0,0
8216,3,1359,5,0,0,0
8217,2,920,3,1,0,0
8218,1,379,0,0,0,0
8219,3,568,1,0,0,0
8220,1,300,0,0,0,0
8221,7,2890,7,1,1,0
8222,5,3008,4,1,1,0
8223,3,742,1,0,0,0
8224,1,244,0,0,0,0
8225,5,2142,3,0,1,0
8226,6,2810,4,1,0,0
8227,3,1449,1,0,1,0
8228,1,212,0,0,0,0
8229,5,1726,1,1,0,0
8230,1,225,0,0,0,0
8231,3,1617,2,1,1,0
8232,2,735,1,0,0,0
8233,2,531,0,0,0,0
8234,4,765,1,1,0,0
8235,1,348,0,1,0,0
8236,3,1481,4,1,0,0
8237,1,229,0,0,0,0
8238,1,134,0,0,0,0
8239,2,386,0,0,1,0
8240,2,377,1,0,0,0
8241,3,1223,3,0,0,0
8242,1,344,0,0,0,0
8243,2,749,0,0,0,0
8244,4,2596,4,0,1,0
8245,8,5020,10,1,0,0
8246,1,260,0,0,0,0
8247,6,2371,3,0,0,0
8248,2,826,1,0,0,0
8249,4,1755,2,0,0,0
8250,3,2113,4,0,0,0
8251,3,776,0,1,0,0
8252,1,344,0,0,0,0
8253,3,1588,3,1,0,0
8254,1,111,0,0,0,0
8255,5,2588,6,1,0,0
8256,4,1862,2,1,1,0
8257,3,1209,0,1,0,0
8258,8,4752,11,1,0,0
8259,2,730,2,1,0,0
8260,1,245,0,0,0,0
8261,3,875,1,0,0,0
8262,3,1448,2,0,0,1
8263,5,2139,4,0,0,0
8264,1,470,1,0,0,0
8265,1,279,0,0,0,0
8266,5,2711,5,1,1,0
8267,1,260,0,0,0,0
8268,1,124,0,0,0,0
8269,2,677,2,0,0,0
8270,4,1699,4,0,0,0
8271,4,1270,1,1,0,0
8272,5,1785,1,1,0,0
8273,1,50,0,0,0,0
8274,2,1156,3,0,0,0
8275,1,237,0,0,0,0
8276,4,1093,0,1,0,0
8277,7,3650,9,1,1,0
8278,3,1184,2,0,1,0
8279,1,89,1,0,0,0
8280,2,494,0,0,0,0
8281,3,1582,3,0,0,0
8282,4,1185,2,0,0,0
8283,4,1932,2,1,0,0
8284,4,2584,2,0,0,0
8285,4,1182,1,0,1,0
8286,1,608,0,0,0,0
8287,1,145,0,0,0,0
8288,3,796,0,0,0,0
8289,3,814,0,0,0,0
8290,1,282,0,0,0,0
8291,1,88,0,1,0,0
8292,2,613,1,0,0,0
8293,2,547,0,0,1,0
8294,2,386,0,0,0,0
8295,3,1454,1,0,0,0
8296,10,5510,4,1,1,0
8297,5,1054,1,1,1,0
8298,1,178,0,0,0,0
8299,2,647,0,1,0,0
8300,2,447,0,0,0,0
8301,5,3171,6,1,0,0
8302,5,3241,5,1,1,0
8303,4,1400,0,0,1,0
8304,6,3617,4,1,0,0
8305,7,2500,0,1,0,0
8306,4,2115,3,1,1,0
8307,2,1270,1,0,1,0
8308,3,1162,3,0,1,0
8309,1,432,1,0,0,0
8310,2,313,0,0,0,0
8311,2,784,3,1,0,0
8312,4,2099,4,1,0,0
8313,1,203,0,0,0,0
8314,2,1167,2,0,0,0
8315,3,805,0,0,1,0
8316,3,1440,2,1,0,0
8317,4,2257,3,0,0,0
8318,1,516,2,0,0,0
8319,2,712,2,0,0,0
8320,1,243,0,0,0,0
8321,2,1094,0,1,0,0
8322,6,3613,5,1,0,0
8323,2,293,0,0,0,0
8324,7,3398,8,0,1,0
8325,2,1029,2,0,0,1
8326,1,188,0,0,0,0
8327,4,1453,0,1,0,0
8328,7,4521,6,1,0,1
8329,7,3810,10,0,0,0
8330,5,2990,9,1,0,0
8331,5,2037,5,1,0,0
8332,1,292,0,0,0,0
8333,6,1276,0,1,1,0
8334,1,228,0,0,0,0
8335,3,731,0,0,0,0
8336,4,1952,5,1,0,0
8337,3,508,0,1,0,0
8338,1,135,0,0,0,0
8339,4,2477,4,1,1,0
8340,4,1418,0,0,0,0
8341,1,214,1,0,0,0
8342,2,471,1,0,0,0
8343,2,1056,1,0,1,0
8344,7,3153,1,1,0,0
8345,5,1872,3,1,0,0
8346,4,2234,3,1,0,0
8347,1,360,0,0,0,0
8348,8,4874,13,1,0,1
8349,9,5475,10,1,0,0
8350,3,1113,1,1,0,0
8351,3,967,0,0,0,0
8352,3,797,1,0,0,0
8353,1,284,0,0,0,0
8354,1,513,0,0,0,0
8355,1,232,0,0,0,0
8356,1,548,2,0,0,0
8357,1,141,0,0,0,0
8358,6,3388,7,1,0,0
8359,2,991,5,0,0,0
8360,3,1240,1,1,1,0
8361,1,206,0,0,0,0
8362,7,4797,6,1,0,0
8363,4,1953,2,1,0,0
8364,4,822,1,1,0,0
8365,3,878,1,0,0,0
8366,3,1114,1,0,0,0
8367,3,1434,2,0,1,0
8368,4,1534,2,0,0,0
8369,5,2938,8,1,1,0
8370,2,564,0,0,1,0
8371,4,1880,2,0,0,1
8372,1,407,0,0,0,0
8373,3,304,0,0,0,1
8374,1,316,0,0,0,0
8375,1,141,0,0,0,0
8376,6,2185,1,0,0,0
8377,6,2475,4,1,0,0
8378,2,872,1,0,0,0
8379,1,385,0,0,0,0
8380,1,73,0,0,0,0
8381,3,926,3,1,0,0
8382,4,1868,3,1,0,0
8383,2,850,4,1,0,0
8384,1,170,1,0,0,0
8385,3,1826,2,1,0,0
8386,2,746,0,0,1,0
8387,2,518,0,1,0,0
8388,1,347,0,0,0,0
8389,4,1013,2,1,0,0
8390,1,261,0,0,0,0
8391,1,462,0,0,0,0
8392,2,510,0,1,0,0
8393,3,908,0,0,0,0
8394,2,297,0,0,1,0
8395,3,594,0,0,0,0
8396,2,727,1,0,0,0
8397,2,1110,3,0,0,0
8398,3,1529,5,0,0,0
8399,1,69,0,0,0,0
8400,3,1641,3,1,0,0
8401,1,218,0,0,0,0
8402,1,263,0,0,0,0
8403,1,146,1,1,0,0
8404,1,619,1,0,0,0
8405,1,197,0,0,0,0
8406,1,388,0,0,0,0
8407,6,3399,4,1,1,0
8408,1,478,1,0,0,0
8409,5,2875,3,0,1,0
8410,5,1385,3,1,0,0
8411,1,300,0,0,0,0
8412,1,213,1,0,0,0
8413,4,998,1,1,0,0
8414,4,1477,4,0,1,0
8415,1,548,1,0,0,0
8416,1,145,0,0,0,0
8417,2,1088,1,0,0,0
8418,3,575,0,1,0,0
8419,1,203,0,0,0,0
8420,2,529,1,0,0,0
8421,5,877,2,1,0,0
8422,2,315,1,0,0,0
8423,1,55,0,0,0,0
8424,3,1596,2,1,0,0
8425,1,120,0,0,0,0
8426,4,2225,3,0,1,0
8427,1,160,0,0,0,0
8428,2,380,1,1,0,0
8429,5,2809,4,1,0,0
8430,1,210,0,0,0,0
8431,6,3680,9,0,0,0
8432,1,394,0,0,0,0
8433,1,104,0,0,0,0
8434,3,735,1,0,0,0
8435,4,2536,6,0,0,0
8436,7,2555,7,1,0,0
8437,3,1010,2,0,0,1
8438,1,268,1,0,0,0
8439,3,291,0,0,1,0
8440,5,2950,5,0,1,0
8441,4,2621,6,0,0,0
8442,2,777,0,0,0,0
8443,1,478,0,0,0,0
8444,4,752,0,1,0,0
8445,3,799,2,1,0,0
8446,2,459,1,0,0,0
8447,2,696,0,1,0,0
8448,6,2689,0,1,0,0
8449,5,1273,0,0,0,0
8450,6,2479,9,0,1,0
8451,5,3164,8,1,0,0
8452,5,2366,4,1,0,0
8453,2,323,0,0,0,0
8454,4,1670,3,1,1,0
8455,3,669,1,0,0,0
8456,1,272,0,0,0,0
8457,4,1227,0,1,0,0
8458,2,651,0,1,0,0
8459,1,215,0,0,0,0
8460,3,650,0,0,0,0
8461,3,1894,3,0,0,0
8462,2,553,1,0,0,0
8463,1,605,1,0,0,0
8464,3,782,0,1,0,0
8465,1,88,0,0,0,0
8466,1,50,0,0,0,0
8467,1,177,0,0,0,0
8468,2,149,1,0,0,0
8469,1,657,0,0,0,0
8470,2,674,1,1,0,0
8471,1,269,1,0,0,0
8472,7,2585,2,1,1,0
8473,1,162,0,0,0,0
8474,3,550,1,1,0,0
8475,6,2081,1,0,0,0
8476,3,619,0,0,0,0
8477,3,505,1,1,0,0
8478,4,2499,4,0,0,0
8479,4,1543,0,1,0,0
8480,5,2013,5,0,1,0
8481,4,1655,2,1,0,1
8482,1,263,0,1,0,0
8483,2,710,0,1,0,0
8484,1,258,0,0,0,0
8485,3,1554,2,0,0,1
8486,6,3465,7,1,1,0
8487,6,2922,2,1,0,0
8488,6,3257,5,1,0,0
8489,2,377,1,0,0,0
8490,3,1497,7,1,0,0
8491,3,1200,0,1,0,0
8492,1,522,0,0,0,0
8493,1,330,0,0,0,0
8494,5,832,0,1,0,0
8495,4,1413,2,0,0,0
8496,3,938,0,0,0,0
8497,4,863,0,0,0,0
8498,1,121,0,0,0,0
8499,3,821,1,0,1,0
8500,1,267,1,0,0,0
8501,1,268,0,0,0,0
8502,1,168,0,0,0,0
8503,5,2213,2,0,1,0
8504,1,231,1,0,0,0
8505,7,3815,9,1,0,0
8506,3,1059,1,1,0,0
8507,1,166,0,0,0,0
8508,2,457,0,1,0,0
8509,1,270,0,0,0,0
8510,2,887,0,0,0,0
8511,1,226,0,0,0,0
8512,1,166,0,1,0,0
8513,1,283,0,0,0,0
8514,5,1522,1,0,0,0
8515,4,1800,1,1,0,0
8516,3,1763,2,0,1,0
8517,2,1056,1,1,0,0
8518,4,2041,3,0,0,0
8519,5,2969,9,1,1,0
8520,3,1408,6,0,1,0
8521,6,3515,5,0,0,0
8522,3,1539,2,0,0,0
8523,2,466,0,0,0,0
8524,3,1898,3,1,1,0
8525,1,410,0,0,0,0
8526,1,388,0,1,0,0
8527,5,1524,5,1,0,0
8528,1,301,0,0,0,0
8529,3,1505,5,0,0,0
8530,4,1372,1,0,0,0
8531,1,92,0,0,0,0
8532,6,2777,3,1,1,0
8533,1,415,0,0,0,0
8534,1,172,1,0,0,0
8535,2,609,0,1,0,0
8536,1,207,0,0,0,0
8537,4,1668,2,0,0,0
8538,2,1133,4,0,1,0
8539,4,794,1,0,1,0
8540,4,1182,0,1,0,0
8541,5,2538,6,1,0,0
8542,1,122,1,1,0,0
8543,4,1582,3,1,0,0
8544,5,1600,2,1,1,1
8545,1,168,0,0,0,0
8546,1,50,0,0,0,0
8547,1,273,0,0,0,0
8548,5,1429,0,0,0,0
8549,2,1006,3,0,0,0
8550,1,193,0,1,0,0
8551,2,658,0,0,0,0
8552,6,3000,5,0,1,0
8553,2,557,0,0,0,0
8554,3,629,1,0,1,0
8555,1,201,0,0,0,0
8556,1,201,0,1,0,0
8557,1,502,1,0,0,0
8558,2,505,0,0,0,0
8559,2,418,0,1,0,0
8560,4,1326,2,0,1,0
8561,3,1004,0,1,0,0
8562,4,1345,1,1,0,0
8563,3,1249,1,0,0,1
8564,3,2011,4,1,1,0
8565,4,1741,4,0,0,1
8566,2,261,0,0,0,0
8567,1,398,0,1,0,0
8568,1,95,1,0,0,0
8569,5,1669,1,0,0,1
8570,10,6068,16,1,0,0
8571,4,1873,4,1,0,0
8572,3,1336,3,1,0,0
8573,5,2629,10,1,1,0
8574,1,162,0,0,0,0
8575,4,471,1,1,0,0
8576,1,208,0,0,0,0
8577,8,5586,7,1,1,0
8578,2,1203,1,0,0,0
8579,1,195,0,0,0,0
8580,4,1588,0,1,0,0
8581,6,3970,9,0,0,0
8582,2,531,0,0,0,0
8583,3,2223,2,0,0,0
8584,1,643,0,0,0,0
8585,2,335,0,0,0,0
8586,4,1179,1,1,0,0
8587,1,213,0,0,0,0
8588,2,801,1,1,0,0
8589,3,613,0,1,0,0
8590,6,3498,8,0,1,0
8591,1,56,2,0,0,0
8592,5,2908,6,1,1,0
8593,1,89,0,0,0,0
8594,1,181,0,0,0,0
8595,3,1414,6,0,0,0
8596,1,216,1,0,0,0
8597,5,3282,9,1,0,0
8598,1,301,0,0,0,0
8599,4,2115,0,0,1,0
8600,4,1451,4,0,0,0
8601,2,410,0,0,0,0
8602,3,535,0,0,0,0
8603,2,1076,0,0,0,0
8604,2,361,1,1,0,0
8605,5,2855,7,0,0,0
8606,3,1968,1,1,1,0
8607,5,2830,6,1,0,0
8608,4,2622,3,1,0,0
8609,3,575,1,0,0,0
8610,2,528,0,1,0,0
8611,2,209,0,0,0,0
8612,1,269,0,0,0,0
8613,3,1041,0,0,0,0
8614,1,208,0,0,0,0
8615,2,905,0,1,0,0
8616,4,1654,3,0,0,0
8617,1,409,0,0,0,0
8618,4,1580,3,0,0,0
8619,3,1977,7,1,0,0
8620,3,727,0,0,0,0
8621,3,632,3,1,0,0
8622,2,548,0,0,0,0
8623,5,2455,0,1,0,0
8624,4,1850,4,0,0,0
8625,2,540,0,0,0,0
8626,1,408,0,0,0,0
8627,1,578,2,1,0,0
8628,4,984,3,0,0,0
8629,4,2505,7,1,0,0
8630,3,954,1,0,0,0
8631,2,588,1,0,0,0
8632,4,1748,3,0,1,0
8633,1,428,1,0,0,0
8634,3,762,0,1,0,1
8635,2,680,1,0,0,0
8636,1,50,1,0,0,0
8637,1,50,0,0,0,0
8638,1,225,0,0,0,0
8639,1,363,0,0,0,0
8640,2,340,1,0,1,0
8641,2,1242,2,0,0,0
8642,1,386,0,0,0,0
8643,1,264,0,0,0,0
8644,1,261,0,0,0,0
8645,1,542,2,0,0,0
8646,1,98,0,0,0,0
8647,1,342,1,0,0,0
8648,2,861,4,0,0,0
8649,4,1385,2,1,1,0
8650,7,1138,1,1,1,0
8651,2,510,0,0,0,0
8652,1,323,0,0,0,0
8653,1,235,0,0,0,0
8654,2,563,0,0,0,0
8655,6,3154,3,1,0,0
8656,6,1889,3,0,1,0
8657,4,1792,3,1,0,0
8658,2,570,0,0,1,0
8659,1,145,0,0,0,0
8660,5,3032,5,1,0,0
8661,5,1036,3,1,1,0
8662,1,78,0,0,0,0
8663,6,2141,2,1,0,0
8664,1,177,0,0,0,0
8665,1,415,0,0,0,0
8666,1,129,0,1,0,0
8667,1,198,0,0,0,0
8668,2,653,0,0,0,0
8669,1,469,0,0,0,0
8670,6,2477,3,1,0,0
8671,3,1227,0,0,0,0
8672,1,372,2,0,0,0
8673,5,1502,2,0,0,0
8674,4,2085,1,0,1,0
8675,1,166,0,0,0,0
8676,2,226,0,1,0,0
8677,1,124,0,0,0,0
8678,4,1515,1,0,1,0
8679,5,2577,8,0,0,0
8680,4,1446,1,1,1,0
8681,2,598,1,0,0,0
8682,4,1643,3,1,1,0
8683,5,2650,7,1,0,0
8684,1,138,0,0,0,0
8685,1,538,2,0,0,0
8686,4,738,1,1,1,0
8687,1,396,0,0,0,0
8688,2,649,0,0,1,0
8689,3,1002,1,0,0,0
8690,7,3556,5,1,0,0
8691,2,515,0,1,0,0
8692,3,1976,4,1,0,0
8693,2,1142,2,0,0,0
8694,1,198,0,0,0,0
8695,3,485,1,0,0,0
8696,2,481,0,0,1,0
8697,3,915,0,0,0,0
8698,1,238,0,0,0,0
8699,6,3651,11,1,0,0
8700,3,1106,0,0,0,0
8701,2,192,1,0,0,0
8702,2,954,1,0,1,0
8703,2,618,3,1,0,0
8704,2,857,1,1,0,0
8705,5,1600,1,1,1,0
8706,2,328,0,0,1,0
8707,3,968,3,1,0,0
8708,2,829,3,0,0,0
8709,6,3816,7,1,1,0
8710,5,2152,4,1,0,0
8711,6,2975,10,1,1,0
8712,4,1619,1,0,0,0
8713,4,1105,0,1,1,0
8714,1,486,2,0,0,0
8715,1,412,0,0,0,0
8716,4,1465,0,0,0,0
8717,2,1065,1,0,0,0
8718,1,312,0,0,0,0
8719,5,3157,7,1,1,0
8720,2,318,0,0,1,0
8721,4,1073,1,1,0,0
8722,2,672,0,0,0,0
8723,7,2438,3,1,1,0
8724,1,223,0,0,0,0
8725,1,113,0,0,0,0
8726,3,550,0,1,1,0
8727,4,1855,3,0,0,0
8728,3,1425,7,0,0,0
8729,1,264,0,0,0,0
8730,1,313,1,0,0,0
8731,4,2576,5,0,0,0
8732,1,351,1,0,0,0
8733,2,411,0,1,0,0
8734,1,156,0,0,0,0
8735,4,692,1,1,0,0
8736,2,304,1,0,0,0
8737,1,330,0,0,0,0
8738,5,2967,5,0,1,0
8739,1,366,0,0,0,0
8740,3,913,2,0,1,0
8741,1,299,0,0,0,0
8742,3,955,0,0,0,0
8743,2,599,1,0,0,0
8744,1,234,0,0,0,0
8745,2,467,1,0,0,0
8746,3,1486,2,0,0,0
8747,7,3788,12,1,0,0
8748,2,705,2,0,0,0
8749,3,832,1,0,0,0
8750,5,2309,5,0,1,0
8751,1,250,0,0,0,0
8752,4,1663,4,0,1,0
8753,5,3491,6,1,0,0
8754,2,649,1,0,0,0
8755,1,236,0,0,0,0
8756,2,398,0,0,0,0
8757,3,752,2,0,0,0
8758,7,4318,7,1,0,0
8759,3,1486,3,0,0,0
8760,1,294,1,0,0,0
8761,5,803,1,0,0,0
8762,7,3561,7,1,0,0
8763,4,2610,7,0,0,0
8764,3,1142,1,0,1,0
8765,3,1360,0,0,0,0
8766,7,3377,0,1,0,0
8767,1,211,0,0,0,0
8768,5,1984,4,0,1,0
8769,2,769,0,0,0,0
8770,4,1379,0,0,1,0
8771,3,1462,0,0,1,0
8772,4,1052,1,1,0,0
8773,5,2941,8,0,1,0
8774,4,1090,0,0,0,0
8775,6,3433,4,1,1,0
8776,4,1520,2,1,0,0
8777,1,125,0,0,0,0
8778,2,731,2,0,0,0
8779,6,2547,3,1,1,0
8780,2,852,1,0,0,0
8781,7,3912,6,0,1,0
8782,5,3437,4,0,0,0
8783,5,839,1,1,0,0
8784,4,575,0,1,0,0
8785,1,264,0,0,0,0
8786,2,652,0,0,1,0
8787,1,502,0,0,0,0
8788,4,1829,4,1,0,0
8789,3,1568,4,0,0,0
8790,1,371,0,0,0,0
8791,2,574,1,0,0,0
8792,4,413,1,0,1,0
8793,1,172,0,0,0,0
8794,6,2879,4,0,1,1
8795,1,154,0,0,0,0
8796,1,331,0,0,0,0
8797,1,303,0,0,0,0
8798,4,1519,2,0,0,0
8799,3,905,0,0,0,0
8800,1,205,1,0,0,0
8801,1,239,0,0,0,0
8802,2,387,1,0,0,0
8803,4,577,1,0,0,1
8804,1,277,1,0,0,0
8805,1,390,0,0,0,0
8806,5,2485,4,0,0,0
8807,1,202,0,0,0,0
8808,3,1545,5,1,0,0
8809,1,367,0,0,0,0
8810,6,1363,1,0,1,0
8811,1,192,0,0,0,0
8812,3,1099,3,1,1,0
8813,4,1890,3,1,0,0
8814,3,823,1,0,0,0
8815,3,1281,2,0,1,0
8816,3,1904,4,0,0,0
8817,1,313,0,0,0,0
8818,1,154,0,0,0,0
8819,2,574,2,1,0,0
8820,6,3152,3,1,0,0
8821,1,303,0,0,0,0
8822,3,532,2,1,0,0
8823,2,315,1,0,0,0
8824,4,1096,4,0,1,0
8825,1,206,0,1,0,0
8826,1,119,0,0,0,0
8827,4,1014,1,1,1,0
8828,4,2230,4,1,1,0
8829,1,584,0,0,0,0
8830,2,404,0,0,1,0
8831,2,934,3,0,0,0
8832,2,675,0,0,0,0
8833,4,1840,5,1,0,0
8834,4,1606,2,1,0,0
8835,1,274,0,0,0,0
8836,7,3341,10,1,0,0
8837,1,143,0,0,0,0
8838,5,2118,4,1,0,0
8839,5,3250,6,1,1,0
8840,3,769,0,1,0,0
8841,1,263,0,0,0,0
8842,1,129,0,0,0,0
8843,2,759,0,1,0,0
8844,3,652,4,1,0,0
8845,3,790,0,1,0,0
8846,1,116,1,0,0,0
8847,1,218,0,0,0,0
8848,5,919,2,1,0,0
8849,4,2555,6,1,0,0
8850,9,5573,10,1,0,0
8851,2,487,0,0,0,0
8852,4,1759,4,1,0,0
8853,1,313,1,0,0,0
8854,2,781,0,0,0,0
8855,1,209,0,0,0,0
8856,5,2151,6,0,0,0
8857,5,2953,6,1,0,0
8858,4,1238,1,0,0,0
8859,1,133,0,0,0,0
8860,2,646,0,0,0,0
8861,3,1341,4,0,0,0
8862,2,415,0,0,0,0
8863,2,557,0,1,0,0
8864,1,225,1,0,0,0
8865,2,802,1,1,0,0
8866,5,2258,5,0,0,0
8867,3,1528,7,0,0,0
8868,2,879,3,0,0,0
8869,2,392,0,1,0,0
8870,2,192,0,0,0,0
8871,1,288,1,0,0,0
8872,3,986,0,1,0,0
8873,1,323,0,0,0,0
8874,1,294,0,0,0,0
8875,1,174,0,0,0,0
8876,1,250,1,0,0,0
8877,3,1882,4,1,0,0
8878,6,2842,3,0,1,0
8879,1,368,3,0,0,0
8880,3,1200,0,1,0,0
8881,1,263,0,0,0,0
8882,4,2022,4,0,0,0
8883,1,175,0,0,0,0
8884,1,303,0,0,0,0
8885,2,728,1,1,0,0
8886,4,648,0,0,0,0
8887,2,422,0,0,0,0
8888,2,818,2,0,0,0
8889,4,2149,5,1,0,0
8890,3,1395,0,1,0,0
8891,1,103,0,0,0,0
8892,2,895,1,1,0,0
8893,3,1419,6,0,0,0
8894,1,340,1,0,0,0
8895,5,3420,3,1,0,0
8896,3,1295,4,0,0,0
8897,4,1096,1,1,0,0
8898,3,847,1,0,0,0
8899,1,230,1,0,0,0
8900,3,278,0,1,0,0
8901,3,720,1,0,0,0
8902,1,566,4,0,0,0
8903,3,1087,2,1,0,0
8904,5,1406,1,0,1,0
8905,1,340,0,0,0,0
8906,1,157,0,0,0,0
8907,4,1608,3,0,0,0
8908,1,177,0,0,0,0
8909,1,237,0,0,0,0
8910,4,2006,4,1,0,0
8911,2,435,0,1,0,0
8912,1,337,0,0,0,0
8913,2,210,0,0,0,0
8914,1,199,0,0,0,0
8915,1,86,0,0,0,0
8916,1,237,0,0,0,0
8917,6,994,1,1,0,0
8918,4,1439,1,1,1,0
8919,2,1069,4,0,0,0
8920,3,832,2,0,0,0
8921,3,1507,2,1,0,0
8922,1,147,0,0,0,0
8923,3,1176,3,0,1,0
8924,1,458,0,0,0,0
8925,5,1248,2,0,0,0
8926,1,289,0,0,0,0
8927,1,480,1,0,0,0
8928,2,100,0,0,1,0
8929,3,1250,4,1,0,0
8930,2,352,0,0,0,0
8931,1,166,0,0,0,0
8932,4,1040,2,1,0,0
8933,1,122,0,0,0,0
8934,3,1380,0,1,0,0
8935,1,358,0,0,0,0
8936,1,201,0,0,0,0
8937,7,2569,2,1,1,0
8938,1,547,0,0,0,0
8939,1,94,1,0,0,0
8940,5,2737,9,1,0,0
8941,1,170,0,0,0,0
8942,1,75,0,0,0,0
8943,5,1469,0,1,0,0
8944,2,617,0,0,0,0
8945,1,331,0,0,0,0
8946,3,778,1,0,0,0
8947,1,156,1,0,0,0
8948,3,1725,3,1,0,0
8949,1,341,1,0,0,0
8950,4,2703,7,0,1,0
8951,4,1195,1,0,0,0
8952,5,1214,0,1,1,0
8953,3,687,1,1,1,0
8954,1,256,0,0,0,0
8955,3,1314,3,0,0,0
8956,2,560,0,0,0,0
8957,5,2651,6,0,1,0
8958,1,309,0,0,0,0
8959,6,3488,5,1,1,0
8960,4,971,0,1,1,0
8961,1,316,0,0,0,0
8962,1,280,0,0,0,0
8963,2,697,0,0,0,0
8964,3,1133,0,0,1,0
8965,4,2168,3,0,0,0
8966,1,458,1,0,0,0
8967,3,785,0,1,0,0
8968,1,69,0,0,0,0
8969,2,664,0,0,0,0
8970,7,3474,2,1,1,0
8971,1,55,0,0,0,0
8972,5,2109,6,1,1,0
8973,2,392,1,0,0,0
8974,1,214,0,0,0,0
8975,2,1070,4,0,0,0
8976,1,69,1,0,0,0
8977,5,2645,5,0,1,0
8978,3,1437,2,1,0,0
8979,4,1090,0,1,1,0
8980,7,3150,7,0,0,0
8981,2,456,0,0,0,0
8982,1,325,0,0,0,0
8983,2,1165,0,0,0,0
8984,1,423,0,0,0,0
8985,3,940,2,1,0,0
8986,1,113,0,0,0,0
8987,1,75,0,0,0,0
8988,3,1718,0,1,0,0
8989,2,451,0,0,0,0
8990,4,1505,1,0,1,0
8991,3,1274,2,0,0,0
8992,3,806,0,0,0,0
8993,3,1095,1,1,1,0
8994,1,168,0,0,0,0
8995,3,1323,5,1,1,0
8996,2,831,0,0,0,0
8997,1,288,0,0,0,0
8998,3,753,0,1,1,0
8999,3,919,0,1,0,0
9000,1,202,1,0,0,0
9001,4,948,0,1,1,0
9002,4,2117,8,1,0,0
9003,6,2659,6,1,0,1
9004,4,1709,2,1,1,0
9005,3,821,2,0,0,1
9006,2,698,2,0,0,0
9007,2,520,0,0,0,0
9008,1,230,0,0,0,0
9009,1,266,0,0,0,0
9010,1,189,0,0,0,0
9011,1,350,0,0,0,0
9012,2,439,0,0,0,0
9013,2,407,0,0,0,0
9014,1,201,0,0,0,0
9015,6,3614,9,1,1,0
9016,3,406,3,1,0,0
9017,1,151,0,0,0,0
9018,1,311,0,0,0,0
9019,3,453,0,0,0,0
9020,3,1063,0,1,1,0
9021,7,3788,7,0,1,0
9022,3,535,1,1,1,0
9023,4,1313,2,0,0,0
9024,4,1199,0,0,0,1
9025,4,2192,4,0,1,0
9026,1,281,0,0,0,0
9027,3,752,0,1,0,0
9028,2,1222,0,0,0,0
9029,3,815,1,0,1,0
9030,4,2489,7,0,0,1
9031,5,2750,2,0,0,0
9032,2,553,0,0,0,0
9033,1,213,0,0,0,0
9034,2,309,0,0,0,0
9035,4,1496,4,1,1,0
9036,3,1141,0,0,0,0
9037,2,1040,1,0,0,0
9038,3,1015,1,0,0,0
9039,3,1493,1,0,0,0
9040,1,452,0,0,0,0
9041,9,5451,8,1,1,0
9042,4,2201,3,0,0,1
9043,1,104,0,0,0,0
9044,1,280,0,0,0,0
9045,4,766,0,1,0,0
9046,2,899,2,0,0,0
9047,1,249,0,0,0,0
9048,6,3775,10,1,0,1
9049,4,2170,3,1,0,0
9050,3,1320,1,1,0,0
9051,5,3136,7,1,1,0
9052,1,294,0,0,0,0
9053,4,1052,0,1,1,0
9054,2,812,2,0,0,0
9055,3,655,1,1,0,0
9056,8,4122,3,0,1,0
9057,2,347,0,0,0,0
9058,5,2291,4,0,0,0
9059,3,415,0,0,0,0
9060,5,1485,1,1,0,0
9061,1,660,2,0,0,0
9062,1,178,2,0,0,0
9063,2,516,0,0,0,0
9064,1,220,0,0,0,0
9065,5,1825,1,0,0,0
9066,1,363,0,0,0,0
9067,5,2298,0,1,1,0
9068,1,251,0,0,0,0
9069,5,3042,11,1,0,0
9070,1,372,0,0,0,0
9071,2,366,0,0,1,0
9072,5,2558,1,1,0,0
9073,3,659,0,0,1,0
9074,4,2007,4,0,1,0
9075,5,2648,3,0,0,0
9076,4,2075,3,1,0,0
9077,3,1638,6,1,0,0
9078,4,1481,3,1,0,0
9079,1,215,0,0,0,0
9080,3,1169,0,0,0,0
9081,1,166,0,0,0,0
9082,3,868,0,0,0,0
9083,3,930,0,0,0,0
9084,6,3610,8,1,1,0
9085,3,1726,5,1,0,0
9086,4,2413,7,1,1,1
9087,1,242,0,0,0,0
9088,1,342,0,0,0,0
9089,5,3117,11,1,1,0
9090,4,884,2,1,0,0
9091,1,227,0,0,0,0
9092,1,164,0,0,0,0
9093,6,2795,4,1,0,1
9094,6,2295,3,1,1,0
9095,7,4260,12,0,1,0
9096,2,361,0,0,0,0
9097,3,1599,5,0,0,0
9098,4,1453,2,0,0,0
9099,1,162,0,0,0,0
9100,1,387,0,1,0,0
9101,1,161,1,0,0,0
9102,2,800,2,1,0,0
9103,2,555,0,0,0,0
9104,1,148,1,0,0,0
9105,5,1882,0,1,0,0
9106,4,2608,4,0,0,0
9107,3,1937,4,0,0,0
9108,1,196,1,0,0,0
9109,3,822,1,0,0,0
9110,1,386,1,0,0,0
9111,4,1184,1,1,0,0
9112,1,206,2,0,0,0
9113,5,2465,8,0,0,0
9114,5,1288,2,1,0,0
9115,2,1072,2,0,0,0
9116,1,79,0,0,0,0
9117,4,1461,0,0,1,0
9118,5,2701,9,0,0,0
9119,1,128,0,0,0,0
9120,2,650,0,0,0,0
9121,3,1592,3,0,1,0
9122,4,1336,3,0,0,0
9123,2,1071,0,1,1,0
9124,1,111,0,0,0,0
9125,3,411,1,0,0,0
9126,1,265,1,0,0,0
9127,5,2735,8,1,1,0
9128,1,262,0,0,0,0
9129,4,1000,2,1,1,0
9130,4,1031,1,1,0,0
9131,4,1049,2,0,0,0
9132,6,3072,4,1,1,0
9133,3,654,0,0,0,0
9134,4,1945,6,0,0,0
9135,6,2083,5,0,0,0
9136,4,1922,3,1,0,0
9137,3,1371,3,1,0,0
9138,3,1246,3,1,0,0
9139,1,250,0,0,0,0
9140,5,3356,7,0,0,0
9141,4,2682,3,0,0,0
9142,2,468,1,1,0,0
9143,1,106,0,0,0,0
9144,2,625,0,0,0,0
9145,1,188,0,0,0,0
9146,2,715,1,0,0,0
9147,2,407,1,0,0,0
9148,1,269,0,0,0,0
9149,2,485,1,0,0,0
9150,5,1658,0,1,0,1
9151,1,247,0,0,0,0
9152,6,3302,3,0,0,1
9153,1,239,0,0,0,0
9154,4,1356,0,0,0,0
9155,1,336,0,0,0,0
9156,2,479,0,0,0,0
9157,2,1191,2,0,0,1
9158,1,163,0,0,0,0
9159,4,528,0,0,1,0
9160,3,1368,0,0,0,0
9161,4,1669,5,1,0,1
9162,1,179,0,0,0,0
9163,2,507,0,0,0,0
9164,4,1720,1,1,0,0
9165,1,355,0,0,0,0
9166,4,2044,0,1,0,0
9167,1,288,0,0,0,0
9168,7,1919,0,1,1,0
9169,4,1117,0,0,1,0
9170,1,355,0,0,0,0
9171,1,349,0,0,0,0
9172,1,343,1,0,0,0
9173,2,613,0,1,0,0
9174,1,145,0,0,0,0
9175,3,663,0,1,0,0
9176,1,474,0,0,0,0
9177,1,292,1,0,0,0
9178,3,697,0,0,1,0
9179,3,525,0,0,0,0
9180,2,998,4,0,1,0
9181,9,5699,10,1,1,0
9182,11,5756,7,1,1,0
9183,10,6170,13,1,0,1
9184,4,2095,7,1,0,0
9185,1,165,0,0,0,0
9186,3,936,0,0,0,0
9187,1,264,0,0,0,0
9188,3,917,0,0,1,0
9189,2,462,1,1,0,0
9190,6,2767,2,1,0,1
9191,2,616,0,0,0,0
9192,3,918,0,0,0,0
9193,2,486,1,1,0,0
9194,6,1682,3,0,1,0
9195,3,355,2,0,0,0
9196,5,2082,2,0,1,0
9197,6,3211,7,1,0,0
9198,1,211,0,0,0,0
9199,2,1017,2,0,0,0
9200,1,296,0,0,0,0
9201,1,159,0,0,0,0
9202,4,2121,3,0,0,0
9203,2,843,2,0,0,0
9204,1,213,0,0,0,0
9205,4,2621,7,0,0,1
9206,6,3680,6,1,0,0
9207,1,116,0,0,0,0
9208,3,691,0,1,1,0
9209,2,1013,1,0,0,0
9210,3,636,0,0,0,1
9211,1,159,0,0,0,0
9212,6,1195,4,1,0,0
9213,3,1108,0,0,0,1
9214,4,926,0,1,0,0
9215,1,216,0,0,0,0
9216,2,919,2,0,0,0
9217,1,385,1,0,0,0
9218,3,1587,1,1,0,0
9219,7,4315,9,1,0,0
9220,5,2760,3,1,0,0
9221,6,1638,2,1,0,0
9222,4,767,1,0,1,0
9223,1,438,1,0,0,0
9224,4,1909,0,1,0,0
9225,1,98,0,0,0,0
9226,6,2922,5,1,0,0
9227,3,1203,3,0,0,0
9228,1,193,0,0,0,0
9229,1,77,0,0,0,0
9230,1,384,0,0,0,0
9231,1,187,0,0,0,0
9232,4,1710,1,1,0,0
9233,1,418,1,0,0,0
9234,5,2513,6,0,0,0
9235,1,237,1,0,0,0
9236,6,3092,4,1,0,0
9237,1,50,0,0,0,0
9238,1,433,1,0,0,0
9239,2,889,1,0,0,0
9240,2,410,1,0,0,1
9241,2,503,0,1,0,0
9242,4,2021,6,0,0,1
9243,2,732,4,1,0,0
9244,1,243,0,0,0,0
9245,1,250,0,0,0,0
9246,2,836,0,1,0,0
9247,2,548,1,0,1,0
9248,3,836,0,0,0,0
9249,9,4875,14,0,1,0
9250,1,573,1,0,0,0
9251,1,249,0,0,0,0
9252,3,1654,4,0,1,0
9253,1,208,0,0,0,0
9254,2,513,0,0,0,0
9255,2,747,1,0,0,0
9256,6,4045,12,0,1,0
9257,2,461,0,0,1,0
9258,1,211,0,0,0,0
9259,3,698,0,0,0,0
9260,1,229,1,0,0,0
9261,1,518,1,0,0,0
9262,4,1603,4,0,0,0
9263,3,1441,5,0,0,0
9264,1,380,0,0,0,0
9265,1,240,0,0,0,0
9266,1,139,0,0,0,0
9267,3,1608,4,0,0,0
9268,5,2520,7,1,0,0
9269,1,50,0,0,0,0
9270,4,2115,2,0,1,0
9271,5,3257,8,0,1,0
9272,6,3683,8,1,0,0
9273,4,2244,3,0,0,1
9274,3,776,1,0,0,0
9275,5,1369,3,0,1,0
9276,1,171,0,0,0,0
9277,1,457,1,0,0,0
9278,5,2367,5,1,1,0
9279,4,2088,3,0,0,0
9280,1,274,0,0,0,0
9281,2,284,0,1,0,0
9282,4,2352,3,0,0,0
9283,1,224,0,0,0,0
9284,1,306,0,0,0,0
9285,3,1084,0,1,0,0
9286,2,609,1,0,0,0
9287,4,2032,4,0,0,0
9288,5,872,1,0,0,0
9289,8,4327,9,1,0,0
9290,1,230,0,1,0,0
9291,3,1189,3,1,0,0
9292,3,1460,3,1,0,0
9293,6,1390,0,0,0,0
9294,2,711,0,0,0,0
9295,1,251,0,0,0,0
9296,1,50,0,0,0,0
9297,5,2435,5,0,1,0
9298,1,183,0,0,0,0
9299,1,123,0,0,0,0
9300,8,4251,9,0,1,1
9301,4,2002,7,1,0,0
9302,8,4398,7,1,1,0
9303,7,2433,1,1,1,0
9304,2,817,0,0,0,0
9305,1,190,0,0,0,0
9306,4,1735,0,0,1,0
9307,3,736,0,0,0,1
9308,2,890,4,0,0,1
9309,1,247,0,0,0,0
9310,1,167,0,0,0,0
9311,1,70,0,0,0,0
9312,2,580,0,0,1,0
9313,1,84,0,0,0,0
9314,6,2590,5,1,1,0
9315,1,363,0,0,0,0
9316,1,723,1,0,0,0
9317,8,4857,10,1,1,0
9318,1,142,1,0,0,0
9319,9,5020,5,0,1,0
9320,1,308,0,0,0,0
9321,6,3553,8,1,1,0
9322,3,689,2,1,0,0
9323,3,1447,3,0,0,0
9324,1,295,1,0,0,0
9325,2,506,0,0,0,0
9326,6,3471,4,1,1,0
9327,3,1609,0,0,1,0
9328,3,587,1,0,0,0
9329,4,553,0,0,0,0
9330,2,267,0,0,0,0
9331,6,3400,13,1,0,0
9332,1,315,0,0,0,0
9333,6,3111,6,1,0,0
9334,5,2424,6,1,0,0
9335,1,474,1,0,0,0
9336,1,317,0,0,0,0
9337,1,312,0,0,0,0
9338,1,279,0,0,0,0
9339,1,288,0,0,0,0
9340,3,950,0,0,1,0
9341,6,2319,2,1,1,0
9342,1,314,0,0,0,0
9343,4,953,3,0,1,0
9344,6,3278,6,1,1,1
9345,3,508,0,1,0,1
9346,1,103,0,1,0,0
9347,5,1872,7,1,0,0
9348,5,2196,4,0,1,0
9349,2,559,0,0,0,0
9350,3,830,0,0,0,0
9351,1,125,0,1,0,0
9352,1,257,0,0,0,0
9353,2,1121,3,1,0,0
9354,4,1347,4,0,0,0
9355,3,938,1,1,0,0
9356,2,790,0,0,0,0
9357,1,238,0,0,0,0
9358,2,522,1,0,0,0
9359,2,981,2,0,0,0
9360,4,2118,3,0,0,0
9361,1,355,0,0,0,0
9362,1,552,1,0,0,0
9363,4,1846,2,0,0,0
9364,4,2366,7,0,1,0
9365,2,548,0,0,0,0
9366,1,205,0,0,0,0
9367,1,516,0,0,0,0
9368,4,1528,5,1,0,0
9369,4,2105,8,1,0,0
9370,5,2081,2,0,0,0
9371,1,104,1,0,0,0
9372,2,522,0,0,0,0
9373,3,1588,3,1,0,0
9374,3,706,1,1,0,0
9375,3,985,1,0,0,0
9376,1,239,0,0,0,0
9377,3,1500,1,1,1,0
9378,4,1225,0,0,0,1
9379,3,904,0,0,0,0
9380,5,2357,4,1,0,0
9381,9,5741,6,1,1,0
9382,1,179,0,0,0,0
9383,3,798,0,0,1,0
9384,3,881,2,1,0,0
9385,1,50,0,0,0,0
9386,1,261,0,0,0,0
9387,6,3208,10,1,1,0
9388,2,1143,2,0,0,0
9389,3,288,0,0,0,0
9390,3,1867,3,1,0,0
9391,1,306,0,0,0,0
9392,5,2692,1,1,1,0
9393,5,3232,5,1,0,0
9394,5,3136,5,1,0,0
9395,1,487,1,0,0,0
9396,1,532,1,0,0,0
9397,3,1726,1,0,0,1
9398,4,1057,0,1,1,0
9399,1,85,0,0,0,0
9400,1,346,0,0,0,0
9401,7,3915,9,1,0,1
9402,3,670,3,0,0,0
9403,4,1149,0,1,1,0
9404,1,269,0,0,0,0
9405,4,1412,2,0,0,0
9406,6,3534,8,1,0,0
9407,2,751,1,0,0,0
9408,1,81,0,0,0,0
9409,2,416,1,0,0,0
9410,2,379,1,0,0,0
9411,5,2714,1,1,1,0
9412,1,50,0,0,0,0
9413,2,603,1,0,0,0
9414,1,263,0,0,0,0
9415,1,257,0,1,0,0
9416,3,1332,7,1,0,0
9417,1,369,0,0,0,0
9418,2,581,0,0,0,0
9419,5,805,1,1,1,0
9420,1,88,1,0,0,0
9421,2,515,0,0,0,0
9422,2,380,0,0,0,0
9423,4,1587,3,0,0,0
9424,3,1378,3,0,0,0
9425,8,4337,9,1,1,1
9426,1,571,2,0,0,0
9427,1,233,0,0,0,0
9428,1,188,0,0,0,0
9429,3,819,0,1,0,0
9430,1,169,0,0,0,0
9431,2,656,1,0,0,0
9432,1,459,2,0,0,0
9433,1,290,0,0,0,0
9434,7,2382,4,1,1,0
9435,4,2181,3,1,0,0
9436,1,70,0,0,0,0
9437,7,4365,11,1,0,0
9438,8,4939,8,1,1,0
9439,2,490,1,1,0,0
9440,2,500,1,1,0,0
9441,6,3312,10,1,0,0
9442,6,2945,7,0,1,1
9443,2,318,0,1,0,0
9444,2,1133,4,0,0,0
9445,3,432,0,0,1,0
9446,4,1152,0,0,1,0
9447,2,686,0,0,0,0
9448,4,2536,2,1,0,0
9449,1,50,0,1,0,0
9450,4,2126,6,1,1,0
9451,1,200,0,0,0,0
9452,3,1488,8,1,0,0
9453,4,699,3,0,0,0
9454,5,1791,3,0,1,0
9455,4,1414,0,1,1,0
9456,3,1140,2,0,0,0
9457,3,1609,4,0,0,0
9458,3,1118,1,1,0,0
9459,5,1654,0,1,0,0
9460,3,549,2,0,1,0
9461,2,1030,2,0,1,0
9462,2,869,4,1,0,0
9463,3,1114,1,1,0,1
9464,5,1314,1,1,0,0
9465,7,3300,3,0,0,0
9466,1,97,0,0,0,0
9467,2,482,0,1,0,0
9468,3,1007,1,0,0,0
9469,1,208,0,0,0,0
9470,1,303,0,0,0,0
9471,4,1256,1,1,0,0
9472,2,458,1,0,0,0
9473,5,2054,0,1,1,0
9474,1,638,0,0,0,0
9475,2,570,0,0,0,0
9476,5,1615,2,1,0,0
9477,2,824,0,1,0,0
9478,2,491,0,0,0,0
9479,2,458,0,0,0,0
9480,5,839,3,1,1,0
9481,3,1024,1,0,0,0
9482,1,329,0,0,0,0
9483,9,6267,6,1,1,0
9484,3,1739,1,0,1,0
9485,3,1509,3,0,0,0
9486,6,3666,8,1,1,0
9487,1,170,1,0,0,0
9488,5,2445,4,1,0,0
9489,10,5021,6,1,0,0
9490,1,289,0,0,0,0
9491,1,262,0,0,0,0
9492,3,1532,2,0,1,0
9493,2,253,0,0,0,0
9494,4,2976,3,1,0,0
9495,1,214,1,0,0,0
9496,6,3521,5,0,1,0
9497,5,1770,4,0,0,1
9498,6,3095,6,1,0,0
9499,3,1509,3,1,0,0
9500,3,1225,3,0,0,0
9501,3,1746,1,0,0,0
9502,2,616,0,0,0,0
9503,1,50,0,0,0,0
9504,5,902,1,1,0,1
9505,1,276,0,0,0,0
9506,3,1713,3,0,0,0
9507,7,4168,12,1,1,0
9508,3,796,1,0,0,0
9509,3,1515,4,0,0,0
9510,1,277,0,1,0,0
9511,1,253,0,0,0,0
9512,3,1774,7,0,0,0
9513,3,1155,1,0,0,0
9514,1,344,0,0,0,0
9515,4,1473,0,0,0,0
9516,1,291,1,0,0,0
9517,1,147,0,0,0,0
9518,1,97,0,0,0,0
9519,3,594,1,0,1,0
9520,4,1652,1,0,0,1
9521,2,454,1,0,0,0
9522,4,443,1,0,0,0
9523,2,908,0,1,0,0
9524,4,2168,3,1,0,0
9525,6,2273,1,0,0,0
9526,2,579,0,0,0,0
9527,1,215,0,0,0,0
9528,1,122,0,0,0,0
9529,4,1708,2,1,0,0
9530,4,721,0,0,0,0
9531,1,222,0,0,0,0
9532,5,2371,8,0,0,0
9533,2,323,1,0,0,0
9534,2,837,5,0,0,0
9535,7,3769,11,1,1,0
9536,4,1223,0,0,1,0
9537,2,747,0,0,1,0
9538,7,4023,11,1,1,0
9539,3,1207,3,1,0,0
9540,8,4243,3,1,0,0
9541,3,1180,1,1,0,0
9542,2,412,1,0,0,0
9543,3,1053,2,0,0,0
9544,1,342,1,0,0,0
9545,1,445,1,0,0,0
9546,2,429,0,0,0,0
9547,3,1462,5,0,0,0
9548,2,1038,3,1,0,0
9549,1,262,1,0,0,0
9550,3,1561,2,0,0,0
9551,5,1847,3,0,0,0
9552,4,1948,7,1,0,0
9553,5,3172,5,1,0,0
9554,1,91,0,0,0,0
9555,3,410,2,1,0,0
9556,2,991,0,0,0,0
9557,1,339,1,0,0,0
9558,6,2063,3,1,0,0
9559,2,653,0,0,0,0
9560,3,621,0,0,0,0
9561,4,1784,3,0,0,1
9562,4,1130,2,0,0,0
9563,5,1120,0,1,0,0
9564,9,2757,3,0,1,0
9565,4,1501,2,0,0,0
9566,3,1889,4,1,0,0
9567,4,2467,5,0,1,1
9568,1,424,1,0,0,0
9569,1,206,0,0,0,0
9570,4,1046,0,0,0,0
9571,4,2272,10,1,0,0
9572,3,945,1,1,0,0
9573,1,174,0,0,0,0
9574,3,610,0,1,0,0
9575,6,3682,3,1,1,0
9576,1,108,0,0,0,0
9577,6,3581,8,1,0,0
9578,4,1152,0,0,0,0
9579,3,691,0,1,0,0
9580,2,377,1,1,0,0
9581,8,3394,6,1,0,0
9582,1,50,0,0,0,0
9583,1,515,0,0,0,0
9584,1,239,0,0,0,0
9585,1,309,0,0,0,0
9586,1,228,0,0,0,0
9587,1,275,0,0,0,0
9588,6,3375,4,1,1,0
9589,8,4966,12,0,0,0
9590,1,151,0,0,0,0
9591,4,1253,2,1,0,0
9592,1,403,0,1,0,0
9593,1,300,1,0,0,0
9594,1,241,0,0,0,0
9595,2,738,0,0,0,0
9596,3,1206,0,0,0,0
9597,4,2478,7,1,1,0
9598,1,395,0,0,0,0
9599,1,50,1,0,0,0
9600,4,2094,6,0,0,1
9601,5,1717,0,1,0,0
9602,1,177,0,0,0,0
9603,3,1666,4,0,0,0
9604,5,1963,0,1,1,0
9605,4,2631,6,0,1,0
9606,1,226,0,0,0,0
9607,4,1753,3,1,0,0
9608,1,493,1,0,0,0
9609,2,365,0,0,0,0
9610,2,729,3,0,0,0
9611,4,961,0,1,0,0
9612,3,1279,2,0,0,0
9613,2,413,0,0,0,1
9614,3,1794,4,0,0,1
9615,2,393,0,1,0,0
9616,4,847,0,0,1,0
9617,5,1107,1,0,0,0
9618,1,179,0,0,0,0
9619,5,2913,6,1,0,0
9620,9,4548,5,1,0,1
9621,1,299,0,0,0,0
9622,1,240,0,0,0,0
9623,2,436,0,0,0,0
9624,3,656,1,1,1,0
9625,4,887,0,0,0,0
9626,4,2353,3,0,0,0
9627,5,1288,0,1,0,0
9628,3,1076,2,0,0,0
9629,1,338,0,0,0,0
9630,3,1090,3,1,0,0
9631,6,2830,3,0,0,1
9632,2,538,1,0,0,0
9633,5,2507,2,1,0,0
9634,4,2082,5,0,1,0
9635,1,496,2,0,0,0
9636,1,79,0,1,0,0
9637,2,406,3,0,1,0
9638,3,1065,1,0,0,0
9639,4,828,0,1,0,1
9640,1,99,0,0,0,0
9641,2,638,1,1,0,0
9642,3,1436,2,0,0,0
9643,1,211,0,0,0,0
9644,3,1382,5,0,0,0
9645,3,1689,3,0,0,0
9646,1,417,0,0,0,0
9647,2,712,1,1,0,0
9648,2,891,2,1,0,0
9649,2,544,0,1,0,0
9650,5,2043,2,1,0,0
9651,3,1237,0,0,0,0
9652,1,257,0,0,0,0
9653,1,70,0,0,0,0
9654,1,347,0,0,0,0
9655,1,196,0,0,0,0
9656,1,336,0,0,0,0
9657,1,201,0,0,0,0
9658,2,909,1,0,1,0
9659,3,1252,3,0,0,0
9660,1,524,0,0,0,0
9661,1,191,0,0,0,0
9662,3,1156,0,0,1,0
9663,3,1165,0,0,0,0
9664,2,419,1,0,0,0
9665,7,4489,9,1,0,0
9666,3,1623,8,0,1,0
9667,1,269,0,0,0,0
9668,1,432,1,0,0,0
9669,3,1167,2,1,0,0
9670,1,428,0,0,0,0
9671,7,3528,7,1,1,0
9672,3,1167,4,0,0,0
9673,1,337,0,0,0,0
9674,1,487,1,0,0,0
9675,4,1338,5,1,1,0
9676,2,529,0,0,0,0
9677,1,470,0,0,0,0
9678,5,1732,5,1,0,1
9679,1,256,0,0,0,0
9680,1,402,0,0,0,0
9681,8,4541,11,1,0,0
9682,3,1365,1,0,0,0
9683,1,301,0,0,0,0
9684,1,368,0,0,0,0
9685,1,195,0,0,0,0
9686,2,311,0,1,0,0
9687,3,1456,6,0,0,0
9688,1,434,0,0,0,0
9689,1,261,1,0,0,0
9690,2,666,0,0,0,0
9691,4,1512,5,0,1,0
9692,5,2696,3,0,0,0
9693,1,210,0,0,0,0
9694,2,426,0,0,0,0
9695,6,1410,1,0,1,0
9696,2,698,1,1,0,0
9697,5,2568,3,0,1,0
9698,2,421,0,0,0,0
9699,2,759,0,0,0,0
9700,2,474,0,0,0,0
9701,3,793,0,0,1,0
9702,2,773,2,0,0,1
9703,5,2894,7,1,0,0
9704,1,50,0,0,0,0
9705,1,131,0,0,0,0
9706,2,249,0,0,0,0
9707,1,389,0,0,0,0
9708,4,1484,0,1,0,0
9709,5,2533,2,0,0,0
9710,4,1634,1,1,1,0
9711,1,382,1,0,0,0
9712,3,1686,1,0,0,0
9713,4,2257,5,0,0,0
9714,1,285,0,0,0,0
9715,1,308,0,0,0,0
9716,2,950,0,0,0,0
9717,8,2899,2,1,0,1
9718,1,220,0,0,0,0
9719,2,613,0,1,0,0
9720,3,667,0,1,0,0
9721,3,1016,0,0,0,0
9722,3,1359,0,0,0,0
9723,1,104,0,0,0,0
9724,1,471,0,0,0,0
9725,3,927,1,0,1,0
9726,4,1191,2,1,0,0
9727,2,1287,2,0,0,0
9728,4,1265,1,1,0,0
9729,1,362,0,0,0,0
9730,1,115,0,0,0,0
9731,1,248,0,0,0,0
9732,1,671,2,0,0,0
9733,1,348,0,0,0,0
9734,5,2213,5,0,0,0
9735,1,315,0,0,0,0
9736,3,870,3,0,0,0
9737,2,445,0,0,1,0
9738,3,1158,1,1,0,0
9739,3,1876,4,0,0,0
9740,4,1250,1,0,0,0
9741,1,400,1,0,0,0
9742,1,372,0,0,0,0
9743,1,230,0,0,0,0
9744,4,2275,7,1,0,0
9745,1,311,1,0,0,0
9746,1,244,0,0,0,0
9747,1,142,0,0,0,0
9748,1,173,0,0,0,0
9749,4,1312,1,1,0,1
9750,3,925,2,0,0,0
9751,4,1716,3,0,0,0
9752,2,478,0,0,0,0
9753,1,108,0,0,0,0
9754,1,186,0,0,0,0
9755,5,2528,7,0,1,0
9756,1,198,0,0,0,0
9757,4,2044,7,1,0,0
9758,1,170,0,0,0,0
9759,3,630,0,0,0,0
9760,3,859,1,1,0,0
9761,1,132,0,0,0,0
9762,1,311,0,1,0,0
9763,4,1738,1,1,1,0
9764,2,479,1,0,0,0
9765,2,423,0,0,0,0
9766,8,5451,15,1,1,1
9767,1,190,1,0,0,0
9768,4,725,1,0,0,0
9769,2,1002,0,0,0,0
9770,2,1413,2,0,0,0
9771,2,777,1,0,0,0
9772,5,2457,6,0,0,0
9773,1,375,0,0,0,0
9774,2,1059,4,0,0,0
9775,1,118,1,0,0,0
9776,1,178,0,0,0,0
9777,1,172,0,0,0,0
9778,2,383,1,1,0,0
9779,2,941,0,1,0,0
9780,2,484,0,1,0,0
9781,4,1091,0,0,1,0
9782,5,971,2,1,0,0
9783,3,1169,5,0,0,0
9784,2,936,0,0,0,0
9785,3,1751,1,0,1,0
9786,1,158,1,0,0,0
9787,6,3788,5,1,1,0
9788,1,242,0,0,0,0
9789,3,1042,1,0,0,0
9790,1,451,0,0,0,0
9791,1,214,0,0,0,0
9792,2,567,0,0,0,0
9793,2,615,0,0,0,0
9794,1,246,1,0,0,0
9795,4,2286,4,0,0,0
9796,4,1108,0,0,0,0
9797,7,2299,5,1,1,0
9798,4,1353,3,1,0,0
9799,6,2956,4,1,0,0
9800,3,1265,0,0,1,0
9801,2,785,1,0,0,0
9802,9,4554,3,1,1,0
9803,6,3209,10,1,1,0
9804,5,1788,2,0,1,0
9805,5,2562,4,1,1,0
9806,4,791,2,1,0,0
9807,3,599,1,0,0,0
9808,1,261,0,1,0,0
9809,5,3269,3,0,0,0
9810,4,1453,4,0,0,0
9811,2,836,0,0,0,0
9812,1,278,0,0,0,0
9813,1,347,0,0,0,0
9814,1,164,0,0,0,0
9815,1,225,0,0,0,0
9816,2,589,0,0,0,0
9817,1,276,0,0,0,0
9818,1,69,1,0,0,0
9819,1,285,0,0,0,0
9820,6,2776,7,1,0,0
9821,5,1850,3,0,1,1
9822,2,602,1,0,0,0
9823,3,1807,7,0,0,0
9824,3,1121,0,1,0,0
9825,3,760,0,0,0,0
9826,1,251,0,0,0,0
9827,2,1094,1,0,0,0
9828,7,3258,6,0,0,0
9829,2,433,0,1,0,0
9830,3,998,3,0,1,0
9831,3,569,0,1,0,0
9832,7,4034,13,1,0,0
9833,3,736,0,1,0,0
9834,1,362,1,0,0,0
9835,2,1060,2,0,0,0
9836,2,340,0,0,0,0
9837,1,195,0,0,0,0
9838,2,795,2,1,0,0
9839,1,210,1,0,0,0
9840,4,1247,0,1,0,0
9841,3,1548,1,0,0,0
9842,2,583,0,0,0,0
9843,3,406,0,0,0,1
9844,4,1973,2,0,0,0
9845,2,374,0,0,0,0
9846,3,393,0,1,0,0
9847,2,457,0,0,0,0
9848,1,137,0,0,0,0
9849,3,717,0,0,1,0
9850,1,327,0,0,0,0
9851,4,1687,6,1,0,0
9852,1,231,0,0,0,0
9853,8,4678,8,1,0,0
9854,3,1476,3,1,0,0
9855,3,1756,6,1,0,0
9856,5,2514,5,1,0,0
9857,4,1690,3,1,0,0
9858,1,245,0,0,0,0
9859,1,251,0,0,0,0
9860,2,256,0,0,0,0
9861,1,678,2,0,0,0
9862,6,2721,3,1,1,0
9863,4,1261,1,1,0,0
9864,2,951,2,1,0,0
9865,1,247,0,0,0,0
9866,1,228,0,0,0,0
9867,8,3678,3,1,1,1
9868,2,1056,3,0,0,1
9869,2,583,1,0,1,0
9870,5,2261,5,0,0,0
9871,1,242,0,0,0,0
9872,2,537,1,0,0,0
9873,1,294,0,0,0,0
9874,1,538,0,0,0,0
9875,3,634,2,0,0,0
9876,3,1602,3,1,0,0
9877,1,262,0,0,0,0
9878,1,321,0,0,0,0
9879,1,280,0,0,0,0
9880,3,475,1,0,0,0
9881,1,50,0,0,0,0
9882,1,302,0,0,0,0
9883,1,107,0,0,0,0
9884,1,50,0,0,0,0
9885,3,720,2,0,0,0
9886,5,2585,9,0,0,0
9887,2,822,1,0,0,0
9888,5,2867,4,0,1,1
9889,2,715,2,0,0,0
9890,1,307,0,0,0,0
9891,5,2127,6,0,0,0
9892,1,146,0,0,0,0
9893,1,425,0,0,0,0
9894,3,1113,2,0,0,0
9895,1,230,0,1,0,0
9896,1,89,0,0,0,0
9897,1,273,1,0,0,0
9898,3,630,1,0,0,1
9899,2,1119,2,0,0,0
9900,4,1673,2,0,0,1
9901,1,583,1,0,0,0
9902,6,3390,10,1,0,0
9903,5,1976,2,0,0,0
9904,5,2483,6,0,0,0
9905,2,467,0,0,0,0
9906,2,1234,3,0,0,0
9907,3,1239,1,0,0,0
9908,10,6403,9,1,1,0
9909,3,1327,4,1,1,0
9910,2,262,1,0,1,0
9911,2,1099,1,0,0,0
9912,7,4227,11,1,0,0
9913,2,630,0,0,0,0
9914,3,1185,1,0,0,0
9915,1,155,0,0,0,0
9916,3,930,1,0,0,0
9917,6,3091,6,1,0,0
9918,4,2019,0,1,0,0
9919,2,1354,3,0,1,0
9920,6,3302,9,0,0,0
9921,2,1534,4,0,0,0
9922,3,776,0,0,0,0
9923,4,1553,3,0,0,0
9924,3,1107,2,0,1,0
9925,1,427,0,0,0,0
9926,4,991,0,1,1,0
9927,3,257,0,0,0,0
9928,5,1319,1,0,1,0
9929,5,2104,2,0,1,0
9930,1,517,1,0,0,0
9931,2,276,0,0,0,0
9932,5,2571,1,0,0,0
9933,1,357,0,0,0,0
9934,2,196,0,0,0,0
9935,1,216,0,0,0,0
9936,1,50,0,0,0,0
9937,2,1092,2,0,0,0
9938,6,2976,6,1,0,0
9939,2,872,2,0,0,0
9940,1,193,0,0,0,0
9941,1,172,0,0,0,0
9942,1,371,0,0,0,0
9943,1,179,0,1,0,0
9944,7,3891,9,1,1,1
9945,1,354,0,0,0,0
9946,4,989,0,0,1,0
9947,2,1065,4,0,0,0
9948,5,2851,5,0,0,0
9949,4,438,1,1,0,0
9950,3,899,0,1,0,0
9951,8,2749,2,1,1,1
9952,5,1293,0,0,0,0
9953,4,1819,4,1,0,0
9954,6,3999,4,1,1,0
9955,1,347,1,0,0,0
9956,2,320,1,0,1,0
9957,2,266,2,0,0,1
9958,1,109,0,0,0,0
9959,1,124,0,0,0,0
9960,5,2523,3,1,1,0
9961,2,1481,1,0,0,0
9962,6,2287,0,0,1,0
9963,4,2200,6,1,0,0
9964,1,222,0,0,0,0
9965,4,1050,0,0,0,0
9966,1,54,0,0,0,0
9967,1,257,0,0,0,0
9968,3,1412,4,0,1,0
9969,6,3451,11,0,0,0
9970,4,1039,0,1,0,0
9971,3,960,1,0,0,0
9972,2,577,0,0,1,0
9973,1,161,0,0,0,0
9974,3,752,0,0,1,0
9975,3,843,2,0,0,0
9976,1,426,0,0,0,0
9977,1,423,0,0,0,0
9978,1,534,3,0,0,0
9979,1,344,0,0,0,0
9980,2,303,1,1,0,0
9981,1,112,0,0,0,0
9982,3,365,2,1,0,0
9983,2,406,0,1,0,0
9984,3,1600,8,0,0,0
9985,1,227,0,0,0,0
9986,3,1573,1,0,0,0
9987,1,252,0,1,0,0
9988,2,1275,2,0,0,0
9989,2,548,0,0,0,0
9990,1,371,0,0,0,0
9991,3,1522,2,1,0,0
9992,1,287,0,0,0,0
9993,1,224,0,0,0,0
9994,3,827,1,0,0,0
9995,4,1357,1,1,0,0
9996,5,1461,0,0,0,0
9997,3,870,1,0,0,0
9998,1,195,0,0,0,0
9999,4,2622,3,1,0,0
10000,3,968,1,0,0,0
