user_id,registration_date,country,device_type,acquisition_channel,language_level,goal_type,motivation_type,onboarding_version,experiment_period,trial_started_flag,paid_flag
1,2026-01-16 12:24:51,Netherlands,ios,blog,beginner,self_development,high,old,before_change,0,0
2,2026-01-28 03:46:26,Poland,ios,referral,beginner,work,medium,old,before_change,0,0
3,2026-01-26 03:03:54,Germany,android,paid_search,elementary,travel,medium,old,before_change,0,0
4,2026-01-22 11:03:44,Germany,android,instagram_ads,beginner,travel,medium,old,before_change,0,0
5,2026-01-22 08:40:12,Spain,ios,instagram_ads,intermediate,work,medium,old,before_change,0,0
6,2026-01-29 14:18:28,Poland,ios,organic,intermediate,exam,medium,old,before_change,1,0
7,2026-01-16 11:03:56,Netherlands,android,referral,beginner,travel,low,old,before_change,0,0
8,2026-01-26 20:31:34,Poland,ios,tiktok_ads,elementary,self_development,medium,old,before_change,0,0
9,2026-01-18 10:11:58,Spain,android,tiktok_ads,beginner,travel,high,old,before_change,1,0
10,2026-01-16 14:25:27,Germany,ios,organic,beginner,self_development,low,old,before_change,0,0
11,2026-01-23 22:48:12,Brazil,ios,organic,beginner,self_development,low,old,before_change,0,0
12,2026-01-31 14:03:14,Germany,android,referral,beginner,travel,high,old,before_change,1,0
13,2026-01-27 12:11:13,Poland,android,organic,elementary,self_development,medium,old,before_change,1,0
14,2026-01-27 22:32:41,Germany,ios,organic,elementary,exam,medium,old,before_change,0,0
15,2026-01-27 04:43:50,Spain,android,instagram_ads,elementary,self_development,high,old,before_change,1,1
16,2026-01-28 08:42:51,Brazil,ios,tiktok_ads,elementary,work,high,old,before_change,0,0
17,2026-01-23 17:23:47,Brazil,android,organic,elementary,self_development,high,old,before_change,1,0
18,2026-01-17 04:16:13,Netherlands,ios,organic,elementary,work,medium,old,before_change,0,0
19,2026-01-29 06:37:02,Spain,ios,referral,intermediate,travel,high,old,before_change,0,0
20,2026-01-22 15:45:26,Italy,android,blog,elementary,self_development,high,old,before_change,0,0
21,2026-01-23 12:08:36,Poland,android,instagram_ads,beginner,self_development,high,old,before_change,0,0
22,2026-01-21 07:17:08,Poland,android,referral,elementary,travel,medium,old,before_change,0,0
23,2026-01-18 02:28:48,Netherlands,android,paid_search,elementary,work,low,old,before_change,0,0
24,2026-01-30 18:07:12,Netherlands,android,tiktok_ads,beginner,self_development,medium,old,before_change,1,1
25,2026-01-28 06:52:46,Netherlands,android,instagram_ads,intermediate,work,high,old,before_change,0,0
26,2026-01-25 22:41:49,Spain,ios,referral,intermediate,work,low,old,before_change,0,0
27,2026-01-21 20:11:06,Spain,android,referral,intermediate,travel,low,old,before_change,0,0
28,2026-01-28 23:41:12,Netherlands,android,paid_search,beginner,work,high,old,before_change,0,0
29,2026-01-24 06:32:06,Germany,android,organic,beginner,work,low,old,before_change,0,0
30,2026-01-22 12:54:46,Germany,android,referral,beginner,exam,medium,old,before_change,1,0
31,2026-01-22 15:47:14,Poland,android,organic,intermediate,work,high,old,before_change,0,0
32,2026-01-18 20:42:48,Germany,ios,tiktok_ads,elementary,exam,medium,old,before_change,0,0
33,2026-01-16 13:35:29,Brazil,ios,instagram_ads,elementary,travel,medium,old,before_change,0,0
34,2026-01-24 10:16:14,Netherlands,android,organic,intermediate,self_development,low,old,before_change,0,0
35,2026-01-30 02:15:32,Germany,ios,tiktok_ads,beginner,travel,medium,old,before_change,0,0
36,2026-01-16 02:02:14,Italy,android,instagram_ads,beginner,exam,medium,old,before_change,0,0
37,2026-01-29 14:10:58,Germany,ios,referral,elementary,self_development,low,old,before_change,0,0
38,2026-01-29 01:40:24,Italy,ios,organic,beginner,self_development,high,old,before_change,1,1
39,2026-01-19 16:55:04,Poland,android,organic,elementary,travel,medium,old,before_change,0,0
40,2026-01-25 17:43:08,Germany,ios,organic,beginner,self_development,medium,old,before_change,0,0
41,2026-01-17 19:24:48,Germany,android,paid_search,elementary,travel,high,old,before_change,0,0
42,2026-01-27 21:17:59,Spain,ios,tiktok_ads,intermediate,travel,medium,old,before_change,1,0
43,2026-01-26 21:48:48,Spain,android,paid_search,beginner,self_development,low,old,before_change,0,0
44,2026-01-21 00:38:47,Germany,android,organic,elementary,travel,medium,old,before_change,0,0
45,2026-01-16 03:42:40,Italy,android,blog,intermediate,work,medium,old,before_change,0,0
46,2026-01-31 12:02:41,Germany,ios,organic,beginner,self_development,high,old,before_change,1,1
47,2026-01-22 13:50:25,Poland,ios,paid_search,elementary,travel,medium,old,before_change,0,0
48,2026-01-30 04:23:36,Germany,android,referral,intermediate,self_development,medium,old,before_change,0,0
49,2026-01-26 12:35:27,Italy,android,tiktok_ads,beginner,work,low,old,before_change,0,0
50,2026-01-28 05:34:49,Germany,android,paid_search,beginner,work,low,old,before_change,0,0
51,2026-01-27 22:02:20,Spain,android,blog,beginner,work,high,old,before_change,0,0
52,2026-01-18 07:24:45,Brazil,android,instagram_ads,beginner,work,low,old,before_change,0,0
53,2026-01-21 04:28:25,Germany,android,organic,beginner,self_development,low,old,before_change,0,0
54,2026-01-22 22:25:19,Poland,android,organic,beginner,self_development,high,old,before_change,0,0
55,2026-01-23 11:05:56,Germany,android,blog,beginner,work,medium,old,before_change,0,0
56,2026-01-15 17:52:18,Brazil,android,paid_search,elementary,exam,high,old,before_change,0,0
57,2026-01-24 07:00:01,Brazil,android,referral,beginner,work,medium,old,before_change,0,0
58,2026-01-17 14:57:00,Netherlands,android,organic,elementary,exam,high,old,before_change,0,0
59,2026-01-27 15:17:50,Germany,ios,organic,beginner,travel,medium,old,before_change,1,1
60,2026-01-26 14:41:02,Germany,ios,referral,elementary,work,high,old,before_change,1,0
61,2026-01-30 16:23:28,Germany,android,blog,beginner,work,low,old,before_change,0,0
62,2026-01-27 15:51:46,Spain,android,organic,beginner,work,high,old,before_change,0,0
63,2026-01-21 05:35:24,Germany,ios,organic,intermediate,travel,high,old,before_change,1,0
64,2026-01-31 10:44:38,Italy,android,tiktok_ads,elementary,work,high,old,before_change,0,0
65,2026-01-21 23:37:36,Brazil,android,instagram_ads,elementary,self_development,medium,old,before_change,0,0
66,2026-01-20 12:56:12,Netherlands,android,paid_search,elementary,travel,medium,old,before_change,0,0
67,2026-01-30 09:27:30,Spain,android,organic,beginner,work,medium,old,before_change,0,0
68,2026-01-21 07:08:51,Germany,ios,blog,beginner,travel,medium,old,before_change,0,0
69,2026-01-16 07:08:52,Brazil,android,organic,elementary,work,low,old,before_change,0,0
70,2026-01-22 23:34:43,Spain,ios,paid_search,intermediate,travel,medium,old,before_change,0,0
71,2026-01-28 12:38:14,Spain,android,paid_search,intermediate,self_development,medium,old,before_change,0,0
72,2026-01-18 05:18:15,Brazil,ios,organic,elementary,work,medium,old,before_change,0,0
73,2026-01-22 20:52:47,Brazil,android,instagram_ads,beginner,self_development,low,old,before_change,0,0
74,2026-01-17 05:00:28,Italy,android,paid_search,elementary,travel,high,old,before_change,0,0
75,2026-01-26 16:04:59,Germany,android,instagram_ads,elementary,self_development,high,old,before_change,1,1
76,2026-01-23 02:05:15,Brazil,android,paid_search,beginner,travel,medium,old,before_change,0,0
77,2026-01-20 14:43:12,Germany,android,organic,beginner,travel,medium,old,before_change,0,0
78,2026-01-18 20:34:44,Spain,android,referral,beginner,self_development,high,old,before_change,1,1
79,2026-01-24 14:18:57,Poland,ios,instagram_ads,beginner,travel,low,old,before_change,1,1
80,2026-01-26 09:17:02,Germany,ios,paid_search,elementary,work,high,old,before_change,0,0
81,2026-01-30 23:38:41,Netherlands,android,organic,beginner,exam,medium,old,before_change,0,0
82,2026-01-22 10:21:28,Spain,ios,instagram_ads,elementary,work,high,old,before_change,0,0
83,2026-01-17 17:33:38,Germany,android,referral,beginner,travel,low,old,before_change,0,0
84,2026-01-29 03:43:57,Italy,ios,tiktok_ads,beginner,self_development,medium,old,before_change,0,0
85,2026-01-25 16:56:37,Spain,android,referral,elementary,exam,high,old,before_change,0,0
86,2026-01-26 21:42:29,Poland,ios,organic,elementary,self_development,high,old,before_change,1,0
87,2026-01-16 15:40:06,Spain,android,blog,intermediate,self_development,high,old,before_change,1,1
88,2026-01-20 07:26:44,Italy,ios,organic,elementary,self_development,medium,old,before_change,0,0
89,2026-01-28 01:16:49,Spain,android,paid_search,intermediate,work,high,old,before_change,1,0
90,2026-01-29 03:33:43,Spain,ios,instagram_ads,beginner,travel,medium,old,before_change,0,0
91,2026-01-22 09:34:06,Poland,android,organic,elementary,self_development,medium,old,before_change,0,0
92,2026-01-28 16:20:37,Spain,ios,paid_search,beginner,self_development,medium,old,before_change,0,0
93,2026-01-29 07:24:37,Spain,android,organic,elementary,exam,high,old,before_change,1,0
94,2026-01-21 14:05:28,Italy,android,tiktok_ads,elementary,self_development,medium,old,before_change,0,0
95,2026-01-30 06:25:11,Brazil,android,tiktok_ads,beginner,travel,low,old,before_change,1,1
96,2026-01-19 21:38:16,Netherlands,android,instagram_ads,elementary,travel,medium,old,before_change,0,0
97,2026-01-19 01:44:22,Netherlands,android,paid_search,elementary,travel,low,old,before_change,0,0
98,2026-01-26 14:27:29,Poland,android,paid_search,beginner,exam,high,old,before_change,0,0
99,2026-01-25 19:47:55,Poland,ios,referral,elementary,work,high,old,before_change,0,0
100,2026-01-17 09:01:08,Brazil,android,instagram_ads,intermediate,travel,low,old,before_change,0,0
101,2026-01-29 03:45:23,Spain,ios,instagram_ads,beginner,work,medium,old,before_change,0,0
102,2026-01-18 09:33:45,Germany,android,organic,elementary,work,medium,old,before_change,0,0
103,2026-01-28 16:23:55,Netherlands,ios,organic,intermediate,work,medium,old,before_change,1,0
104,2026-01-15 03:00:13,Poland,ios,paid_search,beginner,travel,medium,old,before_change,1,1
105,2026-01-28 13:06:42,Brazil,android,tiktok_ads,beginner,travel,low,old,before_change,0,0
106,2026-01-28 09:03:54,Germany,android,referral,elementary,work,high,old,before_change,0,0
107,2026-01-28 06:23:19,Spain,ios,blog,elementary,travel,high,old,before_change,0,0
108,2026-01-26 07:15:32,Brazil,android,paid_search,elementary,work,low,old,before_change,0,0
109,2026-01-23 00:23:57,Poland,android,instagram_ads,elementary,work,high,old,before_change,1,1
110,2026-01-26 23:42:26,Germany,ios,tiktok_ads,elementary,self_development,medium,old,before_change,0,0
111,2026-01-19 17:03:56,Netherlands,ios,paid_search,beginner,travel,high,old,before_change,1,1
112,2026-01-28 06:32:14,Poland,android,instagram_ads,beginner,travel,medium,old,before_change,0,0
113,2026-01-24 10:42:14,Italy,android,tiktok_ads,elementary,self_development,medium,old,before_change,0,0
114,2026-01-22 19:14:15,Germany,ios,organic,beginner,travel,high,old,before_change,1,1
115,2026-01-23 14:17:14,Italy,android,paid_search,intermediate,work,high,old,before_change,1,0
116,2026-01-24 16:02:47,Netherlands,ios,paid_search,beginner,self_development,medium,old,before_change,0,0
117,2026-01-15 15:12:10,Poland,android,instagram_ads,beginner,travel,medium,old,before_change,1,1
118,2026-01-17 09:02:13,Germany,android,paid_search,elementary,self_development,medium,old,before_change,0,0
119,2026-01-19 04:09:22,Brazil,ios,organic,beginner,work,medium,old,before_change,0,0
120,2026-01-16 22:43:41,Netherlands,ios,organic,beginner,self_development,high,old,before_change,1,0
121,2026-01-22 11:21:44,Spain,android,referral,intermediate,self_development,medium,old,before_change,1,0
122,2026-01-26 08:42:30,Spain,ios,referral,elementary,self_development,low,old,before_change,0,0
123,2026-01-26 03:00:25,Brazil,android,blog,beginner,travel,medium,old,before_change,0,0
124,2026-01-23 00:12:26,Brazil,android,referral,beginner,work,low,old,before_change,0,0
125,2026-01-29 12:52:21,Germany,android,organic,elementary,work,low,old,before_change,0,0
126,2026-01-24 14:36:58,Spain,android,organic,elementary,work,medium,old,before_change,1,0
127,2026-01-16 08:18:45,Germany,ios,instagram_ads,beginner,self_development,high,old,before_change,0,0
128,2026-01-28 00:07:10,Italy,ios,instagram_ads,beginner,work,high,old,before_change,0,0
129,2026-01-24 18:26:13,Italy,ios,tiktok_ads,intermediate,work,high,old,before_change,0,0
130,2026-01-25 18:57:54,Spain,android,organic,beginner,exam,medium,old,before_change,0,0
131,2026-01-24 14:40:20,Germany,ios,blog,elementary,travel,high,old,before_change,0,0
132,2026-01-24 09:51:37,Germany,android,paid_search,beginner,exam,low,old,before_change,0,0
133,2026-01-16 12:57:03,Brazil,android,instagram_ads,elementary,travel,medium,old,before_change,0,0
134,2026-01-24 12:09:23,Poland,android,referral,elementary,exam,low,old,before_change,1,1
135,2026-01-28 12:19:27,Brazil,android,instagram_ads,beginner,travel,medium,old,before_change,0,0
136,2026-01-20 04:00:41,Germany,ios,tiktok_ads,elementary,self_development,high,old,before_change,0,0
137,2026-01-25 05:57:28,Germany,ios,tiktok_ads,beginner,travel,high,old,before_change,1,1
138,2026-01-15 12:34:25,Germany,android,referral,intermediate,exam,medium,old,before_change,0,0
139,2026-01-20 21:46:46,Poland,ios,referral,elementary,work,high,old,before_change,0,0
140,2026-01-22 10:10:50,Netherlands,android,paid_search,beginner,work,low,old,before_change,0,0
141,2026-01-31 16:57:26,Brazil,android,paid_search,elementary,exam,high,old,before_change,0,0
142,2026-01-18 15:33:01,Spain,ios,referral,intermediate,self_development,medium,old,before_change,0,0
143,2026-01-19 16:49:54,Italy,android,instagram_ads,beginner,travel,medium,old,before_change,0,0
144,2026-01-21 22:40:46,Spain,ios,instagram_ads,beginner,exam,medium,old,before_change,0,0
145,2026-01-31 21:00:27,Poland,ios,paid_search,elementary,work,low,old,before_change,1,0
146,2026-01-29 12:11:18,Italy,android,organic,beginner,exam,high,old,before_change,0,0
147,2026-01-15 14:09:17,Brazil,android,instagram_ads,elementary,self_development,low,old,before_change,0,0
148,2026-01-18 23:26:50,Italy,ios,blog,beginner,exam,medium,old,before_change,0,0
149,2026-01-28 23:14:35,Germany,android,paid_search,elementary,travel,medium,old,before_change,1,0
150,2026-01-15 23:47:15,Netherlands,ios,paid_search,beginner,work,low,old,before_change,1,0
151,2026-01-29 13:06:49,Germany,android,organic,beginner,work,low,old,before_change,0,0
152,2026-01-19 18:48:16,Brazil,android,instagram_ads,intermediate,travel,high,old,before_change,0,0
153,2026-01-30 14:24:07,Germany,ios,paid_search,elementary,exam,high,old,before_change,0,0
154,2026-01-19 23:47:10,Germany,android,tiktok_ads,beginner,exam,low,old,before_change,0,0
155,2026-01-22 09:12:04,Germany,android,organic,elementary,self_development,medium,old,before_change,1,1
156,2026-01-26 06:03:42,Spain,ios,organic,elementary,travel,medium,old,before_change,0,0
157,2026-01-17 03:31:21,Netherlands,ios,organic,beginner,exam,high,old,before_change,0,0
158,2026-01-24 11:16:08,Brazil,android,organic,elementary,work,medium,old,before_change,1,1
159,2026-01-23 14:02:46,Spain,ios,referral,intermediate,travel,high,old,before_change,0,0
160,2026-01-28 07:49:49,Italy,ios,blog,beginner,work,high,old,before_change,0,0
161,2026-01-31 22:24:41,Italy,ios,tiktok_ads,intermediate,work,medium,old,before_change,1,1
162,2026-01-26 07:02:23,Germany,android,referral,elementary,work,high,old,before_change,1,0
163,2026-01-21 22:56:53,Spain,ios,organic,beginner,self_development,medium,old,before_change,0,0
164,2026-01-21 21:48:21,Netherlands,android,referral,elementary,travel,medium,old,before_change,1,1
165,2026-01-22 02:31:37,Poland,ios,instagram_ads,beginner,work,medium,old,before_change,0,0
166,2026-01-28 20:07:13,Spain,ios,tiktok_ads,elementary,travel,high,old,before_change,0,0
167,2026-01-20 11:03:21,Poland,android,instagram_ads,elementary,travel,high,old,before_change,1,1
168,2026-01-17 20:07:29,Germany,ios,paid_search,beginner,work,low,old,before_change,0,0
169,2026-01-20 16:23:27,Spain,android,paid_search,beginner,exam,medium,old,before_change,0,0
170,2026-01-15 09:15:59,Poland,ios,organic,beginner,work,high,old,before_change,1,1
171,2026-01-16 19:18:22,Netherlands,android,paid_search,elementary,work,medium,old,before_change,0,0
172,2026-01-16 12:44:22,Poland,ios,instagram_ads,intermediate,work,medium,old,before_change,0,0
173,2026-01-28 02:47:36,Germany,android,blog,intermediate,work,high,old,before_change,1,1
174,2026-01-27 06:43:21,Germany,ios,organic,intermediate,travel,medium,old,before_change,1,1
175,2026-01-26 20:16:56,Germany,android,instagram_ads,elementary,work,medium,old,before_change,0,0
176,2026-01-22 20:26:45,Germany,ios,instagram_ads,beginner,self_development,medium,old,before_change,0,0
177,2026-01-27 04:33:35,Germany,ios,organic,elementary,self_development,low,old,before_change,0,0
178,2026-01-17 17:47:55,Brazil,android,paid_search,beginner,travel,high,old,before_change,0,0
179,2026-01-30 07:27:13,Brazil,ios,paid_search,beginner,work,medium,old,before_change,0,0
180,2026-01-23 12:25:34,Netherlands,android,instagram_ads,beginner,work,high,old,before_change,0,0
181,2026-01-30 22:43:29,Spain,android,organic,intermediate,self_development,low,old,before_change,0,0
182,2026-01-17 14:08:36,Germany,android,organic,elementary,travel,high,old,before_change,1,1
183,2026-01-23 10:54:38,Netherlands,android,paid_search,beginner,travel,low,old,before_change,0,0
184,2026-01-26 20:05:55,Germany,android,referral,intermediate,self_development,medium,old,before_change,0,0
185,2026-01-23 10:12:55,Poland,android,referral,elementary,travel,low,old,before_change,1,0
186,2026-01-22 14:01:54,Germany,ios,organic,elementary,self_development,medium,old,before_change,1,0
187,2026-01-17 19:48:55,Brazil,android,tiktok_ads,beginner,work,high,old,before_change,1,1
188,2026-01-21 11:27:23,Italy,ios,blog,beginner,work,medium,old,before_change,0,0
189,2026-01-19 01:24:59,Brazil,ios,organic,beginner,travel,high,old,before_change,0,0
190,2026-01-20 03:01:00,Netherlands,ios,organic,elementary,self_development,high,old,before_change,0,0
191,2026-01-26 14:56:59,Netherlands,ios,organic,elementary,travel,high,old,before_change,1,1
192,2026-01-25 17:09:19,Germany,ios,organic,beginner,work,medium,old,before_change,0,0
193,2026-01-25 07:44:10,Netherlands,ios,referral,beginner,travel,high,old,before_change,0,0
194,2026-01-21 03:37:10,Italy,android,referral,elementary,travel,medium,old,before_change,0,0
195,2026-01-31 07:33:16,Italy,android,instagram_ads,intermediate,exam,medium,old,before_change,0,0
196,2026-01-16 11:45:40,Brazil,android,paid_search,beginner,travel,high,old,before_change,1,0
197,2026-01-20 19:46:37,Spain,ios,referral,elementary,exam,high,old,before_change,0,0
198,2026-01-17 00:08:47,Poland,ios,organic,intermediate,exam,medium,old,before_change,1,1
199,2026-01-20 18:17:20,Brazil,android,organic,elementary,work,high,old,before_change,0,0
200,2026-01-31 08:27:15,Germany,ios,organic,beginner,exam,high,old,before_change,0,0
201,2026-01-21 05:26:07,Germany,ios,referral,elementary,travel,high,old,before_change,1,0
202,2026-01-30 10:42:03,Germany,android,tiktok_ads,intermediate,self_development,high,old,before_change,1,1
203,2026-01-23 09:59:12,Brazil,android,instagram_ads,elementary,travel,medium,old,before_change,0,0
204,2026-01-26 21:28:49,Germany,ios,tiktok_ads,beginner,work,medium,old,before_change,1,1
205,2026-01-22 18:37:34,Germany,android,organic,beginner,self_development,low,old,before_change,0,0
206,2026-01-19 12:28:29,Germany,android,paid_search,beginner,self_development,medium,old,before_change,0,0
207,2026-01-27 23:48:20,Italy,android,referral,beginner,travel,low,old,before_change,0,0
208,2026-01-31 11:25:26,Germany,ios,blog,elementary,work,medium,old,before_change,0,0
209,2026-01-19 11:31:05,Germany,android,instagram_ads,beginner,self_development,high,old,before_change,0,0
210,2026-01-28 05:43:49,Brazil,android,organic,elementary,self_development,high,old,before_change,0,0
211,2026-01-19 10:32:42,Germany,ios,blog,elementary,exam,high,old,before_change,0,0
212,2026-01-27 04:29:28,Italy,android,paid_search,elementary,travel,medium,old,before_change,0,0
213,2026-01-28 09:54:52,Italy,android,paid_search,beginner,work,medium,old,before_change,0,0
214,2026-01-22 15:20:22,Spain,ios,organic,beginner,self_development,high,old,before_change,0,0
215,2026-01-27 12:39:47,Brazil,android,organic,beginner,travel,medium,old,before_change,0,0
216,2026-01-19 15:04:28,Spain,ios,instagram_ads,intermediate,self_development,high,old,before_change,0,0
217,2026-01-16 08:20:07,Germany,android,instagram_ads,beginner,work,medium,old,before_change,1,0
218,2026-01-16 15:19:39,Spain,ios,organic,beginner,exam,high,old,before_change,0,0
219,2026-01-22 14:23:08,Germany,android,organic,beginner,travel,high,old,before_change,0,0
220,2026-01-30 08:15:42,Germany,ios,instagram_ads,elementary,travel,medium,old,before_change,0,0
221,2026-01-17 04:03:04,Brazil,android,paid_search,elementary,travel,low,old,before_change,0,0
222,2026-01-22 17:57:24,Germany,android,paid_search,intermediate,self_development,medium,old,before_change,1,1
223,2026-01-26 23:14:42,Germany,android,organic,beginner,exam,medium,old,before_change,1,0
224,2026-01-18 10:33:51,Brazil,android,referral,beginner,exam,medium,old,before_change,0,0
225,2026-01-27 06:25:10,Brazil,ios,blog,elementary,self_development,medium,old,before_change,1,0
226,2026-01-20 04:49:49,Germany,ios,paid_search,beginner,work,high,old,before_change,1,1
227,2026-01-28 17:56:00,Germany,android,tiktok_ads,beginner,self_development,medium,old,before_change,1,0
228,2026-01-24 20:19:17,Germany,ios,referral,intermediate,travel,high,old,before_change,1,0
229,2026-01-24 07:08:17,Germany,android,organic,elementary,travel,medium,old,before_change,0,0
230,2026-01-18 00:07:23,Poland,android,blog,beginner,work,high,old,before_change,1,0
231,2026-01-22 20:59:16,Italy,android,instagram_ads,intermediate,self_development,low,old,before_change,0,0
232,2026-01-29 13:29:55,Spain,ios,instagram_ads,beginner,exam,high,old,before_change,0,0
233,2026-01-15 07:57:56,Spain,android,instagram_ads,beginner,travel,medium,old,before_change,0,0
234,2026-01-27 21:28:33,Poland,ios,organic,beginner,self_development,medium,old,before_change,0,0
235,2026-01-23 09:02:49,Netherlands,android,referral,beginner,self_development,low,old,before_change,0,0
236,2026-01-27 05:32:27,Germany,android,tiktok_ads,beginner,exam,low,old,before_change,0,0
237,2026-01-26 06:37:32,Germany,android,organic,intermediate,work,high,old,before_change,0,0
238,2026-01-22 08:17:38,Spain,android,instagram_ads,intermediate,work,high,old,before_change,0,0
239,2026-01-20 05:56:10,Brazil,ios,blog,elementary,travel,medium,old,before_change,0,0
240,2026-01-25 15:56:31,Germany,android,referral,intermediate,exam,high,old,before_change,0,0
241,2026-01-17 09:12:41,Spain,android,instagram_ads,beginner,travel,high,old,before_change,0,0
242,2026-01-24 22:18:43,Spain,ios,organic,beginner,work,high,old,before_change,0,0
243,2026-01-16 14:38:07,Germany,android,paid_search,beginner,work,high,old,before_change,0,0
244,2026-01-26 01:08:14,Brazil,android,organic,elementary,work,medium,old,before_change,0,0
245,2026-01-25 16:31:41,Netherlands,android,referral,beginner,self_development,medium,old,before_change,1,0
246,2026-01-16 10:27:11,Brazil,android,referral,beginner,work,medium,old,before_change,1,0
247,2026-01-27 21:03:18,Germany,ios,blog,intermediate,work,high,old,before_change,1,0
248,2026-01-22 01:38:57,Germany,android,organic,beginner,travel,high,old,before_change,0,0
249,2026-01-28 09:02:58,Poland,ios,blog,elementary,travel,low,old,before_change,1,1
250,2026-01-15 16:58:42,Brazil,android,blog,beginner,travel,medium,old,before_change,0,0
251,2026-01-18 01:13:05,Germany,ios,tiktok_ads,elementary,travel,low,old,before_change,0,0
252,2026-01-23 09:32:53,Germany,android,referral,elementary,work,low,old,before_change,0,0
253,2026-01-18 04:47:45,Poland,ios,paid_search,beginner,work,medium,old,before_change,0,0
254,2026-01-20 14:35:00,Poland,ios,paid_search,beginner,self_development,low,old,before_change,0,0
255,2026-01-26 05:31:27,Poland,ios,organic,elementary,travel,high,old,before_change,1,1
256,2026-01-17 10:57:57,Netherlands,android,organic,elementary,travel,high,old,before_change,1,1
257,2026-01-26 12:30:10,Spain,ios,organic,beginner,self_development,medium,old,before_change,0,0
258,2026-01-16 18:11:18,Spain,ios,tiktok_ads,beginner,travel,high,old,before_change,0,0
259,2026-01-17 23:28:31,Germany,ios,paid_search,beginner,exam,medium,old,before_change,1,0
260,2026-01-24 23:45:32,Netherlands,ios,organic,beginner,exam,low,old,before_change,0,0
261,2026-01-28 11:44:28,Netherlands,android,organic,intermediate,exam,low,old,before_change,0,0
262,2026-01-17 21:36:06,Germany,android,tiktok_ads,beginner,travel,medium,old,before_change,0,0
263,2026-01-20 02:23:49,Italy,ios,blog,elementary,travel,medium,old,before_change,0,0
264,2026-01-30 17:26:56,Spain,ios,paid_search,elementary,self_development,medium,old,before_change,0,0
265,2026-01-31 19:47:27,Germany,ios,referral,intermediate,self_development,medium,old,before_change,0,0
266,2026-01-24 21:04:22,Spain,ios,blog,beginner,exam,medium,old,before_change,1,0
267,2026-01-22 14:23:29,Poland,ios,tiktok_ads,elementary,travel,medium,old,before_change,1,0
268,2026-01-20 21:31:22,Italy,ios,tiktok_ads,elementary,work,medium,old,before_change,0,0
269,2026-01-25 09:52:49,Brazil,ios,instagram_ads,beginner,exam,medium,old,before_change,0,0
270,2026-01-25 01:05:36,Italy,ios,blog,beginner,travel,high,old,before_change,0,0
271,2026-01-20 00:15:33,Poland,android,paid_search,intermediate,self_development,medium,old,before_change,0,0
272,2026-01-15 09:18:14,Poland,ios,referral,beginner,self_development,medium,old,before_change,0,0
273,2026-01-17 13:48:40,Poland,android,paid_search,beginner,travel,high,old,before_change,0,0
274,2026-01-31 07:05:31,Spain,android,organic,elementary,travel,low,old,before_change,0,0
275,2026-01-22 02:36:25,Poland,android,tiktok_ads,beginner,work,medium,old,before_change,0,0
276,2026-01-23 04:46:47,Brazil,ios,referral,beginner,work,medium,old,before_change,0,0
277,2026-01-22 22:34:47,Poland,android,referral,beginner,work,high,old,before_change,0,0
278,2026-01-28 07:21:21,Germany,android,blog,beginner,exam,high,old,before_change,0,0
279,2026-01-16 02:30:08,Poland,android,tiktok_ads,elementary,work,low,old,before_change,0,0
280,2026-01-16 09:45:13,Italy,android,instagram_ads,beginner,travel,medium,old,before_change,0,0
281,2026-01-19 16:32:44,Spain,ios,blog,beginner,travel,high,old,before_change,0,0
282,2026-01-23 06:33:23,Italy,android,organic,elementary,work,medium,old,before_change,0,0
283,2026-01-26 09:49:06,Spain,android,organic,elementary,work,medium,old,before_change,0,0
284,2026-01-23 08:12:30,Germany,ios,paid_search,elementary,self_development,low,old,before_change,1,1
285,2026-01-22 11:59:47,Germany,ios,instagram_ads,beginner,travel,high,old,before_change,0,0
286,2026-01-30 22:37:59,Poland,android,tiktok_ads,beginner,self_development,medium,old,before_change,1,0
287,2026-01-17 17:41:44,Brazil,ios,referral,intermediate,work,medium,old,before_change,0,0
288,2026-01-24 17:15:54,Spain,android,organic,beginner,exam,high,old,before_change,1,0
289,2026-01-24 05:14:08,Netherlands,ios,referral,beginner,travel,medium,old,before_change,1,1
290,2026-01-23 01:11:01,Spain,android,instagram_ads,elementary,work,high,old,before_change,0,0
291,2026-01-28 17:29:59,Brazil,ios,blog,elementary,work,high,old,before_change,0,0
292,2026-01-19 12:55:33,Poland,android,paid_search,intermediate,self_development,medium,old,before_change,0,0
293,2026-01-31 05:08:21,Netherlands,android,instagram_ads,beginner,travel,medium,old,before_change,1,0
294,2026-01-20 15:16:48,Poland,android,tiktok_ads,intermediate,work,low,old,before_change,0,0
295,2026-01-24 06:21:42,Netherlands,ios,instagram_ads,beginner,work,medium,old,before_change,1,0
296,2026-01-23 20:26:03,Italy,ios,organic,intermediate,exam,high,old,before_change,0,0
297,2026-01-29 10:42:33,Germany,ios,organic,beginner,travel,high,old,before_change,0,0
298,2026-01-22 11:04:33,Germany,ios,organic,intermediate,travel,medium,old,before_change,1,1
299,2026-01-19 20:06:00,Germany,android,instagram_ads,intermediate,exam,high,old,before_change,0,0
300,2026-01-15 08:49:03,Brazil,ios,tiktok_ads,elementary,work,high,old,before_change,0,0
301,2026-01-21 04:22:50,Netherlands,ios,instagram_ads,elementary,travel,low,old,before_change,0,0
302,2026-01-29 01:07:37,Poland,android,tiktok_ads,beginner,travel,medium,old,before_change,1,0
303,2026-01-15 04:02:44,Spain,ios,organic,elementary,work,high,old,before_change,1,1
304,2026-01-30 05:38:00,Germany,ios,organic,beginner,self_development,high,old,before_change,0,0
305,2026-01-24 05:28:24,Netherlands,android,tiktok_ads,elementary,exam,low,old,before_change,0,0
306,2026-01-17 09:13:17,Italy,ios,referral,beginner,self_development,medium,old,before_change,1,1
307,2026-01-20 03:17:20,Spain,android,tiktok_ads,beginner,exam,high,old,before_change,0,0
308,2026-01-24 10:02:48,Germany,android,tiktok_ads,beginner,work,medium,old,before_change,0,0
309,2026-01-20 08:48:08,Spain,ios,blog,elementary,self_development,low,old,before_change,0,0
310,2026-01-16 20:17:56,Spain,android,blog,beginner,travel,high,old,before_change,0,0
311,2026-01-26 07:43:24,Germany,android,tiktok_ads,elementary,self_development,medium,old,before_change,1,1
312,2026-01-26 10:16:26,Spain,ios,paid_search,beginner,travel,low,old,before_change,0,0
313,2026-01-17 00:30:02,Netherlands,android,organic,beginner,exam,medium,old,before_change,0,0
314,2026-01-19 18:44:36,Spain,ios,tiktok_ads,elementary,self_development,low,old,before_change,0,0
315,2026-01-19 03:30:01,Spain,android,paid_search,beginner,self_development,high,old,before_change,1,1
316,2026-01-26 05:02:39,Germany,android,organic,elementary,self_development,medium,old,before_change,1,0
317,2026-01-27 09:57:38,Italy,ios,organic,beginner,self_development,medium,old,before_change,1,1
318,2026-01-27 08:36:49,Spain,android,blog,intermediate,work,medium,old,before_change,0,0
319,2026-01-30 23:00:52,Spain,ios,organic,beginner,work,medium,old,before_change,1,0
320,2026-01-28 01:36:29,Germany,android,referral,beginner,work,medium,old,before_change,1,0
321,2026-01-20 10:50:13,Netherlands,android,blog,intermediate,travel,medium,old,before_change,0,0
322,2026-01-16 19:57:29,Poland,ios,tiktok_ads,intermediate,work,medium,old,before_change,1,0
323,2026-01-25 10:46:27,Germany,ios,organic,elementary,travel,medium,old,before_change,1,1
324,2026-01-30 13:43:58,Germany,android,referral,beginner,self_development,low,old,before_change,0,0
325,2026-01-31 13:51:48,Germany,ios,tiktok_ads,beginner,exam,low,old,before_change,1,0
326,2026-01-18 21:55:38,Netherlands,ios,paid_search,elementary,travel,medium,old,before_change,0,0
327,2026-01-19 00:28:25,Italy,ios,instagram_ads,beginner,exam,medium,old,before_change,1,0
328,2026-01-15 15:15:51,Spain,android,organic,beginner,self_development,low,old,before_change,0,0
329,2026-01-17 09:38:05,Spain,ios,tiktok_ads,elementary,self_development,low,old,before_change,1,0
330,2026-01-24 10:22:47,Poland,android,blog,beginner,work,medium,old,before_change,0,0
331,2026-01-24 07:05:44,Poland,android,instagram_ads,intermediate,exam,medium,old,before_change,0,0
332,2026-01-21 07:20:10,Germany,ios,blog,beginner,travel,high,old,before_change,0,0
333,2026-01-20 06:27:42,Germany,android,paid_search,intermediate,self_development,high,old,before_change,1,0
334,2026-01-29 02:33:15,Spain,ios,referral,elementary,self_development,high,old,before_change,0,0
335,2026-01-22 19:41:37,Poland,ios,referral,intermediate,travel,medium,old,before_change,0,0
336,2026-01-28 17:45:59,Netherlands,android,organic,elementary,travel,medium,old,before_change,0,0
337,2026-01-31 08:59:25,Netherlands,ios,blog,beginner,travel,low,old,before_change,0,0
338,2026-01-20 09:23:33,Poland,android,blog,beginner,work,low,old,before_change,0,0
339,2026-01-18 10:43:02,Germany,android,paid_search,beginner,travel,high,old,before_change,1,0
340,2026-01-31 04:46:58,Spain,ios,referral,elementary,self_development,medium,old,before_change,1,1
341,2026-01-25 19:00:39,Germany,android,organic,beginner,work,low,old,before_change,0,0
342,2026-01-19 22:41:40,Poland,android,organic,elementary,work,high,old,before_change,1,0
343,2026-01-25 13:43:07,Netherlands,ios,organic,intermediate,exam,high,old,before_change,1,1
344,2026-01-23 18:08:35,Spain,android,instagram_ads,beginner,exam,low,old,before_change,0,0
345,2026-01-30 09:27:25,Germany,android,organic,elementary,work,high,old,before_change,1,0
346,2026-01-19 08:26:01,Poland,ios,organic,intermediate,self_development,medium,old,before_change,0,0
347,2026-01-31 20:29:03,Poland,ios,blog,elementary,exam,medium,old,before_change,0,0
348,2026-01-30 21:54:20,Netherlands,android,instagram_ads,beginner,travel,medium,old,before_change,0,0
349,2026-01-18 01:43:35,Germany,ios,referral,beginner,travel,low,old,before_change,0,0
350,2026-01-17 19:09:35,Italy,ios,organic,elementary,self_development,medium,old,before_change,1,0
351,2026-01-24 01:31:40,Poland,android,organic,beginner,travel,medium,old,before_change,0,0
352,2026-01-15 18:19:24,Netherlands,android,referral,elementary,travel,high,old,before_change,1,0
353,2026-01-20 01:54:34,Netherlands,android,paid_search,intermediate,work,high,old,before_change,0,0
354,2026-01-22 09:31:10,Italy,ios,instagram_ads,beginner,self_development,medium,old,before_change,0,0
355,2026-01-31 11:30:15,Italy,ios,blog,beginner,exam,medium,old,before_change,0,0
356,2026-01-31 20:53:21,Netherlands,ios,paid_search,beginner,self_development,high,old,before_change,0,0
357,2026-01-17 13:49:41,Spain,ios,instagram_ads,intermediate,travel,medium,old,before_change,0,0
358,2026-01-30 03:48:15,Spain,android,tiktok_ads,beginner,self_development,medium,old,before_change,0,0
359,2026-01-16 13:05:56,Poland,ios,organic,beginner,work,low,old,before_change,1,0
360,2026-01-27 17:25:55,Netherlands,android,tiktok_ads,elementary,self_development,high,old,before_change,1,0
361,2026-01-29 09:01:20,Germany,android,instagram_ads,elementary,work,low,old,before_change,1,0
362,2026-01-30 03:26:36,Germany,android,organic,beginner,exam,low,old,before_change,1,0
363,2026-01-18 19:09:16,Italy,android,paid_search,elementary,self_development,high,old,before_change,0,0
364,2026-01-30 04:31:34,Italy,android,instagram_ads,elementary,self_development,medium,old,before_change,0,0
365,2026-01-16 23:19:12,Italy,android,tiktok_ads,beginner,travel,medium,old,before_change,1,0
366,2026-01-23 19:41:39,Spain,android,blog,beginner,travel,high,old,before_change,0,0
367,2026-01-22 23:34:28,Poland,android,tiktok_ads,elementary,exam,low,old,before_change,0,0
368,2026-01-20 08:53:56,Poland,ios,paid_search,beginner,travel,low,old,before_change,0,0
369,2026-01-15 09:01:21,Spain,ios,blog,intermediate,work,medium,old,before_change,0,0
370,2026-01-28 02:58:51,Germany,android,referral,beginner,travel,high,old,before_change,1,0
371,2026-01-20 16:55:05,Italy,ios,organic,elementary,work,high,old,before_change,0,0
372,2026-01-26 05:57:28,Germany,android,organic,elementary,work,medium,old,before_change,0,0
373,2026-01-21 23:22:11,Netherlands,ios,organic,elementary,travel,high,old,before_change,1,0
374,2026-01-21 08:27:08,Netherlands,android,organic,beginner,work,low,old,before_change,0,0
375,2026-01-30 01:36:31,Netherlands,ios,instagram_ads,elementary,work,medium,old,before_change,0,0
376,2026-01-16 14:32:32,Germany,android,paid_search,intermediate,self_development,medium,old,before_change,1,1
377,2026-01-27 12:32:23,Poland,ios,blog,beginner,travel,medium,old,before_change,0,0
378,2026-01-27 16:41:24,Germany,ios,instagram_ads,beginner,self_development,high,old,before_change,0,0
379,2026-01-21 11:02:11,Poland,android,organic,beginner,self_development,medium,old,before_change,0,0
380,2026-01-19 11:05:02,Germany,ios,blog,beginner,work,low,old,before_change,1,1
381,2026-01-15 02:09:55,Netherlands,ios,instagram_ads,beginner,exam,medium,old,before_change,1,1
382,2026-01-30 22:13:11,Poland,android,organic,intermediate,travel,medium,old,before_change,0,0
383,2026-01-31 02:40:27,Germany,android,organic,intermediate,work,high,old,before_change,0,0
384,2026-01-19 02:18:57,Germany,ios,tiktok_ads,intermediate,travel,medium,old,before_change,1,1
385,2026-01-15 13:01:10,Poland,android,instagram_ads,beginner,work,low,old,before_change,0,0
386,2026-01-17 02:05:06,Germany,ios,instagram_ads,beginner,self_development,medium,old,before_change,1,0
387,2026-01-16 03:35:53,Germany,ios,referral,beginner,travel,high,old,before_change,1,0
388,2026-01-29 03:05:38,Brazil,android,tiktok_ads,beginner,work,high,old,before_change,0,0
389,2026-01-30 03:53:59,Italy,ios,referral,elementary,exam,low,old,before_change,1,1
390,2026-01-17 14:32:24,Brazil,android,tiktok_ads,beginner,work,medium,old,before_change,0,0
391,2026-01-27 16:40:10,Spain,ios,tiktok_ads,beginner,work,medium,old,before_change,0,0
392,2026-01-18 01:08:29,Italy,android,organic,intermediate,work,medium,old,before_change,1,1
393,2026-01-21 05:49:16,Brazil,android,instagram_ads,elementary,work,high,old,before_change,1,1
394,2026-01-25 04:32:53,Spain,ios,paid_search,intermediate,travel,low,old,before_change,0,0
395,2026-01-27 05:43:48,Spain,android,instagram_ads,beginner,work,medium,old,before_change,1,0
396,2026-01-29 20:49:16,Spain,android,paid_search,intermediate,work,high,old,before_change,0,0
397,2026-01-15 18:16:19,Spain,ios,instagram_ads,beginner,travel,high,old,before_change,0,0
398,2026-01-18 08:08:43,Netherlands,android,paid_search,beginner,work,high,old,before_change,0,0
399,2026-01-19 18:26:51,Germany,ios,instagram_ads,beginner,work,medium,old,before_change,0,0
400,2026-01-20 06:36:43,Netherlands,ios,paid_search,elementary,work,medium,old,before_change,1,0
401,2026-01-31 23:11:43,Germany,ios,blog,beginner,work,medium,old,before_change,1,1
402,2026-01-28 05:10:52,Spain,ios,paid_search,elementary,work,high,old,before_change,1,0
403,2026-01-20 10:43:48,Germany,android,tiktok_ads,beginner,self_development,low,old,before_change,0,0
404,2026-01-31 12:30:18,Brazil,android,instagram_ads,intermediate,work,low,old,before_change,0,0
405,2026-01-23 11:43:02,Poland,android,paid_search,beginner,work,medium,old,before_change,0,0
406,2026-01-23 12:18:08,Spain,ios,referral,elementary,work,medium,old,before_change,0,0
407,2026-01-22 08:56:56,Germany,ios,blog,intermediate,work,high,old,before_change,0,0
408,2026-01-17 10:42:36,Germany,ios,tiktok_ads,elementary,self_development,low,old,before_change,0,0
409,2026-01-30 21:13:26,Poland,ios,blog,intermediate,exam,high,old,before_change,0,0
410,2026-01-15 05:41:09,Germany,android,paid_search,elementary,travel,low,old,before_change,0,0
411,2026-01-17 23:06:20,Poland,android,blog,beginner,work,medium,old,before_change,0,0
412,2026-01-18 21:41:58,Spain,android,referral,elementary,travel,high,old,before_change,0,0
413,2026-01-19 17:57:12,Germany,android,tiktok_ads,elementary,exam,high,old,before_change,0,0
414,2026-01-17 05:47:00,Poland,ios,referral,beginner,self_development,low,old,before_change,0,0
415,2026-01-15 07:19:41,Brazil,ios,tiktok_ads,beginner,exam,medium,old,before_change,0,0
416,2026-01-26 12:29:05,Germany,ios,instagram_ads,beginner,work,medium,old,before_change,1,1
417,2026-01-31 11:28:42,Italy,android,instagram_ads,beginner,travel,low,old,before_change,0,0
418,2026-01-17 01:42:27,Germany,ios,paid_search,intermediate,work,medium,old,before_change,1,1
419,2026-01-20 00:59:10,Spain,ios,tiktok_ads,intermediate,work,low,old,before_change,1,0
420,2026-01-23 14:34:57,Spain,android,paid_search,elementary,self_development,low,old,before_change,1,0
421,2026-01-30 18:25:15,Brazil,ios,tiktok_ads,beginner,work,medium,old,before_change,1,0
422,2026-01-26 19:15:32,Poland,android,instagram_ads,beginner,self_development,high,old,before_change,0,0
423,2026-01-28 00:36:17,Germany,ios,paid_search,beginner,work,low,old,before_change,0,0
424,2026-01-24 21:05:44,Italy,android,organic,beginner,travel,medium,old,before_change,1,0
425,2026-01-22 02:09:02,Netherlands,ios,paid_search,elementary,exam,medium,old,before_change,1,1
426,2026-01-18 09:30:30,Italy,android,tiktok_ads,elementary,travel,medium,old,before_change,0,0
427,2026-01-29 16:38:24,Poland,android,paid_search,elementary,travel,high,old,before_change,0,0
428,2026-01-28 16:04:58,Italy,ios,organic,beginner,travel,high,old,before_change,0,0
429,2026-01-15 10:14:28,Netherlands,android,paid_search,intermediate,work,medium,old,before_change,0,0
430,2026-01-27 03:53:09,Spain,android,paid_search,beginner,travel,medium,old,before_change,0,0
431,2026-01-16 10:25:49,Brazil,android,organic,beginner,self_development,medium,old,before_change,1,1
432,2026-01-27 13:30:19,Netherlands,android,paid_search,beginner,self_development,medium,old,before_change,0,0
433,2026-01-29 00:59:21,Spain,android,tiktok_ads,beginner,exam,low,old,before_change,0,0
434,2026-01-17 05:28:17,Poland,ios,tiktok_ads,elementary,work,high,old,before_change,1,0
435,2026-01-22 09:00:18,Germany,ios,blog,elementary,travel,medium,old,before_change,1,0
436,2026-01-17 02:29:29,Poland,ios,organic,elementary,exam,high,old,before_change,1,0
437,2026-01-24 15:27:04,Germany,android,paid_search,beginner,travel,low,old,before_change,1,0
438,2026-01-30 18:26:43,Italy,android,organic,intermediate,work,high,old,before_change,1,1
439,2026-01-16 08:59:41,Germany,android,instagram_ads,elementary,travel,medium,old,before_change,0,0
440,2026-01-21 18:12:42,Germany,ios,organic,intermediate,work,low,old,before_change,0,0
441,2026-01-31 13:01:59,Poland,android,organic,beginner,work,medium,old,before_change,0,0
442,2026-01-20 02:47:13,Poland,android,instagram_ads,intermediate,work,high,old,before_change,1,1
443,2026-01-17 05:56:39,Poland,ios,paid_search,elementary,exam,low,old,before_change,0,0
444,2026-01-23 07:20:32,Italy,android,instagram_ads,elementary,travel,high,old,before_change,0,0
445,2026-01-23 15:24:57,Germany,ios,tiktok_ads,beginner,travel,medium,old,before_change,0,0
446,2026-01-26 06:26:54,Poland,android,referral,beginner,work,high,old,before_change,1,0
447,2026-01-20 08:00:17,Spain,android,paid_search,intermediate,exam,medium,old,before_change,1,1
448,2026-01-31 05:53:39,Brazil,android,paid_search,beginner,travel,high,old,before_change,0,0
449,2026-01-23 20:34:38,Brazil,ios,instagram_ads,elementary,self_development,low,old,before_change,0,0
450,2026-01-19 20:52:12,Germany,ios,organic,elementary,travel,medium,old,before_change,1,1
451,2026-01-31 07:47:45,Brazil,android,organic,elementary,travel,high,old,before_change,0,0
452,2026-01-30 17:19:18,Poland,android,instagram_ads,beginner,work,low,old,before_change,1,0
453,2026-01-23 11:39:33,Germany,ios,organic,intermediate,travel,low,old,before_change,0,0
454,2026-01-15 10:08:33,Italy,ios,organic,beginner,work,medium,old,before_change,1,1
455,2026-01-25 03:32:59,Brazil,android,tiktok_ads,intermediate,travel,medium,old,before_change,0,0
456,2026-01-24 10:31:14,Germany,android,referral,beginner,work,medium,old,before_change,0,0
457,2026-01-17 12:28:08,Netherlands,ios,organic,beginner,travel,medium,old,before_change,1,1
458,2026-01-25 18:39:42,Germany,ios,instagram_ads,beginner,travel,low,old,before_change,1,0
459,2026-01-29 07:02:37,Germany,android,blog,elementary,work,high,old,before_change,0,0
460,2026-01-16 19:12:22,Netherlands,android,paid_search,elementary,self_development,medium,old,before_change,1,1
461,2026-01-27 07:06:56,Germany,android,tiktok_ads,beginner,self_development,medium,old,before_change,1,0
462,2026-01-17 09:15:30,Germany,android,organic,beginner,work,low,old,before_change,1,0
463,2026-01-27 17:31:16,Poland,ios,blog,elementary,self_development,high,old,before_change,0,0
464,2026-01-22 02:59:55,Germany,android,organic,beginner,travel,high,old,before_change,1,0
465,2026-01-15 02:39:23,Poland,ios,paid_search,beginner,self_development,low,old,before_change,0,0
466,2026-01-31 10:13:21,Poland,android,blog,elementary,self_development,low,old,before_change,0,0
467,2026-01-17 19:42:57,Germany,ios,tiktok_ads,beginner,work,medium,old,before_change,0,0
468,2026-01-25 03:11:07,Brazil,ios,organic,beginner,travel,medium,old,before_change,1,1
469,2026-01-18 02:02:20,Germany,ios,referral,beginner,self_development,high,old,before_change,0,0
470,2026-01-30 20:40:24,Netherlands,ios,referral,elementary,work,low,old,before_change,0,0
471,2026-01-27 13:14:12,Germany,ios,instagram_ads,elementary,travel,medium,old,before_change,0,0
472,2026-01-28 16:10:45,Italy,android,organic,beginner,self_development,medium,old,before_change,0,0
473,2026-01-22 08:17:18,Germany,android,paid_search,beginner,work,low,old,before_change,0,0
474,2026-01-22 22:41:30,Netherlands,android,blog,beginner,work,low,old,before_change,0,0
475,2026-01-25 18:47:41,Germany,android,organic,beginner,work,high,old,before_change,1,0
476,2026-01-28 08:11:00,Germany,ios,paid_search,beginner,self_development,high,old,before_change,0,0
477,2026-01-29 09:34:03,Brazil,android,organic,beginner,work,high,old,before_change,0,0
478,2026-01-15 07:16:38,Brazil,ios,organic,elementary,self_development,low,old,before_change,0,0
479,2026-01-26 06:43:58,Italy,ios,instagram_ads,beginner,travel,medium,old,before_change,0,0
480,2026-01-16 20:31:50,Germany,ios,paid_search,intermediate,exam,medium,old,before_change,1,1
481,2026-01-19 21:28:34,Germany,ios,organic,intermediate,work,medium,old,before_change,0,0
482,2026-01-29 02:24:24,Spain,android,organic,beginner,work,medium,old,before_change,0,0
483,2026-01-19 06:12:33,Spain,ios,organic,elementary,travel,high,old,before_change,0,0
484,2026-01-28 13:06:04,Italy,ios,organic,elementary,travel,low,old,before_change,0,0
485,2026-01-22 20:54:25,Italy,android,organic,beginner,travel,medium,old,before_change,1,0
486,2026-01-18 22:55:02,Italy,ios,tiktok_ads,beginner,exam,low,old,before_change,0,0
487,2026-01-20 16:22:17,Germany,android,organic,intermediate,travel,high,old,before_change,0,0
488,2026-01-24 00:33:14,Spain,ios,paid_search,beginner,exam,high,old,before_change,0,0
489,2026-01-28 00:10:48,Poland,android,instagram_ads,elementary,self_development,high,old,before_change,1,0
490,2026-01-25 07:15:16,Spain,android,tiktok_ads,elementary,exam,high,old,before_change,0,0
491,2026-01-30 20:45:19,Netherlands,ios,tiktok_ads,beginner,self_development,medium,old,before_change,0,0
492,2026-01-29 18:02:14,Germany,android,blog,elementary,work,high,old,before_change,0,0
493,2026-01-27 19:22:05,Spain,ios,paid_search,intermediate,self_development,medium,old,before_change,0,0
494,2026-01-25 06:04:03,Poland,ios,organic,beginner,self_development,high,old,before_change,1,0
495,2026-01-19 22:15:40,Germany,android,organic,beginner,work,low,old,before_change,0,0
496,2026-01-22 00:19:45,Italy,android,organic,beginner,exam,high,old,before_change,1,1
497,2026-01-17 00:30:31,Spain,ios,blog,elementary,exam,medium,old,before_change,0,0
498,2026-01-21 08:40:01,Germany,ios,instagram_ads,elementary,self_development,low,old,before_change,0,0
499,2026-01-30 18:00:02,Germany,ios,referral,elementary,work,low,old,before_change,0,0
500,2026-01-22 05:45:35,Germany,android,blog,elementary,work,medium,old,before_change,1,0
501,2026-01-16 22:24:04,Brazil,android,referral,intermediate,self_development,medium,old,before_change,0,0
502,2026-01-26 01:59:16,Germany,ios,paid_search,beginner,self_development,medium,old,before_change,0,0
503,2026-01-31 08:44:48,Netherlands,android,referral,intermediate,work,medium,old,before_change,0,0
504,2026-01-29 17:56:10,Poland,ios,paid_search,beginner,work,low,old,before_change,0,0
505,2026-01-19 15:49:23,Spain,android,organic,beginner,work,medium,old,before_change,1,0
506,2026-01-22 17:11:23,Germany,android,instagram_ads,beginner,exam,medium,old,before_change,0,0
507,2026-01-24 00:39:17,Spain,android,blog,beginner,travel,low,old,before_change,0,0
508,2026-01-19 05:07:06,Poland,ios,referral,intermediate,self_development,high,old,before_change,0,0
509,2026-01-19 13:37:34,Netherlands,ios,paid_search,elementary,work,medium,old,before_change,1,0
510,2026-01-19 00:33:29,Germany,ios,referral,elementary,travel,high,old,before_change,0,0
511,2026-01-31 21:47:21,Brazil,android,instagram_ads,beginner,travel,medium,old,before_change,0,0
512,2026-01-27 16:22:25,Brazil,android,tiktok_ads,beginner,work,medium,old,before_change,0,0
513,2026-01-29 07:04:09,Spain,ios,paid_search,intermediate,work,medium,old,before_change,0,0
514,2026-01-28 21:09:36,Germany,ios,organic,intermediate,exam,high,old,before_change,0,0
515,2026-01-31 07:19:49,Italy,ios,paid_search,elementary,work,low,old,before_change,0,0
516,2026-01-16 18:57:12,Germany,android,referral,beginner,work,high,old,before_change,0,0
517,2026-01-29 23:42:21,Germany,android,blog,beginner,travel,medium,old,before_change,0,0
518,2026-01-16 03:09:21,Germany,ios,paid_search,intermediate,travel,high,old,before_change,1,0
519,2026-01-23 01:58:18,Brazil,android,organic,beginner,travel,low,old,before_change,0,0
520,2026-01-25 02:31:44,Brazil,ios,organic,beginner,work,medium,old,before_change,0,0
521,2026-01-21 02:00:26,Germany,android,tiktok_ads,elementary,self_development,low,old,before_change,1,0
522,2026-01-17 11:38:19,Spain,ios,instagram_ads,intermediate,travel,medium,old,before_change,1,0
523,2026-01-18 06:27:32,Netherlands,ios,instagram_ads,beginner,exam,medium,old,before_change,1,0
524,2026-01-29 00:27:46,Spain,android,organic,elementary,travel,high,old,before_change,1,0
525,2026-01-20 10:02:21,Italy,android,organic,beginner,travel,medium,old,before_change,0,0
526,2026-01-20 06:36:59,Spain,android,blog,elementary,travel,low,old,before_change,0,0
527,2026-01-30 16:43:53,Germany,android,instagram_ads,beginner,work,medium,old,before_change,0,0
528,2026-01-17 10:41:59,Italy,android,organic,intermediate,travel,high,old,before_change,1,1
529,2026-01-30 13:25:44,Poland,ios,organic,elementary,self_development,medium,old,before_change,0,0
530,2026-01-30 15:45:21,Spain,android,organic,intermediate,travel,medium,old,before_change,1,1
531,2026-01-25 04:12:44,Poland,android,organic,elementary,work,medium,old,before_change,1,1
532,2026-01-17 19:32:12,Brazil,ios,organic,intermediate,self_development,medium,old,before_change,0,0
533,2026-01-17 15:35:28,Spain,android,tiktok_ads,elementary,travel,medium,old,before_change,0,0
534,2026-01-19 20:09:56,Poland,android,paid_search,elementary,exam,low,old,before_change,0,0
535,2026-01-24 19:35:08,Poland,ios,paid_search,beginner,exam,medium,old,before_change,0,0
536,2026-01-17 14:40:27,Spain,android,instagram_ads,intermediate,travel,medium,old,before_change,0,0
537,2026-01-22 17:54:30,Netherlands,ios,paid_search,beginner,travel,medium,old,before_change,0,0
538,2026-01-16 23:07:11,Spain,android,instagram_ads,elementary,self_development,low,old,before_change,0,0
539,2026-01-24 04:26:09,Germany,android,referral,elementary,travel,high,old,before_change,0,0
540,2026-01-15 08:37:42,Italy,ios,organic,elementary,work,high,old,before_change,0,0
541,2026-01-27 01:17:12,Brazil,android,referral,elementary,work,medium,old,before_change,1,0
542,2026-01-15 22:36:04,Netherlands,ios,paid_search,elementary,travel,medium,old,before_change,1,1
543,2026-01-18 07:29:14,Netherlands,android,organic,elementary,self_development,high,old,before_change,1,0
544,2026-01-17 23:15:13,Brazil,android,organic,elementary,self_development,low,old,before_change,0,0
545,2026-01-29 03:02:44,Spain,ios,tiktok_ads,beginner,self_development,high,old,before_change,0,0
546,2026-01-15 21:46:47,Italy,android,paid_search,elementary,travel,medium,old,before_change,1,0
547,2026-01-22 07:08:16,Netherlands,ios,referral,intermediate,self_development,medium,old,before_change,1,0
548,2026-01-25 01:11:12,Netherlands,android,organic,elementary,exam,medium,old,before_change,0,0
549,2026-01-23 18:31:34,Brazil,android,instagram_ads,beginner,work,low,old,before_change,0,0
550,2026-01-26 13:43:53,Spain,android,organic,beginner,exam,high,old,before_change,0,0
551,2026-01-28 15:39:55,Germany,ios,organic,intermediate,self_development,low,old,before_change,0,0
552,2026-01-21 16:36:04,Spain,android,instagram_ads,intermediate,work,medium,old,before_change,0,0
553,2026-01-29 01:54:46,Germany,android,organic,beginner,work,low,old,before_change,0,0
554,2026-01-20 09:44:25,Netherlands,android,paid_search,intermediate,work,high,old,before_change,0,0
555,2026-01-31 17:38:40,Poland,android,instagram_ads,beginner,travel,medium,old,before_change,0,0
556,2026-01-23 13:50:48,Spain,android,tiktok_ads,intermediate,travel,low,old,before_change,0,0
557,2026-01-27 12:17:36,Spain,ios,tiktok_ads,intermediate,work,medium,old,before_change,0,0
558,2026-01-29 21:00:07,Netherlands,ios,organic,elementary,work,low,old,before_change,0,0
559,2026-01-28 11:24:06,Germany,android,organic,intermediate,exam,medium,old,before_change,1,1
560,2026-01-29 11:15:42,Italy,ios,paid_search,elementary,self_development,medium,old,before_change,0,0
561,2026-01-24 02:53:51,Spain,android,organic,beginner,work,medium,old,before_change,1,1
562,2026-01-15 17:44:16,Germany,android,paid_search,intermediate,travel,medium,old,before_change,0,0
563,2026-01-23 09:10:41,Germany,android,paid_search,beginner,exam,medium,old,before_change,0,0
564,2026-01-18 02:03:04,Italy,android,paid_search,beginner,travel,medium,old,before_change,0,0
565,2026-01-30 02:45:34,Germany,android,instagram_ads,beginner,self_development,low,old,before_change,0,0
566,2026-01-19 00:35:30,Netherlands,android,organic,elementary,work,low,old,before_change,0,0
567,2026-01-18 21:03:08,Germany,android,paid_search,elementary,self_development,low,old,before_change,0,0
568,2026-01-19 05:45:00,Germany,ios,paid_search,intermediate,travel,medium,old,before_change,1,0
569,2026-01-25 22:10:01,Poland,ios,organic,intermediate,exam,low,old,before_change,0,0
570,2026-01-24 17:03:46,Germany,ios,referral,intermediate,work,medium,old,before_change,0,0
571,2026-01-31 03:07:37,Germany,android,paid_search,elementary,travel,medium,old,before_change,0,0
572,2026-01-22 01:50:06,Brazil,ios,organic,intermediate,work,medium,old,before_change,0,0
573,2026-01-19 19:10:10,Poland,android,referral,beginner,travel,medium,old,before_change,0,0
574,2026-01-15 20:05:44,Spain,android,paid_search,elementary,travel,high,old,before_change,0,0
575,2026-01-15 02:53:13,Germany,ios,organic,beginner,work,low,old,before_change,0,0
576,2026-01-21 08:26:04,Italy,android,tiktok_ads,beginner,work,medium,old,before_change,0,0
577,2026-01-30 17:44:00,Netherlands,ios,tiktok_ads,beginner,work,low,old,before_change,0,0
578,2026-01-23 21:41:28,Poland,android,blog,beginner,work,low,old,before_change,0,0
579,2026-01-30 04:34:02,Poland,android,referral,intermediate,travel,medium,old,before_change,1,1
580,2026-01-16 17:28:55,Netherlands,ios,tiktok_ads,elementary,work,high,old,before_change,1,1
581,2026-01-16 14:04:29,Spain,ios,organic,intermediate,work,medium,old,before_change,0,0
582,2026-01-29 04:03:03,Spain,android,instagram_ads,elementary,work,medium,old,before_change,0,0
583,2026-01-16 19:33:02,Poland,ios,organic,elementary,work,medium,old,before_change,0,0
584,2026-01-15 21:12:01,Poland,android,instagram_ads,beginner,travel,medium,old,before_change,0,0
585,2026-01-21 20:52:11,Italy,android,blog,intermediate,work,low,old,before_change,0,0
586,2026-01-30 17:20:07,Brazil,ios,organic,beginner,travel,high,old,before_change,0,0
587,2026-01-26 17:16:06,Spain,ios,referral,elementary,work,medium,old,before_change,1,0
588,2026-01-16 16:26:17,Brazil,ios,instagram_ads,intermediate,exam,low,old,before_change,1,0
589,2026-01-29 05:32:58,Netherlands,android,organic,elementary,exam,medium,old,before_change,1,1
590,2026-01-29 08:10:42,Spain,android,referral,intermediate,travel,low,old,before_change,0,0
591,2026-01-28 14:41:03,Poland,ios,instagram_ads,beginner,work,medium,old,before_change,1,1
592,2026-01-30 08:16:56,Netherlands,android,paid_search,beginner,work,medium,old,before_change,1,0
593,2026-01-19 01:52:12,Germany,android,instagram_ads,beginner,work,low,old,before_change,0,0
594,2026-01-31 15:39:53,Brazil,android,organic,beginner,exam,high,old,before_change,0,0
595,2026-01-20 10:50:38,Netherlands,ios,organic,beginner,exam,medium,old,before_change,0,0
596,2026-01-28 15:13:35,Italy,ios,tiktok_ads,elementary,travel,high,old,before_change,0,0
597,2026-01-24 20:22:50,Spain,ios,referral,intermediate,exam,low,old,before_change,1,0
598,2026-01-28 06:01:36,Brazil,android,tiktok_ads,elementary,self_development,high,old,before_change,0,0
599,2026-01-25 16:09:01,Brazil,android,referral,intermediate,self_development,high,old,before_change,1,1
600,2026-01-25 22:07:59,Brazil,ios,referral,elementary,travel,high,old,before_change,0,0
601,2026-01-25 11:26:38,Germany,ios,organic,beginner,self_development,medium,old,before_change,0,0
602,2026-01-28 05:49:49,Italy,android,referral,elementary,travel,high,old,before_change,0,0
603,2026-01-27 13:31:46,Italy,ios,referral,beginner,work,medium,old,before_change,0,0
604,2026-01-17 06:53:50,Brazil,android,paid_search,beginner,work,medium,old,before_change,1,0
605,2026-01-29 01:01:49,Brazil,ios,paid_search,intermediate,travel,medium,old,before_change,0,0
606,2026-01-24 02:42:56,Germany,ios,tiktok_ads,beginner,travel,medium,old,before_change,0,0
607,2026-01-20 11:49:04,Netherlands,android,blog,beginner,travel,medium,old,before_change,0,0
608,2026-01-23 17:48:10,Spain,ios,blog,beginner,exam,medium,old,before_change,0,0
609,2026-01-31 10:31:45,Poland,android,instagram_ads,elementary,work,low,old,before_change,0,0
610,2026-01-29 13:53:21,Germany,ios,referral,beginner,exam,medium,old,before_change,1,0
611,2026-01-29 04:08:56,Poland,ios,instagram_ads,elementary,work,medium,old,before_change,0,0
612,2026-01-22 20:49:19,Spain,android,referral,beginner,travel,medium,old,before_change,1,0
613,2026-01-28 07:55:41,Netherlands,ios,tiktok_ads,elementary,work,low,old,before_change,0,0
614,2026-01-21 13:06:59,Netherlands,android,blog,intermediate,exam,low,old,before_change,0,0
615,2026-01-26 15:57:19,Germany,android,blog,beginner,travel,medium,old,before_change,0,0
616,2026-01-25 20:56:30,Brazil,android,paid_search,elementary,self_development,medium,old,before_change,0,0
617,2026-01-19 05:55:04,Poland,ios,blog,beginner,work,high,old,before_change,0,0
618,2026-01-19 12:43:01,Netherlands,ios,tiktok_ads,beginner,exam,low,old,before_change,0,0
619,2026-01-16 00:56:32,Germany,ios,organic,beginner,work,high,old,before_change,0,0
620,2026-01-17 09:01:31,Brazil,android,organic,beginner,exam,medium,old,before_change,0,0
621,2026-01-22 08:54:59,Spain,ios,tiktok_ads,intermediate,exam,medium,old,before_change,0,0
622,2026-01-23 02:58:26,Netherlands,ios,organic,intermediate,self_development,medium,old,before_change,0,0
623,2026-01-17 19:22:09,Netherlands,android,organic,intermediate,travel,medium,old,before_change,0,0
624,2026-01-22 02:05:27,Germany,ios,instagram_ads,beginner,travel,medium,old,before_change,0,0
625,2026-01-25 06:30:15,Netherlands,android,organic,elementary,travel,high,old,before_change,1,1
626,2026-01-18 22:53:18,Poland,android,paid_search,elementary,self_development,high,old,before_change,0,0
627,2026-01-20 18:00:02,Poland,android,referral,beginner,work,medium,old,before_change,1,0
628,2026-01-21 05:56:41,Germany,android,organic,elementary,work,medium,old,before_change,0,0
629,2026-01-23 14:03:43,Spain,ios,instagram_ads,intermediate,travel,medium,old,before_change,0,0
630,2026-01-21 05:29:17,Spain,android,organic,intermediate,work,low,old,before_change,0,0
631,2026-01-27 12:40:24,Germany,android,referral,intermediate,self_development,high,old,before_change,0,0
632,2026-01-20 13:37:05,Spain,ios,paid_search,beginner,exam,medium,old,before_change,0,0
633,2026-01-22 09:01:47,Germany,android,referral,intermediate,travel,medium,old,before_change,1,1
634,2026-01-21 10:49:16,Germany,android,tiktok_ads,intermediate,self_development,high,old,before_change,0,0
635,2026-01-18 02:37:46,Netherlands,android,referral,elementary,self_development,low,old,before_change,0,0
636,2026-01-26 15:46:59,Germany,android,instagram_ads,beginner,exam,high,old,before_change,0,0
637,2026-01-19 00:03:43,Poland,ios,instagram_ads,beginner,work,medium,old,before_change,1,0
638,2026-01-20 01:07:32,Germany,ios,organic,beginner,exam,high,old,before_change,0,0
639,2026-01-28 11:26:34,Brazil,ios,instagram_ads,beginner,exam,medium,old,before_change,0,0
640,2026-01-31 03:08:02,Spain,ios,instagram_ads,intermediate,self_development,low,old,before_change,0,0
641,2026-01-26 09:42:14,Poland,ios,instagram_ads,intermediate,exam,medium,old,before_change,0,0
642,2026-01-30 13:52:11,Poland,ios,organic,intermediate,work,medium,old,before_change,0,0
643,2026-01-29 12:30:35,Spain,ios,instagram_ads,beginner,travel,high,old,before_change,1,0
644,2026-01-23 04:12:41,Netherlands,android,instagram_ads,elementary,work,high,old,before_change,0,0
645,2026-01-28 02:16:42,Germany,ios,instagram_ads,elementary,travel,medium,old,before_change,1,0
646,2026-01-20 13:58:16,Netherlands,android,tiktok_ads,elementary,exam,high,old,before_change,0,0
647,2026-01-22 19:52:58,Germany,android,paid_search,beginner,self_development,medium,old,before_change,0,0
648,2026-01-24 02:27:26,Spain,android,instagram_ads,intermediate,travel,low,old,before_change,0,0
649,2026-01-31 07:52:52,Germany,ios,paid_search,elementary,work,medium,old,before_change,0,0
650,2026-01-29 10:12:45,Italy,android,tiktok_ads,intermediate,exam,medium,old,before_change,1,0
651,2026-01-23 07:36:54,Brazil,android,referral,beginner,travel,low,old,before_change,0,0
652,2026-01-26 02:15:20,Netherlands,android,paid_search,beginner,work,low,old,before_change,0,0
653,2026-01-18 10:33:41,Spain,ios,paid_search,elementary,self_development,high,old,before_change,0,0
654,2026-01-28 16:11:30,Spain,ios,tiktok_ads,elementary,travel,low,old,before_change,0,0
655,2026-01-24 09:38:22,Germany,android,referral,intermediate,exam,medium,old,before_change,0,0
656,2026-01-24 01:21:02,Italy,ios,organic,beginner,exam,low,old,before_change,0,0
657,2026-01-28 00:38:37,Poland,android,paid_search,beginner,exam,medium,old,before_change,0,0
658,2026-01-25 18:13:49,Germany,android,paid_search,intermediate,travel,low,old,before_change,0,0
659,2026-01-16 05:33:59,Poland,android,tiktok_ads,elementary,travel,low,old,before_change,0,0
660,2026-01-19 21:34:02,Spain,android,organic,elementary,travel,medium,old,before_change,1,1
661,2026-01-18 00:06:04,Germany,android,referral,intermediate,work,medium,old,before_change,1,0
662,2026-01-27 11:50:11,Brazil,android,tiktok_ads,elementary,travel,high,old,before_change,1,1
663,2026-01-15 14:20:24,Germany,android,referral,elementary,exam,high,old,before_change,0,0
664,2026-01-18 10:34:51,Germany,ios,blog,beginner,work,medium,old,before_change,0,0
665,2026-01-25 03:45:27,Netherlands,android,instagram_ads,elementary,self_development,medium,old,before_change,0,0
666,2026-01-26 19:28:39,Germany,android,tiktok_ads,beginner,self_development,medium,old,before_change,0,0
667,2026-01-23 13:20:54,Italy,android,tiktok_ads,elementary,work,medium,old,before_change,0,0
668,2026-01-29 15:10:24,Netherlands,ios,referral,elementary,travel,high,old,before_change,1,1
669,2026-01-30 14:55:39,Poland,ios,instagram_ads,beginner,travel,high,old,before_change,1,0
670,2026-01-17 05:53:52,Netherlands,android,organic,beginner,self_development,high,old,before_change,1,0
671,2026-01-31 04:37:28,Poland,ios,blog,beginner,work,medium,old,before_change,1,1
672,2026-01-25 10:40:00,Spain,android,organic,elementary,work,medium,old,before_change,0,0
673,2026-01-25 19:34:38,Brazil,android,blog,beginner,exam,high,old,before_change,0,0
674,2026-01-16 14:47:56,Brazil,ios,paid_search,intermediate,travel,high,old,before_change,0,0
675,2026-01-25 13:43:25,Italy,ios,instagram_ads,beginner,work,high,old,before_change,0,0
676,2026-01-27 08:05:31,Germany,android,blog,elementary,work,medium,old,before_change,1,1
677,2026-01-24 20:57:46,Brazil,ios,tiktok_ads,elementary,travel,low,old,before_change,0,0
678,2026-01-16 10:28:23,Poland,android,instagram_ads,elementary,self_development,low,old,before_change,0,0
679,2026-01-23 21:28:36,Spain,android,paid_search,beginner,exam,medium,old,before_change,0,0
680,2026-01-30 21:51:48,Poland,android,paid_search,beginner,work,medium,old,before_change,0,0
681,2026-01-27 07:09:14,Spain,ios,organic,beginner,exam,medium,old,before_change,1,0
682,2026-01-17 08:03:44,Germany,ios,instagram_ads,beginner,travel,medium,old,before_change,0,0
683,2026-01-31 07:39:17,Netherlands,android,paid_search,beginner,work,low,old,before_change,0,0
684,2026-01-31 07:13:23,Spain,ios,organic,elementary,exam,high,old,before_change,0,0
685,2026-01-17 21:06:48,Germany,ios,paid_search,elementary,work,medium,old,before_change,1,1
686,2026-01-28 14:45:38,Germany,android,blog,beginner,exam,low,old,before_change,1,0
687,2026-01-21 21:56:26,Germany,ios,referral,elementary,work,medium,old,before_change,0,0
688,2026-01-25 02:13:20,Poland,ios,paid_search,beginner,work,medium,old,before_change,0,0
689,2026-01-22 13:38:09,Italy,android,blog,intermediate,work,low,old,before_change,0,0
690,2026-01-28 07:18:38,Brazil,ios,instagram_ads,elementary,exam,medium,old,before_change,0,0
691,2026-01-31 22:38:13,Germany,ios,paid_search,elementary,travel,low,old,before_change,1,1
692,2026-01-28 12:24:24,Brazil,ios,paid_search,beginner,self_development,high,old,before_change,0,0
693,2026-01-30 19:59:58,Poland,android,referral,elementary,travel,medium,old,before_change,0,0
694,2026-01-31 01:58:44,Poland,android,paid_search,beginner,travel,high,old,before_change,0,0
695,2026-01-16 12:45:46,Spain,android,organic,intermediate,self_development,medium,old,before_change,1,1
696,2026-01-19 07:22:49,Germany,android,blog,beginner,work,high,old,before_change,0,0
697,2026-01-27 06:31:02,Italy,ios,tiktok_ads,beginner,work,medium,old,before_change,0,0
698,2026-01-25 00:45:03,Poland,android,tiktok_ads,elementary,work,medium,old,before_change,0,0
699,2026-01-15 20:27:34,Germany,ios,tiktok_ads,elementary,travel,medium,old,before_change,0,0
700,2026-01-16 14:46:48,Poland,android,tiktok_ads,elementary,exam,low,old,before_change,1,0
701,2026-01-23 20:23:00,Germany,android,organic,intermediate,exam,low,old,before_change,0,0
702,2026-01-25 11:23:44,Germany,ios,tiktok_ads,beginner,travel,medium,old,before_change,0,0
703,2026-01-17 20:25:46,Poland,android,organic,beginner,self_development,medium,old,before_change,0,0
704,2026-01-17 21:53:12,Brazil,android,organic,intermediate,travel,high,old,before_change,0,0
705,2026-01-17 04:46:14,Spain,ios,blog,beginner,self_development,medium,old,before_change,0,0
706,2026-01-24 14:29:59,Italy,android,organic,elementary,exam,high,old,before_change,1,1
707,2026-01-15 03:12:15,Poland,android,organic,beginner,self_development,medium,old,before_change,0,0
708,2026-01-24 17:33:05,Germany,ios,paid_search,beginner,self_development,high,old,before_change,1,0
709,2026-01-23 02:10:44,Netherlands,ios,referral,beginner,self_development,high,old,before_change,1,0
710,2026-01-22 22:07:18,Poland,android,blog,intermediate,self_development,medium,old,before_change,0,0
711,2026-01-26 13:08:40,Brazil,ios,organic,beginner,self_development,high,old,before_change,1,1
712,2026-01-23 21:14:01,Italy,ios,paid_search,beginner,self_development,high,old,before_change,0,0
713,2026-01-27 08:55:17,Netherlands,android,tiktok_ads,beginner,travel,medium,old,before_change,0,0
714,2026-01-27 23:40:50,Germany,android,tiktok_ads,beginner,self_development,high,old,before_change,0,0
715,2026-01-30 15:24:28,Germany,ios,organic,beginner,exam,medium,old,before_change,1,0
716,2026-01-28 14:05:30,Poland,ios,paid_search,intermediate,self_development,low,old,before_change,0,0
717,2026-01-23 19:13:26,Italy,android,instagram_ads,elementary,exam,medium,old,before_change,0,0
718,2026-01-23 08:47:54,Germany,android,organic,beginner,travel,high,old,before_change,1,0
719,2026-01-19 00:10:08,Germany,android,tiktok_ads,beginner,travel,low,old,before_change,0,0
720,2026-01-25 04:38:02,Poland,android,paid_search,beginner,travel,medium,old,before_change,0,0
721,2026-01-17 08:46:02,Germany,ios,referral,beginner,work,medium,old,before_change,1,1
722,2026-01-30 19:56:39,Germany,android,tiktok_ads,beginner,exam,medium,old,before_change,1,1
723,2026-01-29 08:46:41,Italy,android,tiktok_ads,intermediate,travel,medium,old,before_change,0,0
724,2026-01-17 00:51:04,Poland,android,tiktok_ads,beginner,travel,medium,old,before_change,0,0
725,2026-01-28 08:40:11,Italy,ios,organic,beginner,travel,medium,old,before_change,0,0
726,2026-01-16 23:46:41,Netherlands,ios,paid_search,elementary,self_development,medium,old,before_change,0,0
727,2026-01-27 06:15:35,Spain,android,instagram_ads,beginner,work,high,old,before_change,0,0
728,2026-01-16 11:47:06,Italy,android,referral,elementary,travel,medium,old,before_change,1,1
729,2026-01-23 07:10:58,Spain,android,referral,elementary,work,low,old,before_change,0,0
730,2026-01-26 04:24:29,Germany,ios,paid_search,beginner,travel,medium,old,before_change,0,0
731,2026-01-27 09:21:17,Italy,android,referral,intermediate,exam,high,old,before_change,0,0
732,2026-01-22 02:47:31,Netherlands,ios,organic,beginner,self_development,medium,old,before_change,0,0
733,2026-01-30 16:01:20,Italy,android,organic,beginner,travel,low,old,before_change,0,0
734,2026-01-28 03:55:23,Germany,android,organic,elementary,self_development,high,old,before_change,0,0
735,2026-01-18 12:58:19,Italy,android,blog,elementary,exam,medium,old,before_change,0,0
736,2026-01-26 09:51:44,Netherlands,ios,instagram_ads,beginner,travel,high,old,before_change,0,0
737,2026-01-27 10:03:29,Netherlands,android,instagram_ads,beginner,travel,low,old,before_change,0,0
738,2026-01-20 16:07:27,Italy,ios,tiktok_ads,intermediate,travel,high,old,before_change,0,0
739,2026-01-27 13:11:54,Spain,android,organic,elementary,travel,medium,old,before_change,0,0
740,2026-01-30 06:32:00,Poland,android,organic,elementary,work,medium,old,before_change,0,0
741,2026-01-28 21:22:57,Netherlands,android,organic,elementary,self_development,medium,old,before_change,0,0
742,2026-01-27 23:06:47,Poland,android,organic,elementary,travel,low,old,before_change,0,0
743,2026-01-25 18:52:29,Italy,android,instagram_ads,elementary,self_development,low,old,before_change,1,1
744,2026-01-19 14:22:41,Netherlands,ios,paid_search,beginner,work,medium,old,before_change,1,1
745,2026-01-28 12:27:03,Germany,ios,referral,beginner,work,medium,old,before_change,0,0
746,2026-01-21 04:35:25,Germany,android,referral,elementary,exam,medium,old,before_change,1,0
747,2026-01-24 01:08:10,Italy,android,blog,elementary,self_development,high,old,before_change,0,0
748,2026-01-20 08:17:29,Italy,android,organic,elementary,self_development,high,old,before_change,1,1
749,2026-01-20 07:42:39,Italy,ios,instagram_ads,elementary,travel,high,old,before_change,0,0
750,2026-01-17 16:18:19,Germany,ios,organic,elementary,work,high,old,before_change,0,0
751,2026-01-31 08:12:34,Spain,android,organic,beginner,travel,medium,old,before_change,0,0
752,2026-01-17 12:17:44,Poland,android,instagram_ads,intermediate,travel,medium,old,before_change,0,0
753,2026-01-16 11:11:36,Poland,android,paid_search,intermediate,travel,high,old,before_change,0,0
754,2026-01-30 21:56:24,Germany,android,tiktok_ads,intermediate,exam,low,old,before_change,1,1
755,2026-01-24 10:26:43,Netherlands,ios,referral,intermediate,travel,high,old,before_change,0,0
756,2026-01-22 10:39:53,Germany,ios,organic,intermediate,self_development,high,old,before_change,1,0
757,2026-01-27 12:53:47,Brazil,ios,blog,beginner,self_development,medium,old,before_change,0,0
758,2026-01-21 12:23:40,Germany,android,organic,elementary,work,low,old,before_change,1,1
759,2026-01-17 04:11:31,Germany,ios,blog,elementary,work,low,old,before_change,0,0
760,2026-01-27 09:42:42,Germany,ios,tiktok_ads,elementary,exam,high,old,before_change,0,0
761,2026-01-17 23:48:28,Italy,android,organic,intermediate,travel,medium,old,before_change,1,1
762,2026-01-24 09:37:16,Poland,ios,paid_search,beginner,work,medium,old,before_change,1,0
763,2026-01-31 03:13:08,Italy,android,paid_search,beginner,travel,medium,old,before_change,0,0
764,2026-01-30 21:56:42,Brazil,ios,referral,beginner,travel,medium,old,before_change,0,0
765,2026-01-21 03:11:58,Spain,ios,organic,beginner,work,high,old,before_change,0,0
766,2026-01-28 06:21:46,Spain,ios,referral,beginner,travel,low,old,before_change,1,1
767,2026-01-25 09:58:18,Netherlands,android,paid_search,beginner,work,medium,old,before_change,1,0
768,2026-01-23 03:34:58,Spain,android,blog,beginner,exam,medium,old,before_change,0,0
769,2026-01-17 09:05:26,Poland,android,paid_search,beginner,exam,medium,old,before_change,1,0
770,2026-01-21 09:33:16,Poland,android,tiktok_ads,elementary,work,medium,old,before_change,1,0
771,2026-01-26 01:58:57,Poland,ios,referral,elementary,travel,low,old,before_change,1,0
772,2026-01-31 18:32:44,Germany,android,organic,beginner,travel,high,old,before_change,1,0
773,2026-01-15 01:59:43,Brazil,ios,organic,intermediate,work,high,old,before_change,0,0
774,2026-01-27 04:50:46,Germany,android,instagram_ads,beginner,work,medium,old,before_change,0,0
775,2026-01-29 09:18:19,Germany,android,tiktok_ads,elementary,self_development,high,old,before_change,0,0
776,2026-01-31 04:05:14,Poland,ios,referral,intermediate,travel,high,old,before_change,1,0
777,2026-01-22 04:54:42,Brazil,android,paid_search,intermediate,self_development,high,old,before_change,0,0
778,2026-01-17 00:20:21,Poland,android,referral,elementary,travel,low,old,before_change,1,0
779,2026-01-19 14:33:16,Germany,ios,blog,beginner,work,low,old,before_change,0,0
780,2026-01-29 11:01:03,Italy,ios,referral,intermediate,self_development,medium,old,before_change,0,0
781,2026-01-29 22:11:50,Italy,android,organic,elementary,self_development,low,old,before_change,0,0
782,2026-01-25 19:55:34,Brazil,android,organic,elementary,work,low,old,before_change,0,0
783,2026-01-17 02:04:41,Poland,ios,blog,beginner,travel,low,old,before_change,0,0
784,2026-01-17 01:44:38,Germany,android,tiktok_ads,intermediate,work,medium,old,before_change,1,0
785,2026-01-23 03:05:39,Poland,ios,instagram_ads,intermediate,self_development,high,old,before_change,0,0
786,2026-01-25 00:00:33,Poland,android,blog,elementary,travel,medium,old,before_change,0,0
787,2026-01-15 13:12:37,Poland,ios,organic,intermediate,travel,low,old,before_change,0,0
788,2026-01-26 15:55:38,Poland,android,tiktok_ads,beginner,work,low,old,before_change,0,0
789,2026-01-24 06:09:36,Brazil,android,tiktok_ads,beginner,exam,high,old,before_change,0,0
790,2026-01-15 05:01:10,Poland,android,referral,elementary,work,low,old,before_change,0,0
791,2026-01-16 15:02:11,Netherlands,android,referral,elementary,travel,high,old,before_change,0,0
792,2026-01-22 17:21:42,Germany,android,instagram_ads,elementary,self_development,medium,old,before_change,0,0
793,2026-01-27 06:48:53,Germany,ios,organic,beginner,self_development,low,old,before_change,0,0
794,2026-01-29 00:45:46,Poland,ios,blog,elementary,exam,medium,old,before_change,0,0
795,2026-01-22 07:58:15,Netherlands,android,tiktok_ads,beginner,travel,medium,old,before_change,1,0
796,2026-01-20 00:30:23,Brazil,ios,paid_search,elementary,travel,high,old,before_change,1,1
797,2026-01-31 11:04:14,Italy,android,blog,intermediate,exam,low,old,before_change,0,0
798,2026-01-22 19:05:15,Netherlands,ios,paid_search,beginner,self_development,high,old,before_change,1,0
799,2026-01-20 08:40:44,Spain,android,paid_search,intermediate,work,medium,old,before_change,1,0
800,2026-01-22 12:27:50,Spain,android,blog,beginner,travel,high,old,before_change,0,0
801,2026-01-15 04:56:00,Netherlands,android,tiktok_ads,elementary,self_development,high,old,before_change,0,0
802,2026-01-20 03:11:10,Poland,ios,referral,intermediate,work,high,old,before_change,0,0
803,2026-01-23 18:20:46,Brazil,android,referral,beginner,self_development,high,old,before_change,0,0
804,2026-01-30 14:43:27,Brazil,android,instagram_ads,beginner,work,high,old,before_change,0,0
805,2026-01-27 13:11:46,Poland,android,paid_search,intermediate,exam,high,old,before_change,1,0
806,2026-01-28 06:46:04,Poland,android,referral,beginner,travel,low,old,before_change,1,1
807,2026-01-24 06:19:11,Poland,ios,instagram_ads,beginner,travel,high,old,before_change,0,0
808,2026-01-16 21:07:12,Germany,ios,instagram_ads,beginner,self_development,medium,old,before_change,0,0
809,2026-01-21 15:29:52,Poland,ios,instagram_ads,beginner,exam,medium,old,before_change,1,0
810,2026-01-31 22:47:24,Brazil,android,organic,beginner,work,low,old,before_change,0,0
811,2026-01-15 18:01:18,Germany,android,organic,intermediate,work,medium,old,before_change,0,0
812,2026-01-29 22:42:48,Netherlands,ios,instagram_ads,elementary,travel,high,old,before_change,1,0
813,2026-01-26 15:16:27,Poland,android,referral,beginner,self_development,high,old,before_change,0,0
814,2026-01-19 19:50:04,Brazil,ios,instagram_ads,elementary,travel,high,old,before_change,0,0
815,2026-01-28 05:25:09,Poland,android,organic,beginner,work,medium,old,before_change,0,0
816,2026-01-29 05:27:13,Spain,android,paid_search,beginner,work,medium,old,before_change,0,0
817,2026-01-15 17:38:00,Germany,ios,tiktok_ads,intermediate,exam,low,old,before_change,0,0
818,2026-01-16 19:25:09,Spain,ios,organic,elementary,work,low,old,before_change,0,0
819,2026-01-26 07:37:33,Spain,android,instagram_ads,elementary,self_development,low,old,before_change,0,0
820,2026-01-31 23:38:05,Netherlands,android,tiktok_ads,elementary,self_development,high,old,before_change,0,0
821,2026-01-15 09:46:42,Poland,ios,paid_search,intermediate,self_development,medium,old,before_change,0,0
822,2026-01-26 07:35:57,Poland,android,instagram_ads,elementary,work,high,old,before_change,0,0
823,2026-01-17 07:42:07,Germany,android,referral,beginner,travel,low,old,before_change,1,1
824,2026-01-26 01:15:03,Spain,ios,organic,beginner,self_development,medium,old,before_change,1,1
825,2026-01-25 14:18:44,Germany,android,organic,beginner,travel,medium,old,before_change,0,0
826,2026-01-16 12:53:59,Netherlands,ios,organic,intermediate,self_development,medium,old,before_change,0,0
827,2026-01-26 13:44:13,Germany,android,tiktok_ads,elementary,travel,medium,old,before_change,0,0
828,2026-01-30 05:59:22,Brazil,android,blog,beginner,self_development,medium,old,before_change,0,0
829,2026-01-29 16:17:06,Poland,ios,tiktok_ads,beginner,self_development,low,old,before_change,1,0
830,2026-01-15 11:49:54,Netherlands,android,blog,intermediate,exam,medium,old,before_change,0,0
831,2026-01-19 04:20:02,Spain,ios,tiktok_ads,beginner,self_development,low,old,before_change,0,0
832,2026-01-19 02:15:28,Spain,android,paid_search,elementary,travel,medium,old,before_change,0,0
833,2026-01-22 16:56:35,Netherlands,android,paid_search,intermediate,work,high,old,before_change,0,0
834,2026-01-17 10:21:10,Brazil,ios,tiktok_ads,intermediate,work,medium,old,before_change,0,0
835,2026-01-29 12:34:24,Germany,android,tiktok_ads,beginner,self_development,high,old,before_change,1,0
836,2026-01-28 04:55:16,Poland,ios,instagram_ads,elementary,work,medium,old,before_change,0,0
837,2026-01-28 17:48:24,Brazil,android,instagram_ads,beginner,travel,high,old,before_change,0,0
838,2026-01-18 08:52:02,Brazil,android,paid_search,intermediate,travel,low,old,before_change,0,0
839,2026-01-15 05:56:44,Germany,android,paid_search,beginner,self_development,medium,old,before_change,1,0
840,2026-01-30 11:32:25,Spain,android,tiktok_ads,elementary,self_development,high,old,before_change,0,0
841,2026-01-19 21:52:28,Spain,android,tiktok_ads,elementary,self_development,medium,old,before_change,0,0
842,2026-01-26 03:45:27,Germany,ios,referral,intermediate,travel,low,old,before_change,1,0
843,2026-01-30 11:03:00,Brazil,ios,paid_search,beginner,exam,high,old,before_change,0,0
844,2026-01-15 14:45:15,Brazil,android,referral,beginner,work,medium,old,before_change,0,0
845,2026-01-15 02:13:59,Italy,ios,paid_search,intermediate,exam,low,old,before_change,0,0
846,2026-01-15 02:12:55,Italy,ios,paid_search,beginner,self_development,high,old,before_change,0,0
847,2026-01-17 15:46:51,Germany,ios,referral,beginner,travel,low,old,before_change,0,0
848,2026-01-15 21:04:35,Germany,android,blog,beginner,work,low,old,before_change,0,0
849,2026-01-28 22:33:07,Poland,android,blog,intermediate,work,medium,old,before_change,0,0
850,2026-01-25 07:13:02,Italy,ios,organic,elementary,work,medium,old,before_change,0,0
851,2026-01-31 15:51:32,Poland,ios,paid_search,elementary,travel,low,old,before_change,0,0
852,2026-01-28 15:00:16,Germany,android,tiktok_ads,intermediate,work,high,old,before_change,0,0
853,2026-01-31 08:58:50,Germany,ios,referral,intermediate,travel,high,old,before_change,0,0
854,2026-01-19 01:19:46,Germany,android,instagram_ads,beginner,travel,high,old,before_change,0,0
855,2026-01-19 21:25:20,Poland,android,organic,beginner,work,medium,old,before_change,0,0
856,2026-01-29 10:33:31,Netherlands,android,instagram_ads,elementary,exam,medium,old,before_change,0,0
857,2026-01-19 03:54:43,Brazil,ios,organic,elementary,self_development,low,old,before_change,1,0
858,2026-01-15 23:21:02,Brazil,android,paid_search,beginner,work,high,old,before_change,1,0
859,2026-01-26 09:00:18,Germany,android,tiktok_ads,intermediate,exam,medium,old,before_change,1,1
860,2026-01-28 14:47:35,Netherlands,ios,organic,beginner,self_development,medium,old,before_change,1,0
861,2026-01-31 11:01:26,Germany,android,tiktok_ads,beginner,work,high,old,before_change,1,0
862,2026-01-30 18:32:25,Netherlands,ios,instagram_ads,elementary,self_development,low,old,before_change,0,0
863,2026-01-17 01:03:14,Poland,android,paid_search,intermediate,self_development,high,old,before_change,1,1
864,2026-01-28 03:01:12,Netherlands,android,paid_search,beginner,self_development,high,old,before_change,0,0
865,2026-01-29 09:13:12,Spain,ios,blog,beginner,travel,high,old,before_change,0,0
866,2026-01-26 20:49:59,Poland,android,instagram_ads,elementary,travel,low,old,before_change,0,0
867,2026-01-28 22:28:41,Poland,ios,referral,intermediate,travel,medium,old,before_change,1,1
868,2026-01-29 05:53:45,Germany,ios,paid_search,beginner,exam,low,old,before_change,0,0
869,2026-01-22 14:11:32,Germany,android,instagram_ads,beginner,exam,medium,old,before_change,0,0
870,2026-01-15 16:22:54,Netherlands,ios,blog,intermediate,travel,low,old,before_change,1,1
871,2026-01-22 18:07:38,Spain,android,organic,elementary,work,medium,old,before_change,0,0
872,2026-01-18 10:19:37,Germany,ios,paid_search,beginner,work,low,old,before_change,0,0
873,2026-01-16 22:24:05,Germany,android,blog,beginner,exam,low,old,before_change,0,0
874,2026-01-17 02:58:07,Germany,android,paid_search,elementary,travel,medium,old,before_change,1,1
875,2026-01-26 20:31:42,Brazil,android,paid_search,elementary,travel,high,old,before_change,0,0
876,2026-01-23 13:50:55,Netherlands,android,blog,beginner,work,low,old,before_change,1,1
877,2026-01-24 04:15:15,Germany,android,organic,beginner,travel,medium,old,before_change,1,0
878,2026-01-27 16:02:12,Poland,android,instagram_ads,intermediate,exam,medium,old,before_change,0,0
879,2026-01-24 07:41:35,Spain,android,referral,elementary,work,medium,old,before_change,0,0
880,2026-01-25 17:02:41,Spain,ios,referral,elementary,work,medium,old,before_change,0,0
881,2026-01-16 11:05:52,Germany,ios,paid_search,beginner,self_development,medium,old,before_change,0,0
882,2026-01-29 11:15:41,Poland,ios,organic,beginner,travel,medium,old,before_change,0,0
883,2026-01-22 15:06:09,Italy,android,referral,intermediate,travel,medium,old,before_change,1,0
884,2026-01-17 15:19:36,Brazil,android,referral,elementary,self_development,low,old,before_change,0,0
885,2026-01-28 19:50:16,Germany,android,organic,beginner,exam,medium,old,before_change,0,0
886,2026-01-27 11:43:31,Germany,android,paid_search,elementary,travel,medium,old,before_change,1,1
887,2026-01-15 21:38:04,Germany,ios,instagram_ads,beginner,exam,high,old,before_change,1,1
888,2026-01-18 06:45:39,Poland,android,organic,beginner,work,medium,old,before_change,1,0
889,2026-01-15 06:25:32,Germany,ios,referral,beginner,exam,high,old,before_change,1,0
890,2026-01-19 14:28:10,Italy,ios,blog,intermediate,self_development,medium,old,before_change,0,0
891,2026-01-16 16:47:31,Netherlands,android,paid_search,elementary,travel,low,old,before_change,1,1
892,2026-01-27 01:38:28,Brazil,ios,blog,elementary,exam,high,old,before_change,0,0
893,2026-01-23 21:12:06,Poland,android,referral,beginner,work,medium,old,before_change,0,0
894,2026-01-31 15:55:24,Germany,android,tiktok_ads,intermediate,work,high,old,before_change,0,0
895,2026-01-27 17:45:54,Poland,android,blog,beginner,work,low,old,before_change,0,0
896,2026-01-25 09:30:35,Germany,ios,paid_search,beginner,self_development,high,old,before_change,0,0
897,2026-01-23 15:47:59,Poland,ios,blog,intermediate,work,low,old,before_change,0,0
898,2026-01-15 22:14:10,Brazil,ios,organic,intermediate,self_development,medium,old,before_change,0,0
899,2026-01-16 04:38:31,Germany,android,instagram_ads,beginner,travel,low,old,before_change,0,0
900,2026-01-25 11:27:14,Poland,ios,instagram_ads,beginner,work,medium,old,before_change,0,0
901,2026-01-15 01:47:12,Germany,ios,organic,elementary,self_development,medium,old,before_change,0,0
902,2026-01-15 17:16:44,Germany,android,tiktok_ads,beginner,travel,medium,old,before_change,0,0
903,2026-01-18 17:24:26,Poland,android,instagram_ads,elementary,self_development,medium,old,before_change,0,0
904,2026-01-30 00:43:53,Brazil,android,instagram_ads,elementary,exam,high,old,before_change,0,0
905,2026-01-22 19:14:36,Italy,ios,instagram_ads,elementary,self_development,low,old,before_change,0,0
906,2026-01-27 01:30:28,Netherlands,android,organic,beginner,travel,medium,old,before_change,0,0
907,2026-01-21 23:55:02,Netherlands,ios,organic,intermediate,work,medium,old,before_change,0,0
908,2026-01-17 22:38:10,Spain,ios,organic,intermediate,work,high,old,before_change,0,0
909,2026-01-21 07:25:54,Germany,ios,blog,elementary,self_development,medium,old,before_change,0,0
910,2026-01-16 13:25:19,Italy,android,referral,beginner,travel,high,old,before_change,0,0
911,2026-01-28 02:15:47,Germany,android,instagram_ads,intermediate,exam,high,old,before_change,0,0
912,2026-01-18 02:52:53,Brazil,ios,tiktok_ads,beginner,exam,medium,old,before_change,0,0
913,2026-01-21 09:33:42,Germany,android,tiktok_ads,beginner,self_development,high,old,before_change,1,0
914,2026-01-31 15:51:03,Germany,android,paid_search,beginner,self_development,medium,old,before_change,0,0
915,2026-01-25 01:31:15,Netherlands,ios,organic,beginner,self_development,medium,old,before_change,1,0
916,2026-01-22 19:05:33,Poland,android,instagram_ads,beginner,travel,medium,old,before_change,1,0
917,2026-01-24 05:32:57,Poland,ios,paid_search,elementary,self_development,medium,old,before_change,1,0
918,2026-01-28 07:54:18,Poland,ios,referral,beginner,work,medium,old,before_change,1,1
919,2026-01-19 07:49:42,Spain,android,organic,beginner,exam,medium,old,before_change,0,0
920,2026-01-25 19:39:16,Brazil,ios,instagram_ads,intermediate,travel,low,old,before_change,0,0
921,2026-01-29 20:03:29,Germany,android,paid_search,beginner,self_development,medium,old,before_change,0,0
922,2026-01-24 17:32:40,Poland,ios,tiktok_ads,elementary,work,medium,old,before_change,0,0
923,2026-01-22 14:11:18,Spain,android,blog,intermediate,self_development,low,old,before_change,0,0
924,2026-01-17 11:12:47,Brazil,android,paid_search,beginner,work,high,old,before_change,0,0
925,2026-01-19 05:18:07,Germany,android,organic,beginner,exam,medium,old,before_change,0,0
926,2026-01-31 01:58:40,Poland,android,tiktok_ads,beginner,travel,high,old,before_change,0,0
927,2026-01-24 04:50:02,Poland,android,organic,elementary,travel,medium,old,before_change,1,1
928,2026-01-20 02:56:52,Poland,ios,organic,beginner,self_development,high,old,before_change,1,1
929,2026-01-22 02:41:39,Germany,ios,tiktok_ads,intermediate,exam,low,old,before_change,0,0
930,2026-01-24 19:49:51,Italy,android,organic,elementary,travel,high,old,before_change,0,0
931,2026-01-24 03:19:09,Germany,android,organic,elementary,work,high,old,before_change,0,0
932,2026-01-26 21:30:30,Spain,ios,paid_search,intermediate,self_development,high,old,before_change,1,1
933,2026-01-19 09:03:25,Germany,android,instagram_ads,beginner,work,medium,old,before_change,0,0
934,2026-01-26 00:53:13,Germany,ios,blog,elementary,work,high,old,before_change,1,1
935,2026-01-22 12:36:44,Brazil,ios,paid_search,elementary,self_development,medium,old,before_change,0,0
936,2026-01-30 23:45:45,Germany,android,paid_search,elementary,travel,high,old,before_change,0,0
937,2026-01-17 16:25:56,Spain,android,tiktok_ads,elementary,exam,high,old,before_change,0,0
938,2026-01-17 12:33:47,Netherlands,android,referral,beginner,work,low,old,before_change,0,0
939,2026-01-22 20:21:23,Poland,ios,paid_search,intermediate,exam,medium,old,before_change,0,0
940,2026-01-23 15:24:28,Netherlands,ios,tiktok_ads,elementary,travel,medium,old,before_change,0,0
941,2026-01-26 17:52:37,Netherlands,android,instagram_ads,elementary,travel,low,old,before_change,0,0
942,2026-01-21 20:50:45,Germany,ios,paid_search,intermediate,self_development,low,old,before_change,0,0
943,2026-01-30 12:47:45,Poland,android,organic,elementary,self_development,low,old,before_change,0,0
944,2026-01-23 01:27:39,Germany,ios,tiktok_ads,intermediate,self_development,high,old,before_change,0,0
945,2026-01-17 04:46:09,Germany,ios,paid_search,beginner,self_development,high,old,before_change,0,0
946,2026-01-17 00:38:26,Germany,ios,paid_search,beginner,travel,low,old,before_change,0,0
947,2026-01-31 13:08:58,Netherlands,ios,instagram_ads,beginner,exam,medium,old,before_change,0,0
948,2026-01-17 06:42:38,Spain,ios,organic,beginner,work,medium,old,before_change,0,0
949,2026-01-31 02:43:23,Netherlands,android,organic,elementary,work,medium,old,before_change,0,0
950,2026-01-19 17:27:17,Spain,android,paid_search,beginner,travel,medium,old,before_change,1,1
951,2026-01-16 14:06:39,Brazil,ios,referral,elementary,travel,medium,old,before_change,0,0
952,2026-01-20 04:19:10,Brazil,android,referral,intermediate,travel,high,old,before_change,0,0
953,2026-01-25 10:47:48,Germany,ios,paid_search,elementary,travel,high,old,before_change,1,0
954,2026-01-22 06:35:04,Spain,ios,paid_search,beginner,exam,high,old,before_change,0,0
955,2026-01-28 08:31:00,Netherlands,android,blog,intermediate,self_development,low,old,before_change,0,0
956,2026-01-25 09:16:58,Brazil,android,tiktok_ads,elementary,work,medium,old,before_change,0,0
957,2026-01-21 19:31:11,Germany,android,tiktok_ads,intermediate,travel,low,old,before_change,0,0
958,2026-01-25 18:55:43,Netherlands,ios,organic,beginner,travel,medium,old,before_change,1,0
959,2026-01-31 12:21:24,Spain,ios,organic,elementary,exam,low,old,before_change,0,0
960,2026-01-22 00:01:07,Germany,android,paid_search,beginner,work,low,old,before_change,1,0
961,2026-01-17 14:36:18,Germany,android,referral,beginner,exam,medium,old,before_change,0,0
962,2026-01-21 22:47:00,Brazil,android,blog,beginner,travel,medium,old,before_change,0,0
963,2026-01-29 06:46:00,Spain,android,organic,elementary,self_development,medium,old,before_change,0,0
964,2026-01-18 16:47:32,Netherlands,ios,tiktok_ads,beginner,exam,high,old,before_change,1,0
965,2026-01-31 03:15:00,Germany,android,referral,beginner,travel,high,old,before_change,0,0
966,2026-01-25 00:01:44,Poland,android,referral,elementary,self_development,medium,old,before_change,0,0
967,2026-01-25 05:26:30,Spain,ios,instagram_ads,beginner,work,low,old,before_change,0,0
968,2026-01-20 09:21:09,Netherlands,ios,paid_search,beginner,travel,high,old,before_change,0,0
969,2026-01-30 15:32:47,Poland,android,blog,intermediate,work,medium,old,before_change,0,0
970,2026-01-15 14:42:44,Spain,ios,paid_search,intermediate,work,low,old,before_change,0,0
971,2026-01-20 01:51:28,Germany,android,paid_search,intermediate,self_development,high,old,before_change,0,0
972,2026-01-22 02:42:25,Brazil,android,organic,elementary,travel,low,old,before_change,0,0
973,2026-01-23 02:43:42,Italy,android,instagram_ads,beginner,self_development,high,old,before_change,0,0
974,2026-01-23 01:26:46,Italy,android,organic,beginner,exam,high,old,before_change,0,0
975,2026-01-17 12:21:11,Germany,android,instagram_ads,elementary,exam,high,old,before_change,0,0
976,2026-01-18 20:02:30,Poland,android,blog,intermediate,travel,high,old,before_change,1,1
977,2026-01-16 14:51:31,Spain,android,instagram_ads,beginner,travel,high,old,before_change,1,0
978,2026-01-24 17:33:46,Germany,ios,blog,beginner,self_development,medium,old,before_change,0,0
979,2026-01-20 23:09:15,Netherlands,android,blog,elementary,work,high,old,before_change,0,0
980,2026-01-24 14:50:05,Brazil,ios,referral,elementary,self_development,low,old,before_change,0,0
981,2026-01-25 00:36:12,Brazil,ios,instagram_ads,beginner,work,medium,old,before_change,0,0
982,2026-01-26 22:25:00,Poland,android,referral,intermediate,work,medium,old,before_change,0,0
983,2026-01-24 07:11:25,Spain,ios,instagram_ads,elementary,self_development,medium,old,before_change,0,0
984,2026-01-26 00:21:46,Netherlands,ios,organic,intermediate,exam,high,old,before_change,0,0
985,2026-01-24 23:33:26,Spain,ios,blog,beginner,work,medium,old,before_change,0,0
986,2026-01-26 02:11:33,Germany,android,instagram_ads,beginner,self_development,high,old,before_change,1,0
987,2026-01-25 11:35:26,Spain,android,blog,beginner,travel,low,old,before_change,0,0
988,2026-01-20 09:00:55,Italy,ios,paid_search,beginner,work,medium,old,before_change,1,1
989,2026-01-19 04:29:02,Brazil,android,paid_search,beginner,travel,high,old,before_change,0,0
990,2026-01-28 09:16:20,Germany,ios,tiktok_ads,beginner,self_development,medium,old,before_change,1,0
991,2026-01-20 19:49:20,Netherlands,android,tiktok_ads,beginner,self_development,high,old,before_change,0,0
992,2026-01-24 08:03:03,Italy,ios,paid_search,elementary,self_development,low,old,before_change,0,0
993,2026-01-18 08:21:54,Italy,android,referral,beginner,work,medium,old,before_change,0,0
994,2026-01-22 08:01:07,Brazil,android,instagram_ads,beginner,exam,medium,old,before_change,0,0
995,2026-01-24 00:06:10,Spain,android,organic,beginner,travel,high,old,before_change,0,0
996,2026-01-25 15:24:47,Netherlands,android,tiktok_ads,beginner,work,medium,old,before_change,0,0
997,2026-01-23 22:45:42,Poland,ios,organic,beginner,self_development,low,old,before_change,0,0
998,2026-01-21 03:08:53,Poland,android,instagram_ads,intermediate,travel,medium,old,before_change,0,0
999,2026-01-31 08:24:09,Poland,android,organic,elementary,travel,medium,old,before_change,0,0
1000,2026-01-23 17:11:51,Brazil,android,organic,intermediate,exam,high,old,before_change,0,0
1001,2026-01-28 17:47:11,Germany,ios,blog,beginner,self_development,low,old,before_change,0,0
1002,2026-01-27 12:34:33,Brazil,ios,organic,elementary,work,medium,old,before_change,0,0
1003,2026-01-24 11:47:36,Germany,ios,tiktok_ads,beginner,exam,medium,old,before_change,1,0
1004,2026-01-30 01:39:08,Germany,ios,tiktok_ads,beginner,self_development,high,old,before_change,0,0
1005,2026-01-17 04:19:59,Brazil,android,organic,intermediate,travel,high,old,before_change,0,0
1006,2026-01-30 15:47:28,Netherlands,android,blog,intermediate,self_development,medium,old,before_change,0,0
1007,2026-01-29 10:53:31,Poland,ios,organic,elementary,work,low,old,before_change,1,0
1008,2026-01-23 13:28:56,Poland,android,instagram_ads,beginner,work,medium,old,before_change,1,1
1009,2026-01-27 11:13:26,Poland,android,referral,elementary,travel,high,old,before_change,0,0
1010,2026-01-23 20:16:20,Poland,ios,tiktok_ads,elementary,work,medium,old,before_change,1,1
1011,2026-01-19 13:39:21,Poland,ios,paid_search,elementary,self_development,medium,old,before_change,1,1
1012,2026-01-28 14:20:49,Germany,android,referral,elementary,work,high,old,before_change,1,1
1013,2026-01-19 04:20:10,Netherlands,ios,blog,elementary,travel,medium,old,before_change,0,0
1014,2026-01-20 08:17:45,Germany,android,instagram_ads,beginner,travel,high,old,before_change,1,0
1015,2026-01-23 19:52:15,Germany,ios,tiktok_ads,elementary,self_development,medium,old,before_change,0,0
1016,2026-01-29 05:39:07,Germany,ios,paid_search,beginner,work,medium,old,before_change,1,1
1017,2026-01-21 12:38:30,Poland,android,paid_search,elementary,travel,high,old,before_change,1,1
1018,2026-01-23 09:36:35,Poland,android,instagram_ads,elementary,self_development,medium,old,before_change,0,0
1019,2026-01-15 16:59:58,Italy,android,organic,beginner,travel,high,old,before_change,0,0
1020,2026-01-16 23:16:10,Italy,ios,tiktok_ads,beginner,self_development,low,old,before_change,0,0
1021,2026-01-15 22:49:35,Italy,android,organic,elementary,travel,high,old,before_change,1,0
1022,2026-01-16 05:24:00,Germany,android,organic,elementary,travel,high,old,before_change,0,0
1023,2026-01-29 18:21:22,Poland,android,paid_search,beginner,work,high,old,before_change,1,0
1024,2026-01-29 07:31:59,Poland,android,organic,beginner,self_development,medium,old,before_change,0,0
1025,2026-01-28 23:19:46,Poland,android,instagram_ads,beginner,exam,high,old,before_change,0,0
1026,2026-01-15 22:40:18,Germany,android,instagram_ads,beginner,travel,medium,old,before_change,0,0
1027,2026-01-16 07:40:44,Germany,android,organic,elementary,self_development,low,old,before_change,0,0
1028,2026-01-19 18:29:22,Italy,android,organic,beginner,self_development,high,old,before_change,1,1
1029,2026-01-24 14:38:25,Germany,android,organic,beginner,work,high,old,before_change,0,0
1030,2026-01-20 16:19:30,Spain,android,instagram_ads,beginner,work,high,old,before_change,0,0
1031,2026-01-23 06:55:28,Brazil,android,paid_search,beginner,work,medium,old,before_change,0,0
1032,2026-01-17 22:34:54,Germany,ios,tiktok_ads,beginner,travel,medium,old,before_change,0,0
1033,2026-01-27 10:09:26,Germany,ios,instagram_ads,intermediate,self_development,low,old,before_change,0,0
1034,2026-01-20 08:04:06,Italy,ios,paid_search,elementary,exam,medium,old,before_change,0,0
1035,2026-01-16 03:08:55,Poland,android,organic,elementary,self_development,medium,old,before_change,0,0
1036,2026-01-27 15:01:06,Italy,ios,paid_search,beginner,self_development,high,old,before_change,1,0
1037,2026-01-30 08:20:15,Spain,ios,paid_search,intermediate,self_development,low,old,before_change,0,0
1038,2026-01-15 05:59:26,Germany,android,paid_search,elementary,self_development,high,old,before_change,1,1
1039,2026-01-22 10:09:45,Spain,ios,blog,beginner,self_development,medium,old,before_change,0,0
1040,2026-01-29 01:29:12,Brazil,android,organic,elementary,exam,low,old,before_change,1,1
1041,2026-01-27 00:06:54,Germany,android,paid_search,beginner,self_development,high,old,before_change,1,1
1042,2026-01-29 13:28:17,Poland,ios,referral,intermediate,self_development,high,old,before_change,0,0
1043,2026-01-22 01:24:20,Italy,ios,blog,beginner,travel,high,old,before_change,0,0
1044,2026-01-21 07:52:57,Brazil,android,instagram_ads,intermediate,work,low,old,before_change,0,0
1045,2026-01-27 01:20:37,Spain,android,instagram_ads,intermediate,exam,medium,old,before_change,0,0
1046,2026-01-17 14:40:26,Spain,android,organic,elementary,travel,medium,old,before_change,0,0
1047,2026-01-19 01:41:02,Germany,ios,referral,intermediate,work,medium,old,before_change,0,0
1048,2026-01-25 05:08:34,Germany,android,instagram_ads,beginner,travel,medium,old,before_change,0,0
1049,2026-01-26 08:43:46,Brazil,android,instagram_ads,elementary,travel,medium,old,before_change,1,0
1050,2026-01-17 00:49:35,Spain,android,paid_search,beginner,work,medium,old,before_change,0,0
1051,2026-01-23 15:23:26,Brazil,android,paid_search,beginner,travel,low,old,before_change,0,0
1052,2026-01-21 04:53:13,Poland,android,tiktok_ads,beginner,self_development,high,old,before_change,1,0
1053,2026-01-23 12:42:42,Germany,android,organic,elementary,exam,high,old,before_change,0,0
1054,2026-01-31 07:02:20,Germany,ios,instagram_ads,elementary,travel,medium,old,before_change,0,0
1055,2026-01-16 07:15:25,Germany,android,organic,beginner,travel,high,old,before_change,0,0
1056,2026-01-31 22:08:58,Germany,android,referral,beginner,travel,medium,old,before_change,0,0
1057,2026-01-22 15:25:41,Brazil,android,organic,beginner,work,low,old,before_change,1,0
1058,2026-01-28 03:01:07,Poland,android,blog,elementary,self_development,medium,old,before_change,0,0
1059,2026-01-22 05:11:02,Italy,ios,instagram_ads,beginner,exam,high,old,before_change,0,0
1060,2026-01-20 06:52:20,Netherlands,android,instagram_ads,beginner,travel,low,old,before_change,0,0
1061,2026-01-28 02:24:16,Spain,ios,paid_search,intermediate,work,medium,old,before_change,0,0
1062,2026-01-26 16:34:02,Germany,android,instagram_ads,intermediate,self_development,high,old,before_change,0,0
1063,2026-01-17 10:46:32,Spain,ios,paid_search,elementary,self_development,medium,old,before_change,0,0
1064,2026-01-26 23:48:20,Spain,ios,paid_search,beginner,exam,high,old,before_change,1,1
1065,2026-01-27 19:15:20,Poland,android,organic,elementary,travel,high,old,before_change,0,0
1066,2026-01-21 14:14:21,Brazil,ios,paid_search,elementary,travel,high,old,before_change,0,0
1067,2026-01-30 17:39:54,Germany,android,referral,beginner,work,medium,old,before_change,1,0
1068,2026-01-25 21:28:57,Spain,ios,organic,intermediate,work,medium,old,before_change,0,0
1069,2026-01-20 16:07:13,Germany,ios,referral,beginner,exam,medium,old,before_change,0,0
1070,2026-01-15 04:22:36,Italy,ios,referral,beginner,travel,medium,old,before_change,0,0
1071,2026-01-26 11:23:01,Germany,ios,tiktok_ads,elementary,self_development,low,old,before_change,0,0
1072,2026-01-18 13:17:43,Germany,android,organic,intermediate,exam,low,old,before_change,0,0
1073,2026-01-27 20:39:46,Germany,ios,instagram_ads,elementary,self_development,high,old,before_change,0,0
1074,2026-01-23 22:14:09,Poland,android,referral,beginner,self_development,high,old,before_change,1,1
1075,2026-01-22 22:25:28,Brazil,android,paid_search,elementary,work,medium,old,before_change,1,0
1076,2026-01-17 18:48:37,Netherlands,ios,paid_search,intermediate,exam,high,old,before_change,1,1
1077,2026-01-27 02:17:38,Spain,ios,paid_search,elementary,self_development,medium,old,before_change,0,0
1078,2026-01-17 19:41:24,Germany,ios,paid_search,beginner,travel,high,old,before_change,0,0
1079,2026-01-22 02:26:36,Poland,ios,organic,elementary,travel,medium,old,before_change,1,0
1080,2026-01-29 05:12:43,Germany,ios,organic,intermediate,travel,medium,old,before_change,0,0
1081,2026-01-30 15:30:33,Germany,android,tiktok_ads,beginner,work,low,old,before_change,0,0
1082,2026-01-31 19:33:58,Brazil,android,instagram_ads,elementary,exam,medium,old,before_change,0,0
1083,2026-01-31 06:52:07,Germany,android,organic,elementary,travel,medium,old,before_change,0,0
1084,2026-01-24 10:50:07,Germany,android,blog,elementary,work,medium,old,before_change,0,0
1085,2026-01-18 09:47:45,Poland,android,paid_search,beginner,exam,medium,old,before_change,0,0
1086,2026-01-29 06:20:25,Brazil,ios,organic,beginner,self_development,high,old,before_change,1,0
1087,2026-01-28 15:03:54,Germany,ios,organic,elementary,travel,low,old,before_change,1,0
1088,2026-01-31 20:03:04,Spain,android,paid_search,beginner,self_development,medium,old,before_change,1,0
1089,2026-01-26 01:35:12,Poland,ios,instagram_ads,beginner,self_development,medium,old,before_change,0,0
1090,2026-01-17 09:46:16,Germany,ios,organic,beginner,work,high,old,before_change,0,0
1091,2026-01-23 13:11:02,Germany,android,referral,beginner,work,high,old,before_change,1,0
1092,2026-01-22 14:53:03,Netherlands,ios,referral,elementary,travel,medium,old,before_change,1,1
1093,2026-01-29 07:55:20,Netherlands,ios,paid_search,intermediate,exam,medium,old,before_change,1,1
1094,2026-01-21 16:10:10,Italy,android,referral,beginner,self_development,medium,old,before_change,1,0
1095,2026-01-20 14:03:56,Spain,ios,instagram_ads,beginner,travel,low,old,before_change,0,0
1096,2026-01-16 08:39:36,Germany,ios,referral,beginner,self_development,low,old,before_change,1,1
1097,2026-01-29 04:51:58,Brazil,ios,paid_search,elementary,travel,medium,old,before_change,0,0
1098,2026-01-27 20:10:28,Netherlands,ios,instagram_ads,beginner,self_development,medium,old,before_change,1,0
1099,2026-01-15 16:49:15,Germany,android,organic,intermediate,work,medium,old,before_change,0,0
1100,2026-01-22 08:58:54,Brazil,android,organic,elementary,work,high,old,before_change,0,0
1101,2026-01-23 03:43:29,Germany,android,referral,beginner,self_development,high,old,before_change,0,0
1102,2026-01-22 23:29:07,Poland,ios,paid_search,beginner,exam,low,old,before_change,1,1
1103,2026-01-30 14:55:26,Poland,ios,paid_search,elementary,travel,medium,old,before_change,0,0
1104,2026-01-17 13:28:28,Spain,android,organic,beginner,self_development,low,old,before_change,0,0
1105,2026-01-20 04:59:18,Italy,ios,referral,beginner,travel,medium,old,before_change,1,1
1106,2026-01-18 01:49:05,Italy,ios,paid_search,beginner,self_development,high,old,before_change,0,0
1107,2026-01-19 03:35:11,Germany,android,organic,elementary,travel,high,old,before_change,1,1
1108,2026-01-30 10:05:53,Spain,android,instagram_ads,elementary,work,high,old,before_change,0,0
1109,2026-01-30 23:48:52,Netherlands,android,organic,intermediate,work,medium,old,before_change,0,0
1110,2026-01-15 18:13:00,Germany,android,paid_search,beginner,work,high,old,before_change,0,0
1111,2026-01-25 17:53:36,Spain,android,tiktok_ads,intermediate,work,low,old,before_change,0,0
1112,2026-01-18 23:00:13,Germany,android,blog,elementary,work,medium,old,before_change,0,0
1113,2026-01-18 06:33:53,Italy,android,tiktok_ads,elementary,exam,medium,old,before_change,0,0
1114,2026-01-19 23:09:36,Spain,ios,organic,elementary,travel,medium,old,before_change,1,0
1115,2026-01-18 07:18:35,Poland,ios,paid_search,intermediate,self_development,low,old,before_change,0,0
1116,2026-01-23 08:00:02,Spain,ios,referral,elementary,travel,high,old,before_change,0,0
1117,2026-01-31 22:12:32,Germany,android,paid_search,beginner,self_development,medium,old,before_change,0,0
1118,2026-01-24 23:16:10,Poland,android,tiktok_ads,beginner,exam,medium,old,before_change,1,0
1119,2026-01-27 07:04:59,Germany,android,instagram_ads,intermediate,self_development,low,old,before_change,0,0
1120,2026-01-23 09:15:44,Germany,ios,referral,beginner,travel,low,old,before_change,0,0
1121,2026-01-15 05:40:26,Spain,android,paid_search,intermediate,self_development,low,old,before_change,0,0
1122,2026-01-16 10:19:08,Netherlands,ios,blog,intermediate,exam,medium,old,before_change,1,1
1123,2026-01-19 13:42:00,Spain,ios,paid_search,beginner,self_development,low,old,before_change,1,1
1124,2026-01-19 03:24:58,Germany,android,tiktok_ads,intermediate,travel,medium,old,before_change,1,0
1125,2026-01-29 06:57:23,Spain,android,organic,beginner,self_development,medium,old,before_change,0,0
1126,2026-01-29 08:11:02,Germany,android,instagram_ads,beginner,exam,low,old,before_change,0,0
1127,2026-01-29 12:28:53,Germany,ios,paid_search,elementary,self_development,high,old,before_change,0,0
1128,2026-01-25 20:08:10,Brazil,ios,organic,intermediate,work,low,old,before_change,0,0
1129,2026-01-24 10:55:07,Germany,android,paid_search,beginner,travel,medium,old,before_change,1,1
1130,2026-01-26 00:51:10,Spain,ios,organic,beginner,self_development,low,old,before_change,0,0
1131,2026-01-21 21:58:37,Netherlands,android,blog,elementary,work,medium,old,before_change,0,0
1132,2026-01-26 09:26:34,Poland,ios,referral,elementary,exam,high,old,before_change,1,1
1133,2026-01-28 12:07:57,Germany,ios,tiktok_ads,elementary,work,medium,old,before_change,0,0
1134,2026-01-27 23:15:51,Spain,ios,instagram_ads,beginner,self_development,high,old,before_change,0,0
1135,2026-01-25 10:26:33,Germany,android,paid_search,beginner,work,high,old,before_change,1,0
1136,2026-01-15 23:42:29,Italy,android,paid_search,elementary,work,high,old,before_change,1,0
1137,2026-01-27 07:46:45,Germany,ios,organic,beginner,self_development,low,old,before_change,1,1
1138,2026-01-21 05:34:34,Germany,ios,instagram_ads,intermediate,travel,low,old,before_change,0,0
1139,2026-01-27 15:24:58,Brazil,android,referral,beginner,travel,medium,old,before_change,0,0
1140,2026-01-24 04:07:37,Germany,android,organic,elementary,self_development,high,old,before_change,0,0
1141,2026-01-29 23:31:25,Germany,ios,organic,intermediate,work,medium,old,before_change,1,1
1142,2026-01-20 18:05:24,Germany,ios,organic,elementary,travel,high,old,before_change,0,0
1143,2026-01-30 20:00:31,Netherlands,android,instagram_ads,elementary,work,high,old,before_change,0,0
1144,2026-01-29 08:32:50,Netherlands,android,organic,beginner,travel,low,old,before_change,1,1
1145,2026-01-20 15:05:29,Netherlands,ios,paid_search,beginner,self_development,high,old,before_change,1,0
1146,2026-01-23 04:53:22,Poland,ios,organic,elementary,self_development,high,old,before_change,0,0
1147,2026-01-24 00:47:23,Spain,ios,organic,intermediate,self_development,high,old,before_change,0,0
1148,2026-01-28 01:36:00,Italy,ios,tiktok_ads,elementary,self_development,low,old,before_change,0,0
1149,2026-01-26 17:10:34,Poland,ios,blog,beginner,self_development,medium,old,before_change,0,0
1150,2026-01-29 11:37:20,Poland,ios,organic,beginner,work,medium,old,before_change,1,1
1151,2026-01-21 06:54:21,Poland,ios,organic,intermediate,exam,high,old,before_change,1,0
1152,2026-01-23 13:57:17,Spain,ios,paid_search,elementary,self_development,medium,old,before_change,0,0
1153,2026-01-22 07:47:34,Spain,android,referral,beginner,exam,medium,old,before_change,0,0
1154,2026-01-30 11:05:50,Spain,android,instagram_ads,elementary,self_development,high,old,before_change,1,1
1155,2026-01-20 04:25:55,Germany,android,instagram_ads,beginner,self_development,high,old,before_change,0,0
1156,2026-01-24 23:32:47,Brazil,ios,instagram_ads,beginner,travel,medium,old,before_change,0,0
1157,2026-01-17 01:01:40,Germany,android,blog,intermediate,work,low,old,before_change,0,0
1158,2026-01-29 10:54:42,Germany,android,organic,elementary,travel,medium,old,before_change,0,0
1159,2026-01-21 12:45:39,Italy,android,organic,beginner,self_development,low,old,before_change,0,0
1160,2026-01-20 18:57:39,Netherlands,ios,paid_search,intermediate,self_development,medium,old,before_change,1,0
1161,2026-01-24 21:49:48,Brazil,ios,instagram_ads,intermediate,work,medium,old,before_change,0,0
1162,2026-01-23 11:31:02,Spain,android,organic,intermediate,travel,medium,old,before_change,0,0
1163,2026-01-29 09:58:27,Brazil,ios,referral,elementary,work,high,old,before_change,1,0
1164,2026-01-24 00:48:56,Italy,ios,tiktok_ads,intermediate,travel,medium,old,before_change,0,0
1165,2026-01-23 18:56:01,Netherlands,ios,blog,beginner,work,high,old,before_change,0,0
1166,2026-01-16 18:49:54,Netherlands,android,blog,intermediate,self_development,high,old,before_change,0,0
1167,2026-01-15 08:57:02,Brazil,android,instagram_ads,beginner,work,low,old,before_change,0,0
1168,2026-01-21 18:36:33,Spain,ios,referral,beginner,exam,low,old,before_change,0,0
1169,2026-01-31 23:16:05,Netherlands,android,tiktok_ads,beginner,self_development,low,old,before_change,1,1
1170,2026-01-30 14:16:25,Italy,android,paid_search,beginner,self_development,high,old,before_change,0,0
1171,2026-01-25 16:37:25,Spain,ios,tiktok_ads,elementary,travel,high,old,before_change,0,0
1172,2026-01-25 17:22:46,Spain,ios,blog,intermediate,travel,high,old,before_change,0,0
1173,2026-01-21 15:44:00,Spain,ios,tiktok_ads,beginner,travel,low,old,before_change,0,0
1174,2026-01-18 00:25:21,Spain,android,tiktok_ads,intermediate,travel,high,old,before_change,0,0
1175,2026-01-15 03:29:13,Italy,android,organic,elementary,travel,high,old,before_change,1,1
1176,2026-01-20 18:15:11,Poland,android,referral,beginner,work,medium,old,before_change,1,0
1177,2026-01-20 09:07:08,Spain,android,paid_search,elementary,exam,medium,old,before_change,1,0
1178,2026-01-18 06:10:26,Spain,ios,instagram_ads,beginner,travel,medium,old,before_change,0,0
1179,2026-01-19 09:44:24,Spain,android,tiktok_ads,beginner,exam,medium,old,before_change,0,0
1180,2026-01-15 10:07:40,Germany,android,instagram_ads,elementary,work,medium,old,before_change,0,0
1181,2026-01-25 08:02:51,Brazil,android,organic,intermediate,travel,low,old,before_change,0,0
1182,2026-01-30 18:24:13,Poland,android,tiktok_ads,beginner,travel,high,old,before_change,1,1
1183,2026-01-26 17:50:46,Netherlands,ios,organic,beginner,travel,high,old,before_change,0,0
1184,2026-01-22 14:52:06,Germany,ios,paid_search,elementary,work,medium,old,before_change,0,0
1185,2026-01-22 03:28:09,Poland,ios,organic,elementary,exam,medium,old,before_change,0,0
1186,2026-01-20 05:28:27,Poland,android,instagram_ads,intermediate,travel,medium,old,before_change,1,0
1187,2026-01-17 10:06:06,Germany,android,organic,elementary,travel,medium,old,before_change,1,0
1188,2026-01-25 04:10:43,Netherlands,android,paid_search,intermediate,travel,medium,old,before_change,0,0
1189,2026-01-24 15:08:30,Netherlands,ios,referral,elementary,travel,medium,old,before_change,1,0
1190,2026-01-15 02:59:03,Poland,ios,instagram_ads,beginner,exam,low,old,before_change,0,0
1191,2026-01-22 01:31:58,Germany,ios,referral,elementary,exam,high,old,before_change,0,0
1192,2026-01-19 17:25:58,Germany,android,instagram_ads,beginner,exam,low,old,before_change,0,0
1193,2026-01-17 21:28:29,Brazil,android,organic,elementary,exam,medium,old,before_change,0,0
1194,2026-01-26 22:50:15,Germany,android,tiktok_ads,beginner,travel,high,old,before_change,0,0
1195,2026-01-23 22:32:13,Spain,android,paid_search,beginner,travel,high,old,before_change,1,0
1196,2026-01-25 18:34:41,Poland,android,blog,intermediate,work,medium,old,before_change,0,0
1197,2026-01-27 03:06:01,Germany,ios,paid_search,intermediate,exam,medium,old,before_change,0,0
1198,2026-01-31 16:34:36,Brazil,ios,referral,beginner,self_development,medium,old,before_change,1,0
1199,2026-01-28 15:31:37,Italy,ios,instagram_ads,elementary,exam,medium,old,before_change,0,0
1200,2026-01-25 13:06:21,Brazil,ios,referral,intermediate,exam,high,old,before_change,1,1
1201,2026-01-29 22:38:26,Brazil,android,organic,beginner,self_development,medium,old,before_change,0,0
1202,2026-01-23 02:49:20,Brazil,ios,tiktok_ads,elementary,self_development,low,old,before_change,0,0
1203,2026-01-31 17:47:05,Germany,android,organic,beginner,self_development,medium,old,before_change,0,0
1204,2026-01-27 22:39:52,Germany,android,referral,intermediate,travel,medium,old,before_change,0,0
1205,2026-01-26 01:33:37,Netherlands,android,organic,beginner,travel,high,old,before_change,0,0
1206,2026-01-30 08:33:27,Spain,android,paid_search,elementary,work,medium,old,before_change,0,0
1207,2026-01-23 18:09:07,Spain,ios,tiktok_ads,beginner,work,medium,old,before_change,0,0
1208,2026-01-27 06:02:38,Germany,android,instagram_ads,beginner,work,low,old,before_change,0,0
1209,2026-01-19 20:10:12,Poland,ios,referral,intermediate,exam,medium,old,before_change,1,1
1210,2026-01-31 08:59:24,Germany,android,tiktok_ads,beginner,work,medium,old,before_change,0,0
1211,2026-01-25 14:20:02,Poland,android,organic,intermediate,work,high,old,before_change,1,0
1212,2026-01-28 07:03:29,Spain,ios,referral,beginner,travel,high,old,before_change,0,0
1213,2026-01-22 19:58:51,Netherlands,ios,paid_search,elementary,work,medium,old,before_change,0,0
1214,2026-01-29 17:39:17,Germany,android,instagram_ads,elementary,exam,medium,old,before_change,0,0
1215,2026-01-16 06:15:52,Germany,android,organic,beginner,travel,high,old,before_change,0,0
1216,2026-01-16 22:33:16,Brazil,android,paid_search,elementary,travel,low,old,before_change,0,0
1217,2026-01-23 14:54:12,Netherlands,ios,referral,elementary,work,low,old,before_change,0,0
1218,2026-01-27 10:49:28,Germany,android,blog,elementary,self_development,high,old,before_change,1,1
1219,2026-01-28 18:09:41,Spain,android,blog,elementary,travel,high,old,before_change,0,0
1220,2026-01-22 11:33:22,Brazil,ios,tiktok_ads,beginner,travel,medium,old,before_change,0,0
1221,2026-01-26 01:04:00,Germany,android,organic,beginner,travel,low,old,before_change,0,0
1222,2026-01-24 09:39:58,Brazil,android,paid_search,beginner,work,medium,old,before_change,0,0
1223,2026-01-31 08:18:04,Germany,android,organic,intermediate,exam,high,old,before_change,1,0
1224,2026-01-26 02:52:25,Brazil,ios,tiktok_ads,beginner,work,low,old,before_change,0,0
1225,2026-01-22 02:04:20,Germany,ios,organic,beginner,work,high,old,before_change,1,1
1226,2026-01-31 11:41:04,Brazil,android,blog,beginner,self_development,low,old,before_change,0,0
1227,2026-01-16 19:45:33,Spain,android,organic,elementary,work,low,old,before_change,0,0
1228,2026-01-31 17:42:28,Brazil,ios,organic,elementary,work,medium,old,before_change,0,0
1229,2026-01-17 14:50:14,Spain,android,referral,beginner,self_development,low,old,before_change,0,0
1230,2026-01-19 21:35:49,Italy,ios,organic,intermediate,work,medium,old,before_change,0,0
1231,2026-01-28 23:09:35,Brazil,android,organic,intermediate,travel,medium,old,before_change,0,0
1232,2026-01-27 11:22:17,Poland,ios,instagram_ads,intermediate,travel,low,old,before_change,0,0
1233,2026-01-31 11:54:16,Germany,ios,blog,elementary,self_development,medium,old,before_change,1,1
1234,2026-01-27 17:59:35,Spain,android,paid_search,beginner,self_development,low,old,before_change,0,0
1235,2026-01-25 19:53:58,Germany,ios,paid_search,beginner,travel,low,old,before_change,0,0
1236,2026-01-20 21:22:08,Spain,android,organic,beginner,exam,low,old,before_change,0,0
1237,2026-01-15 01:55:21,Netherlands,android,instagram_ads,elementary,travel,low,old,before_change,0,0
1238,2026-01-17 02:32:19,Poland,ios,paid_search,beginner,travel,low,old,before_change,0,0
1239,2026-01-20 01:29:35,Brazil,android,instagram_ads,elementary,self_development,high,old,before_change,0,0
1240,2026-01-15 16:42:22,Netherlands,android,instagram_ads,elementary,work,high,old,before_change,0,0
1241,2026-01-23 15:20:14,Germany,android,blog,elementary,travel,medium,old,before_change,0,0
1242,2026-01-28 05:09:21,Germany,android,tiktok_ads,beginner,work,high,old,before_change,0,0
1243,2026-01-31 09:00:28,Poland,ios,tiktok_ads,intermediate,self_development,low,old,before_change,0,0
1244,2026-01-23 07:47:50,Germany,ios,instagram_ads,beginner,self_development,high,old,before_change,0,0
1245,2026-01-29 21:00:07,Germany,ios,paid_search,elementary,exam,medium,old,before_change,1,1
1246,2026-01-31 18:06:01,Italy,android,paid_search,intermediate,self_development,medium,old,before_change,0,0
1247,2026-01-29 14:48:36,Italy,ios,instagram_ads,beginner,self_development,low,old,before_change,0,0
1248,2026-01-22 21:42:33,Netherlands,ios,organic,intermediate,self_development,high,old,before_change,0,0
1249,2026-01-20 12:42:22,Spain,android,organic,intermediate,exam,low,old,before_change,0,0
1250,2026-01-31 14:59:24,Poland,ios,paid_search,intermediate,work,high,old,before_change,0,0
1251,2026-01-19 02:41:59,Germany,android,organic,beginner,self_development,high,old,before_change,1,1
1252,2026-01-21 23:55:22,Spain,android,organic,beginner,work,high,old,before_change,0,0
1253,2026-01-16 06:12:15,Spain,ios,instagram_ads,beginner,work,low,old,before_change,0,0
1254,2026-01-28 11:49:20,Italy,ios,referral,elementary,self_development,high,old,before_change,0,0
1255,2026-01-26 01:08:00,Italy,ios,organic,beginner,self_development,high,old,before_change,0,0
1256,2026-01-16 10:36:22,Netherlands,android,referral,beginner,work,high,old,before_change,1,0
1257,2026-01-18 18:32:47,Germany,ios,organic,intermediate,work,medium,old,before_change,0,0
1258,2026-01-24 10:37:42,Brazil,android,blog,beginner,self_development,medium,old,before_change,0,0
1259,2026-01-24 04:29:17,Germany,android,instagram_ads,beginner,work,high,old,before_change,1,1
1260,2026-01-28 15:14:25,Italy,ios,instagram_ads,elementary,work,medium,old,before_change,1,1
1261,2026-01-19 12:34:03,Germany,android,tiktok_ads,beginner,travel,medium,old,before_change,1,0
1262,2026-01-30 17:16:41,Germany,android,instagram_ads,elementary,travel,medium,old,before_change,1,1
1263,2026-01-22 13:20:42,Poland,ios,paid_search,beginner,work,medium,old,before_change,0,0
1264,2026-01-28 23:36:50,Brazil,android,paid_search,elementary,work,low,old,before_change,0,0
1265,2026-01-19 01:15:34,Poland,ios,blog,beginner,self_development,medium,old,before_change,0,0
1266,2026-01-15 15:05:02,Germany,android,referral,elementary,travel,low,old,before_change,1,0
1267,2026-01-15 22:27:42,Poland,ios,instagram_ads,beginner,travel,high,old,before_change,1,0
1268,2026-01-21 08:03:45,Germany,android,referral,beginner,work,medium,old,before_change,0,0
1269,2026-01-31 04:53:11,Germany,android,organic,intermediate,travel,medium,old,before_change,0,0
1270,2026-01-15 19:52:08,Brazil,android,instagram_ads,intermediate,self_development,medium,old,before_change,1,0
1271,2026-01-21 06:32:35,Germany,android,instagram_ads,elementary,travel,high,old,before_change,0,0
1272,2026-01-16 20:35:13,Netherlands,ios,paid_search,intermediate,self_development,medium,old,before_change,0,0
1273,2026-01-30 20:04:42,Germany,android,blog,beginner,work,medium,old,before_change,0,0
1274,2026-01-26 11:31:28,Germany,ios,referral,elementary,self_development,medium,old,before_change,0,0
1275,2026-01-27 23:10:41,Poland,ios,blog,intermediate,work,high,old,before_change,0,0
1276,2026-01-27 03:00:33,Germany,ios,tiktok_ads,elementary,self_development,high,old,before_change,0,0
1277,2026-01-26 04:04:00,Netherlands,android,paid_search,beginner,work,medium,old,before_change,0,0
1278,2026-01-28 03:40:40,Poland,android,tiktok_ads,intermediate,exam,medium,old,before_change,1,0
1279,2026-01-15 03:18:53,Germany,ios,organic,beginner,travel,medium,old,before_change,0,0
1280,2026-01-29 17:06:22,Poland,android,referral,beginner,work,medium,old,before_change,0,0
1281,2026-01-27 13:51:53,Germany,android,organic,elementary,travel,medium,old,before_change,1,0
1282,2026-01-27 13:41:16,Spain,ios,referral,beginner,self_development,high,old,before_change,0,0
1283,2026-01-21 16:31:19,Germany,android,tiktok_ads,beginner,work,high,old,before_change,1,1
1284,2026-01-28 14:45:20,Poland,android,organic,beginner,exam,medium,old,before_change,0,0
1285,2026-01-21 11:46:54,Brazil,android,organic,beginner,travel,medium,old,before_change,0,0
1286,2026-01-15 19:58:37,Brazil,android,instagram_ads,elementary,travel,medium,old,before_change,0,0
1287,2026-01-30 10:23:22,Italy,android,paid_search,elementary,exam,high,old,before_change,0,0
1288,2026-01-18 23:41:25,Spain,ios,referral,elementary,work,low,old,before_change,0,0
1289,2026-01-16 17:34:30,Italy,android,organic,elementary,work,medium,old,before_change,1,1
1290,2026-01-25 13:44:03,Poland,ios,paid_search,beginner,self_development,high,old,before_change,1,1
1291,2026-01-18 23:19:49,Italy,ios,paid_search,beginner,travel,medium,old,before_change,0,0
1292,2026-01-29 14:06:54,Italy,ios,organic,intermediate,exam,high,old,before_change,1,0
1293,2026-01-22 13:03:00,Italy,android,paid_search,beginner,travel,high,old,before_change,1,0
1294,2026-01-15 01:50:09,Germany,ios,referral,beginner,exam,low,old,before_change,1,1
1295,2026-01-31 04:18:03,Poland,ios,tiktok_ads,intermediate,work,low,old,before_change,0,0
1296,2026-01-23 17:58:07,Poland,ios,blog,beginner,exam,medium,old,before_change,0,0
1297,2026-01-19 11:17:41,Netherlands,android,paid_search,elementary,self_development,medium,old,before_change,1,0
1298,2026-01-26 12:19:59,Germany,ios,organic,beginner,travel,medium,old,before_change,0,0
1299,2026-01-24 00:29:20,Italy,ios,organic,elementary,travel,medium,old,before_change,0,0
1300,2026-01-15 12:04:47,Germany,ios,instagram_ads,beginner,travel,medium,old,before_change,1,0
1301,2026-01-27 21:56:10,Brazil,android,organic,elementary,exam,medium,old,before_change,0,0
1302,2026-01-21 19:45:11,Brazil,ios,organic,elementary,travel,high,old,before_change,0,0
1303,2026-01-26 21:31:31,Germany,ios,instagram_ads,elementary,work,high,old,before_change,0,0
1304,2026-01-30 05:25:08,Poland,android,organic,beginner,work,medium,old,before_change,1,1
1305,2026-01-25 09:07:48,Germany,android,instagram_ads,beginner,work,medium,old,before_change,0,0
1306,2026-01-26 10:01:04,Netherlands,android,instagram_ads,intermediate,work,low,old,before_change,0,0
1307,2026-01-19 07:53:50,Poland,android,tiktok_ads,intermediate,self_development,high,old,before_change,0,0
1308,2026-01-19 00:57:52,Spain,android,paid_search,beginner,self_development,low,old,before_change,0,0
1309,2026-01-22 01:19:14,Poland,android,tiktok_ads,beginner,work,high,old,before_change,0,0
1310,2026-01-29 11:56:04,Germany,android,paid_search,elementary,self_development,high,old,before_change,1,0
1311,2026-01-23 21:52:14,Poland,android,organic,intermediate,self_development,low,old,before_change,1,0
1312,2026-01-20 21:59:48,Italy,android,paid_search,intermediate,travel,medium,old,before_change,0,0
1313,2026-01-28 06:04:52,Germany,android,organic,elementary,work,high,old,before_change,1,0
1314,2026-01-29 12:09:52,Netherlands,ios,instagram_ads,beginner,work,medium,old,before_change,0,0
1315,2026-01-30 08:14:01,Brazil,android,tiktok_ads,elementary,self_development,medium,old,before_change,0,0
1316,2026-01-20 01:58:08,Brazil,android,referral,intermediate,self_development,low,old,before_change,0,0
1317,2026-01-27 01:31:59,Poland,android,organic,beginner,exam,low,old,before_change,0,0
1318,2026-01-25 00:51:02,Brazil,ios,organic,elementary,exam,medium,old,before_change,1,1
1319,2026-01-22 15:10:49,Netherlands,ios,organic,beginner,exam,medium,old,before_change,0,0
1320,2026-01-21 17:57:05,Germany,android,blog,beginner,work,high,old,before_change,0,0
1321,2026-01-16 22:44:15,Spain,android,paid_search,intermediate,work,low,old,before_change,1,0
1322,2026-01-19 16:07:43,Poland,ios,paid_search,beginner,work,high,old,before_change,0,0
1323,2026-01-24 08:15:48,Germany,android,organic,elementary,self_development,high,old,before_change,1,0
1324,2026-01-30 01:42:55,Netherlands,ios,referral,beginner,exam,medium,old,before_change,1,0
1325,2026-01-29 17:28:02,Germany,android,paid_search,beginner,travel,medium,old,before_change,0,0
1326,2026-01-18 04:32:17,Poland,android,organic,elementary,travel,medium,old,before_change,1,1
1327,2026-01-26 13:09:49,Brazil,android,instagram_ads,beginner,work,medium,old,before_change,0,0
1328,2026-01-16 10:36:11,Spain,ios,tiktok_ads,elementary,exam,low,old,before_change,1,0
1329,2026-01-26 11:24:19,Germany,ios,instagram_ads,beginner,work,high,old,before_change,0,0
1330,2026-01-20 19:30:22,Spain,ios,blog,elementary,work,high,old,before_change,1,0
1331,2026-01-22 15:32:17,Italy,android,referral,intermediate,self_development,high,old,before_change,1,1
1332,2026-01-27 04:47:48,Brazil,android,instagram_ads,beginner,self_development,medium,old,before_change,0,0
1333,2026-01-22 05:21:16,Brazil,android,blog,beginner,work,low,old,before_change,0,0
1334,2026-01-28 17:25:55,Poland,android,referral,intermediate,exam,medium,old,before_change,0,0
1335,2026-01-24 01:42:03,Spain,ios,paid_search,beginner,work,medium,old,before_change,1,1
1336,2026-01-31 23:29:14,Spain,ios,referral,beginner,exam,medium,old,before_change,0,0
1337,2026-01-25 20:24:08,Spain,android,instagram_ads,intermediate,travel,medium,old,before_change,0,0
1338,2026-01-20 00:54:56,Germany,android,instagram_ads,beginner,work,high,old,before_change,0,0
1339,2026-01-28 04:19:02,Poland,ios,instagram_ads,elementary,exam,high,old,before_change,0,0
1340,2026-01-21 22:26:25,Poland,android,referral,beginner,work,high,old,before_change,0,0
1341,2026-01-24 01:56:26,Italy,android,blog,elementary,self_development,high,old,before_change,0,0
1342,2026-01-17 07:49:23,Italy,ios,paid_search,elementary,travel,high,old,before_change,0,0
1343,2026-01-17 00:41:31,Brazil,ios,tiktok_ads,elementary,travel,high,old,before_change,0,0
1344,2026-01-24 18:32:51,Spain,android,instagram_ads,elementary,self_development,medium,old,before_change,0,0
1345,2026-01-18 04:10:11,Netherlands,ios,referral,beginner,work,medium,old,before_change,0,0
1346,2026-01-31 23:00:45,Italy,ios,paid_search,beginner,travel,high,old,before_change,0,0
1347,2026-01-29 13:06:53,Poland,android,organic,intermediate,work,high,old,before_change,1,1
1348,2026-01-26 21:57:34,Brazil,android,organic,intermediate,travel,high,old,before_change,0,0
1349,2026-01-27 11:45:26,Netherlands,ios,organic,elementary,exam,medium,old,before_change,0,0
1350,2026-01-25 02:50:48,Poland,ios,organic,elementary,travel,medium,old,before_change,1,1
1351,2026-01-16 00:35:54,Italy,android,paid_search,elementary,self_development,medium,old,before_change,0,0
1352,2026-01-21 16:05:11,Poland,ios,organic,elementary,travel,medium,old,before_change,0,0
1353,2026-01-23 10:17:13,Spain,android,referral,elementary,work,high,old,before_change,0,0
1354,2026-01-30 13:26:30,Germany,android,paid_search,beginner,work,low,old,before_change,0,0
1355,2026-01-18 17:33:08,Brazil,ios,paid_search,beginner,travel,high,old,before_change,0,0
1356,2026-01-23 10:44:31,Spain,android,tiktok_ads,beginner,travel,medium,old,before_change,1,0
1357,2026-01-20 20:22:44,Italy,ios,paid_search,beginner,travel,medium,old,before_change,1,1
1358,2026-01-17 06:49:18,Brazil,android,tiktok_ads,elementary,travel,medium,old,before_change,0,0
1359,2026-01-16 18:01:52,Brazil,android,referral,beginner,self_development,medium,old,before_change,1,0
1360,2026-01-21 05:04:27,Spain,ios,paid_search,elementary,self_development,low,old,before_change,0,0
1361,2026-01-16 09:37:40,Netherlands,ios,instagram_ads,intermediate,work,medium,old,before_change,0,0
1362,2026-01-16 03:24:14,Brazil,android,paid_search,intermediate,work,low,old,before_change,0,0
1363,2026-01-20 23:09:15,Germany,android,paid_search,intermediate,exam,high,old,before_change,0,0
1364,2026-01-18 10:24:26,Poland,ios,instagram_ads,intermediate,travel,medium,old,before_change,0,0
1365,2026-01-24 10:21:44,Spain,ios,paid_search,beginner,work,high,old,before_change,1,0
1366,2026-01-15 07:12:31,Spain,ios,instagram_ads,elementary,self_development,medium,old,before_change,0,0
1367,2026-01-20 03:08:22,Germany,android,instagram_ads,elementary,travel,medium,old,before_change,0,0
1368,2026-01-22 16:56:17,Brazil,ios,organic,intermediate,travel,medium,old,before_change,1,0
1369,2026-01-31 08:57:46,Poland,ios,organic,elementary,travel,medium,old,before_change,0,0
1370,2026-01-25 18:53:32,Italy,ios,instagram_ads,beginner,work,medium,old,before_change,1,0
1371,2026-01-29 23:20:00,Germany,android,organic,intermediate,self_development,medium,old,before_change,1,1
1372,2026-01-20 20:03:47,Italy,android,tiktok_ads,elementary,work,medium,old,before_change,1,0
1373,2026-01-22 15:28:53,Poland,android,blog,beginner,work,low,old,before_change,0,0
1374,2026-01-22 03:30:56,Spain,android,tiktok_ads,elementary,work,high,old,before_change,1,1
1375,2026-01-30 02:03:25,Germany,android,paid_search,elementary,self_development,medium,old,before_change,0,0
1376,2026-01-31 07:21:26,Spain,ios,paid_search,elementary,work,low,old,before_change,0,0
1377,2026-01-31 08:37:56,Poland,ios,tiktok_ads,intermediate,work,high,old,before_change,0,0
1378,2026-01-27 18:48:03,Spain,ios,tiktok_ads,elementary,travel,medium,old,before_change,0,0
1379,2026-01-23 13:16:09,Brazil,ios,blog,intermediate,travel,high,old,before_change,0,0
1380,2026-01-24 04:40:10,Poland,android,instagram_ads,beginner,self_development,low,old,before_change,0,0
1381,2026-01-31 16:02:53,Poland,ios,organic,beginner,work,medium,old,before_change,1,1
1382,2026-01-19 20:05:33,Netherlands,android,paid_search,beginner,travel,low,old,before_change,0,0
1383,2026-01-20 21:27:24,Poland,ios,blog,elementary,self_development,medium,old,before_change,1,1
1384,2026-01-30 05:58:28,Germany,android,tiktok_ads,intermediate,self_development,medium,old,before_change,0,0
1385,2026-01-21 13:37:10,Poland,ios,referral,elementary,travel,medium,old,before_change,0,0
1386,2026-01-18 23:55:10,Germany,ios,tiktok_ads,beginner,work,low,old,before_change,0,0
1387,2026-01-24 12:40:17,Germany,ios,blog,elementary,self_development,medium,old,before_change,1,0
1388,2026-01-20 12:44:23,Italy,android,instagram_ads,intermediate,travel,high,old,before_change,0,0
1389,2026-01-30 03:28:34,Germany,android,blog,beginner,work,high,old,before_change,0,0
1390,2026-01-30 10:53:54,Germany,android,referral,beginner,work,medium,old,before_change,1,1
1391,2026-01-20 04:51:07,Netherlands,android,referral,elementary,self_development,high,old,before_change,1,0
1392,2026-01-24 00:03:11,Spain,android,blog,elementary,work,medium,old,before_change,0,0
1393,2026-01-31 17:28:07,Germany,android,instagram_ads,beginner,work,low,old,before_change,0,0
1394,2026-01-27 14:51:56,Netherlands,ios,tiktok_ads,beginner,exam,medium,old,before_change,0,0
1395,2026-01-18 15:58:33,Poland,ios,instagram_ads,elementary,self_development,high,old,before_change,0,0
1396,2026-01-25 01:01:25,Poland,ios,referral,beginner,travel,low,old,before_change,0,0
1397,2026-01-25 12:54:55,Germany,android,tiktok_ads,beginner,travel,medium,old,before_change,0,0
1398,2026-01-26 02:36:11,Brazil,android,tiktok_ads,beginner,exam,low,old,before_change,0,0
1399,2026-01-15 10:12:15,Poland,android,paid_search,beginner,work,high,old,before_change,1,0
1400,2026-01-20 02:08:54,Germany,android,referral,beginner,exam,high,old,before_change,0,0
1401,2026-01-29 12:40:56,Germany,ios,referral,elementary,travel,high,old,before_change,0,0
1402,2026-01-19 02:28:47,Germany,android,tiktok_ads,beginner,self_development,medium,old,before_change,1,0
1403,2026-01-20 02:16:32,Brazil,android,instagram_ads,elementary,work,low,old,before_change,0,0
1404,2026-01-20 11:34:36,Germany,android,referral,elementary,work,medium,old,before_change,1,1
1405,2026-01-18 00:22:27,Poland,ios,referral,beginner,travel,high,old,before_change,0,0
1406,2026-01-17 15:25:12,Italy,ios,instagram_ads,elementary,travel,high,old,before_change,0,0
1407,2026-01-20 21:34:56,Germany,ios,instagram_ads,beginner,work,medium,old,before_change,1,0
1408,2026-01-29 20:43:12,Netherlands,android,tiktok_ads,intermediate,work,high,old,before_change,0,0
1409,2026-01-15 00:37:34,Germany,android,tiktok_ads,elementary,self_development,high,old,before_change,0,0
1410,2026-01-19 19:33:53,Germany,ios,paid_search,beginner,exam,medium,old,before_change,0,0
1411,2026-01-16 00:44:08,Poland,android,paid_search,intermediate,work,high,old,before_change,0,0
1412,2026-01-24 13:05:15,Spain,android,referral,beginner,self_development,medium,old,before_change,1,0
1413,2026-01-19 06:14:43,Italy,android,blog,beginner,travel,medium,old,before_change,0,0
1414,2026-01-28 11:07:32,Brazil,android,paid_search,beginner,exam,medium,old,before_change,1,1
1415,2026-01-24 22:41:12,Germany,android,blog,elementary,work,high,old,before_change,0,0
1416,2026-01-28 07:48:00,Brazil,android,instagram_ads,elementary,travel,medium,old,before_change,1,0
1417,2026-01-25 19:02:32,Germany,android,organic,elementary,exam,high,old,before_change,1,1
1418,2026-01-22 10:51:41,Poland,ios,tiktok_ads,intermediate,self_development,low,old,before_change,0,0
1419,2026-01-29 15:16:28,Netherlands,ios,organic,intermediate,work,high,old,before_change,1,1
1420,2026-01-23 02:18:46,Spain,android,organic,beginner,exam,medium,old,before_change,0,0
1421,2026-01-31 03:34:23,Brazil,android,blog,intermediate,work,high,old,before_change,0,0
1422,2026-01-31 21:50:17,Netherlands,android,instagram_ads,beginner,work,high,old,before_change,0,0
1423,2026-01-25 00:19:14,Poland,android,paid_search,intermediate,travel,medium,old,before_change,0,0
1424,2026-01-26 11:14:08,Germany,android,instagram_ads,beginner,travel,medium,old,before_change,0,0
1425,2026-01-19 08:18:37,Germany,ios,instagram_ads,beginner,travel,high,old,before_change,1,1
1426,2026-01-28 20:22:20,Germany,ios,tiktok_ads,beginner,self_development,high,old,before_change,1,1
1427,2026-01-26 10:00:34,Spain,ios,paid_search,beginner,work,low,old,before_change,0,0
1428,2026-01-30 08:14:31,Brazil,ios,paid_search,intermediate,work,medium,old,before_change,0,0
1429,2026-01-19 12:56:21,Germany,ios,instagram_ads,beginner,travel,low,old,before_change,0,0
1430,2026-01-28 09:20:11,Spain,android,instagram_ads,beginner,travel,high,old,before_change,1,1
1431,2026-01-22 23:52:21,Brazil,ios,blog,intermediate,work,low,old,before_change,0,0
1432,2026-01-18 03:33:11,Germany,android,paid_search,elementary,work,medium,old,before_change,0,0
1433,2026-01-17 21:50:53,Italy,android,referral,elementary,work,high,old,before_change,0,0
1434,2026-01-24 13:21:56,Netherlands,ios,blog,intermediate,exam,high,old,before_change,0,0
1435,2026-01-20 10:20:07,Spain,android,paid_search,beginner,exam,low,old,before_change,0,0
1436,2026-01-16 17:34:22,Brazil,android,organic,beginner,travel,high,old,before_change,0,0
1437,2026-01-22 06:16:32,Spain,android,instagram_ads,beginner,travel,high,old,before_change,1,0
1438,2026-01-26 02:23:32,Poland,android,blog,beginner,travel,high,old,before_change,1,0
1439,2026-01-20 10:07:52,Brazil,ios,organic,beginner,work,medium,old,before_change,1,0
1440,2026-01-31 05:46:57,Brazil,ios,organic,elementary,travel,medium,old,before_change,0,0
1441,2026-01-28 06:03:19,Italy,android,tiktok_ads,beginner,work,medium,old,before_change,1,1
1442,2026-01-23 17:11:40,Poland,ios,referral,elementary,travel,low,old,before_change,0,0
1443,2026-01-30 21:20:19,Poland,android,organic,elementary,work,high,old,before_change,1,1
1444,2026-01-22 08:39:09,Germany,ios,paid_search,beginner,work,medium,old,before_change,0,0
1445,2026-01-17 08:59:05,Germany,android,organic,elementary,self_development,low,old,before_change,0,0
1446,2026-01-15 14:37:25,Netherlands,android,blog,beginner,self_development,high,old,before_change,0,0
1447,2026-01-30 22:42:49,Brazil,ios,tiktok_ads,elementary,self_development,medium,old,before_change,0,0
1448,2026-01-31 07:35:16,Netherlands,ios,instagram_ads,beginner,exam,high,old,before_change,0,0
1449,2026-01-27 13:36:50,Poland,ios,referral,intermediate,self_development,medium,old,before_change,0,0
1450,2026-01-16 18:01:30,Spain,android,instagram_ads,elementary,travel,high,old,before_change,1,0
1451,2026-01-19 23:48:33,Spain,android,blog,elementary,work,high,old,before_change,0,0
1452,2026-01-15 16:45:36,Brazil,ios,organic,beginner,exam,high,old,before_change,1,0
1453,2026-01-15 20:54:33,Germany,android,organic,beginner,work,high,old,before_change,0,0
1454,2026-01-19 04:23:42,Netherlands,ios,paid_search,beginner,travel,high,old,before_change,0,0
1455,2026-01-24 17:26:01,Poland,android,organic,elementary,exam,low,old,before_change,0,0
1456,2026-01-16 02:44:11,Brazil,android,referral,elementary,self_development,low,old,before_change,0,0
1457,2026-01-31 17:43:02,Poland,android,instagram_ads,intermediate,work,medium,old,before_change,0,0
1458,2026-01-22 17:41:17,Brazil,android,paid_search,beginner,travel,medium,old,before_change,0,0
1459,2026-01-19 11:38:56,Poland,ios,referral,intermediate,travel,low,old,before_change,1,0
1460,2026-01-23 18:33:49,Germany,ios,instagram_ads,intermediate,travel,low,old,before_change,0,0
1461,2026-01-28 10:23:00,Poland,android,instagram_ads,beginner,self_development,low,old,before_change,0,0
1462,2026-01-20 07:31:42,Poland,ios,organic,beginner,work,medium,old,before_change,1,0
1463,2026-01-15 19:23:08,Germany,ios,blog,elementary,travel,medium,old,before_change,0,0
1464,2026-01-15 20:47:30,Brazil,ios,tiktok_ads,beginner,self_development,low,old,before_change,1,0
1465,2026-01-29 11:36:36,Poland,android,referral,beginner,work,medium,old,before_change,0,0
1466,2026-01-16 21:31:58,Germany,android,tiktok_ads,elementary,self_development,medium,old,before_change,0,0
1467,2026-01-25 19:18:35,Poland,android,instagram_ads,elementary,self_development,high,old,before_change,0,0
1468,2026-01-21 12:52:40,Italy,ios,organic,beginner,exam,high,old,before_change,0,0
1469,2026-01-28 05:13:37,Poland,ios,tiktok_ads,intermediate,self_development,low,old,before_change,0,0
1470,2026-01-16 00:41:44,Spain,ios,organic,beginner,self_development,medium,old,before_change,0,0
1471,2026-01-30 06:17:57,Netherlands,android,blog,beginner,travel,medium,old,before_change,0,0
1472,2026-01-26 20:51:41,Italy,ios,organic,beginner,work,high,old,before_change,0,0
1473,2026-01-22 15:18:19,Brazil,android,paid_search,intermediate,self_development,medium,old,before_change,0,0
1474,2026-01-18 12:27:51,Germany,android,instagram_ads,intermediate,exam,high,old,before_change,0,0
1475,2026-01-31 14:40:25,Germany,android,instagram_ads,beginner,work,low,old,before_change,0,0
1476,2026-01-20 03:14:42,Poland,android,tiktok_ads,elementary,self_development,medium,old,before_change,1,0
1477,2026-01-23 08:07:44,Spain,android,referral,beginner,exam,medium,old,before_change,1,0
1478,2026-01-21 16:48:11,Germany,android,tiktok_ads,beginner,work,high,old,before_change,0,0
1479,2026-01-18 22:03:52,Spain,ios,blog,beginner,travel,medium,old,before_change,0,0
1480,2026-01-22 01:58:36,Poland,android,instagram_ads,intermediate,self_development,medium,old,before_change,0,0
1481,2026-01-17 13:48:20,Brazil,android,instagram_ads,beginner,self_development,low,old,before_change,0,0
1482,2026-01-15 00:40:39,Poland,android,referral,elementary,self_development,low,old,before_change,1,0
1483,2026-01-19 22:19:01,Poland,ios,paid_search,beginner,self_development,medium,old,before_change,0,0
1484,2026-01-16 21:43:28,Italy,android,organic,intermediate,travel,medium,old,before_change,1,0
1485,2026-01-22 01:13:47,Italy,android,organic,intermediate,work,low,old,before_change,0,0
1486,2026-01-29 16:00:28,Germany,android,tiktok_ads,beginner,work,medium,old,before_change,0,0
1487,2026-01-17 18:19:41,Netherlands,android,tiktok_ads,elementary,travel,medium,old,before_change,0,0
1488,2026-01-15 00:30:11,Germany,android,paid_search,elementary,self_development,high,old,before_change,0,0
1489,2026-01-16 21:19:35,Italy,ios,organic,intermediate,travel,medium,old,before_change,1,1
1490,2026-01-23 15:19:56,Germany,android,organic,elementary,work,high,old,before_change,1,0
1491,2026-01-19 16:08:02,Netherlands,ios,instagram_ads,beginner,self_development,high,old,before_change,1,0
1492,2026-01-23 07:43:00,Poland,android,organic,beginner,self_development,high,old,before_change,1,1
1493,2026-01-15 11:55:59,Germany,android,referral,elementary,travel,medium,old,before_change,0,0
1494,2026-01-20 15:54:08,Poland,ios,blog,elementary,travel,high,old,before_change,0,0
1495,2026-01-21 23:20:05,Germany,ios,referral,beginner,work,low,old,before_change,0,0
1496,2026-01-22 07:58:53,Brazil,android,referral,intermediate,work,medium,old,before_change,0,0
1497,2026-01-24 08:52:21,Brazil,android,blog,intermediate,self_development,high,old,before_change,0,0
1498,2026-01-28 06:28:37,Spain,android,tiktok_ads,elementary,work,medium,old,before_change,0,0
1499,2026-01-22 22:37:47,Netherlands,ios,instagram_ads,elementary,travel,high,old,before_change,1,0
1500,2026-01-29 07:12:40,Italy,android,referral,elementary,exam,high,old,before_change,0,0
1501,2026-01-24 00:07:55,Spain,ios,instagram_ads,elementary,work,high,old,before_change,0,0
1502,2026-01-19 10:13:19,Brazil,ios,paid_search,beginner,self_development,low,old,before_change,1,0
1503,2026-01-18 21:26:22,Poland,android,organic,beginner,travel,medium,old,before_change,0,0
1504,2026-01-20 11:34:33,Poland,android,tiktok_ads,beginner,work,high,old,before_change,0,0
1505,2026-01-25 03:45:55,Germany,android,referral,intermediate,work,medium,old,before_change,1,0
1506,2026-01-19 02:55:58,Italy,ios,tiktok_ads,beginner,work,high,old,before_change,1,0
1507,2026-01-30 12:58:58,Germany,ios,paid_search,beginner,work,medium,old,before_change,0,0
1508,2026-01-23 03:47:03,Netherlands,android,instagram_ads,elementary,work,low,old,before_change,0,0
1509,2026-01-29 16:12:55,Brazil,ios,referral,intermediate,exam,high,old,before_change,1,0
1510,2026-01-26 14:46:09,Poland,ios,tiktok_ads,elementary,travel,high,old,before_change,0,0
1511,2026-01-20 16:00:28,Germany,ios,instagram_ads,beginner,travel,medium,old,before_change,0,0
1512,2026-01-18 21:07:37,Germany,ios,paid_search,elementary,travel,medium,old,before_change,0,0
1513,2026-01-27 15:31:45,Poland,android,paid_search,beginner,travel,low,old,before_change,0,0
1514,2026-01-20 14:56:24,Germany,ios,blog,elementary,work,medium,old,before_change,1,0
1515,2026-01-19 04:43:19,Brazil,android,organic,elementary,travel,high,old,before_change,1,0
1516,2026-01-30 19:35:48,Poland,android,referral,elementary,travel,low,old,before_change,0,0
1517,2026-01-23 04:54:46,Netherlands,android,organic,elementary,self_development,high,old,before_change,0,0
1518,2026-01-15 19:48:58,Germany,android,blog,beginner,work,high,old,before_change,0,0
1519,2026-01-23 09:51:54,Spain,android,paid_search,elementary,self_development,low,old,before_change,0,0
1520,2026-01-22 19:59:38,Italy,android,tiktok_ads,intermediate,exam,medium,old,before_change,0,0
1521,2026-01-29 16:29:56,Brazil,ios,tiktok_ads,elementary,travel,medium,old,before_change,0,0
1522,2026-01-27 02:18:56,Germany,android,referral,intermediate,work,high,old,before_change,0,0
1523,2026-01-18 06:04:25,Germany,ios,referral,elementary,work,high,old,before_change,0,0
1524,2026-01-17 13:23:06,Spain,android,organic,elementary,travel,medium,old,before_change,0,0
1525,2026-01-25 06:15:59,Italy,android,paid_search,beginner,travel,low,old,before_change,0,0
1526,2026-01-15 19:19:42,Spain,ios,organic,intermediate,travel,medium,old,before_change,0,0
1527,2026-01-20 10:09:30,Germany,ios,tiktok_ads,beginner,travel,medium,old,before_change,0,0
1528,2026-01-17 08:23:16,Brazil,ios,tiktok_ads,beginner,travel,medium,old,before_change,0,0
1529,2026-01-15 08:23:21,Germany,ios,paid_search,beginner,travel,high,old,before_change,0,0
1530,2026-01-30 14:52:47,Germany,android,referral,elementary,work,medium,old,before_change,0,0
1531,2026-01-16 12:38:48,Italy,ios,paid_search,elementary,travel,high,old,before_change,0,0
1532,2026-01-15 03:46:40,Poland,android,paid_search,elementary,self_development,high,old,before_change,1,0
1533,2026-01-30 20:37:11,Germany,android,paid_search,beginner,travel,high,old,before_change,0,0
1534,2026-01-18 04:50:07,Brazil,ios,tiktok_ads,elementary,exam,low,old,before_change,0,0
1535,2026-01-28 21:09:20,Germany,ios,organic,beginner,self_development,high,old,before_change,1,0
1536,2026-01-15 12:45:49,Germany,ios,blog,elementary,work,medium,old,before_change,0,0
1537,2026-01-17 14:39:03,Netherlands,android,tiktok_ads,beginner,work,low,old,before_change,0,0
1538,2026-01-16 21:08:12,Brazil,ios,instagram_ads,beginner,travel,medium,old,before_change,0,0
1539,2026-01-27 00:09:18,Poland,ios,organic,beginner,work,high,old,before_change,0,0
1540,2026-01-25 13:01:15,Italy,android,referral,beginner,travel,medium,old,before_change,0,0
1541,2026-01-23 02:00:17,Germany,android,referral,elementary,work,low,old,before_change,0,0
1542,2026-01-19 02:35:19,Italy,ios,instagram_ads,intermediate,exam,medium,old,before_change,1,1
1543,2026-01-16 12:15:17,Brazil,android,paid_search,elementary,work,high,old,before_change,0,0
1544,2026-01-24 16:14:18,Germany,android,paid_search,beginner,self_development,medium,old,before_change,0,0
1545,2026-01-18 22:07:53,Poland,android,paid_search,beginner,self_development,medium,old,before_change,0,0
1546,2026-01-25 00:47:58,Germany,ios,paid_search,elementary,travel,medium,old,before_change,0,0
1547,2026-01-26 16:29:13,Brazil,android,tiktok_ads,beginner,exam,high,old,before_change,0,0
1548,2026-01-29 10:34:10,Poland,ios,paid_search,elementary,travel,low,old,before_change,1,0
1549,2026-01-23 09:32:45,Germany,android,referral,elementary,self_development,low,old,before_change,0,0
1550,2026-01-15 01:56:04,Poland,ios,instagram_ads,beginner,exam,high,old,before_change,0,0
1551,2026-01-19 18:30:43,Germany,android,instagram_ads,intermediate,work,high,old,before_change,1,0
1552,2026-01-29 12:10:29,Poland,android,blog,beginner,work,high,old,before_change,1,1
1553,2026-01-24 01:33:59,Germany,android,paid_search,elementary,work,medium,old,before_change,0,0
1554,2026-01-25 12:36:02,Germany,android,organic,beginner,travel,high,old,before_change,0,0
1555,2026-01-22 18:47:30,Spain,ios,instagram_ads,beginner,work,medium,old,before_change,0,0
1556,2026-01-17 18:23:57,Poland,ios,instagram_ads,beginner,self_development,low,old,before_change,0,0
1557,2026-01-30 05:51:18,Germany,android,referral,elementary,work,high,old,before_change,0,0
1558,2026-01-28 03:21:30,Poland,ios,referral,beginner,travel,high,old,before_change,0,0
1559,2026-01-31 22:02:05,Germany,ios,tiktok_ads,intermediate,work,high,old,before_change,1,0
1560,2026-01-29 13:02:25,Brazil,android,blog,beginner,exam,high,old,before_change,0,0
1561,2026-01-19 22:46:56,Spain,ios,paid_search,beginner,work,low,old,before_change,0,0
1562,2026-01-19 07:44:22,Germany,ios,organic,elementary,travel,high,old,before_change,1,0
1563,2026-01-19 05:22:39,Italy,android,paid_search,beginner,exam,medium,old,before_change,0,0
1564,2026-01-30 14:52:04,Spain,android,tiktok_ads,beginner,travel,medium,old,before_change,0,0
1565,2026-01-24 11:13:46,Netherlands,android,organic,beginner,work,high,old,before_change,1,0
1566,2026-01-22 17:25:07,Brazil,ios,organic,elementary,work,high,old,before_change,1,1
1567,2026-01-31 11:03:02,Brazil,android,blog,beginner,self_development,low,old,before_change,0,0
1568,2026-01-25 06:11:49,Netherlands,android,paid_search,beginner,self_development,low,old,before_change,0,0
1569,2026-01-30 11:02:53,Italy,ios,organic,elementary,self_development,high,old,before_change,0,0
1570,2026-01-31 17:44:13,Netherlands,android,paid_search,intermediate,self_development,medium,old,before_change,0,0
1571,2026-01-16 08:24:49,Brazil,android,organic,beginner,travel,medium,old,before_change,0,0
1572,2026-01-21 03:30:24,Netherlands,android,organic,elementary,exam,high,old,before_change,0,0
1573,2026-01-27 11:31:43,Netherlands,ios,paid_search,beginner,exam,high,old,before_change,0,0
1574,2026-01-28 19:46:08,Spain,android,paid_search,elementary,self_development,high,old,before_change,1,1
1575,2026-01-17 12:34:54,Netherlands,ios,referral,beginner,self_development,medium,old,before_change,0,0
1576,2026-01-20 09:54:24,Brazil,ios,paid_search,elementary,travel,medium,old,before_change,1,1
1577,2026-01-24 07:39:16,Poland,ios,tiktok_ads,beginner,travel,low,old,before_change,0,0
1578,2026-01-28 14:04:44,Italy,android,tiktok_ads,beginner,self_development,low,old,before_change,0,0
1579,2026-01-16 22:05:26,Italy,ios,referral,beginner,travel,medium,old,before_change,0,0
1580,2026-01-25 05:05:57,Poland,android,blog,beginner,travel,medium,old,before_change,0,0
1581,2026-01-20 00:56:55,Netherlands,android,instagram_ads,beginner,self_development,low,old,before_change,0,0
1582,2026-01-18 16:16:23,Poland,ios,organic,beginner,self_development,high,old,before_change,0,0
1583,2026-01-23 18:16:58,Germany,android,organic,beginner,work,high,old,before_change,1,1
1584,2026-01-22 00:55:21,Brazil,android,organic,elementary,travel,medium,old,before_change,0,0
1585,2026-01-25 19:22:12,Germany,ios,referral,beginner,work,medium,old,before_change,0,0
1586,2026-01-20 09:35:43,Germany,android,instagram_ads,beginner,travel,low,old,before_change,0,0
1587,2026-01-28 23:53:47,Italy,android,organic,beginner,travel,medium,old,before_change,0,0
1588,2026-01-16 07:52:05,Poland,android,organic,elementary,travel,medium,old,before_change,1,0
1589,2026-01-29 15:38:48,Brazil,android,referral,elementary,self_development,medium,old,before_change,0,0
1590,2026-01-15 12:10:21,Germany,android,instagram_ads,elementary,work,medium,old,before_change,0,0
1591,2026-01-27 12:14:43,Netherlands,android,organic,beginner,travel,low,old,before_change,0,0
1592,2026-01-20 21:21:47,Spain,ios,referral,elementary,exam,medium,old,before_change,1,1
1593,2026-01-21 12:24:02,Poland,ios,tiktok_ads,elementary,travel,low,old,before_change,0,0
1594,2026-01-15 07:45:57,Italy,android,instagram_ads,intermediate,self_development,high,old,before_change,0,0
1595,2026-01-26 22:27:24,Spain,ios,instagram_ads,elementary,travel,low,old,before_change,0,0
1596,2026-01-17 19:31:08,Germany,ios,tiktok_ads,beginner,travel,low,old,before_change,0,0
1597,2026-01-26 04:56:09,Germany,ios,paid_search,intermediate,work,low,old,before_change,1,0
1598,2026-01-27 07:52:29,Germany,android,blog,beginner,travel,low,old,before_change,0,0
1599,2026-01-29 08:51:26,Spain,android,referral,intermediate,travel,medium,old,before_change,1,0
1600,2026-01-27 00:54:04,Germany,ios,tiktok_ads,beginner,self_development,medium,old,before_change,1,0
1601,2026-01-20 03:00:43,Germany,ios,tiktok_ads,elementary,self_development,high,old,before_change,1,0
1602,2026-01-27 13:20:26,Germany,ios,blog,elementary,self_development,high,old,before_change,0,0
1603,2026-01-29 00:59:15,Germany,ios,organic,beginner,exam,low,old,before_change,1,0
1604,2026-01-20 09:23:54,Poland,android,organic,elementary,travel,medium,old,before_change,0,0
1605,2026-01-17 02:39:51,Germany,ios,referral,beginner,self_development,medium,old,before_change,0,0
1606,2026-01-30 03:07:40,Poland,android,organic,beginner,exam,medium,old,before_change,1,0
1607,2026-01-17 12:21:34,Germany,ios,tiktok_ads,beginner,work,medium,old,before_change,0,0
1608,2026-01-25 02:16:58,Germany,ios,instagram_ads,intermediate,exam,medium,old,before_change,0,0
1609,2026-01-19 00:24:08,Germany,android,paid_search,intermediate,work,low,old,before_change,0,0
1610,2026-01-17 03:25:07,Poland,ios,organic,elementary,exam,high,old,before_change,0,0
1611,2026-01-28 04:46:38,Germany,ios,referral,elementary,self_development,low,old,before_change,1,1
1612,2026-01-17 10:38:13,Brazil,ios,organic,beginner,self_development,high,old,before_change,0,0
1613,2026-01-26 09:27:07,Germany,android,organic,beginner,self_development,low,old,before_change,0,0
1614,2026-01-26 18:46:58,Italy,ios,paid_search,intermediate,self_development,medium,old,before_change,0,0
1615,2026-01-16 00:34:22,Germany,android,organic,elementary,work,low,old,before_change,0,0
1616,2026-01-17 22:33:40,Spain,android,tiktok_ads,elementary,work,high,old,before_change,0,0
1617,2026-01-28 12:06:01,Poland,android,blog,beginner,exam,low,old,before_change,1,1
1618,2026-01-23 14:58:31,Germany,android,tiktok_ads,elementary,work,high,old,before_change,1,1
1619,2026-01-17 01:30:41,Germany,android,instagram_ads,intermediate,travel,high,old,before_change,0,0
1620,2026-01-31 20:38:38,Poland,android,paid_search,intermediate,work,high,old,before_change,1,0
1621,2026-01-19 12:06:54,Germany,android,blog,elementary,work,medium,old,before_change,0,0
1622,2026-01-15 01:38:06,Germany,android,referral,beginner,work,low,old,before_change,0,0
1623,2026-01-30 17:03:35,Spain,android,referral,intermediate,exam,medium,old,before_change,0,0
1624,2026-01-15 06:45:52,Germany,ios,organic,elementary,self_development,high,old,before_change,0,0
1625,2026-01-24 09:46:12,Italy,android,organic,beginner,travel,medium,old,before_change,0,0
1626,2026-01-31 21:10:42,Netherlands,ios,organic,beginner,self_development,high,old,before_change,1,1
1627,2026-01-24 19:44:46,Netherlands,android,paid_search,elementary,travel,high,old,before_change,0,0
1628,2026-01-24 22:31:57,Germany,ios,organic,intermediate,work,medium,old,before_change,1,1
1629,2026-01-21 14:22:31,Netherlands,ios,referral,intermediate,self_development,high,old,before_change,0,0
1630,2026-01-17 03:46:45,Netherlands,ios,organic,intermediate,self_development,medium,old,before_change,1,0
1631,2026-01-24 17:39:29,Germany,ios,organic,elementary,travel,medium,old,before_change,1,0
1632,2026-01-30 06:05:57,Italy,ios,referral,intermediate,self_development,high,old,before_change,0,0
1633,2026-01-16 13:10:11,Brazil,ios,blog,beginner,self_development,high,old,before_change,0,0
1634,2026-01-29 23:11:42,Poland,android,organic,beginner,travel,high,old,before_change,0,0
1635,2026-01-22 01:20:20,Germany,ios,paid_search,beginner,work,medium,old,before_change,0,0
1636,2026-01-24 02:46:11,Germany,android,referral,elementary,self_development,medium,old,before_change,0,0
1637,2026-01-17 19:29:06,Poland,android,blog,intermediate,travel,low,old,before_change,0,0
1638,2026-01-25 13:41:28,Poland,ios,tiktok_ads,intermediate,exam,high,old,before_change,0,0
1639,2026-01-18 02:24:00,Spain,ios,paid_search,intermediate,work,high,old,before_change,1,1
1640,2026-01-19 15:27:37,Germany,ios,tiktok_ads,elementary,work,medium,old,before_change,0,0
1641,2026-01-27 06:25:03,Poland,ios,referral,elementary,work,low,old,before_change,0,0
1642,2026-01-15 20:36:43,Germany,android,organic,beginner,travel,medium,old,before_change,0,0
1643,2026-01-22 14:27:00,Spain,android,paid_search,elementary,work,low,old,before_change,0,0
1644,2026-01-25 02:35:00,Netherlands,android,referral,elementary,self_development,high,old,before_change,0,0
1645,2026-01-17 05:52:03,Germany,ios,tiktok_ads,beginner,exam,medium,old,before_change,1,1
1646,2026-01-20 00:15:36,Germany,android,organic,beginner,work,medium,old,before_change,0,0
1647,2026-01-20 20:08:55,Germany,ios,tiktok_ads,beginner,exam,high,old,before_change,1,0
1648,2026-01-26 06:45:26,Italy,android,tiktok_ads,intermediate,travel,high,old,before_change,0,0
1649,2026-01-31 14:29:50,Spain,android,paid_search,elementary,travel,medium,old,before_change,0,0
1650,2026-01-29 05:11:16,Netherlands,ios,paid_search,beginner,work,medium,old,before_change,1,0
1651,2026-01-18 05:25:27,Italy,android,paid_search,intermediate,travel,medium,old,before_change,0,0
1652,2026-01-15 07:24:34,Netherlands,android,blog,beginner,travel,medium,old,before_change,0,0
1653,2026-01-15 21:10:48,Brazil,android,organic,beginner,exam,high,old,before_change,1,0
1654,2026-01-25 03:03:04,Brazil,ios,referral,elementary,self_development,medium,old,before_change,1,1
1655,2026-01-17 15:45:15,Spain,android,instagram_ads,beginner,travel,medium,old,before_change,0,0
1656,2026-01-18 22:21:44,Netherlands,ios,referral,beginner,work,high,old,before_change,0,0
1657,2026-01-29 09:44:08,Italy,ios,blog,elementary,exam,medium,old,before_change,0,0
1658,2026-01-29 20:32:47,Poland,android,blog,beginner,self_development,medium,old,before_change,0,0
1659,2026-01-29 06:19:28,Spain,ios,referral,beginner,travel,high,old,before_change,0,0
1660,2026-01-19 07:29:42,Spain,ios,paid_search,beginner,self_development,medium,old,before_change,1,0
1661,2026-01-25 12:49:52,Italy,android,paid_search,intermediate,self_development,high,old,before_change,1,1
1662,2026-01-25 09:11:39,Germany,ios,paid_search,elementary,travel,high,old,before_change,1,1
1663,2026-01-18 03:34:51,Poland,android,tiktok_ads,intermediate,travel,medium,old,before_change,0,0
1664,2026-01-24 09:50:40,Germany,android,paid_search,elementary,exam,medium,old,before_change,1,0
1665,2026-01-23 22:18:16,Poland,ios,paid_search,beginner,travel,medium,old,before_change,0,0
1666,2026-01-21 17:38:09,Poland,android,organic,beginner,travel,medium,old,before_change,0,0
1667,2026-01-27 18:40:42,Brazil,android,referral,beginner,self_development,medium,old,before_change,0,0
1668,2026-01-26 12:28:09,Germany,android,organic,elementary,exam,medium,old,before_change,0,0
1669,2026-01-24 01:19:23,Poland,android,paid_search,elementary,exam,low,old,before_change,0,0
1670,2026-01-27 08:06:50,Spain,android,instagram_ads,elementary,exam,high,old,before_change,0,0
1671,2026-01-27 23:20:53,Spain,android,instagram_ads,elementary,work,medium,old,before_change,1,1
1672,2026-01-24 15:18:38,Brazil,ios,referral,beginner,self_development,high,old,before_change,0,0
1673,2026-01-19 13:12:39,Spain,ios,tiktok_ads,intermediate,self_development,high,old,before_change,0,0
1674,2026-01-27 21:26:10,Netherlands,android,referral,beginner,self_development,low,old,before_change,0,0
1675,2026-01-27 04:47:11,Germany,android,paid_search,elementary,work,medium,old,before_change,1,0
1676,2026-01-31 17:14:03,Spain,android,organic,beginner,self_development,high,old,before_change,0,0
1677,2026-01-17 13:06:43,Italy,ios,tiktok_ads,beginner,self_development,medium,old,before_change,0,0
1678,2026-01-22 03:03:47,Germany,android,organic,elementary,work,medium,old,before_change,0,0
1679,2026-01-30 17:05:04,Brazil,ios,referral,beginner,work,low,old,before_change,0,0
1680,2026-01-23 17:56:59,Netherlands,ios,blog,intermediate,work,low,old,before_change,1,1
1681,2026-01-31 00:35:24,Italy,android,paid_search,elementary,work,high,old,before_change,0,0
1682,2026-01-15 05:05:15,Netherlands,ios,tiktok_ads,elementary,travel,low,old,before_change,0,0
1683,2026-01-15 14:20:57,Poland,android,paid_search,beginner,travel,medium,old,before_change,0,0
1684,2026-01-28 12:46:46,Germany,ios,paid_search,intermediate,travel,medium,old,before_change,1,0
1685,2026-01-21 02:14:23,Spain,android,paid_search,intermediate,travel,high,old,before_change,0,0
1686,2026-01-23 20:15:13,Italy,android,tiktok_ads,beginner,work,low,old,before_change,0,0
1687,2026-01-22 06:37:40,Italy,ios,blog,elementary,exam,medium,old,before_change,1,1
1688,2026-01-21 22:26:53,Brazil,android,paid_search,intermediate,exam,low,old,before_change,0,0
1689,2026-01-30 23:18:19,Brazil,android,tiktok_ads,beginner,exam,low,old,before_change,0,0
1690,2026-01-16 14:22:52,Brazil,ios,paid_search,beginner,work,medium,old,before_change,0,0
1691,2026-01-28 03:03:52,Germany,android,paid_search,intermediate,self_development,low,old,before_change,0,0
1692,2026-01-30 02:58:47,Italy,android,tiktok_ads,elementary,exam,high,old,before_change,0,0
1693,2026-01-26 04:13:26,Poland,ios,tiktok_ads,intermediate,exam,low,old,before_change,0,0
1694,2026-01-21 17:09:46,Brazil,android,tiktok_ads,beginner,self_development,high,old,before_change,0,0
1695,2026-01-17 17:17:08,Germany,ios,blog,elementary,travel,medium,old,before_change,0,0
1696,2026-01-26 14:29:35,Spain,ios,organic,beginner,work,low,old,before_change,1,1
1697,2026-01-22 23:16:10,Germany,ios,instagram_ads,beginner,self_development,high,old,before_change,1,0
1698,2026-01-17 12:56:40,Poland,android,paid_search,intermediate,travel,low,old,before_change,0,0
1699,2026-01-21 02:44:14,Brazil,android,referral,elementary,travel,high,old,before_change,0,0
1700,2026-01-31 08:18:44,Germany,ios,organic,intermediate,work,medium,old,before_change,0,0
1701,2026-01-19 12:16:38,Netherlands,ios,organic,beginner,work,medium,old,before_change,0,0
1702,2026-01-18 00:48:15,Italy,ios,referral,intermediate,self_development,high,old,before_change,0,0
1703,2026-01-26 14:14:45,Germany,android,paid_search,elementary,self_development,low,old,before_change,1,0
1704,2026-01-18 09:24:47,Brazil,ios,tiktok_ads,beginner,travel,high,old,before_change,1,1
1705,2026-01-30 15:19:22,Brazil,ios,blog,beginner,work,low,old,before_change,0,0
1706,2026-01-29 14:27:54,Germany,ios,instagram_ads,beginner,self_development,low,old,before_change,1,1
1707,2026-01-31 17:16:49,Brazil,android,instagram_ads,beginner,exam,medium,old,before_change,0,0
1708,2026-01-30 12:20:01,Netherlands,android,blog,intermediate,work,low,old,before_change,0,0
1709,2026-01-19 03:27:20,Germany,android,tiktok_ads,intermediate,travel,medium,old,before_change,0,0
1710,2026-01-18 14:33:22,Germany,ios,organic,beginner,self_development,low,old,before_change,0,0
1711,2026-01-20 19:47:48,Poland,android,referral,beginner,work,low,old,before_change,0,0
1712,2026-01-22 23:40:43,Spain,android,instagram_ads,beginner,travel,medium,old,before_change,0,0
1713,2026-01-29 23:02:17,Netherlands,android,referral,intermediate,travel,low,old,before_change,0,0
1714,2026-01-27 11:15:57,Netherlands,ios,instagram_ads,elementary,self_development,medium,old,before_change,1,0
1715,2026-01-25 22:55:45,Poland,ios,organic,elementary,exam,medium,old,before_change,1,1
1716,2026-01-29 22:22:23,Poland,android,referral,elementary,travel,low,old,before_change,0,0
1717,2026-01-25 23:31:19,Poland,ios,organic,intermediate,work,medium,old,before_change,1,0
1718,2026-01-21 10:39:12,Netherlands,android,referral,beginner,self_development,high,old,before_change,1,1
1719,2026-01-22 00:30:15,Brazil,ios,referral,beginner,work,high,old,before_change,0,0
1720,2026-01-23 18:56:38,Spain,ios,blog,elementary,work,medium,old,before_change,0,0
1721,2026-01-16 12:13:08,Spain,android,organic,intermediate,travel,high,old,before_change,0,0
1722,2026-01-27 14:37:13,Spain,ios,paid_search,elementary,travel,medium,old,before_change,1,0
1723,2026-01-26 02:19:57,Germany,ios,organic,intermediate,self_development,high,old,before_change,0,0
1724,2026-01-27 10:18:12,Spain,android,paid_search,intermediate,travel,high,old,before_change,0,0
1725,2026-01-24 01:50:54,Spain,ios,paid_search,beginner,travel,low,old,before_change,0,0
1726,2026-01-28 07:26:51,Germany,android,instagram_ads,elementary,travel,high,old,before_change,1,0
1727,2026-01-31 03:29:54,Germany,ios,paid_search,intermediate,travel,low,old,before_change,0,0
1728,2026-01-24 16:31:58,Poland,android,blog,beginner,work,medium,old,before_change,0,0
1729,2026-01-22 13:18:30,Brazil,android,paid_search,elementary,self_development,low,old,before_change,0,0
1730,2026-01-16 18:40:58,Poland,ios,paid_search,beginner,travel,medium,old,before_change,0,0
1731,2026-01-28 05:42:01,Brazil,android,tiktok_ads,intermediate,travel,medium,old,before_change,0,0
1732,2026-01-30 08:49:15,Poland,android,paid_search,beginner,work,high,old,before_change,0,0
1733,2026-01-26 21:23:31,Poland,android,tiktok_ads,beginner,self_development,low,old,before_change,0,0
1734,2026-01-29 17:09:12,Germany,ios,tiktok_ads,elementary,self_development,medium,old,before_change,0,0
1735,2026-01-29 15:22:09,Italy,android,tiktok_ads,elementary,self_development,high,old,before_change,0,0
1736,2026-01-28 13:37:25,Germany,android,tiktok_ads,beginner,travel,low,old,before_change,0,0
1737,2026-01-23 13:10:30,Netherlands,android,referral,beginner,exam,medium,old,before_change,1,0
1738,2026-01-16 16:44:38,Poland,android,blog,intermediate,exam,high,old,before_change,1,1
1739,2026-01-15 01:19:27,Spain,android,organic,intermediate,travel,high,old,before_change,1,0
1740,2026-01-18 11:23:38,Netherlands,android,instagram_ads,elementary,exam,low,old,before_change,1,0
1741,2026-01-22 07:51:28,Spain,android,referral,beginner,exam,medium,old,before_change,0,0
1742,2026-01-27 15:23:20,Germany,android,organic,elementary,exam,low,old,before_change,1,1
1743,2026-01-22 17:58:09,Germany,android,instagram_ads,elementary,travel,medium,old,before_change,0,0
1744,2026-01-15 09:26:28,Germany,ios,tiktok_ads,beginner,work,high,old,before_change,0,0
1745,2026-01-18 13:49:15,Germany,android,organic,beginner,work,high,old,before_change,1,0
1746,2026-01-31 15:31:25,Netherlands,ios,paid_search,beginner,travel,low,old,before_change,0,0
1747,2026-01-31 19:06:47,Brazil,android,referral,beginner,travel,high,old,before_change,0,0
1748,2026-01-21 09:52:30,Brazil,android,organic,elementary,exam,low,old,before_change,0,0
1749,2026-01-28 16:26:02,Netherlands,android,organic,beginner,travel,high,old,before_change,1,0
1750,2026-01-27 05:28:46,Germany,ios,referral,elementary,travel,low,old,before_change,0,0
1751,2026-01-30 19:57:27,Germany,android,referral,elementary,travel,high,old,before_change,0,0
1752,2026-01-30 02:07:44,Poland,ios,instagram_ads,elementary,travel,medium,old,before_change,1,1
1753,2026-01-25 16:31:35,Italy,android,paid_search,elementary,travel,high,old,before_change,0,0
1754,2026-01-21 17:00:32,Spain,android,organic,elementary,self_development,high,old,before_change,0,0
1755,2026-01-25 15:40:36,Germany,android,referral,beginner,self_development,low,old,before_change,0,0
1756,2026-01-20 10:12:21,Poland,ios,organic,beginner,travel,high,old,before_change,0,0
1757,2026-01-20 22:01:15,Italy,android,blog,elementary,work,low,old,before_change,1,1
1758,2026-01-25 08:21:58,Spain,android,referral,beginner,travel,medium,old,before_change,1,1
1759,2026-01-24 17:07:50,Germany,android,organic,beginner,travel,medium,old,before_change,0,0
1760,2026-01-24 21:02:37,Germany,android,tiktok_ads,beginner,self_development,medium,old,before_change,0,0
1761,2026-01-21 12:56:51,Netherlands,android,blog,beginner,self_development,low,old,before_change,0,0
1762,2026-01-21 22:55:44,Italy,ios,referral,beginner,travel,low,old,before_change,1,0
1763,2026-01-15 04:09:30,Netherlands,ios,instagram_ads,elementary,self_development,low,old,before_change,0,0
1764,2026-01-25 05:31:26,Spain,android,organic,elementary,work,high,old,before_change,0,0
1765,2026-01-24 18:55:13,Netherlands,android,tiktok_ads,elementary,self_development,high,old,before_change,1,0
1766,2026-01-30 21:38:08,Poland,ios,tiktok_ads,beginner,work,low,old,before_change,1,0
1767,2026-01-23 13:44:45,Brazil,android,instagram_ads,intermediate,work,medium,old,before_change,0,0
1768,2026-01-22 22:47:50,Poland,ios,paid_search,beginner,self_development,medium,old,before_change,0,0
1769,2026-01-16 03:36:51,Spain,ios,blog,elementary,exam,medium,old,before_change,0,0
1770,2026-01-18 08:16:14,Spain,android,instagram_ads,elementary,self_development,medium,old,before_change,0,0
1771,2026-01-20 17:55:09,Netherlands,android,paid_search,elementary,work,medium,old,before_change,0,0
1772,2026-01-21 09:54:00,Brazil,android,paid_search,elementary,self_development,medium,old,before_change,0,0
1773,2026-01-21 03:58:32,Italy,ios,paid_search,beginner,self_development,medium,old,before_change,0,0
1774,2026-01-21 16:47:44,Brazil,android,instagram_ads,beginner,work,medium,old,before_change,1,0
1775,2026-01-28 01:43:06,Spain,android,organic,beginner,work,medium,old,before_change,0,0
1776,2026-01-17 05:29:32,Spain,android,instagram_ads,intermediate,self_development,high,old,before_change,0,0
1777,2026-01-20 15:33:42,Brazil,ios,organic,intermediate,work,high,old,before_change,0,0
1778,2026-01-17 18:27:05,Spain,android,paid_search,elementary,work,medium,old,before_change,0,0
1779,2026-01-20 05:34:50,Poland,ios,organic,beginner,travel,low,old,before_change,0,0
1780,2026-01-26 15:18:04,Spain,android,paid_search,beginner,travel,high,old,before_change,1,0
1781,2026-01-15 19:04:46,Spain,android,paid_search,intermediate,travel,low,old,before_change,0,0
1782,2026-01-20 18:30:24,Netherlands,ios,paid_search,beginner,travel,medium,old,before_change,1,0
1783,2026-01-15 09:39:50,Germany,ios,tiktok_ads,beginner,exam,low,old,before_change,0,0
1784,2026-01-31 05:35:54,Netherlands,android,instagram_ads,intermediate,work,medium,old,before_change,0,0
1785,2026-01-27 08:43:18,Brazil,android,tiktok_ads,beginner,travel,medium,old,before_change,0,0
1786,2026-01-19 03:23:14,Brazil,ios,organic,intermediate,work,medium,old,before_change,1,0
1787,2026-01-18 08:51:52,Poland,ios,paid_search,elementary,travel,low,old,before_change,0,0
1788,2026-01-16 16:21:40,Poland,android,organic,intermediate,work,high,old,before_change,0,0
1789,2026-01-23 00:56:05,Poland,ios,instagram_ads,elementary,work,high,old,before_change,0,0
1790,2026-01-27 19:25:47,Spain,android,instagram_ads,beginner,self_development,low,old,before_change,0,0
1791,2026-01-24 22:21:27,Spain,android,referral,elementary,exam,high,old,before_change,0,0
1792,2026-01-29 23:27:45,Poland,ios,instagram_ads,intermediate,self_development,low,old,before_change,0,0
1793,2026-01-20 20:16:39,Netherlands,android,paid_search,elementary,work,high,old,before_change,1,1
1794,2026-01-19 17:28:12,Netherlands,android,paid_search,intermediate,self_development,high,old,before_change,0,0
1795,2026-01-23 03:02:42,Brazil,android,blog,intermediate,exam,medium,old,before_change,0,0
1796,2026-01-18 10:27:07,Poland,android,organic,elementary,self_development,medium,old,before_change,0,0
1797,2026-01-31 14:03:47,Germany,ios,organic,intermediate,exam,medium,old,before_change,1,1
1798,2026-01-18 03:47:33,Brazil,ios,organic,beginner,self_development,low,old,before_change,1,0
1799,2026-01-23 03:22:39,Germany,android,blog,intermediate,self_development,medium,old,before_change,1,0
1800,2026-01-23 20:58:51,Spain,android,blog,intermediate,self_development,medium,old,before_change,0,0
1801,2026-01-15 23:16:29,Netherlands,ios,paid_search,beginner,work,medium,old,before_change,0,0
1802,2026-01-22 23:06:50,Brazil,ios,organic,elementary,travel,medium,old,before_change,0,0
1803,2026-01-22 17:31:06,Spain,android,tiktok_ads,elementary,work,medium,old,before_change,0,0
1804,2026-01-19 09:51:05,Italy,ios,paid_search,intermediate,self_development,low,old,before_change,1,0
1805,2026-01-17 04:12:39,Poland,android,organic,beginner,self_development,low,old,before_change,0,0
1806,2026-01-15 18:25:50,Brazil,android,instagram_ads,elementary,self_development,high,old,before_change,0,0
1807,2026-01-15 03:30:04,Italy,ios,paid_search,elementary,work,medium,old,before_change,0,0
1808,2026-01-23 04:26:54,Spain,android,paid_search,beginner,self_development,medium,old,before_change,1,1
1809,2026-01-16 12:39:18,Poland,ios,tiktok_ads,intermediate,work,medium,old,before_change,0,0
1810,2026-01-31 07:24:27,Germany,android,tiktok_ads,elementary,exam,high,old,before_change,0,0
1811,2026-01-19 03:51:24,Spain,android,instagram_ads,beginner,work,low,old,before_change,0,0
1812,2026-01-26 02:13:40,Spain,android,organic,intermediate,travel,medium,old,before_change,1,0
1813,2026-01-26 10:46:59,Germany,android,organic,beginner,work,high,old,before_change,0,0
1814,2026-01-23 10:10:00,Brazil,android,referral,beginner,travel,low,old,before_change,0,0
1815,2026-01-30 00:30:50,Germany,android,organic,beginner,work,medium,old,before_change,1,0
1816,2026-01-16 21:09:44,Netherlands,android,paid_search,intermediate,exam,low,old,before_change,0,0
1817,2026-01-18 23:29:05,Germany,ios,organic,intermediate,travel,high,old,before_change,1,1
1818,2026-01-19 06:59:38,Germany,android,organic,elementary,exam,high,old,before_change,0,0
1819,2026-01-17 07:14:56,Italy,android,instagram_ads,beginner,travel,low,old,before_change,0,0
1820,2026-01-20 00:16:03,Netherlands,ios,organic,elementary,travel,medium,old,before_change,1,0
1821,2026-01-20 07:34:34,Italy,android,tiktok_ads,elementary,travel,high,old,before_change,0,0
1822,2026-01-28 00:02:23,Brazil,android,paid_search,elementary,travel,medium,old,before_change,0,0
1823,2026-01-20 03:03:49,Germany,android,referral,beginner,self_development,low,old,before_change,0,0
1824,2026-01-29 21:41:52,Brazil,ios,instagram_ads,beginner,self_development,low,old,before_change,0,0
1825,2026-01-28 03:15:03,Brazil,android,paid_search,intermediate,exam,low,old,before_change,0,0
1826,2026-01-30 07:52:11,Germany,android,referral,elementary,exam,high,old,before_change,1,1
1827,2026-01-16 18:55:53,Poland,ios,blog,beginner,exam,low,old,before_change,0,0
1828,2026-01-31 17:42:14,Netherlands,android,organic,intermediate,self_development,high,old,before_change,1,0
1829,2026-01-25 10:29:48,Poland,android,tiktok_ads,beginner,work,medium,old,before_change,0,0
1830,2026-01-31 16:48:20,Brazil,ios,tiktok_ads,elementary,travel,high,old,before_change,1,0
1831,2026-01-21 00:46:32,Netherlands,android,tiktok_ads,beginner,self_development,medium,old,before_change,0,0
1832,2026-01-31 04:49:25,Germany,ios,organic,intermediate,work,high,old,before_change,1,1
1833,2026-01-25 00:09:03,Italy,android,organic,beginner,self_development,low,old,before_change,0,0
1834,2026-01-16 05:18:12,Spain,android,paid_search,intermediate,self_development,low,old,before_change,0,0
1835,2026-01-21 23:19:50,Germany,android,organic,elementary,work,high,old,before_change,1,0
1836,2026-01-17 08:13:11,Germany,android,paid_search,beginner,self_development,high,old,before_change,0,0
1837,2026-01-31 00:02:31,Netherlands,ios,referral,beginner,travel,high,old,before_change,1,0
1838,2026-01-20 04:13:20,Italy,ios,paid_search,intermediate,exam,medium,old,before_change,0,0
1839,2026-01-18 18:43:24,Italy,android,paid_search,beginner,exam,low,old,before_change,0,0
1840,2026-01-24 09:34:56,Poland,ios,paid_search,beginner,self_development,medium,old,before_change,0,0
1841,2026-01-22 05:27:57,Italy,ios,paid_search,elementary,work,medium,old,before_change,1,0
1842,2026-01-16 15:34:01,Poland,ios,referral,beginner,travel,low,old,before_change,0,0
1843,2026-01-28 21:07:46,Spain,android,referral,elementary,travel,medium,old,before_change,0,0
1844,2026-01-29 09:05:06,Netherlands,android,paid_search,elementary,work,low,old,before_change,0,0
1845,2026-01-27 15:07:42,Germany,ios,paid_search,beginner,work,medium,old,before_change,0,0
1846,2026-01-25 11:38:11,Germany,ios,organic,beginner,work,medium,old,before_change,0,0
1847,2026-01-21 20:14:36,Spain,ios,blog,beginner,exam,medium,old,before_change,0,0
1848,2026-01-24 05:17:04,Germany,ios,paid_search,intermediate,work,high,old,before_change,1,0
1849,2026-01-23 20:33:59,Italy,ios,paid_search,beginner,travel,medium,old,before_change,0,0
1850,2026-01-17 19:26:49,Italy,android,paid_search,elementary,travel,high,old,before_change,1,1
1851,2026-01-16 09:22:47,Spain,android,organic,elementary,self_development,medium,old,before_change,1,0
1852,2026-01-19 07:19:41,Poland,ios,paid_search,elementary,exam,medium,old,before_change,1,0
1853,2026-01-22 17:22:05,Spain,android,blog,beginner,work,medium,old,before_change,0,0
1854,2026-01-17 17:24:26,Germany,android,organic,beginner,work,high,old,before_change,0,0
1855,2026-01-16 19:31:13,Spain,ios,organic,elementary,travel,low,old,before_change,0,0
1856,2026-01-29 11:35:19,Germany,ios,organic,elementary,travel,high,old,before_change,1,0
1857,2026-01-21 08:59:55,Spain,android,organic,elementary,self_development,high,old,before_change,0,0
1858,2026-01-24 22:21:53,Germany,ios,blog,beginner,travel,high,old,before_change,1,0
1859,2026-01-23 21:48:12,Germany,android,tiktok_ads,elementary,travel,high,old,before_change,0,0
1860,2026-01-27 11:55:58,Germany,android,blog,beginner,work,medium,old,before_change,0,0
1861,2026-01-27 13:50:36,Italy,android,referral,elementary,self_development,medium,old,before_change,1,1
1862,2026-01-20 00:46:53,Germany,ios,instagram_ads,elementary,work,low,old,before_change,1,0
1863,2026-01-29 09:56:46,Spain,ios,instagram_ads,beginner,exam,medium,old,before_change,0,0
1864,2026-01-21 07:28:15,Brazil,android,instagram_ads,intermediate,self_development,high,old,before_change,0,0
1865,2026-01-29 04:45:51,Spain,android,tiktok_ads,elementary,self_development,low,old,before_change,0,0
1866,2026-01-21 21:10:50,Brazil,ios,tiktok_ads,beginner,work,low,old,before_change,0,0
1867,2026-01-16 21:17:08,Germany,android,instagram_ads,beginner,travel,high,old,before_change,0,0
1868,2026-01-27 22:05:09,Netherlands,ios,paid_search,elementary,work,medium,old,before_change,1,0
1869,2026-01-15 12:18:20,Brazil,android,tiktok_ads,intermediate,self_development,low,old,before_change,0,0
1870,2026-01-28 03:07:12,Netherlands,android,organic,beginner,exam,low,old,before_change,0,0
1871,2026-01-15 17:36:37,Brazil,android,instagram_ads,beginner,self_development,medium,old,before_change,0,0
1872,2026-01-18 12:22:47,Spain,android,instagram_ads,elementary,work,medium,old,before_change,0,0
1873,2026-01-25 06:10:22,Spain,android,instagram_ads,beginner,travel,medium,old,before_change,1,1
1874,2026-01-31 00:08:52,Germany,android,instagram_ads,beginner,work,medium,old,before_change,0,0
1875,2026-01-21 22:39:32,Brazil,ios,tiktok_ads,beginner,self_development,low,old,before_change,0,0
1876,2026-01-17 01:13:38,Germany,android,tiktok_ads,elementary,travel,medium,old,before_change,1,1
1877,2026-01-18 23:01:36,Spain,ios,paid_search,beginner,exam,high,old,before_change,0,0
1878,2026-01-30 05:37:04,Netherlands,ios,paid_search,beginner,work,medium,old,before_change,0,0
1879,2026-01-27 08:30:29,Germany,android,organic,beginner,work,low,old,before_change,0,0
1880,2026-01-16 16:57:41,Germany,ios,organic,beginner,work,low,old,before_change,0,0
1881,2026-01-21 13:02:17,Netherlands,ios,paid_search,intermediate,work,high,old,before_change,0,0
1882,2026-01-19 11:55:56,Spain,android,tiktok_ads,beginner,self_development,low,old,before_change,0,0
1883,2026-01-18 00:33:19,Poland,ios,referral,beginner,travel,high,old,before_change,1,1
1884,2026-01-29 09:21:47,Italy,android,organic,intermediate,self_development,low,old,before_change,0,0
1885,2026-01-25 12:01:34,Italy,ios,referral,intermediate,travel,medium,old,before_change,0,0
1886,2026-01-18 01:13:57,Spain,android,paid_search,intermediate,work,high,old,before_change,1,0
1887,2026-01-26 01:29:00,Germany,android,referral,beginner,travel,high,old,before_change,0,0
1888,2026-01-22 00:44:08,Netherlands,ios,instagram_ads,elementary,travel,high,old,before_change,0,0
1889,2026-01-16 01:04:57,Netherlands,android,tiktok_ads,elementary,work,high,old,before_change,0,0
1890,2026-01-22 15:32:33,Netherlands,ios,paid_search,elementary,work,high,old,before_change,0,0
1891,2026-01-18 03:34:28,Spain,ios,organic,beginner,travel,low,old,before_change,0,0
1892,2026-01-19 04:03:56,Germany,ios,paid_search,beginner,self_development,high,old,before_change,0,0
1893,2026-01-29 22:37:52,Germany,ios,tiktok_ads,beginner,exam,low,old,before_change,0,0
1894,2026-01-27 01:46:48,Germany,ios,blog,elementary,self_development,high,old,before_change,1,1
1895,2026-01-17 06:42:33,Germany,android,instagram_ads,beginner,self_development,medium,old,before_change,0,0
1896,2026-01-29 11:20:40,Italy,android,tiktok_ads,elementary,work,medium,old,before_change,0,0
1897,2026-01-24 18:19:02,Germany,android,organic,elementary,work,high,old,before_change,0,0
1898,2026-01-29 20:49:35,Netherlands,android,tiktok_ads,intermediate,self_development,medium,old,before_change,1,0
1899,2026-01-27 16:48:24,Italy,ios,referral,intermediate,work,low,old,before_change,0,0
1900,2026-01-20 18:26:36,Spain,ios,paid_search,elementary,work,high,old,before_change,1,1
1901,2026-01-24 02:13:34,Brazil,ios,instagram_ads,beginner,work,medium,old,before_change,0,0
1902,2026-01-24 00:35:13,Netherlands,android,organic,intermediate,travel,low,old,before_change,0,0
1903,2026-01-27 05:44:10,Spain,android,organic,beginner,self_development,medium,old,before_change,0,0
1904,2026-01-19 05:20:59,Brazil,ios,organic,beginner,travel,high,old,before_change,0,0
1905,2026-01-20 15:54:00,Poland,ios,tiktok_ads,beginner,travel,high,old,before_change,0,0
1906,2026-01-19 03:52:37,Poland,ios,referral,elementary,exam,medium,old,before_change,0,0
1907,2026-01-20 00:49:34,Poland,android,organic,beginner,self_development,low,old,before_change,1,0
1908,2026-01-17 17:47:29,Italy,android,blog,beginner,self_development,high,old,before_change,0,0
1909,2026-01-15 14:54:39,Spain,android,referral,beginner,exam,medium,old,before_change,1,1
1910,2026-01-30 23:31:39,Poland,android,instagram_ads,elementary,work,high,old,before_change,0,0
1911,2026-01-16 06:19:14,Netherlands,ios,blog,elementary,work,low,old,before_change,1,0
1912,2026-01-30 02:17:57,Netherlands,android,referral,elementary,travel,low,old,before_change,0,0
1913,2026-01-15 01:15:20,Poland,android,organic,beginner,travel,medium,old,before_change,0,0
1914,2026-01-28 05:09:44,Poland,android,blog,intermediate,self_development,high,old,before_change,0,0
1915,2026-01-20 13:59:20,Italy,ios,paid_search,beginner,self_development,medium,old,before_change,0,0
1916,2026-01-23 19:12:21,Spain,ios,organic,beginner,travel,medium,old,before_change,0,0
1917,2026-01-19 19:08:46,Netherlands,ios,organic,elementary,work,medium,old,before_change,0,0
1918,2026-01-23 08:10:04,Spain,ios,tiktok_ads,elementary,self_development,high,old,before_change,1,0
1919,2026-01-22 16:14:14,Netherlands,ios,blog,elementary,work,high,old,before_change,0,0
1920,2026-01-24 00:08:10,Poland,ios,paid_search,beginner,work,high,old,before_change,0,0
1921,2026-01-21 16:27:33,Poland,android,instagram_ads,intermediate,travel,low,old,before_change,0,0
1922,2026-01-24 02:55:11,Spain,android,paid_search,beginner,work,medium,old,before_change,0,0
1923,2026-01-29 00:47:13,Brazil,android,referral,intermediate,work,high,old,before_change,0,0
1924,2026-01-22 09:18:06,Spain,android,organic,elementary,exam,low,old,before_change,0,0
1925,2026-01-21 03:26:27,Germany,android,instagram_ads,elementary,work,low,old,before_change,0,0
1926,2026-01-17 05:45:21,Germany,android,instagram_ads,beginner,work,low,old,before_change,0,0
1927,2026-01-21 02:45:53,Italy,ios,organic,elementary,work,medium,old,before_change,1,0
1928,2026-01-17 03:16:15,Spain,ios,blog,elementary,work,medium,old,before_change,1,0
1929,2026-01-18 02:27:40,Italy,ios,blog,intermediate,travel,medium,old,before_change,1,0
1930,2026-01-31 04:31:04,Germany,android,instagram_ads,intermediate,work,high,old,before_change,1,1
1931,2026-01-16 12:28:52,Poland,ios,tiktok_ads,elementary,work,medium,old,before_change,0,0
1932,2026-01-23 04:40:06,Brazil,ios,referral,intermediate,travel,medium,old,before_change,1,0
1933,2026-01-29 04:23:40,Netherlands,android,organic,intermediate,self_development,medium,old,before_change,0,0
1934,2026-01-31 04:54:28,Netherlands,android,organic,intermediate,work,medium,old,before_change,0,0
1935,2026-01-17 11:51:33,Poland,android,tiktok_ads,beginner,self_development,medium,old,before_change,0,0
1936,2026-01-17 18:44:21,Italy,android,instagram_ads,beginner,self_development,medium,old,before_change,0,0
1937,2026-01-21 08:01:10,Brazil,android,tiktok_ads,intermediate,travel,high,old,before_change,0,0
1938,2026-01-24 10:12:07,Germany,android,instagram_ads,elementary,travel,low,old,before_change,0,0
1939,2026-01-31 07:36:05,Germany,ios,tiktok_ads,elementary,travel,low,old,before_change,0,0
1940,2026-01-18 12:44:55,Poland,android,organic,beginner,self_development,medium,old,before_change,0,0
1941,2026-01-17 19:04:23,Brazil,android,organic,beginner,work,medium,old,before_change,1,1
1942,2026-01-19 07:17:57,Brazil,ios,organic,beginner,work,high,old,before_change,0,0
1943,2026-01-29 20:43:20,Netherlands,android,paid_search,beginner,travel,low,old,before_change,0,0
1944,2026-01-15 12:15:44,Spain,android,tiktok_ads,elementary,travel,medium,old,before_change,1,0
1945,2026-01-21 11:05:40,Poland,android,referral,elementary,work,low,old,before_change,0,0
1946,2026-01-17 00:31:58,Poland,android,paid_search,elementary,exam,medium,old,before_change,0,0
1947,2026-01-17 16:05:08,Poland,ios,instagram_ads,beginner,work,low,old,before_change,0,0
1948,2026-01-30 14:04:26,Poland,ios,paid_search,beginner,travel,medium,old,before_change,1,1
1949,2026-01-15 00:40:40,Italy,ios,instagram_ads,elementary,self_development,medium,old,before_change,0,0
1950,2026-01-20 11:11:07,Netherlands,android,blog,beginner,self_development,high,old,before_change,0,0
1951,2026-01-30 13:29:35,Italy,android,paid_search,intermediate,work,low,old,before_change,1,0
1952,2026-01-25 08:07:00,Germany,android,referral,beginner,exam,medium,old,before_change,1,0
1953,2026-01-16 05:16:34,Netherlands,android,organic,beginner,self_development,medium,old,before_change,0,0
1954,2026-01-22 21:43:32,Poland,android,paid_search,elementary,work,high,old,before_change,0,0
1955,2026-01-31 12:08:45,Brazil,ios,tiktok_ads,elementary,travel,medium,old,before_change,0,0
1956,2026-01-21 19:23:02,Spain,ios,referral,beginner,work,medium,old,before_change,0,0
1957,2026-01-23 23:40:53,Brazil,android,instagram_ads,elementary,travel,medium,old,before_change,0,0
1958,2026-01-24 01:00:34,Spain,android,referral,beginner,travel,medium,old,before_change,0,0
1959,2026-01-26 05:27:44,Italy,ios,referral,beginner,self_development,medium,old,before_change,0,0
1960,2026-01-18 04:23:36,Spain,android,instagram_ads,beginner,self_development,low,old,before_change,0,0
1961,2026-01-29 06:35:28,Germany,android,paid_search,elementary,exam,medium,old,before_change,1,0
1962,2026-01-31 19:21:01,Brazil,ios,paid_search,elementary,self_development,low,old,before_change,0,0
1963,2026-01-17 10:09:42,Spain,android,instagram_ads,intermediate,self_development,high,old,before_change,0,0
1964,2026-01-28 21:52:10,Germany,android,tiktok_ads,elementary,exam,medium,old,before_change,1,1
1965,2026-01-28 21:17:56,Brazil,android,paid_search,beginner,self_development,medium,old,before_change,1,1
1966,2026-01-27 14:34:43,Brazil,ios,paid_search,elementary,self_development,low,old,before_change,0,0
1967,2026-01-21 07:19:03,Germany,ios,organic,elementary,travel,medium,old,before_change,0,0
1968,2026-01-22 23:15:13,Netherlands,ios,organic,elementary,self_development,medium,old,before_change,0,0
1969,2026-01-29 06:23:53,Brazil,android,instagram_ads,beginner,self_development,low,old,before_change,0,0
1970,2026-01-17 14:22:25,Poland,android,referral,beginner,travel,low,old,before_change,0,0
1971,2026-01-29 02:07:40,Spain,android,tiktok_ads,elementary,exam,low,old,before_change,1,0
1972,2026-01-30 15:37:54,Germany,android,blog,elementary,travel,medium,old,before_change,0,0
1973,2026-01-26 14:12:08,Italy,ios,tiktok_ads,intermediate,work,low,old,before_change,0,0
1974,2026-01-20 19:17:09,Brazil,android,organic,elementary,exam,low,old,before_change,1,0
1975,2026-01-24 12:08:01,Germany,ios,tiktok_ads,elementary,travel,medium,old,before_change,0,0
1976,2026-01-15 20:26:36,Poland,ios,referral,beginner,exam,medium,old,before_change,0,0
1977,2026-01-30 20:10:33,Germany,android,tiktok_ads,beginner,work,medium,old,before_change,1,1
1978,2026-01-20 19:42:02,Poland,android,instagram_ads,beginner,travel,high,old,before_change,0,0
1979,2026-01-15 23:17:46,Poland,android,instagram_ads,beginner,exam,high,old,before_change,1,1
1980,2026-01-28 12:08:18,Italy,android,organic,beginner,self_development,high,old,before_change,0,0
1981,2026-01-26 04:17:01,Italy,ios,paid_search,elementary,travel,medium,old,before_change,1,0
1982,2026-01-25 14:03:54,Germany,ios,organic,beginner,work,low,old,before_change,0,0
1983,2026-01-15 22:04:17,Poland,ios,paid_search,beginner,travel,high,old,before_change,0,0
1984,2026-01-27 18:20:31,Spain,android,referral,beginner,travel,high,old,before_change,1,1
1985,2026-01-25 20:01:31,Netherlands,android,organic,elementary,work,high,old,before_change,0,0
1986,2026-01-28 11:48:11,Netherlands,ios,organic,beginner,travel,low,old,before_change,1,1
1987,2026-01-29 01:33:02,Germany,android,referral,intermediate,exam,medium,old,before_change,0,0
1988,2026-01-18 14:28:38,Germany,android,referral,intermediate,travel,medium,old,before_change,1,1
1989,2026-01-18 13:56:27,Germany,android,instagram_ads,intermediate,self_development,high,old,before_change,1,0
1990,2026-01-30 16:54:12,Germany,ios,paid_search,elementary,travel,medium,old,before_change,0,0
1991,2026-01-24 00:39:32,Germany,ios,paid_search,intermediate,self_development,medium,old,before_change,0,0
1992,2026-01-22 10:41:59,Italy,android,tiktok_ads,beginner,work,low,old,before_change,0,0
1993,2026-01-19 21:10:41,Brazil,android,referral,elementary,travel,medium,old,before_change,0,0
1994,2026-01-25 20:43:03,Poland,ios,organic,beginner,travel,low,old,before_change,1,1
1995,2026-01-27 19:36:54,Poland,ios,blog,beginner,work,high,old,before_change,0,0
1996,2026-01-15 00:56:31,Poland,android,tiktok_ads,intermediate,self_development,medium,old,before_change,0,0
1997,2026-01-24 09:28:34,Spain,android,tiktok_ads,elementary,work,medium,old,before_change,0,0
1998,2026-01-31 21:17:39,Poland,ios,organic,beginner,work,low,old,before_change,0,0
1999,2026-01-19 18:30:04,Poland,android,blog,beginner,self_development,medium,old,before_change,1,1
2000,2026-01-19 18:36:20,Poland,android,instagram_ads,elementary,travel,medium,old,before_change,1,1
2001,2026-01-29 22:16:38,Italy,ios,paid_search,intermediate,exam,low,old,before_change,1,1
2002,2026-01-16 01:19:18,Netherlands,ios,paid_search,intermediate,travel,high,old,before_change,1,1
2003,2026-01-21 18:11:19,Brazil,android,paid_search,beginner,self_development,medium,old,before_change,0,0
2004,2026-01-22 18:58:15,Italy,android,organic,beginner,self_development,medium,old,before_change,0,0
2005,2026-01-28 13:32:05,Brazil,ios,organic,beginner,travel,high,old,before_change,0,0
2006,2026-01-17 04:38:39,Poland,android,paid_search,elementary,travel,medium,old,before_change,0,0
2007,2026-01-22 09:05:45,Germany,android,instagram_ads,elementary,exam,high,old,before_change,1,0
2008,2026-01-17 14:08:57,Germany,android,tiktok_ads,elementary,exam,high,old,before_change,0,0
2009,2026-01-28 09:21:18,Brazil,ios,tiktok_ads,elementary,exam,high,old,before_change,1,1
2010,2026-01-25 17:58:16,Germany,ios,instagram_ads,beginner,work,high,old,before_change,0,0
2011,2026-01-23 10:40:08,Italy,ios,organic,beginner,travel,medium,old,before_change,0,0
2012,2026-01-21 16:18:51,Germany,android,paid_search,beginner,exam,medium,old,before_change,1,1
2013,2026-01-17 14:29:42,Poland,android,tiktok_ads,elementary,travel,high,old,before_change,1,0
2014,2026-01-30 16:06:56,Germany,android,tiktok_ads,elementary,work,low,old,before_change,0,0
2015,2026-01-26 00:14:45,Italy,ios,paid_search,intermediate,work,high,old,before_change,0,0
2016,2026-01-20 10:12:57,Spain,android,blog,beginner,work,high,old,before_change,1,0
2017,2026-01-22 00:53:10,Germany,android,referral,intermediate,self_development,high,old,before_change,1,0
2018,2026-01-27 08:16:53,Germany,android,referral,beginner,work,high,old,before_change,0,0
2019,2026-01-27 05:34:56,Brazil,ios,tiktok_ads,beginner,work,low,old,before_change,0,0
2020,2026-01-22 20:07:42,Italy,android,paid_search,beginner,self_development,medium,old,before_change,1,0
2021,2026-01-20 03:35:00,Italy,ios,blog,beginner,work,high,old,before_change,0,0
2022,2026-01-26 05:15:36,Spain,ios,blog,beginner,self_development,low,old,before_change,1,0
2023,2026-01-26 04:33:32,Brazil,android,referral,beginner,self_development,medium,old,before_change,0,0
2024,2026-01-25 04:40:32,Germany,ios,referral,elementary,exam,medium,old,before_change,0,0
2025,2026-01-16 05:43:25,Brazil,ios,blog,elementary,travel,medium,old,before_change,0,0
2026,2026-01-23 00:53:45,Netherlands,android,tiktok_ads,elementary,travel,high,old,before_change,0,0
2027,2026-01-25 10:28:44,Germany,ios,organic,intermediate,work,medium,old,before_change,0,0
2028,2026-01-31 03:37:29,Netherlands,android,instagram_ads,elementary,travel,medium,old,before_change,0,0
2029,2026-01-23 22:25:47,Italy,android,instagram_ads,intermediate,travel,low,old,before_change,0,0
2030,2026-01-20 19:49:37,Germany,android,referral,beginner,travel,high,old,before_change,1,0
2031,2026-01-24 10:45:48,Germany,ios,instagram_ads,intermediate,travel,high,old,before_change,0,0
2032,2026-01-18 00:18:43,Germany,android,instagram_ads,beginner,work,medium,old,before_change,0,0
2033,2026-01-16 13:00:13,Germany,android,blog,elementary,travel,medium,old,before_change,0,0
2034,2026-01-26 12:39:44,Germany,ios,instagram_ads,elementary,travel,medium,old,before_change,0,0
2035,2026-01-31 18:21:46,Netherlands,android,organic,beginner,exam,medium,old,before_change,0,0
2036,2026-01-29 09:10:15,Germany,android,tiktok_ads,beginner,self_development,medium,old,before_change,0,0
2037,2026-01-24 22:08:02,Poland,ios,paid_search,beginner,exam,high,old,before_change,0,0
2038,2026-01-15 16:25:24,Italy,ios,organic,elementary,self_development,low,old,before_change,0,0
2039,2026-01-31 19:05:31,Italy,android,instagram_ads,intermediate,travel,medium,old,before_change,1,0
2040,2026-01-22 15:27:00,Netherlands,android,blog,beginner,self_development,low,old,before_change,1,0
2041,2026-01-19 22:10:57,Germany,android,paid_search,beginner,work,medium,old,before_change,0,0
2042,2026-01-30 04:08:05,Germany,ios,paid_search,elementary,work,low,old,before_change,0,0
2043,2026-01-27 16:31:56,Germany,ios,instagram_ads,beginner,exam,low,old,before_change,0,0
2044,2026-01-27 17:50:39,Italy,android,tiktok_ads,beginner,self_development,medium,old,before_change,0,0
2045,2026-01-19 17:19:23,Italy,android,paid_search,beginner,travel,low,old,before_change,0,0
2046,2026-01-31 20:39:27,Spain,ios,paid_search,elementary,work,high,old,before_change,0,0
2047,2026-01-22 16:46:11,Spain,android,tiktok_ads,beginner,self_development,high,old,before_change,0,0
2048,2026-01-24 00:49:00,Brazil,ios,blog,beginner,work,medium,old,before_change,0,0
2049,2026-01-27 18:23:26,Spain,ios,paid_search,beginner,work,high,old,before_change,0,0
2050,2026-01-26 05:16:41,Italy,android,instagram_ads,elementary,travel,medium,old,before_change,1,0
2051,2026-01-17 22:17:35,Germany,ios,referral,beginner,travel,high,old,before_change,0,0
2052,2026-01-20 03:24:43,Spain,android,organic,elementary,work,high,old,before_change,0,0
2053,2026-01-21 03:21:49,Spain,ios,referral,intermediate,work,medium,old,before_change,0,0
2054,2026-01-31 02:35:40,Germany,android,paid_search,beginner,travel,low,old,before_change,0,0
2055,2026-01-27 03:31:06,Spain,ios,organic,beginner,self_development,medium,old,before_change,1,1
2056,2026-01-21 05:27:53,Poland,android,organic,beginner,exam,medium,old,before_change,1,0
2057,2026-01-27 11:46:00,Germany,android,organic,intermediate,travel,low,old,before_change,0,0
2058,2026-01-27 13:18:44,Netherlands,ios,referral,elementary,travel,low,old,before_change,1,0
2059,2026-01-21 16:50:32,Spain,android,tiktok_ads,intermediate,self_development,high,old,before_change,1,0
2060,2026-01-21 20:28:52,Germany,android,referral,intermediate,self_development,low,old,before_change,0,0
2061,2026-01-30 04:52:18,Germany,ios,tiktok_ads,intermediate,self_development,medium,old,before_change,1,1
2062,2026-01-24 13:13:19,Germany,android,paid_search,intermediate,exam,medium,old,before_change,1,0
2063,2026-01-17 13:00:08,Germany,android,blog,beginner,self_development,low,old,before_change,0,0
2064,2026-01-27 05:40:16,Spain,android,referral,elementary,travel,low,old,before_change,0,0
2065,2026-01-25 00:32:37,Poland,ios,paid_search,intermediate,travel,medium,old,before_change,0,0
2066,2026-01-23 15:38:42,Poland,ios,referral,elementary,travel,medium,old,before_change,1,0
2067,2026-01-27 07:50:33,Italy,ios,referral,elementary,work,medium,old,before_change,0,0
2068,2026-01-30 10:05:28,Spain,ios,instagram_ads,intermediate,travel,high,old,before_change,0,0
2069,2026-01-20 14:49:04,Poland,ios,organic,elementary,work,medium,old,before_change,0,0
2070,2026-01-22 03:04:29,Netherlands,android,paid_search,elementary,travel,medium,old,before_change,0,0
2071,2026-01-18 05:18:50,Germany,ios,blog,elementary,work,medium,old,before_change,0,0
2072,2026-01-26 00:00:19,Spain,ios,tiktok_ads,beginner,self_development,high,old,before_change,0,0
2073,2026-01-21 20:18:26,Brazil,ios,referral,beginner,exam,medium,old,before_change,0,0
2074,2026-01-20 19:41:01,Poland,ios,blog,elementary,work,high,old,before_change,0,0
2075,2026-01-26 20:10:53,Brazil,android,organic,intermediate,travel,medium,old,before_change,1,1
2076,2026-01-21 22:31:40,Germany,ios,blog,intermediate,travel,low,old,before_change,0,0
2077,2026-01-22 21:27:43,Italy,android,instagram_ads,beginner,work,high,old,before_change,0,0
2078,2026-01-22 11:32:25,Germany,android,tiktok_ads,intermediate,travel,low,old,before_change,0,0
2079,2026-01-19 09:29:00,Italy,ios,paid_search,beginner,self_development,medium,old,before_change,1,0
2080,2026-01-17 03:19:45,Poland,android,paid_search,elementary,self_development,high,old,before_change,1,1
2081,2026-01-29 01:30:40,Poland,ios,paid_search,intermediate,travel,high,old,before_change,1,1
2082,2026-01-16 13:25:23,Poland,ios,paid_search,intermediate,travel,high,old,before_change,0,0
2083,2026-01-20 12:33:02,Germany,android,organic,elementary,travel,low,old,before_change,0,0
2084,2026-01-26 08:20:09,Netherlands,android,paid_search,elementary,self_development,high,old,before_change,0,0
2085,2026-01-17 05:34:06,Poland,ios,tiktok_ads,beginner,travel,medium,old,before_change,0,0
2086,2026-01-26 03:27:04,Poland,android,blog,elementary,exam,medium,old,before_change,0,0
2087,2026-01-27 11:05:27,Germany,ios,organic,beginner,work,high,old,before_change,1,0
2088,2026-01-26 06:28:01,Germany,android,organic,beginner,work,medium,old,before_change,0,0
2089,2026-01-20 04:27:11,Spain,android,instagram_ads,intermediate,exam,high,old,before_change,1,1
2090,2026-01-15 08:03:52,Brazil,ios,tiktok_ads,beginner,work,low,old,before_change,0,0
2091,2026-01-30 02:02:22,Brazil,android,instagram_ads,elementary,self_development,low,old,before_change,0,0
2092,2026-01-20 13:13:52,Poland,android,blog,beginner,travel,low,old,before_change,0,0
2093,2026-01-28 16:26:33,Poland,ios,organic,beginner,exam,high,old,before_change,0,0
2094,2026-01-18 08:42:23,Netherlands,android,instagram_ads,beginner,self_development,medium,old,before_change,0,0
2095,2026-01-17 18:15:48,Germany,android,blog,beginner,travel,medium,old,before_change,0,0
2096,2026-01-28 05:29:08,Brazil,ios,instagram_ads,beginner,work,low,old,before_change,0,0
2097,2026-01-30 23:24:38,Spain,android,instagram_ads,elementary,exam,medium,old,before_change,1,1
2098,2026-01-29 15:08:13,Germany,android,blog,elementary,travel,medium,old,before_change,1,1
2099,2026-01-27 18:30:30,Germany,android,paid_search,beginner,work,medium,old,before_change,1,0
2100,2026-01-19 04:38:44,Spain,ios,organic,intermediate,travel,low,old,before_change,1,0
2101,2026-01-30 12:35:23,Germany,android,organic,elementary,self_development,medium,old,before_change,1,1
2102,2026-01-26 08:28:56,Brazil,android,referral,elementary,work,high,old,before_change,0,0
2103,2026-01-17 22:14:35,Germany,android,referral,elementary,work,low,old,before_change,0,0
2104,2026-01-17 04:46:48,Germany,ios,organic,elementary,exam,medium,old,before_change,0,0
2105,2026-01-29 19:26:02,Germany,android,instagram_ads,beginner,exam,high,old,before_change,0,0
2106,2026-01-19 16:15:44,Netherlands,android,instagram_ads,beginner,travel,medium,old,before_change,0,0
2107,2026-01-28 00:29:02,Brazil,ios,organic,beginner,travel,high,old,before_change,0,0
2108,2026-01-17 08:34:15,Spain,ios,referral,elementary,travel,medium,old,before_change,1,0
2109,2026-01-19 18:27:35,Germany,android,paid_search,beginner,self_development,medium,old,before_change,0,0
2110,2026-01-19 19:40:35,Italy,android,referral,intermediate,work,low,old,before_change,1,1
2111,2026-01-19 18:41:25,Netherlands,android,tiktok_ads,beginner,travel,high,old,before_change,1,0
2112,2026-01-26 11:17:33,Netherlands,ios,paid_search,beginner,work,medium,old,before_change,1,1
2113,2026-01-30 13:04:14,Brazil,android,tiktok_ads,beginner,work,high,old,before_change,0,0
2114,2026-01-30 11:24:48,Poland,ios,tiktok_ads,intermediate,work,high,old,before_change,1,0
2115,2026-01-27 14:33:09,Italy,android,paid_search,elementary,work,low,old,before_change,0,0
2116,2026-01-18 10:37:44,Spain,ios,paid_search,elementary,travel,medium,old,before_change,0,0
2117,2026-01-31 07:54:59,Netherlands,ios,referral,elementary,travel,low,old,before_change,0,0
2118,2026-01-24 05:10:05,Germany,android,tiktok_ads,beginner,self_development,medium,old,before_change,0,0
2119,2026-01-24 06:45:16,Netherlands,android,tiktok_ads,elementary,exam,high,old,before_change,0,0
2120,2026-01-26 22:10:03,Spain,ios,paid_search,intermediate,exam,medium,old,before_change,1,0
2121,2026-01-28 01:47:27,Germany,ios,tiktok_ads,elementary,travel,medium,old,before_change,0,0
2122,2026-01-31 04:47:32,Italy,android,tiktok_ads,beginner,self_development,medium,old,before_change,0,0
2123,2026-01-24 21:36:39,Poland,android,paid_search,elementary,travel,high,old,before_change,0,0
2124,2026-01-25 08:54:16,Spain,ios,paid_search,elementary,exam,low,old,before_change,0,0
2125,2026-01-27 16:10:31,Italy,android,paid_search,intermediate,exam,low,old,before_change,0,0
2126,2026-01-19 08:05:01,Spain,ios,tiktok_ads,beginner,travel,low,old,before_change,0,0
2127,2026-01-20 05:32:48,Brazil,android,organic,intermediate,travel,high,old,before_change,0,0
2128,2026-01-25 15:11:42,Poland,ios,referral,intermediate,exam,medium,old,before_change,0,0
2129,2026-01-16 02:09:51,Spain,ios,paid_search,beginner,work,medium,old,before_change,0,0
2130,2026-01-20 10:45:37,Brazil,android,referral,elementary,self_development,high,old,before_change,1,1
2131,2026-01-27 04:56:32,Netherlands,ios,organic,beginner,exam,medium,old,before_change,1,1
2132,2026-01-31 14:15:37,Germany,android,tiktok_ads,beginner,self_development,medium,old,before_change,0,0
2133,2026-01-23 19:57:16,Spain,ios,instagram_ads,elementary,exam,high,old,before_change,0,0
2134,2026-01-21 19:04:04,Spain,ios,tiktok_ads,beginner,work,high,old,before_change,1,0
2135,2026-01-22 11:40:24,Netherlands,android,blog,beginner,self_development,high,old,before_change,0,0
2136,2026-01-26 15:39:16,Germany,android,organic,elementary,self_development,high,old,before_change,0,0
2137,2026-01-24 06:08:44,Germany,ios,organic,intermediate,travel,medium,old,before_change,0,0
2138,2026-01-15 09:28:36,Poland,android,organic,beginner,work,low,old,before_change,0,0
2139,2026-01-24 04:00:35,Germany,ios,instagram_ads,beginner,travel,high,old,before_change,0,0
2140,2026-01-21 19:13:30,Spain,android,referral,beginner,self_development,medium,old,before_change,0,0
2141,2026-01-26 21:55:37,Poland,ios,organic,beginner,exam,high,old,before_change,1,0
2142,2026-01-29 21:02:38,Poland,android,referral,intermediate,work,medium,old,before_change,1,0
2143,2026-01-31 08:40:44,Germany,ios,paid_search,elementary,self_development,high,old,before_change,1,1
2144,2026-01-25 08:58:22,Poland,android,blog,elementary,work,medium,old,before_change,0,0
2145,2026-01-21 03:55:31,Poland,android,paid_search,beginner,work,low,old,before_change,0,0
2146,2026-01-22 13:07:43,Spain,android,blog,intermediate,work,low,old,before_change,0,0
2147,2026-01-17 23:59:46,Poland,ios,instagram_ads,elementary,travel,medium,old,before_change,1,0
2148,2026-01-30 21:51:44,Poland,ios,blog,intermediate,travel,high,old,before_change,1,1
2149,2026-01-29 09:42:11,Netherlands,ios,tiktok_ads,elementary,work,medium,old,before_change,0,0
2150,2026-01-29 12:25:32,Brazil,android,paid_search,intermediate,travel,medium,old,before_change,0,0
2151,2026-01-20 13:52:27,Poland,ios,referral,elementary,self_development,medium,old,before_change,1,0
2152,2026-01-20 11:27:50,Italy,android,instagram_ads,intermediate,work,low,old,before_change,0,0
2153,2026-01-29 13:29:53,Brazil,ios,paid_search,beginner,work,medium,old,before_change,1,0
2154,2026-01-24 06:10:32,Poland,android,instagram_ads,elementary,travel,low,old,before_change,1,0
2155,2026-01-26 23:29:58,Poland,android,referral,elementary,work,low,old,before_change,0,0
2156,2026-01-23 07:50:53,Poland,android,tiktok_ads,elementary,exam,low,old,before_change,1,0
2157,2026-01-22 12:39:00,Italy,android,organic,elementary,self_development,high,old,before_change,0,0
2158,2026-01-25 17:56:19,Germany,android,referral,beginner,travel,high,old,before_change,0,0
2159,2026-01-28 19:41:46,Germany,android,paid_search,intermediate,travel,medium,old,before_change,0,0
2160,2026-01-20 16:19:02,Netherlands,android,organic,beginner,travel,medium,old,before_change,1,1
2161,2026-01-28 18:07:52,Brazil,android,organic,beginner,work,high,old,before_change,0,0
2162,2026-01-19 03:38:08,Brazil,ios,organic,elementary,travel,high,old,before_change,1,1
2163,2026-01-21 20:21:13,Poland,ios,tiktok_ads,elementary,travel,medium,old,before_change,0,0
2164,2026-01-30 12:22:12,Italy,android,paid_search,beginner,exam,high,old,before_change,0,0
2165,2026-01-31 05:25:00,Spain,android,organic,beginner,self_development,low,old,before_change,0,0
2166,2026-01-30 16:56:26,Poland,ios,paid_search,elementary,work,low,old,before_change,1,0
2167,2026-01-20 08:56:45,Germany,ios,referral,intermediate,work,high,old,before_change,0,0
2168,2026-01-29 08:04:32,Brazil,android,instagram_ads,beginner,exam,high,old,before_change,0,0
2169,2026-01-30 21:55:24,Germany,ios,instagram_ads,beginner,travel,medium,old,before_change,1,1
2170,2026-01-31 15:06:26,Brazil,android,tiktok_ads,elementary,exam,medium,old,before_change,0,0
2171,2026-01-15 08:31:42,Brazil,android,organic,beginner,travel,medium,old,before_change,0,0
2172,2026-01-27 15:57:23,Poland,ios,referral,intermediate,work,medium,old,before_change,0,0
2173,2026-01-31 22:40:20,Netherlands,ios,organic,elementary,work,medium,old,before_change,0,0
2174,2026-01-27 23:59:03,Spain,ios,organic,intermediate,exam,high,old,before_change,1,1
2175,2026-01-18 23:08:06,Germany,ios,paid_search,beginner,work,medium,old,before_change,1,0
2176,2026-01-27 23:08:12,Germany,android,organic,beginner,self_development,low,old,before_change,0,0
2177,2026-01-16 18:56:22,Italy,android,organic,elementary,work,low,old,before_change,0,0
2178,2026-01-23 04:05:16,Italy,android,tiktok_ads,beginner,work,medium,old,before_change,0,0
2179,2026-01-25 15:30:03,Spain,ios,paid_search,beginner,self_development,medium,old,before_change,0,0
2180,2026-01-22 18:13:56,Germany,android,organic,beginner,work,low,old,before_change,0,0
2181,2026-01-26 21:31:55,Spain,ios,tiktok_ads,elementary,work,medium,old,before_change,0,0
2182,2026-01-19 02:00:44,Netherlands,android,tiktok_ads,beginner,exam,medium,old,before_change,0,0
2183,2026-01-25 07:20:16,Spain,ios,blog,beginner,self_development,high,old,before_change,1,0
2184,2026-01-25 23:05:10,Germany,android,organic,beginner,exam,medium,old,before_change,1,1
2185,2026-01-25 18:35:19,Spain,android,referral,elementary,exam,low,old,before_change,0,0
2186,2026-01-19 22:02:33,Germany,ios,tiktok_ads,beginner,self_development,medium,old,before_change,0,0
2187,2026-01-20 04:35:44,Spain,android,instagram_ads,elementary,self_development,high,old,before_change,0,0
2188,2026-01-19 09:11:08,Germany,ios,paid_search,elementary,self_development,medium,old,before_change,1,0
2189,2026-01-22 20:24:18,Netherlands,ios,instagram_ads,elementary,travel,medium,old,before_change,0,0
2190,2026-01-24 23:04:20,Brazil,android,organic,intermediate,exam,high,old,before_change,1,0
2191,2026-01-21 03:54:52,Germany,android,tiktok_ads,intermediate,work,medium,old,before_change,1,0
2192,2026-01-21 23:16:22,Brazil,ios,tiktok_ads,beginner,work,high,old,before_change,0,0
2193,2026-01-19 20:51:21,Brazil,ios,organic,beginner,exam,low,old,before_change,0,0
2194,2026-01-18 17:17:36,Poland,ios,paid_search,elementary,travel,medium,old,before_change,0,0
2195,2026-01-26 04:14:05,Italy,android,blog,elementary,exam,medium,old,before_change,0,0
2196,2026-01-28 20:57:03,Germany,android,instagram_ads,beginner,travel,low,old,before_change,0,0
2197,2026-01-19 22:36:26,Italy,ios,instagram_ads,intermediate,self_development,medium,old,before_change,0,0
2198,2026-01-29 15:06:45,Poland,ios,blog,intermediate,work,medium,old,before_change,0,0
2199,2026-01-24 16:57:32,Netherlands,android,organic,intermediate,travel,high,old,before_change,0,0
2200,2026-01-17 20:25:17,Spain,android,instagram_ads,beginner,work,low,old,before_change,0,0
2201,2026-01-21 05:19:39,Spain,ios,referral,elementary,exam,medium,old,before_change,0,0
2202,2026-01-15 03:03:46,Germany,android,paid_search,beginner,exam,medium,old,before_change,1,0
2203,2026-01-15 15:58:52,Italy,ios,paid_search,beginner,self_development,medium,old,before_change,1,0
2204,2026-01-20 17:08:27,Netherlands,ios,referral,beginner,self_development,medium,old,before_change,1,0
2205,2026-01-22 17:25:14,Spain,android,organic,beginner,travel,medium,old,before_change,0,0
2206,2026-01-28 13:23:03,Brazil,android,organic,intermediate,travel,medium,old,before_change,0,0
2207,2026-01-17 06:47:43,Germany,ios,paid_search,elementary,travel,medium,old,before_change,1,1
2208,2026-01-29 06:22:58,Germany,android,referral,elementary,travel,medium,old,before_change,1,0
2209,2026-01-18 23:41:07,Netherlands,android,instagram_ads,beginner,work,medium,old,before_change,0,0
2210,2026-01-17 08:26:17,Brazil,android,paid_search,intermediate,travel,medium,old,before_change,0,0
2211,2026-01-26 21:33:22,Poland,android,paid_search,intermediate,work,low,old,before_change,0,0
2212,2026-01-28 03:55:44,Netherlands,android,paid_search,elementary,work,medium,old,before_change,0,0
2213,2026-01-25 06:48:15,Netherlands,android,tiktok_ads,beginner,exam,low,old,before_change,0,0
2214,2026-01-16 23:12:26,Poland,ios,referral,beginner,self_development,medium,old,before_change,0,0
2215,2026-01-16 23:03:38,Germany,android,paid_search,elementary,exam,medium,old,before_change,0,0
2216,2026-01-21 15:08:43,Netherlands,ios,tiktok_ads,intermediate,travel,medium,old,before_change,0,0
2217,2026-01-22 15:50:41,Poland,android,tiktok_ads,intermediate,work,medium,old,before_change,0,0
2218,2026-01-31 23:25:57,Germany,ios,tiktok_ads,beginner,travel,high,old,before_change,0,0
2219,2026-01-19 20:52:54,Germany,ios,instagram_ads,beginner,work,medium,old,before_change,0,0
2220,2026-01-18 06:34:37,Germany,android,organic,beginner,work,medium,old,before_change,0,0
2221,2026-01-31 01:55:39,Germany,ios,tiktok_ads,beginner,self_development,medium,old,before_change,0,0
2222,2026-01-17 14:49:01,Brazil,ios,instagram_ads,elementary,travel,high,old,before_change,0,0
2223,2026-01-15 10:46:20,Germany,ios,instagram_ads,elementary,travel,medium,old,before_change,0,0
2224,2026-01-22 04:30:09,Netherlands,android,paid_search,intermediate,travel,medium,old,before_change,0,0
2225,2026-01-21 19:38:28,Germany,ios,organic,beginner,work,medium,old,before_change,1,1
2226,2026-01-25 12:49:29,Germany,ios,organic,beginner,self_development,medium,old,before_change,1,0
2227,2026-01-29 22:06:56,Spain,android,organic,elementary,work,high,old,before_change,0,0
2228,2026-01-30 20:37:24,Germany,android,organic,intermediate,work,high,old,before_change,1,1
2229,2026-01-19 22:10:21,Italy,android,organic,intermediate,travel,medium,old,before_change,0,0
2230,2026-01-31 16:10:30,Spain,ios,organic,intermediate,work,high,old,before_change,1,1
2231,2026-01-25 18:07:32,Germany,android,paid_search,elementary,travel,high,old,before_change,0,0
2232,2026-01-16 04:24:48,Germany,android,blog,beginner,travel,low,old,before_change,0,0
2233,2026-01-30 22:53:10,Spain,android,instagram_ads,elementary,exam,high,old,before_change,0,0
2234,2026-01-17 08:18:10,Netherlands,android,paid_search,intermediate,travel,medium,old,before_change,0,0
2235,2026-01-25 00:08:49,Poland,ios,tiktok_ads,beginner,travel,medium,old,before_change,0,0
2236,2026-01-28 10:37:15,Spain,android,instagram_ads,beginner,travel,high,old,before_change,0,0
2237,2026-01-19 05:46:14,Netherlands,android,organic,beginner,travel,high,old,before_change,1,0
2238,2026-01-19 14:25:04,Brazil,ios,instagram_ads,elementary,exam,high,old,before_change,1,0
2239,2026-01-23 02:16:48,Poland,ios,paid_search,elementary,travel,high,old,before_change,1,1
2240,2026-01-30 01:01:06,Brazil,ios,instagram_ads,beginner,exam,medium,old,before_change,0,0
2241,2026-01-18 19:13:48,Spain,android,organic,beginner,work,medium,old,before_change,1,0
2242,2026-01-26 06:41:20,Poland,ios,instagram_ads,elementary,work,medium,old,before_change,1,0
2243,2026-01-22 16:39:26,Poland,android,organic,beginner,travel,medium,old,before_change,0,0
2244,2026-01-16 21:37:57,Brazil,android,paid_search,beginner,exam,high,old,before_change,0,0
2245,2026-01-27 02:02:15,Italy,ios,tiktok_ads,elementary,work,low,old,before_change,1,1
2246,2026-01-29 03:40:19,Poland,ios,organic,beginner,exam,medium,old,before_change,0,0
2247,2026-01-24 18:51:31,Germany,ios,paid_search,beginner,work,high,old,before_change,0,0
2248,2026-01-17 23:57:12,Poland,ios,organic,beginner,self_development,medium,old,before_change,1,0
2249,2026-01-17 15:32:09,Netherlands,android,tiktok_ads,beginner,work,low,old,before_change,0,0
2250,2026-01-22 04:47:10,Brazil,android,instagram_ads,beginner,self_development,medium,old,before_change,0,0
2251,2026-01-23 14:37:07,Brazil,android,referral,beginner,work,high,old,before_change,0,0
2252,2026-01-24 09:17:29,Poland,android,instagram_ads,beginner,self_development,high,old,before_change,0,0
2253,2026-01-19 03:24:41,Netherlands,ios,blog,elementary,self_development,medium,old,before_change,1,0
2254,2026-01-23 12:18:45,Brazil,android,organic,intermediate,travel,low,old,before_change,0,0
2255,2026-01-20 00:23:32,Germany,android,tiktok_ads,beginner,exam,high,old,before_change,1,1
2256,2026-01-26 15:57:16,Brazil,android,paid_search,elementary,travel,high,old,before_change,1,1
2257,2026-01-28 12:57:41,Italy,ios,paid_search,beginner,self_development,high,old,before_change,0,0
2258,2026-01-26 02:17:46,Poland,ios,tiktok_ads,intermediate,work,high,old,before_change,0,0
2259,2026-01-15 00:30:32,Germany,android,blog,beginner,work,high,old,before_change,0,0
2260,2026-01-31 20:45:11,Italy,android,tiktok_ads,beginner,travel,medium,old,before_change,0,0
2261,2026-01-15 09:41:49,Poland,ios,paid_search,beginner,self_development,high,old,before_change,0,0
2262,2026-01-31 23:45:50,Brazil,ios,instagram_ads,beginner,self_development,medium,old,before_change,0,0
2263,2026-01-15 12:57:50,Germany,android,organic,beginner,work,medium,old,before_change,0,0
2264,2026-01-23 18:42:55,Brazil,android,instagram_ads,beginner,travel,medium,old,before_change,0,0
2265,2026-01-16 19:14:10,Germany,android,paid_search,elementary,exam,low,old,before_change,0,0
2266,2026-01-16 14:50:28,Spain,ios,organic,beginner,travel,medium,old,before_change,0,0
2267,2026-01-26 14:49:31,Netherlands,ios,organic,beginner,self_development,high,old,before_change,1,0
2268,2026-01-27 08:57:36,Italy,android,blog,intermediate,work,medium,old,before_change,0,0
2269,2026-01-17 00:14:26,Spain,android,organic,beginner,work,medium,old,before_change,0,0
2270,2026-01-31 14:28:44,Poland,ios,paid_search,beginner,travel,medium,old,before_change,0,0
2271,2026-01-20 10:44:53,Italy,android,organic,elementary,self_development,medium,old,before_change,0,0
2272,2026-01-20 09:52:37,Germany,ios,instagram_ads,beginner,work,medium,old,before_change,0,0
2273,2026-01-20 01:10:00,Germany,android,organic,intermediate,self_development,medium,old,before_change,0,0
2274,2026-01-22 20:10:23,Poland,ios,tiktok_ads,beginner,travel,low,old,before_change,0,0
2275,2026-01-18 00:33:22,Poland,android,organic,beginner,work,medium,old,before_change,0,0
2276,2026-01-22 05:18:32,Spain,android,organic,intermediate,travel,medium,old,before_change,0,0
2277,2026-01-18 13:40:20,Netherlands,ios,organic,intermediate,self_development,low,old,before_change,1,0
2278,2026-01-15 20:58:44,Netherlands,ios,paid_search,elementary,travel,medium,old,before_change,0,0
2279,2026-01-21 06:26:40,Poland,ios,tiktok_ads,beginner,work,high,old,before_change,1,1
2280,2026-01-26 10:17:01,Poland,ios,organic,elementary,exam,medium,old,before_change,0,0
2281,2026-01-27 23:20:26,Germany,android,tiktok_ads,intermediate,travel,medium,old,before_change,1,0
2282,2026-01-21 00:09:42,Germany,android,paid_search,elementary,self_development,low,old,before_change,0,0
2283,2026-01-20 12:05:18,Germany,ios,organic,intermediate,self_development,low,old,before_change,0,0
2284,2026-01-28 09:17:06,Italy,android,organic,elementary,work,medium,old,before_change,1,0
2285,2026-01-26 13:55:29,Italy,ios,instagram_ads,intermediate,exam,medium,old,before_change,0,0
2286,2026-01-29 03:30:17,Poland,android,paid_search,beginner,travel,high,old,before_change,0,0
2287,2026-01-30 09:41:21,Germany,android,instagram_ads,intermediate,work,medium,old,before_change,0,0
2288,2026-01-28 23:03:43,Brazil,ios,referral,intermediate,self_development,high,old,before_change,0,0
2289,2026-01-30 22:05:10,Germany,android,organic,elementary,travel,low,old,before_change,0,0
2290,2026-01-22 01:59:59,Spain,android,paid_search,intermediate,self_development,high,old,before_change,1,0
2291,2026-01-21 17:01:33,Germany,ios,paid_search,elementary,work,medium,old,before_change,0,0
2292,2026-01-20 11:11:26,Poland,android,paid_search,elementary,travel,medium,old,before_change,1,1
2293,2026-01-18 23:58:14,Germany,ios,paid_search,elementary,work,low,old,before_change,0,0
2294,2026-01-27 17:31:07,Netherlands,ios,instagram_ads,intermediate,work,medium,old,before_change,0,0
2295,2026-01-27 03:29:46,Italy,android,instagram_ads,elementary,self_development,high,old,before_change,0,0
2296,2026-01-28 14:58:00,Netherlands,ios,tiktok_ads,elementary,exam,medium,old,before_change,0,0
2297,2026-01-17 20:17:43,Germany,ios,organic,elementary,work,medium,old,before_change,0,0
2298,2026-01-23 08:25:58,Italy,ios,instagram_ads,intermediate,self_development,medium,old,before_change,1,1
2299,2026-01-18 18:33:33,Netherlands,ios,tiktok_ads,beginner,travel,high,old,before_change,1,0
2300,2026-01-30 04:21:23,Brazil,ios,instagram_ads,elementary,work,medium,old,before_change,0,0
2301,2026-01-19 13:06:13,Netherlands,ios,tiktok_ads,elementary,self_development,medium,old,before_change,0,0
2302,2026-01-17 10:42:53,Poland,android,instagram_ads,intermediate,work,high,old,before_change,0,0
2303,2026-01-24 16:30:16,Brazil,android,instagram_ads,beginner,travel,medium,old,before_change,1,0
2304,2026-01-29 22:39:36,Brazil,android,organic,elementary,self_development,low,old,before_change,0,0
2305,2026-01-30 13:37:05,Brazil,android,tiktok_ads,beginner,travel,high,old,before_change,0,0
2306,2026-01-16 15:12:24,Germany,ios,instagram_ads,elementary,work,high,old,before_change,1,1
2307,2026-01-20 12:57:52,Poland,android,organic,elementary,self_development,medium,old,before_change,0,0
2308,2026-01-17 14:38:18,Germany,android,organic,elementary,travel,medium,old,before_change,0,0
2309,2026-01-20 05:36:33,Spain,android,organic,elementary,self_development,medium,old,before_change,0,0
2310,2026-01-24 01:48:24,Spain,android,instagram_ads,beginner,self_development,medium,old,before_change,0,0
2311,2026-01-19 18:28:23,Spain,ios,organic,elementary,work,medium,old,before_change,0,0
2312,2026-01-16 03:32:51,Spain,ios,referral,intermediate,travel,low,old,before_change,0,0
2313,2026-01-23 16:05:31,Netherlands,android,blog,elementary,self_development,medium,old,before_change,0,0
2314,2026-01-15 21:32:43,Spain,android,blog,beginner,work,low,old,before_change,0,0
2315,2026-01-18 20:29:31,Germany,android,organic,elementary,work,low,old,before_change,0,0
2316,2026-01-15 00:12:41,Poland,android,instagram_ads,elementary,travel,high,old,before_change,0,0
2317,2026-01-16 11:25:23,Italy,ios,referral,elementary,travel,high,old,before_change,1,1
2318,2026-01-22 10:01:01,Brazil,ios,tiktok_ads,elementary,work,low,old,before_change,0,0
2319,2026-01-29 11:05:28,Spain,android,paid_search,intermediate,self_development,medium,old,before_change,0,0
2320,2026-01-28 04:02:47,Germany,ios,referral,intermediate,work,medium,old,before_change,0,0
2321,2026-01-16 16:19:22,Germany,android,instagram_ads,beginner,travel,high,old,before_change,0,0
2322,2026-01-15 14:12:50,Spain,android,tiktok_ads,elementary,self_development,medium,old,before_change,0,0
2323,2026-01-20 17:56:22,Italy,ios,blog,elementary,work,medium,old,before_change,1,1
2324,2026-01-26 02:07:15,Poland,ios,blog,intermediate,travel,medium,old,before_change,0,0
2325,2026-01-27 16:40:00,Spain,android,instagram_ads,beginner,self_development,high,old,before_change,0,0
2326,2026-01-28 23:50:09,Italy,android,organic,beginner,work,high,old,before_change,0,0
2327,2026-01-20 19:37:10,Spain,android,instagram_ads,elementary,work,low,old,before_change,0,0
2328,2026-01-17 20:32:39,Germany,ios,tiktok_ads,elementary,self_development,medium,old,before_change,0,0
2329,2026-01-15 10:44:59,Spain,ios,instagram_ads,beginner,travel,low,old,before_change,0,0
2330,2026-01-17 11:55:13,Germany,ios,paid_search,intermediate,work,high,old,before_change,0,0
2331,2026-01-16 02:35:09,Italy,ios,instagram_ads,beginner,self_development,medium,old,before_change,0,0
2332,2026-01-29 15:12:24,Spain,ios,instagram_ads,beginner,travel,low,old,before_change,1,0
2333,2026-01-19 13:30:45,Netherlands,android,blog,beginner,self_development,medium,old,before_change,0,0
2334,2026-01-28 23:50:05,Spain,ios,referral,beginner,travel,medium,old,before_change,0,0
2335,2026-01-24 09:41:19,Italy,android,paid_search,beginner,self_development,high,old,before_change,1,1
2336,2026-01-24 03:53:17,Netherlands,android,instagram_ads,beginner,work,medium,old,before_change,0,0
2337,2026-01-22 17:33:20,Brazil,android,instagram_ads,beginner,work,medium,old,before_change,0,0
2338,2026-01-28 22:14:00,Germany,android,instagram_ads,elementary,work,high,old,before_change,0,0
2339,2026-01-15 17:43:38,Italy,ios,organic,beginner,travel,high,old,before_change,0,0
2340,2026-01-16 13:50:40,Brazil,android,tiktok_ads,elementary,travel,high,old,before_change,0,0
2341,2026-01-22 04:44:32,Spain,ios,tiktok_ads,intermediate,exam,low,old,before_change,0,0
2342,2026-01-21 16:56:54,Poland,ios,instagram_ads,intermediate,self_development,low,old,before_change,0,0
2343,2026-01-24 06:36:12,Germany,android,blog,beginner,travel,high,old,before_change,0,0
2344,2026-01-27 13:01:17,Spain,ios,blog,beginner,self_development,low,old,before_change,0,0
2345,2026-01-24 23:43:06,Brazil,ios,referral,elementary,work,medium,old,before_change,0,0
2346,2026-01-19 09:02:25,Spain,android,blog,beginner,work,low,old,before_change,0,0
2347,2026-01-20 13:32:05,Brazil,android,instagram_ads,elementary,work,medium,old,before_change,0,0
2348,2026-01-27 18:57:00,Germany,ios,blog,elementary,exam,high,old,before_change,1,0
2349,2026-01-18 10:11:55,Germany,ios,blog,beginner,work,low,old,before_change,0,0
2350,2026-01-23 13:42:17,Germany,ios,instagram_ads,beginner,travel,low,old,before_change,0,0
2351,2026-01-24 03:49:36,Germany,android,organic,intermediate,travel,medium,old,before_change,0,0
2352,2026-01-27 18:06:30,Italy,android,organic,elementary,work,medium,old,before_change,0,0
2353,2026-01-27 03:27:23,Brazil,ios,instagram_ads,elementary,work,low,old,before_change,0,0
2354,2026-01-22 21:35:21,Brazil,android,tiktok_ads,elementary,travel,high,old,before_change,0,0
2355,2026-01-20 06:08:20,Spain,android,instagram_ads,elementary,work,low,old,before_change,0,0
2356,2026-01-21 06:06:17,Poland,android,referral,beginner,travel,low,old,before_change,0,0
2357,2026-01-21 23:55:43,Germany,android,tiktok_ads,elementary,work,high,old,before_change,0,0
2358,2026-01-18 17:25:45,Germany,android,organic,beginner,work,high,old,before_change,1,0
2359,2026-01-25 15:09:58,Netherlands,android,organic,elementary,self_development,high,old,before_change,0,0
2360,2026-01-18 13:01:07,Brazil,android,tiktok_ads,beginner,travel,low,old,before_change,0,0
2361,2026-01-26 00:39:36,Poland,ios,paid_search,intermediate,travel,low,old,before_change,0,0
2362,2026-01-27 18:36:29,Italy,ios,blog,elementary,work,medium,old,before_change,1,1
2363,2026-01-31 08:25:48,Poland,ios,referral,beginner,exam,low,old,before_change,0,0
2364,2026-01-17 00:30:55,Germany,android,instagram_ads,elementary,exam,low,old,before_change,0,0
2365,2026-01-27 21:58:13,Germany,ios,instagram_ads,elementary,work,low,old,before_change,0,0
2366,2026-01-16 11:04:50,Germany,android,referral,elementary,travel,medium,old,before_change,0,0
2367,2026-01-20 17:35:49,Poland,ios,referral,beginner,self_development,low,old,before_change,1,1
2368,2026-01-17 23:55:36,Italy,android,instagram_ads,elementary,work,high,old,before_change,0,0
2369,2026-01-17 18:12:43,Italy,ios,blog,elementary,self_development,high,old,before_change,0,0
2370,2026-01-17 23:32:28,Spain,android,instagram_ads,beginner,work,medium,old,before_change,0,0
2371,2026-01-15 17:55:36,Poland,android,organic,elementary,self_development,high,old,before_change,0,0
2372,2026-01-28 23:49:40,Brazil,android,instagram_ads,beginner,self_development,high,old,before_change,0,0
2373,2026-01-16 00:56:25,Poland,android,referral,intermediate,travel,high,old,before_change,0,0
2374,2026-01-21 18:35:26,Brazil,ios,blog,intermediate,travel,medium,old,before_change,1,0
2375,2026-01-26 21:15:30,Germany,android,organic,beginner,travel,medium,old,before_change,0,0
2376,2026-01-31 20:04:42,Germany,android,paid_search,beginner,self_development,low,old,before_change,0,0
2377,2026-01-29 12:18:42,Italy,android,instagram_ads,beginner,travel,medium,old,before_change,0,0
2378,2026-01-17 07:58:55,Spain,android,referral,intermediate,work,medium,old,before_change,0,0
2379,2026-01-31 18:59:50,Spain,android,tiktok_ads,beginner,work,low,old,before_change,0,0
2380,2026-01-26 02:38:39,Spain,android,organic,elementary,exam,low,old,before_change,0,0
2381,2026-01-18 01:15:49,Spain,android,referral,intermediate,work,medium,old,before_change,1,0
2382,2026-01-22 15:04:53,Italy,android,tiktok_ads,beginner,work,medium,old,before_change,1,1
2383,2026-01-30 14:29:45,Germany,android,referral,elementary,work,low,old,before_change,1,1
2384,2026-01-21 16:18:38,Germany,ios,referral,beginner,travel,low,old,before_change,0,0
2385,2026-01-18 02:55:27,Poland,ios,organic,beginner,travel,medium,old,before_change,1,1
2386,2026-01-29 21:02:03,Brazil,android,blog,intermediate,self_development,medium,old,before_change,1,0
2387,2026-01-31 04:48:50,Germany,android,instagram_ads,beginner,self_development,medium,old,before_change,0,0
2388,2026-01-31 14:02:34,Germany,android,blog,beginner,self_development,high,old,before_change,0,0
2389,2026-01-31 05:55:47,Germany,android,organic,elementary,travel,medium,old,before_change,1,0
2390,2026-01-29 20:07:35,Germany,android,referral,elementary,travel,high,old,before_change,0,0
2391,2026-01-22 17:25:54,Germany,ios,paid_search,elementary,work,high,old,before_change,0,0
2392,2026-01-18 06:27:31,Germany,android,organic,beginner,travel,high,old,before_change,0,0
2393,2026-01-25 11:47:59,Poland,ios,blog,elementary,self_development,high,old,before_change,0,0
2394,2026-01-18 18:05:07,Poland,android,paid_search,beginner,self_development,high,old,before_change,0,0
2395,2026-01-23 01:02:50,Italy,android,organic,elementary,self_development,low,old,before_change,1,1
2396,2026-01-26 03:40:41,Spain,ios,referral,beginner,self_development,high,old,before_change,0,0
2397,2026-01-31 02:12:16,Spain,android,paid_search,elementary,work,high,old,before_change,0,0
2398,2026-01-19 21:56:45,Italy,android,instagram_ads,intermediate,work,medium,old,before_change,0,0
2399,2026-01-19 06:46:51,Poland,ios,blog,beginner,self_development,medium,old,before_change,1,1
2400,2026-01-27 11:46:04,Brazil,android,instagram_ads,beginner,work,medium,old,before_change,0,0
2401,2026-01-15 02:38:08,Germany,android,organic,elementary,self_development,low,old,before_change,0,0
2402,2026-01-24 15:05:58,Spain,android,tiktok_ads,beginner,work,medium,old,before_change,0,0
2403,2026-01-27 16:20:01,Brazil,ios,tiktok_ads,beginner,work,medium,old,before_change,0,0
2404,2026-01-24 08:46:14,Brazil,ios,organic,elementary,work,medium,old,before_change,0,0
2405,2026-01-21 12:39:13,Germany,android,instagram_ads,elementary,travel,medium,old,before_change,0,0
2406,2026-01-29 02:02:49,Italy,ios,paid_search,beginner,work,medium,old,before_change,1,0
2407,2026-01-21 07:22:55,Brazil,ios,organic,elementary,travel,medium,old,before_change,0,0
2408,2026-01-27 01:53:50,Netherlands,android,paid_search,beginner,work,high,old,before_change,0,0
2409,2026-01-22 21:22:11,Germany,android,blog,intermediate,work,medium,old,before_change,0,0
2410,2026-01-15 10:50:37,Poland,android,paid_search,elementary,travel,medium,old,before_change,0,0
2411,2026-01-24 00:27:02,Poland,android,organic,beginner,self_development,high,old,before_change,1,0
2412,2026-01-15 20:10:45,Germany,ios,blog,elementary,travel,medium,old,before_change,1,1
2413,2026-01-30 19:49:51,Netherlands,ios,paid_search,elementary,exam,low,old,before_change,1,0
2414,2026-01-25 05:26:09,Netherlands,android,blog,intermediate,travel,high,old,before_change,0,0
2415,2026-01-21 07:47:21,Poland,ios,referral,elementary,exam,medium,old,before_change,0,0
2416,2026-01-23 06:21:58,Germany,ios,instagram_ads,beginner,work,medium,old,before_change,0,0
2417,2026-01-25 12:37:31,Poland,android,paid_search,elementary,self_development,medium,old,before_change,0,0
2418,2026-01-19 10:09:19,Brazil,ios,organic,elementary,work,high,old,before_change,0,0
2419,2026-01-19 21:39:52,Germany,android,organic,elementary,work,low,old,before_change,1,1
2420,2026-01-22 02:48:42,Germany,android,organic,elementary,exam,high,old,before_change,0,0
2421,2026-01-19 09:29:50,Germany,android,instagram_ads,intermediate,work,low,old,before_change,1,1
2422,2026-01-27 21:13:38,Spain,ios,paid_search,beginner,work,high,old,before_change,0,0
2423,2026-01-16 18:21:24,Brazil,ios,referral,intermediate,work,low,old,before_change,1,0
2424,2026-01-29 01:15:26,Poland,android,paid_search,beginner,exam,high,old,before_change,1,0
2425,2026-01-20 22:11:57,Germany,android,paid_search,beginner,exam,low,old,before_change,0,0
2426,2026-01-24 12:58:44,Italy,android,organic,beginner,self_development,low,old,before_change,0,0
2427,2026-01-17 16:21:51,Germany,ios,paid_search,intermediate,travel,low,old,before_change,0,0
2428,2026-01-21 13:13:50,Netherlands,android,referral,elementary,travel,low,old,before_change,0,0
2429,2026-01-27 19:52:32,Italy,ios,tiktok_ads,beginner,work,medium,old,before_change,1,0
2430,2026-01-19 14:26:39,Poland,ios,paid_search,intermediate,exam,medium,old,before_change,0,0
2431,2026-01-17 05:58:06,Netherlands,ios,instagram_ads,beginner,travel,low,old,before_change,0,0
2432,2026-01-23 20:56:33,Poland,ios,instagram_ads,beginner,travel,low,old,before_change,0,0
2433,2026-01-17 18:17:46,Germany,ios,referral,beginner,self_development,medium,old,before_change,0,0
2434,2026-01-20 08:25:04,Germany,ios,paid_search,beginner,work,medium,old,before_change,0,0
2435,2026-01-22 15:47:16,Spain,android,tiktok_ads,elementary,work,high,old,before_change,0,0
2436,2026-01-24 14:09:02,Germany,android,organic,beginner,travel,medium,old,before_change,0,0
2437,2026-01-25 20:51:56,Spain,ios,paid_search,beginner,travel,medium,old,before_change,0,0
2438,2026-01-26 12:04:27,Germany,ios,instagram_ads,beginner,travel,low,old,before_change,0,0
2439,2026-01-29 08:28:08,Italy,android,organic,beginner,travel,medium,old,before_change,0,0
2440,2026-01-16 02:57:37,Italy,ios,instagram_ads,elementary,work,high,old,before_change,0,0
2441,2026-01-21 03:49:41,Poland,ios,instagram_ads,elementary,travel,high,old,before_change,0,0
2442,2026-01-15 00:26:07,Poland,android,organic,beginner,work,high,old,before_change,1,1
2443,2026-01-15 03:51:09,Germany,android,blog,beginner,travel,low,old,before_change,0,0
2444,2026-01-18 14:36:32,Germany,android,organic,elementary,self_development,high,old,before_change,0,0
2445,2026-01-25 04:02:32,Netherlands,ios,referral,elementary,travel,low,old,before_change,0,0
2446,2026-01-30 04:57:38,Netherlands,ios,instagram_ads,elementary,travel,high,old,before_change,1,0
2447,2026-01-28 03:36:17,Spain,ios,organic,elementary,self_development,low,old,before_change,0,0
2448,2026-01-25 23:41:11,Brazil,android,organic,intermediate,self_development,high,old,before_change,1,1
2449,2026-01-28 05:29:27,Brazil,ios,tiktok_ads,elementary,work,medium,old,before_change,0,0
2450,2026-01-17 22:09:35,Germany,ios,tiktok_ads,beginner,work,medium,old,before_change,0,0
2451,2026-01-29 06:39:10,Spain,ios,tiktok_ads,intermediate,self_development,high,old,before_change,0,0
2452,2026-01-30 03:13:39,Spain,android,paid_search,elementary,exam,medium,old,before_change,0,0
2453,2026-01-16 14:46:55,Netherlands,ios,organic,elementary,work,low,old,before_change,0,0
2454,2026-01-22 23:44:31,Italy,ios,referral,elementary,work,high,old,before_change,0,0
2455,2026-01-29 02:39:18,Brazil,android,referral,beginner,travel,medium,old,before_change,1,0
2456,2026-01-23 02:14:43,Poland,android,paid_search,intermediate,travel,medium,old,before_change,0,0
2457,2026-01-29 06:54:46,Poland,android,referral,beginner,travel,medium,old,before_change,1,0
2458,2026-01-30 21:42:04,Germany,android,tiktok_ads,beginner,travel,medium,old,before_change,0,0
2459,2026-01-23 01:39:47,Netherlands,ios,instagram_ads,beginner,self_development,medium,old,before_change,0,0
2460,2026-01-16 00:16:14,Brazil,android,instagram_ads,elementary,self_development,low,old,before_change,1,0
2461,2026-01-20 18:44:29,Brazil,ios,organic,beginner,travel,medium,old,before_change,0,0
2462,2026-01-18 15:47:33,Germany,android,organic,beginner,travel,high,old,before_change,0,0
2463,2026-01-23 01:26:20,Italy,ios,tiktok_ads,intermediate,work,high,old,before_change,1,0
2464,2026-01-24 22:59:40,Italy,android,blog,beginner,work,medium,old,before_change,0,0
2465,2026-01-22 21:16:13,Germany,android,instagram_ads,beginner,self_development,medium,old,before_change,0,0
2466,2026-01-18 07:45:30,Germany,ios,organic,elementary,self_development,medium,old,before_change,0,0
2467,2026-01-20 02:52:31,Germany,ios,organic,beginner,work,medium,old,before_change,0,0
2468,2026-01-26 13:14:49,Poland,android,instagram_ads,beginner,travel,low,old,before_change,0,0
2469,2026-01-15 11:00:32,Netherlands,ios,tiktok_ads,beginner,self_development,low,old,before_change,0,0
2470,2026-01-18 15:20:58,Germany,android,organic,beginner,work,high,old,before_change,0,0
2471,2026-01-30 04:04:31,Poland,ios,organic,beginner,work,medium,old,before_change,1,1
2472,2026-01-16 16:27:21,Spain,android,tiktok_ads,elementary,exam,medium,old,before_change,0,0
2473,2026-01-22 01:12:58,Brazil,android,organic,beginner,work,high,old,before_change,1,0
2474,2026-01-18 12:26:59,Spain,android,paid_search,elementary,travel,high,old,before_change,0,0
2475,2026-01-16 18:41:51,Brazil,android,tiktok_ads,beginner,exam,low,old,before_change,1,0
2476,2026-01-22 04:28:31,Brazil,android,organic,intermediate,travel,low,old,before_change,0,0
2477,2026-01-23 20:44:54,Germany,android,paid_search,elementary,travel,low,old,before_change,0,0
2478,2026-01-17 23:51:51,Spain,android,organic,beginner,work,low,old,before_change,1,1
2479,2026-01-16 07:44:23,Italy,android,paid_search,elementary,travel,medium,old,before_change,0,0
2480,2026-01-17 06:57:15,Brazil,ios,blog,beginner,self_development,medium,old,before_change,1,1
2481,2026-01-26 01:49:48,Italy,ios,tiktok_ads,beginner,self_development,medium,old,before_change,0,0
2482,2026-01-29 14:59:42,Brazil,ios,organic,beginner,self_development,high,old,before_change,0,0
2483,2026-01-18 01:33:31,Poland,android,organic,elementary,travel,high,old,before_change,1,1
2484,2026-01-20 10:43:19,Spain,android,paid_search,beginner,self_development,medium,old,before_change,0,0
2485,2026-01-20 20:16:36,Poland,ios,referral,beginner,travel,high,old,before_change,1,0
2486,2026-01-21 03:11:22,Germany,android,tiktok_ads,elementary,work,low,old,before_change,1,1
2487,2026-01-19 03:40:28,Germany,ios,instagram_ads,intermediate,travel,medium,old,before_change,0,0
2488,2026-01-15 22:33:01,Germany,android,organic,intermediate,self_development,low,old,before_change,0,0
2489,2026-01-23 22:15:48,Germany,android,blog,elementary,travel,medium,old,before_change,0,0
2490,2026-01-21 01:48:24,Italy,android,referral,elementary,exam,medium,old,before_change,0,0
2491,2026-01-20 19:38:28,Italy,android,organic,elementary,self_development,high,old,before_change,1,1
2492,2026-01-19 12:02:28,Poland,android,paid_search,beginner,work,high,old,before_change,0,0
2493,2026-01-30 19:10:13,Germany,ios,paid_search,elementary,self_development,medium,old,before_change,0,0
2494,2026-01-25 09:04:40,Italy,android,instagram_ads,beginner,work,high,old,before_change,0,0
2495,2026-01-22 02:49:34,Poland,ios,paid_search,intermediate,travel,low,old,before_change,1,1
2496,2026-01-18 11:47:57,Spain,android,organic,beginner,work,high,old,before_change,0,0
2497,2026-01-28 14:51:30,Brazil,android,tiktok_ads,beginner,exam,low,old,before_change,0,0
2498,2026-01-30 02:27:11,Netherlands,ios,tiktok_ads,beginner,travel,medium,old,before_change,0,0
2499,2026-01-15 13:11:09,Germany,ios,paid_search,intermediate,self_development,medium,old,before_change,0,0
2500,2026-01-30 19:18:14,Brazil,android,instagram_ads,beginner,travel,low,old,before_change,0,0
2501,2026-01-26 21:21:48,Poland,android,organic,elementary,exam,medium,old,before_change,1,1
2502,2026-01-16 16:43:51,Germany,ios,instagram_ads,beginner,travel,high,old,before_change,0,0
2503,2026-01-27 19:17:16,Brazil,android,referral,elementary,work,high,old,before_change,0,0
2504,2026-01-16 19:49:13,Brazil,ios,instagram_ads,elementary,work,high,old,before_change,0,0
2505,2026-01-15 20:45:05,Poland,android,blog,intermediate,work,medium,old,before_change,0,0
2506,2026-01-16 23:03:11,Italy,android,tiktok_ads,beginner,travel,medium,old,before_change,0,0
2507,2026-01-22 19:36:41,Poland,ios,referral,beginner,work,low,old,before_change,0,0
2508,2026-01-25 12:47:03,Netherlands,android,instagram_ads,beginner,travel,high,old,before_change,0,0
2509,2026-01-21 22:11:18,Netherlands,ios,organic,elementary,travel,high,old,before_change,1,0
2510,2026-01-17 01:45:48,Netherlands,android,blog,intermediate,travel,high,old,before_change,0,0
2511,2026-01-18 09:15:38,Brazil,ios,tiktok_ads,beginner,self_development,low,old,before_change,0,0
2512,2026-01-29 11:46:19,Germany,android,blog,intermediate,travel,low,old,before_change,0,0
2513,2026-01-31 08:45:01,Netherlands,ios,instagram_ads,beginner,work,medium,old,before_change,0,0
2514,2026-01-27 19:44:34,Poland,android,instagram_ads,intermediate,travel,medium,old,before_change,0,0
2515,2026-01-16 18:11:34,Brazil,ios,organic,elementary,exam,low,old,before_change,0,0
2516,2026-01-28 22:28:55,Poland,android,paid_search,intermediate,work,medium,old,before_change,1,1
2517,2026-01-26 18:19:53,Netherlands,ios,instagram_ads,elementary,travel,low,old,before_change,0,0
2518,2026-01-23 22:37:57,Spain,ios,blog,elementary,self_development,low,old,before_change,1,0
2519,2026-01-17 10:26:28,Germany,android,referral,beginner,self_development,medium,old,before_change,0,0
2520,2026-01-31 22:38:39,Germany,android,instagram_ads,beginner,travel,medium,old,before_change,0,0
2521,2026-01-22 12:35:00,Spain,android,paid_search,elementary,exam,high,old,before_change,0,0
2522,2026-01-15 18:01:24,Brazil,android,organic,beginner,self_development,high,old,before_change,0,0
2523,2026-01-18 13:40:01,Germany,ios,paid_search,elementary,self_development,low,old,before_change,0,0
2524,2026-01-21 19:42:57,Germany,android,blog,beginner,travel,high,old,before_change,0,0
2525,2026-01-16 01:25:45,Germany,ios,tiktok_ads,beginner,self_development,high,old,before_change,1,0
2526,2026-01-20 12:09:58,Poland,android,instagram_ads,elementary,work,low,old,before_change,0,0
2527,2026-01-22 23:06:31,Poland,android,referral,beginner,exam,high,old,before_change,0,0
2528,2026-01-31 03:02:50,Spain,ios,organic,elementary,work,medium,old,before_change,1,0
2529,2026-01-16 11:14:27,Germany,ios,blog,intermediate,exam,medium,old,before_change,1,1
2530,2026-01-24 19:21:33,Germany,android,tiktok_ads,beginner,self_development,high,old,before_change,1,1
2531,2026-01-30 13:37:49,Germany,android,organic,beginner,travel,high,old,before_change,0,0
2532,2026-01-28 16:55:33,Spain,ios,tiktok_ads,beginner,travel,high,old,before_change,1,0
2533,2026-01-30 17:22:34,Germany,ios,organic,elementary,work,high,old,before_change,0,0
2534,2026-01-17 21:29:57,Spain,ios,tiktok_ads,elementary,work,high,old,before_change,0,0
2535,2026-01-28 14:56:52,Italy,android,paid_search,intermediate,work,low,old,before_change,0,0
2536,2026-01-31 15:16:57,Brazil,android,organic,beginner,self_development,low,old,before_change,0,0
2537,2026-01-20 13:01:16,Poland,ios,instagram_ads,beginner,exam,high,old,before_change,0,0
2538,2026-01-23 11:26:41,Germany,android,paid_search,beginner,self_development,medium,old,before_change,0,0
2539,2026-01-24 00:34:59,Germany,android,organic,beginner,travel,medium,old,before_change,0,0
2540,2026-01-23 09:25:05,Italy,android,referral,elementary,travel,medium,old,before_change,0,0
2541,2026-01-19 22:13:51,Spain,ios,paid_search,intermediate,self_development,low,old,before_change,0,0
2542,2026-01-31 12:07:15,Netherlands,ios,instagram_ads,beginner,work,high,old,before_change,1,1
2543,2026-01-31 06:15:02,Italy,ios,instagram_ads,elementary,exam,low,old,before_change,0,0
2544,2026-01-21 11:20:19,Brazil,android,organic,elementary,travel,high,old,before_change,0,0
2545,2026-01-28 16:33:32,Spain,ios,blog,intermediate,exam,medium,old,before_change,1,1
2546,2026-01-21 18:11:24,Brazil,ios,paid_search,intermediate,travel,low,old,before_change,0,0
2547,2026-01-28 12:16:57,Germany,android,organic,intermediate,self_development,medium,old,before_change,0,0
2548,2026-01-24 22:34:44,Germany,android,paid_search,beginner,travel,medium,old,before_change,0,0
2549,2026-01-22 23:49:45,Germany,ios,instagram_ads,beginner,travel,high,old,before_change,1,0
2550,2026-01-17 04:14:43,Italy,ios,organic,beginner,work,medium,old,before_change,0,0
2551,2026-01-26 03:04:23,Netherlands,ios,paid_search,beginner,travel,high,old,before_change,1,0
2552,2026-01-20 11:00:10,Spain,ios,instagram_ads,elementary,self_development,medium,old,before_change,0,0
2553,2026-01-18 16:28:41,Germany,ios,tiktok_ads,intermediate,work,high,old,before_change,1,1
2554,2026-01-18 06:49:44,Netherlands,ios,paid_search,elementary,work,medium,old,before_change,0,0
2555,2026-01-31 16:36:21,Italy,ios,paid_search,beginner,travel,medium,old,before_change,0,0
2556,2026-01-16 18:08:22,Spain,android,organic,beginner,work,high,old,before_change,0,0
2557,2026-01-28 13:47:54,Spain,android,paid_search,elementary,travel,medium,old,before_change,0,0
2558,2026-01-29 17:23:13,Poland,ios,tiktok_ads,beginner,exam,high,old,before_change,0,0
2559,2026-01-15 12:40:10,Italy,android,paid_search,beginner,self_development,medium,old,before_change,0,0
2560,2026-01-25 00:26:49,Italy,ios,paid_search,beginner,work,low,old,before_change,0,0
2561,2026-01-24 19:34:52,Spain,android,paid_search,intermediate,self_development,medium,old,before_change,0,0
2562,2026-01-21 02:20:18,Germany,android,instagram_ads,beginner,self_development,medium,old,before_change,0,0
2563,2026-01-26 08:01:09,Spain,android,instagram_ads,intermediate,self_development,low,old,before_change,0,0
2564,2026-01-21 22:44:13,Spain,android,paid_search,elementary,exam,medium,old,before_change,0,0
2565,2026-01-22 11:23:39,Italy,ios,tiktok_ads,elementary,self_development,low,old,before_change,0,0
2566,2026-01-22 08:03:35,Germany,ios,tiktok_ads,intermediate,work,high,old,before_change,0,0
2567,2026-01-28 14:40:30,Netherlands,android,organic,intermediate,work,medium,old,before_change,1,0
2568,2026-01-25 18:19:29,Italy,ios,paid_search,beginner,exam,medium,old,before_change,1,0
2569,2026-01-21 10:39:04,Italy,android,organic,beginner,travel,medium,old,before_change,0,0
2570,2026-01-30 18:07:18,Netherlands,android,referral,beginner,work,high,old,before_change,0,0
2571,2026-01-28 15:14:24,Italy,ios,paid_search,beginner,work,medium,old,before_change,0,0
2572,2026-01-30 20:34:26,Germany,android,paid_search,beginner,travel,medium,old,before_change,1,1
2573,2026-01-27 10:02:39,Spain,android,instagram_ads,elementary,work,low,old,before_change,0,0
2574,2026-01-21 15:43:43,Germany,android,instagram_ads,beginner,self_development,medium,old,before_change,1,1
2575,2026-01-28 03:21:36,Italy,android,referral,intermediate,exam,low,old,before_change,1,0
2576,2026-01-20 14:20:20,Italy,android,paid_search,intermediate,exam,medium,old,before_change,1,1
2577,2026-01-19 14:32:20,Germany,ios,paid_search,elementary,exam,low,old,before_change,0,0
2578,2026-01-22 16:01:37,Germany,android,instagram_ads,elementary,travel,high,old,before_change,0,0
2579,2026-01-31 11:28:33,Spain,ios,tiktok_ads,beginner,travel,low,old,before_change,0,0
2580,2026-01-24 15:43:01,Germany,ios,blog,beginner,travel,low,old,before_change,0,0
2581,2026-01-21 12:32:48,Poland,android,instagram_ads,beginner,self_development,low,old,before_change,1,1
2582,2026-01-22 20:25:18,Germany,ios,instagram_ads,intermediate,self_development,low,old,before_change,0,0
2583,2026-01-19 22:48:58,Poland,ios,organic,beginner,work,low,old,before_change,0,0
2584,2026-01-26 04:46:17,Brazil,ios,blog,beginner,work,high,old,before_change,0,0
2585,2026-01-20 22:58:23,Spain,android,tiktok_ads,elementary,self_development,low,old,before_change,1,0
2586,2026-01-24 10:11:41,Germany,android,organic,beginner,travel,high,old,before_change,1,0
2587,2026-01-21 06:53:08,Italy,ios,instagram_ads,intermediate,travel,low,old,before_change,0,0
2588,2026-01-20 10:51:06,Netherlands,android,instagram_ads,intermediate,exam,medium,old,before_change,0,0
2589,2026-01-31 11:51:22,Spain,ios,organic,beginner,work,high,old,before_change,0,0
2590,2026-01-20 21:03:29,Spain,android,tiktok_ads,elementary,self_development,high,old,before_change,0,0
2591,2026-01-16 04:46:20,Italy,android,tiktok_ads,beginner,self_development,high,old,before_change,1,1
2592,2026-01-21 10:27:57,Poland,ios,organic,beginner,self_development,medium,old,before_change,0,0
2593,2026-01-24 01:06:53,Poland,android,blog,intermediate,exam,medium,old,before_change,1,1
2594,2026-01-16 14:36:46,Netherlands,android,blog,beginner,self_development,medium,old,before_change,0,0
2595,2026-01-20 04:43:09,Italy,ios,paid_search,intermediate,exam,medium,old,before_change,0,0
2596,2026-01-17 19:45:12,Spain,ios,paid_search,intermediate,work,high,old,before_change,0,0
2597,2026-01-23 12:15:52,Poland,android,referral,elementary,work,medium,old,before_change,1,0
2598,2026-01-27 07:01:49,Spain,ios,paid_search,beginner,self_development,medium,old,before_change,0,0
2599,2026-01-31 11:08:23,Netherlands,android,blog,beginner,travel,medium,old,before_change,1,0
2600,2026-01-21 14:45:05,Italy,android,organic,beginner,work,high,old,before_change,0,0
2601,2026-01-29 16:12:34,Italy,ios,tiktok_ads,beginner,work,medium,old,before_change,1,0
2602,2026-01-18 15:31:54,Brazil,ios,instagram_ads,beginner,exam,low,old,before_change,0,0
2603,2026-01-28 06:26:34,Brazil,ios,paid_search,beginner,exam,low,old,before_change,0,0
2604,2026-01-24 13:34:13,Italy,ios,tiktok_ads,elementary,work,high,old,before_change,0,0
2605,2026-01-27 21:20:04,Italy,android,organic,beginner,exam,low,old,before_change,1,0
2606,2026-01-27 20:15:36,Poland,android,organic,beginner,work,high,old,before_change,0,0
2607,2026-01-24 01:13:56,Germany,ios,paid_search,elementary,travel,high,old,before_change,0,0
2608,2026-01-19 09:01:41,Spain,android,organic,beginner,exam,high,old,before_change,0,0
2609,2026-01-23 22:40:59,Italy,ios,organic,beginner,travel,medium,old,before_change,0,0
2610,2026-01-29 01:19:48,Poland,ios,paid_search,beginner,self_development,low,old,before_change,0,0
2611,2026-01-31 12:01:44,Poland,android,organic,beginner,self_development,low,old,before_change,0,0
2612,2026-01-30 18:25:19,Netherlands,ios,organic,beginner,travel,medium,old,before_change,0,0
2613,2026-01-18 02:02:18,Spain,android,organic,beginner,travel,medium,old,before_change,1,0
2614,2026-01-25 03:44:13,Spain,ios,referral,elementary,travel,high,old,before_change,0,0
2615,2026-01-16 18:40:29,Poland,android,organic,beginner,self_development,low,old,before_change,0,0
2616,2026-01-26 08:55:50,Spain,android,tiktok_ads,beginner,travel,high,old,before_change,1,1
2617,2026-01-31 20:52:22,Netherlands,ios,organic,elementary,work,high,old,before_change,0,0
2618,2026-01-15 21:27:03,Poland,android,organic,elementary,work,low,old,before_change,0,0
2619,2026-01-26 03:52:53,Poland,ios,paid_search,beginner,self_development,high,old,before_change,1,1
2620,2026-01-31 01:46:19,Spain,ios,paid_search,intermediate,exam,high,old,before_change,0,0
2621,2026-01-29 09:39:04,Poland,ios,instagram_ads,elementary,work,low,old,before_change,1,1
2622,2026-01-21 16:08:01,Germany,android,tiktok_ads,elementary,work,high,old,before_change,0,0
2623,2026-01-16 18:24:00,Germany,android,paid_search,beginner,self_development,high,old,before_change,1,1
2624,2026-01-30 16:57:04,Spain,android,organic,beginner,work,medium,old,before_change,1,1
2625,2026-01-30 15:53:58,Germany,android,referral,beginner,work,high,old,before_change,1,0
2626,2026-01-24 20:13:22,Italy,ios,organic,elementary,travel,low,old,before_change,1,0
2627,2026-01-31 15:23:20,Italy,android,referral,intermediate,travel,medium,old,before_change,1,1
2628,2026-01-15 01:53:04,Germany,android,instagram_ads,intermediate,work,medium,old,before_change,0,0
2629,2026-01-25 11:34:37,Poland,android,paid_search,beginner,work,high,old,before_change,0,0
2630,2026-01-15 15:43:30,Brazil,android,paid_search,intermediate,exam,high,old,before_change,1,1
2631,2026-01-30 21:45:47,Poland,android,paid_search,elementary,self_development,low,old,before_change,0,0
2632,2026-01-26 13:36:39,Italy,ios,instagram_ads,elementary,travel,high,old,before_change,0,0
2633,2026-01-30 12:40:44,Brazil,android,blog,intermediate,work,high,old,before_change,1,0
2634,2026-01-24 13:34:06,Germany,android,paid_search,beginner,self_development,high,old,before_change,0,0
2635,2026-01-16 09:58:16,Germany,android,blog,beginner,work,medium,old,before_change,0,0
2636,2026-01-15 10:49:30,Brazil,ios,organic,intermediate,work,low,old,before_change,0,0
2637,2026-01-20 16:54:50,Italy,ios,organic,beginner,work,high,old,before_change,0,0
2638,2026-01-27 15:19:53,Brazil,android,instagram_ads,elementary,work,high,old,before_change,0,0
2639,2026-01-17 13:37:16,Spain,android,blog,intermediate,travel,low,old,before_change,0,0
2640,2026-01-29 11:40:31,Germany,android,instagram_ads,intermediate,travel,high,old,before_change,0,0
2641,2026-01-19 01:42:33,Italy,android,referral,beginner,travel,medium,old,before_change,1,0
2642,2026-01-23 10:32:17,Spain,android,instagram_ads,elementary,self_development,medium,old,before_change,0,0
2643,2026-01-18 10:51:25,Poland,android,referral,beginner,travel,medium,old,before_change,0,0
2644,2026-01-22 22:01:44,Netherlands,ios,referral,intermediate,travel,high,old,before_change,0,0
2645,2026-01-22 16:29:13,Germany,ios,tiktok_ads,elementary,exam,low,old,before_change,0,0
2646,2026-01-15 02:13:58,Germany,android,instagram_ads,elementary,self_development,high,old,before_change,0,0
2647,2026-01-24 15:40:01,Spain,ios,instagram_ads,intermediate,travel,medium,old,before_change,0,0
2648,2026-01-28 08:57:11,Spain,ios,blog,elementary,exam,medium,old,before_change,1,0
2649,2026-01-30 22:00:02,Poland,android,instagram_ads,elementary,travel,low,old,before_change,0,0
2650,2026-01-20 14:55:55,Poland,ios,paid_search,elementary,travel,medium,old,before_change,1,0
2651,2026-01-29 23:16:45,Germany,android,referral,elementary,self_development,medium,old,before_change,0,0
2652,2026-01-29 22:32:08,Brazil,ios,tiktok_ads,elementary,exam,high,old,before_change,0,0
2653,2026-01-31 19:15:36,Germany,android,instagram_ads,intermediate,work,medium,old,before_change,0,0
2654,2026-01-21 08:12:31,Germany,ios,tiktok_ads,beginner,travel,medium,old,before_change,1,0
2655,2026-01-29 11:09:49,Poland,android,paid_search,beginner,work,medium,old,before_change,0,0
2656,2026-01-24 14:33:06,Poland,android,paid_search,beginner,travel,medium,old,before_change,0,0
2657,2026-01-15 23:46:28,Poland,ios,organic,beginner,work,low,old,before_change,0,0
2658,2026-01-19 14:17:58,Germany,ios,referral,elementary,exam,high,old,before_change,0,0
2659,2026-01-26 10:11:49,Brazil,ios,tiktok_ads,elementary,work,low,old,before_change,0,0
2660,2026-01-17 17:31:12,Spain,ios,referral,beginner,exam,medium,old,before_change,1,0
2661,2026-01-22 09:22:14,Italy,ios,paid_search,elementary,travel,medium,old,before_change,0,0
2662,2026-01-28 04:09:44,Netherlands,ios,blog,beginner,self_development,medium,old,before_change,0,0
2663,2026-01-17 13:06:06,Italy,android,paid_search,elementary,self_development,medium,old,before_change,1,1
2664,2026-01-23 10:36:32,Germany,ios,paid_search,beginner,self_development,medium,old,before_change,0,0
2665,2026-01-18 15:39:44,Brazil,ios,blog,beginner,travel,medium,old,before_change,0,0
2666,2026-01-24 02:53:13,Poland,ios,tiktok_ads,beginner,travel,medium,old,before_change,0,0
2667,2026-01-19 02:12:37,Spain,android,blog,beginner,work,medium,old,before_change,0,0
2668,2026-01-31 09:53:22,Netherlands,android,instagram_ads,elementary,work,medium,old,before_change,1,0
2669,2026-01-16 07:17:38,Brazil,android,organic,elementary,self_development,high,old,before_change,0,0
2670,2026-01-31 09:08:26,Italy,android,paid_search,beginner,work,low,old,before_change,0,0
2671,2026-01-28 11:05:05,Germany,android,referral,elementary,work,high,old,before_change,1,0
2672,2026-01-29 13:06:07,Italy,ios,instagram_ads,elementary,travel,medium,old,before_change,1,1
2673,2026-01-29 11:24:56,Spain,ios,tiktok_ads,elementary,self_development,medium,old,before_change,0,0
2674,2026-01-18 04:32:40,Brazil,android,organic,beginner,travel,low,old,before_change,0,0
2675,2026-01-30 19:53:07,Brazil,ios,paid_search,elementary,self_development,medium,old,before_change,0,0
2676,2026-01-25 02:27:47,Germany,android,referral,elementary,self_development,high,old,before_change,1,1
2677,2026-01-31 08:33:36,Italy,android,blog,elementary,travel,high,old,before_change,0,0
2678,2026-01-29 22:17:02,Italy,android,paid_search,beginner,self_development,medium,old,before_change,1,1
2679,2026-01-24 20:28:51,Italy,android,organic,beginner,work,medium,old,before_change,0,0
2680,2026-01-21 08:46:52,Italy,android,organic,beginner,travel,medium,old,before_change,0,0
2681,2026-01-16 23:51:11,Netherlands,ios,organic,intermediate,work,low,old,before_change,0,0
2682,2026-01-16 17:15:04,Brazil,ios,referral,elementary,self_development,medium,old,before_change,0,0
2683,2026-01-21 15:00:05,Poland,android,instagram_ads,elementary,work,low,old,before_change,0,0
2684,2026-01-28 18:52:22,Germany,android,paid_search,elementary,travel,high,old,before_change,0,0
2685,2026-01-23 14:10:48,Poland,android,referral,beginner,work,low,old,before_change,0,0
2686,2026-01-23 04:33:34,Brazil,ios,referral,beginner,work,high,old,before_change,1,0
2687,2026-01-19 03:44:13,Netherlands,ios,paid_search,elementary,travel,low,old,before_change,0,0
2688,2026-01-24 14:16:19,Spain,android,blog,beginner,travel,high,old,before_change,0,0
2689,2026-01-25 20:20:05,Spain,ios,instagram_ads,intermediate,travel,medium,old,before_change,1,0
2690,2026-01-31 16:42:53,Germany,ios,paid_search,beginner,work,medium,old,before_change,0,0
2691,2026-01-27 09:36:07,Spain,ios,referral,elementary,exam,medium,old,before_change,1,0
2692,2026-01-25 07:44:32,Spain,android,organic,beginner,exam,low,old,before_change,1,1
2693,2026-01-30 11:18:40,Germany,android,blog,intermediate,travel,medium,old,before_change,0,0
2694,2026-01-22 05:23:29,Germany,android,instagram_ads,intermediate,self_development,high,old,before_change,0,0
2695,2026-01-30 21:27:32,Netherlands,android,blog,beginner,work,medium,old,before_change,0,0
2696,2026-01-21 06:57:13,Spain,ios,organic,elementary,travel,high,old,before_change,1,1
2697,2026-01-17 04:08:02,Poland,android,paid_search,intermediate,self_development,medium,old,before_change,1,0
2698,2026-01-22 02:23:19,Germany,android,referral,elementary,exam,high,old,before_change,0,0
2699,2026-01-17 04:32:12,Brazil,android,referral,beginner,work,medium,old,before_change,1,1
2700,2026-01-17 00:18:24,Germany,android,referral,elementary,travel,low,old,before_change,0,0
2701,2026-01-29 23:31:59,Brazil,android,paid_search,beginner,travel,high,old,before_change,0,0
2702,2026-01-28 12:15:29,Brazil,ios,instagram_ads,beginner,work,low,old,before_change,0,0
2703,2026-01-18 18:15:15,Netherlands,ios,paid_search,intermediate,self_development,low,old,before_change,1,1
2704,2026-01-29 05:47:18,Spain,android,paid_search,intermediate,exam,medium,old,before_change,0,0
2705,2026-01-16 04:06:43,Brazil,ios,instagram_ads,beginner,travel,medium,old,before_change,1,0
2706,2026-01-19 20:02:02,Germany,android,tiktok_ads,beginner,exam,low,old,before_change,0,0
2707,2026-01-27 00:05:22,Brazil,ios,instagram_ads,beginner,work,medium,old,before_change,0,0
2708,2026-01-20 03:56:56,Spain,android,organic,intermediate,travel,low,old,before_change,1,0
2709,2026-01-27 10:02:43,Netherlands,android,referral,intermediate,self_development,medium,old,before_change,0,0
2710,2026-01-29 20:43:42,Spain,android,blog,intermediate,work,high,old,before_change,0,0
2711,2026-01-16 02:57:11,Poland,android,paid_search,beginner,exam,medium,old,before_change,0,0
2712,2026-01-15 09:46:47,Spain,android,referral,beginner,travel,medium,old,before_change,0,0
2713,2026-01-30 23:31:14,Germany,android,referral,elementary,travel,high,old,before_change,0,0
2714,2026-01-23 20:20:47,Germany,android,paid_search,beginner,work,high,old,before_change,1,0
2715,2026-01-23 14:38:29,Germany,android,tiktok_ads,beginner,work,medium,old,before_change,0,0
2716,2026-01-22 21:10:46,Brazil,android,blog,beginner,work,high,old,before_change,1,0
2717,2026-01-22 08:54:50,Poland,android,tiktok_ads,elementary,exam,high,old,before_change,1,0
2718,2026-01-26 17:34:18,Poland,ios,organic,elementary,exam,high,old,before_change,1,1
2719,2026-01-24 20:32:10,Spain,ios,instagram_ads,elementary,exam,medium,old,before_change,1,0
2720,2026-01-17 18:39:49,Germany,android,referral,beginner,travel,high,old,before_change,1,1
2721,2026-01-25 15:40:06,Poland,ios,instagram_ads,elementary,work,low,old,before_change,0,0
2722,2026-01-26 08:40:44,Germany,android,organic,elementary,work,low,old,before_change,0,0
2723,2026-01-16 22:20:57,Spain,ios,organic,beginner,work,medium,old,before_change,0,0
2724,2026-01-21 09:42:26,Poland,ios,referral,elementary,travel,high,old,before_change,0,0
2725,2026-01-28 10:31:37,Spain,android,instagram_ads,elementary,self_development,medium,old,before_change,1,0
2726,2026-01-25 12:26:08,Germany,ios,blog,beginner,travel,high,old,before_change,1,0
2727,2026-01-17 07:38:20,Germany,android,paid_search,intermediate,self_development,low,old,before_change,0,0
2728,2026-01-15 16:21:31,Netherlands,android,referral,elementary,self_development,high,old,before_change,0,0
2729,2026-01-24 21:08:02,Germany,android,organic,elementary,work,high,old,before_change,1,0
2730,2026-01-22 20:23:04,Netherlands,ios,referral,intermediate,travel,high,old,before_change,1,1
2731,2026-01-31 08:06:32,Spain,ios,referral,elementary,work,low,old,before_change,0,0
2732,2026-01-23 21:04:42,Spain,android,paid_search,elementary,travel,high,old,before_change,0,0
2733,2026-01-30 20:02:50,Germany,ios,paid_search,beginner,self_development,high,old,before_change,1,1
2734,2026-01-18 15:26:42,Poland,android,blog,elementary,travel,high,old,before_change,0,0
2735,2026-01-22 14:30:49,Spain,android,referral,intermediate,work,low,old,before_change,0,0
2736,2026-01-17 08:57:59,Poland,ios,instagram_ads,intermediate,exam,medium,old,before_change,1,0
2737,2026-01-24 18:17:07,Brazil,android,paid_search,elementary,travel,low,old,before_change,0,0
2738,2026-01-18 04:53:51,Germany,android,blog,elementary,work,low,old,before_change,0,0
2739,2026-01-23 08:50:36,Brazil,android,tiktok_ads,elementary,exam,medium,old,before_change,1,0
2740,2026-01-20 20:24:34,Brazil,ios,paid_search,elementary,travel,high,old,before_change,0,0
2741,2026-01-18 03:46:39,Brazil,android,instagram_ads,beginner,travel,low,old,before_change,0,0
2742,2026-01-16 15:29:54,Poland,ios,organic,beginner,work,medium,old,before_change,1,1
2743,2026-01-23 16:55:01,Italy,android,referral,elementary,work,medium,old,before_change,0,0
2744,2026-01-31 02:30:23,Poland,android,referral,elementary,work,medium,old,before_change,0,0
2745,2026-01-18 09:05:21,Netherlands,android,paid_search,elementary,travel,medium,old,before_change,1,1
2746,2026-01-21 21:14:15,Brazil,android,paid_search,intermediate,work,low,old,before_change,0,0
2747,2026-01-18 19:38:22,Netherlands,android,paid_search,intermediate,work,low,old,before_change,0,0
2748,2026-01-28 18:03:34,Spain,android,organic,intermediate,travel,medium,old,before_change,0,0
2749,2026-01-22 01:16:48,Poland,ios,blog,intermediate,work,high,old,before_change,0,0
2750,2026-01-31 13:33:43,Poland,android,tiktok_ads,elementary,work,low,old,before_change,0,0
2751,2026-01-19 04:01:42,Germany,ios,paid_search,elementary,work,high,old,before_change,0,0
2752,2026-01-16 08:56:23,Italy,android,organic,beginner,travel,medium,old,before_change,0,0
2753,2026-01-24 21:40:05,Poland,ios,organic,intermediate,exam,high,old,before_change,1,1
2754,2026-01-26 01:52:52,Spain,ios,tiktok_ads,beginner,travel,medium,old,before_change,0,0
2755,2026-01-31 20:13:20,Italy,android,organic,elementary,travel,medium,old,before_change,0,0
2756,2026-01-29 19:32:05,Germany,ios,paid_search,beginner,self_development,medium,old,before_change,0,0
2757,2026-01-30 00:44:28,Germany,android,blog,elementary,self_development,low,old,before_change,1,0
2758,2026-01-25 18:46:03,Spain,ios,instagram_ads,beginner,self_development,low,old,before_change,0,0
2759,2026-01-21 02:48:16,Brazil,ios,referral,elementary,work,medium,old,before_change,0,0
2760,2026-01-22 07:02:33,Spain,android,organic,intermediate,travel,high,old,before_change,1,0
2761,2026-01-17 06:34:04,Italy,android,paid_search,beginner,self_development,medium,old,before_change,0,0
2762,2026-01-22 07:52:44,Germany,android,referral,beginner,exam,medium,old,before_change,1,1
2763,2026-01-21 04:41:27,Spain,ios,referral,intermediate,self_development,medium,old,before_change,1,0
2764,2026-01-15 14:38:48,Netherlands,ios,tiktok_ads,beginner,work,low,old,before_change,0,0
2765,2026-01-18 11:25:22,Germany,ios,instagram_ads,elementary,work,medium,old,before_change,1,0
2766,2026-01-24 02:07:01,Poland,ios,paid_search,intermediate,travel,high,old,before_change,1,0
2767,2026-01-21 06:41:30,Spain,android,instagram_ads,elementary,travel,medium,old,before_change,1,0
2768,2026-01-31 21:21:55,Italy,ios,organic,beginner,exam,high,old,before_change,0,0
2769,2026-01-23 03:14:21,Netherlands,android,organic,elementary,self_development,high,old,before_change,0,0
2770,2026-01-31 07:09:09,Germany,android,instagram_ads,intermediate,work,medium,old,before_change,0,0
2771,2026-01-26 05:34:12,Germany,ios,organic,beginner,travel,high,old,before_change,0,0
2772,2026-01-15 16:28:58,Germany,android,organic,elementary,work,medium,old,before_change,1,0
2773,2026-01-18 11:00:20,Italy,ios,organic,beginner,travel,low,old,before_change,0,0
2774,2026-01-26 23:57:54,Netherlands,android,paid_search,intermediate,self_development,high,old,before_change,0,0
2775,2026-01-24 06:24:28,Spain,ios,referral,beginner,travel,medium,old,before_change,0,0
2776,2026-01-20 03:07:12,Germany,android,blog,beginner,travel,medium,old,before_change,0,0
2777,2026-01-23 21:00:37,Poland,ios,organic,beginner,work,medium,old,before_change,1,1
2778,2026-01-30 08:25:10,Germany,ios,organic,intermediate,work,low,old,before_change,0,0
2779,2026-01-21 14:35:34,Poland,ios,referral,elementary,exam,low,old,before_change,0,0
2780,2026-01-15 18:24:24,Poland,ios,organic,beginner,work,high,old,before_change,0,0
2781,2026-01-20 06:52:16,Spain,android,tiktok_ads,beginner,self_development,medium,old,before_change,1,0
2782,2026-01-30 21:50:11,Brazil,ios,organic,intermediate,work,high,old,before_change,0,0
2783,2026-01-27 22:48:18,Germany,android,tiktok_ads,beginner,travel,high,old,before_change,0,0
2784,2026-01-29 05:41:24,Spain,android,paid_search,elementary,travel,medium,old,before_change,1,1
2785,2026-01-30 11:56:07,Italy,ios,tiktok_ads,elementary,work,high,old,before_change,0,0
2786,2026-01-16 23:56:30,Netherlands,ios,instagram_ads,elementary,work,medium,old,before_change,0,0
2787,2026-01-19 19:19:49,Poland,ios,organic,elementary,work,medium,old,before_change,0,0
2788,2026-01-16 00:24:29,Brazil,android,paid_search,intermediate,travel,medium,old,before_change,0,0
2789,2026-01-15 01:55:55,Germany,ios,instagram_ads,beginner,travel,low,old,before_change,0,0
2790,2026-01-29 04:33:38,Poland,android,blog,beginner,travel,low,old,before_change,0,0
2791,2026-01-30 22:16:27,Brazil,ios,instagram_ads,beginner,exam,medium,old,before_change,0,0
2792,2026-01-17 15:32:56,Germany,ios,organic,beginner,exam,medium,old,before_change,0,0
2793,2026-01-27 06:38:41,Spain,ios,instagram_ads,elementary,travel,high,old,before_change,0,0
2794,2026-01-24 02:14:18,Netherlands,android,organic,elementary,work,high,old,before_change,0,0
2795,2026-01-16 04:14:38,Poland,android,referral,intermediate,self_development,high,old,before_change,1,0
2796,2026-01-30 13:37:26,Germany,android,referral,intermediate,travel,low,old,before_change,1,0
2797,2026-01-29 19:27:55,Poland,ios,organic,beginner,travel,medium,old,before_change,1,1
2798,2026-01-24 15:31:07,Spain,ios,instagram_ads,elementary,work,medium,old,before_change,1,1
2799,2026-01-27 00:49:06,Germany,android,tiktok_ads,elementary,travel,medium,old,before_change,0,0
2800,2026-01-21 18:04:16,Germany,android,paid_search,intermediate,travel,medium,old,before_change,0,0
2801,2026-01-28 11:28:41,Poland,android,instagram_ads,beginner,self_development,low,old,before_change,0,0
2802,2026-01-22 13:33:59,Spain,ios,instagram_ads,elementary,self_development,high,old,before_change,1,1
2803,2026-01-31 19:35:01,Brazil,android,instagram_ads,beginner,exam,low,old,before_change,0,0
2804,2026-01-16 01:45:06,Germany,ios,instagram_ads,beginner,self_development,medium,old,before_change,0,0
2805,2026-01-17 22:14:13,Netherlands,android,instagram_ads,elementary,travel,high,old,before_change,1,0
2806,2026-01-31 11:15:03,Poland,ios,tiktok_ads,beginner,self_development,medium,old,before_change,0,0
2807,2026-01-19 21:49:22,Spain,android,instagram_ads,beginner,self_development,medium,old,before_change,1,1
2808,2026-01-20 06:44:48,Italy,ios,tiktok_ads,elementary,work,high,old,before_change,0,0
2809,2026-01-28 10:50:25,Germany,android,instagram_ads,beginner,self_development,high,old,before_change,1,1
2810,2026-01-18 05:15:37,Germany,android,tiktok_ads,beginner,self_development,medium,old,before_change,1,0
2811,2026-01-23 17:31:25,Netherlands,android,paid_search,elementary,work,medium,old,before_change,0,0
2812,2026-01-19 20:42:26,Poland,android,instagram_ads,elementary,work,medium,old,before_change,1,0
2813,2026-01-18 08:45:28,Germany,ios,instagram_ads,elementary,exam,medium,old,before_change,1,1
2814,2026-01-31 09:27:51,Brazil,android,paid_search,intermediate,work,medium,old,before_change,0,0
2815,2026-01-18 09:33:28,Spain,android,organic,beginner,work,low,old,before_change,0,0
2816,2026-01-16 14:28:07,Brazil,android,instagram_ads,beginner,travel,low,old,before_change,0,0
2817,2026-01-26 10:57:59,Netherlands,ios,organic,beginner,travel,high,old,before_change,0,0
2818,2026-01-29 17:51:34,Italy,android,paid_search,elementary,travel,high,old,before_change,1,1
2819,2026-01-17 04:01:05,Brazil,ios,paid_search,beginner,work,medium,old,before_change,1,0
2820,2026-01-27 00:48:01,Netherlands,android,tiktok_ads,intermediate,travel,high,old,before_change,0,0
2821,2026-01-24 04:38:33,Brazil,ios,blog,elementary,travel,low,old,before_change,0,0
2822,2026-01-29 02:38:52,Spain,ios,referral,beginner,self_development,high,old,before_change,0,0
2823,2026-01-17 03:47:50,Germany,android,blog,intermediate,work,high,old,before_change,0,0
2824,2026-01-31 14:09:58,Italy,android,blog,elementary,self_development,low,old,before_change,0,0
2825,2026-01-25 12:35:49,Germany,android,organic,elementary,travel,high,old,before_change,1,1
2826,2026-01-29 07:35:56,Poland,ios,paid_search,elementary,work,high,old,before_change,1,0
2827,2026-01-21 03:40:50,Germany,ios,paid_search,beginner,exam,low,old,before_change,0,0
2828,2026-01-31 00:53:59,Poland,android,organic,elementary,self_development,high,old,before_change,1,1
2829,2026-01-25 15:33:21,Germany,ios,referral,beginner,exam,medium,old,before_change,0,0
2830,2026-01-17 03:47:22,Italy,android,referral,elementary,self_development,medium,old,before_change,0,0
2831,2026-01-30 16:32:37,Netherlands,ios,instagram_ads,intermediate,travel,high,old,before_change,1,0
2832,2026-01-28 12:40:54,Germany,android,referral,elementary,travel,high,old,before_change,1,0
2833,2026-01-20 02:28:55,Netherlands,ios,tiktok_ads,beginner,self_development,high,old,before_change,1,0
2834,2026-01-24 06:38:08,Netherlands,android,paid_search,beginner,work,medium,old,before_change,1,0
2835,2026-01-21 14:19:42,Spain,android,organic,intermediate,travel,low,old,before_change,1,0
2836,2026-01-24 05:44:46,Germany,ios,blog,beginner,travel,medium,old,before_change,0,0
2837,2026-01-31 09:52:21,Poland,android,tiktok_ads,elementary,self_development,medium,old,before_change,0,0
2838,2026-01-30 06:45:36,Poland,android,paid_search,elementary,travel,medium,old,before_change,0,0
2839,2026-01-18 15:56:25,Spain,android,organic,beginner,work,medium,old,before_change,0,0
2840,2026-01-31 12:29:45,Poland,ios,referral,elementary,travel,medium,old,before_change,0,0
2841,2026-01-22 10:40:54,Germany,ios,referral,beginner,travel,low,old,before_change,0,0
2842,2026-01-26 23:34:26,Germany,android,instagram_ads,elementary,work,medium,old,before_change,0,0
2843,2026-01-27 23:48:10,Netherlands,android,blog,beginner,travel,medium,old,before_change,0,0
2844,2026-01-23 05:02:19,Germany,android,paid_search,beginner,exam,high,old,before_change,0,0
2845,2026-01-22 18:18:58,Germany,ios,blog,beginner,travel,medium,old,before_change,0,0
2846,2026-01-22 18:12:45,Brazil,android,tiktok_ads,intermediate,self_development,medium,old,before_change,0,0
2847,2026-01-29 15:55:12,Spain,ios,tiktok_ads,elementary,work,low,old,before_change,0,0
2848,2026-01-21 13:37:38,Germany,ios,blog,intermediate,work,low,old,before_change,0,0
2849,2026-01-19 18:12:31,Poland,android,referral,elementary,exam,high,old,before_change,0,0
2850,2026-01-21 03:31:56,Brazil,android,paid_search,intermediate,work,medium,old,before_change,1,0
2851,2026-01-18 07:30:43,Poland,android,referral,elementary,travel,low,old,before_change,1,1
2852,2026-01-21 15:44:05,Netherlands,ios,instagram_ads,beginner,travel,high,old,before_change,1,1
2853,2026-01-16 22:32:38,Brazil,ios,organic,elementary,work,medium,old,before_change,0,0
2854,2026-01-16 12:37:09,Germany,android,tiktok_ads,beginner,travel,medium,old,before_change,0,0
2855,2026-01-27 07:19:51,Poland,ios,instagram_ads,intermediate,exam,medium,old,before_change,0,0
2856,2026-01-16 07:35:38,Germany,android,instagram_ads,intermediate,work,low,old,before_change,0,0
2857,2026-01-24 15:49:39,Germany,android,paid_search,beginner,travel,medium,old,before_change,0,0
2858,2026-01-28 06:11:12,Poland,ios,organic,intermediate,travel,medium,old,before_change,0,0
2859,2026-01-27 07:35:18,Poland,android,organic,beginner,travel,medium,old,before_change,0,0
2860,2026-01-22 13:59:51,Netherlands,android,tiktok_ads,elementary,travel,high,old,before_change,0,0
2861,2026-01-18 07:00:06,Germany,android,organic,intermediate,work,high,old,before_change,1,0
2862,2026-01-30 19:43:09,Germany,ios,instagram_ads,beginner,travel,medium,old,before_change,0,0
2863,2026-01-29 04:44:44,Brazil,android,instagram_ads,beginner,work,low,old,before_change,0,0
2864,2026-01-25 09:47:10,Poland,android,organic,elementary,travel,medium,old,before_change,0,0
2865,2026-01-16 11:23:55,Brazil,android,paid_search,beginner,self_development,medium,old,before_change,0,0
2866,2026-01-15 14:21:06,Germany,ios,paid_search,elementary,work,high,old,before_change,1,0
2867,2026-01-20 08:36:35,Germany,ios,referral,elementary,self_development,high,old,before_change,0,0
2868,2026-01-17 16:16:10,Netherlands,android,blog,beginner,work,high,old,before_change,1,1
2869,2026-01-29 15:01:32,Netherlands,android,paid_search,beginner,travel,low,old,before_change,0,0
2870,2026-01-18 11:58:28,Germany,android,organic,intermediate,work,medium,old,before_change,0,0
2871,2026-01-19 19:19:17,Germany,android,instagram_ads,elementary,work,low,old,before_change,0,0
2872,2026-01-31 14:06:01,Germany,ios,paid_search,elementary,exam,high,old,before_change,0,0
2873,2026-01-28 21:51:00,Germany,android,instagram_ads,beginner,self_development,medium,old,before_change,0,0
2874,2026-01-18 17:13:52,Brazil,ios,paid_search,intermediate,travel,high,old,before_change,0,0
2875,2026-01-21 12:29:08,Germany,ios,tiktok_ads,beginner,travel,low,old,before_change,0,0
2876,2026-01-23 18:25:41,Netherlands,ios,paid_search,beginner,exam,high,old,before_change,0,0
2877,2026-01-26 07:01:20,Poland,android,referral,beginner,travel,high,old,before_change,0,0
2878,2026-01-30 21:57:36,Italy,ios,paid_search,elementary,self_development,high,old,before_change,1,1
2879,2026-01-29 19:25:09,Italy,android,paid_search,beginner,exam,high,old,before_change,0,0
2880,2026-01-31 14:41:40,Germany,ios,blog,beginner,self_development,high,old,before_change,0,0
2881,2026-01-15 16:34:59,Germany,ios,paid_search,elementary,travel,low,old,before_change,1,0
2882,2026-01-19 00:26:06,Spain,android,organic,elementary,travel,low,old,before_change,1,1
2883,2026-01-24 13:42:16,Poland,ios,organic,beginner,work,medium,old,before_change,1,1
2884,2026-01-15 20:02:23,Germany,ios,tiktok_ads,elementary,work,low,old,before_change,1,1
2885,2026-01-21 00:58:45,Spain,android,instagram_ads,beginner,self_development,medium,old,before_change,0,0
2886,2026-01-17 14:40:10,Spain,android,instagram_ads,beginner,work,low,old,before_change,0,0
2887,2026-01-30 20:37:52,Germany,android,organic,beginner,work,high,old,before_change,0,0
2888,2026-01-16 01:50:16,Poland,android,organic,intermediate,travel,medium,old,before_change,0,0
2889,2026-01-17 12:32:56,Netherlands,ios,paid_search,elementary,work,high,old,before_change,1,0
2890,2026-01-18 07:36:38,Brazil,ios,paid_search,beginner,work,low,old,before_change,0,0
2891,2026-01-17 12:37:34,Italy,ios,paid_search,beginner,work,medium,old,before_change,1,0
2892,2026-01-24 15:58:35,Germany,android,instagram_ads,beginner,travel,high,old,before_change,0,0
2893,2026-01-21 04:39:13,Germany,ios,tiktok_ads,elementary,exam,high,old,before_change,0,0
2894,2026-01-30 12:16:44,Spain,ios,tiktok_ads,elementary,self_development,medium,old,before_change,0,0
2895,2026-01-19 10:24:49,Netherlands,android,instagram_ads,beginner,travel,medium,old,before_change,1,0
2896,2026-01-24 03:11:07,Netherlands,android,instagram_ads,intermediate,travel,medium,old,before_change,1,0
2897,2026-01-26 05:18:59,Germany,ios,organic,beginner,exam,low,old,before_change,1,0
2898,2026-01-25 15:24:13,Italy,android,instagram_ads,beginner,exam,medium,old,before_change,0,0
2899,2026-01-28 12:55:27,Spain,ios,organic,beginner,travel,medium,old,before_change,1,0
2900,2026-01-18 10:21:42,Spain,android,tiktok_ads,beginner,travel,medium,old,before_change,0,0
2901,2026-01-23 15:02:31,Netherlands,android,instagram_ads,intermediate,exam,low,old,before_change,0,0
2902,2026-01-28 14:38:17,Italy,android,instagram_ads,elementary,work,medium,old,before_change,1,1
2903,2026-01-29 16:06:38,Netherlands,ios,referral,elementary,work,medium,old,before_change,0,0
2904,2026-01-25 12:03:28,Italy,android,paid_search,beginner,travel,medium,old,before_change,1,0
2905,2026-01-26 01:58:17,Germany,ios,organic,beginner,exam,medium,old,before_change,0,0
2906,2026-01-29 16:34:04,Netherlands,android,referral,beginner,travel,low,old,before_change,0,0
2907,2026-01-25 14:56:50,Poland,android,paid_search,beginner,work,medium,old,before_change,0,0
2908,2026-01-31 03:07:40,Brazil,android,paid_search,beginner,exam,medium,old,before_change,1,1
2909,2026-01-17 04:03:29,Spain,android,paid_search,beginner,work,medium,old,before_change,0,0
2910,2026-01-20 21:56:36,Italy,android,paid_search,intermediate,travel,medium,old,before_change,0,0
2911,2026-01-16 21:46:13,Germany,android,instagram_ads,elementary,travel,high,old,before_change,0,0
2912,2026-01-16 12:57:22,Spain,ios,referral,beginner,exam,low,old,before_change,0,0
2913,2026-01-23 00:33:07,Poland,android,tiktok_ads,elementary,self_development,high,old,before_change,1,0
2914,2026-01-18 20:10:44,Italy,android,instagram_ads,beginner,self_development,high,old,before_change,0,0
2915,2026-01-21 22:07:12,Italy,ios,tiktok_ads,elementary,self_development,medium,old,before_change,0,0
2916,2026-01-22 10:38:21,Italy,android,referral,intermediate,exam,high,old,before_change,1,1
2917,2026-01-25 13:20:12,Germany,ios,organic,beginner,self_development,high,old,before_change,1,0
2918,2026-01-31 01:50:34,Italy,android,instagram_ads,intermediate,work,low,old,before_change,0,0
2919,2026-01-29 10:33:00,Spain,ios,organic,beginner,self_development,medium,old,before_change,1,1
2920,2026-01-21 10:21:01,Netherlands,ios,paid_search,beginner,work,low,old,before_change,1,0
2921,2026-01-20 12:50:19,Spain,android,tiktok_ads,elementary,work,high,old,before_change,0,0
2922,2026-01-28 02:28:31,Poland,android,referral,elementary,travel,high,old,before_change,0,0
2923,2026-01-17 02:27:00,Brazil,android,referral,beginner,work,high,old,before_change,0,0
2924,2026-01-24 04:30:52,Poland,android,instagram_ads,beginner,work,high,old,before_change,1,0
2925,2026-01-22 04:35:26,Germany,ios,organic,beginner,work,medium,old,before_change,0,0
2926,2026-01-18 02:35:09,Germany,ios,organic,beginner,work,low,old,before_change,1,1
2927,2026-01-25 11:30:40,Brazil,android,organic,beginner,self_development,medium,old,before_change,0,0
2928,2026-01-20 10:51:34,Germany,android,paid_search,beginner,self_development,medium,old,before_change,0,0
2929,2026-01-18 03:43:27,Netherlands,android,instagram_ads,intermediate,work,medium,old,before_change,0,0
2930,2026-01-26 02:30:08,Spain,ios,tiktok_ads,elementary,exam,high,old,before_change,1,0
2931,2026-01-17 23:04:22,Brazil,ios,organic,intermediate,work,high,old,before_change,0,0
2932,2026-01-26 10:31:27,Germany,ios,organic,beginner,work,medium,old,before_change,0,0
2933,2026-01-17 18:08:03,Germany,android,organic,beginner,self_development,high,old,before_change,1,1
2934,2026-01-22 09:22:55,Netherlands,ios,tiktok_ads,elementary,travel,medium,old,before_change,0,0
2935,2026-01-28 17:39:40,Spain,android,paid_search,elementary,self_development,medium,old,before_change,1,0
2936,2026-01-18 21:17:14,Germany,ios,organic,elementary,travel,medium,old,before_change,0,0
2937,2026-01-28 01:11:31,Germany,android,paid_search,beginner,self_development,high,old,before_change,0,0
2938,2026-01-27 06:32:16,Germany,ios,organic,intermediate,exam,medium,old,before_change,0,0
2939,2026-01-30 08:17:02,Netherlands,android,paid_search,elementary,work,medium,old,before_change,0,0
2940,2026-01-17 20:54:00,Germany,android,referral,beginner,travel,medium,old,before_change,1,1
2941,2026-01-27 03:46:03,Spain,ios,paid_search,elementary,travel,high,old,before_change,0,0
2942,2026-01-30 22:09:40,Netherlands,ios,organic,beginner,travel,low,old,before_change,1,1
2943,2026-01-27 23:18:41,Brazil,ios,organic,beginner,self_development,medium,old,before_change,0,0
2944,2026-01-18 04:39:52,Netherlands,android,organic,intermediate,exam,low,old,before_change,1,0
2945,2026-01-28 23:26:30,Germany,android,blog,elementary,travel,medium,old,before_change,0,0
2946,2026-01-16 19:47:00,Italy,ios,tiktok_ads,beginner,work,medium,old,before_change,0,0
2947,2026-01-25 00:14:54,Spain,android,instagram_ads,beginner,travel,medium,old,before_change,0,0
2948,2026-01-23 11:02:24,Spain,ios,instagram_ads,beginner,exam,medium,old,before_change,0,0
2949,2026-01-24 00:40:49,Italy,android,paid_search,intermediate,work,medium,old,before_change,0,0
2950,2026-01-23 19:58:34,Netherlands,android,paid_search,intermediate,self_development,medium,old,before_change,0,0
2951,2026-01-15 12:50:32,Netherlands,android,paid_search,elementary,exam,medium,old,before_change,0,0
2952,2026-01-23 15:20:33,Italy,ios,referral,intermediate,travel,low,old,before_change,0,0
2953,2026-01-30 22:11:30,Germany,ios,tiktok_ads,beginner,work,medium,old,before_change,0,0
2954,2026-01-22 10:09:37,Poland,android,paid_search,intermediate,work,high,old,before_change,1,1
2955,2026-01-19 16:58:49,Netherlands,ios,tiktok_ads,elementary,self_development,high,old,before_change,0,0
2956,2026-01-31 21:53:04,Spain,android,organic,intermediate,travel,high,old,before_change,0,0
2957,2026-01-16 16:23:20,Germany,android,organic,intermediate,work,low,old,before_change,0,0
2958,2026-01-23 06:24:08,Germany,android,organic,elementary,work,high,old,before_change,1,0
2959,2026-01-23 17:08:23,Italy,android,organic,beginner,work,low,old,before_change,0,0
2960,2026-01-23 03:00:07,Germany,android,organic,beginner,travel,medium,old,before_change,1,1
2961,2026-01-30 16:03:51,Germany,android,blog,beginner,work,low,old,before_change,0,0
2962,2026-01-22 04:04:49,Netherlands,ios,paid_search,beginner,travel,medium,old,before_change,0,0
2963,2026-01-31 13:06:25,Poland,android,paid_search,beginner,exam,low,old,before_change,0,0
2964,2026-01-16 03:15:53,Germany,ios,organic,elementary,self_development,medium,old,before_change,0,0
2965,2026-01-27 11:26:45,Poland,android,organic,beginner,self_development,high,old,before_change,0,0
2966,2026-01-25 01:55:34,Brazil,android,organic,intermediate,work,medium,old,before_change,1,1
2967,2026-01-19 02:08:33,Poland,android,organic,beginner,travel,high,old,before_change,1,1
2968,2026-01-18 21:00:39,Germany,ios,paid_search,beginner,work,high,old,before_change,1,1
2969,2026-01-27 05:37:46,Germany,ios,organic,beginner,travel,high,old,before_change,0,0
2970,2026-01-25 20:08:40,Netherlands,android,organic,intermediate,work,high,old,before_change,0,0
2971,2026-01-25 09:21:26,Germany,android,tiktok_ads,beginner,travel,medium,old,before_change,0,0
2972,2026-01-15 20:44:24,Brazil,ios,blog,beginner,work,medium,old,before_change,0,0
2973,2026-01-25 03:56:10,Germany,android,organic,beginner,travel,low,old,before_change,0,0
2974,2026-01-31 16:24:21,Poland,android,tiktok_ads,beginner,travel,medium,old,before_change,1,1
2975,2026-01-15 07:04:04,Italy,android,tiktok_ads,intermediate,exam,medium,old,before_change,0,0
2976,2026-01-22 23:21:14,Poland,android,instagram_ads,elementary,self_development,medium,old,before_change,0,0
2977,2026-01-23 09:42:21,Italy,android,tiktok_ads,beginner,exam,medium,old,before_change,0,0
2978,2026-01-30 05:52:34,Italy,android,instagram_ads,beginner,travel,medium,old,before_change,0,0
2979,2026-01-19 19:24:04,Brazil,ios,blog,beginner,work,low,old,before_change,1,0
2980,2026-01-23 02:01:44,Spain,android,organic,elementary,exam,high,old,before_change,0,0
2981,2026-01-27 04:36:51,Italy,android,instagram_ads,beginner,self_development,high,old,before_change,1,0
2982,2026-01-16 00:36:53,Italy,android,tiktok_ads,elementary,exam,medium,old,before_change,1,0
2983,2026-01-28 14:50:39,Italy,android,blog,beginner,travel,high,old,before_change,0,0
2984,2026-01-28 23:27:47,Poland,android,instagram_ads,beginner,exam,high,old,before_change,0,0
2985,2026-01-27 05:36:57,Germany,ios,blog,elementary,travel,high,old,before_change,1,1
2986,2026-01-26 00:27:32,Italy,ios,tiktok_ads,elementary,work,high,old,before_change,1,1
2987,2026-01-27 17:01:31,Italy,ios,tiktok_ads,elementary,self_development,high,old,before_change,0,0
2988,2026-01-28 06:57:24,Netherlands,android,referral,elementary,self_development,medium,old,before_change,0,0
2989,2026-01-30 08:35:06,Poland,android,tiktok_ads,intermediate,travel,low,old,before_change,0,0
2990,2026-01-22 06:41:35,Brazil,ios,instagram_ads,intermediate,exam,low,old,before_change,0,0
2991,2026-01-22 18:04:15,Italy,ios,referral,beginner,work,high,old,before_change,1,0
2992,2026-01-25 20:16:41,Germany,android,organic,intermediate,travel,high,old,before_change,1,1
2993,2026-01-18 06:46:49,Poland,ios,blog,elementary,self_development,low,old,before_change,0,0
2994,2026-01-29 13:20:29,Germany,ios,referral,elementary,self_development,medium,old,before_change,0,0
2995,2026-01-28 02:22:09,Spain,ios,tiktok_ads,elementary,travel,medium,old,before_change,0,0
2996,2026-01-25 17:28:28,Germany,android,organic,beginner,self_development,medium,old,before_change,0,0
2997,2026-01-20 03:04:25,Brazil,android,paid_search,elementary,travel,high,old,before_change,1,1
2998,2026-01-20 21:51:03,Germany,android,paid_search,elementary,work,high,old,before_change,1,1
2999,2026-01-22 09:28:10,Italy,ios,paid_search,intermediate,self_development,medium,old,before_change,0,0
3000,2026-01-26 06:18:43,Brazil,ios,tiktok_ads,beginner,self_development,medium,old,before_change,0,0
3001,2026-01-28 05:26:17,Italy,android,referral,intermediate,work,low,old,before_change,0,0
3002,2026-01-26 10:06:59,Germany,android,tiktok_ads,beginner,work,high,old,before_change,0,0
3003,2026-01-30 19:24:45,Germany,ios,paid_search,intermediate,exam,high,old,before_change,0,0
3004,2026-01-31 07:55:10,Poland,android,blog,elementary,self_development,low,old,before_change,0,0
3005,2026-01-26 23:36:05,Poland,android,referral,elementary,travel,low,old,before_change,0,0
3006,2026-01-21 07:19:56,Brazil,android,tiktok_ads,elementary,travel,high,old,before_change,1,0
3007,2026-01-25 04:25:12,Poland,ios,paid_search,intermediate,work,medium,old,before_change,0,0
3008,2026-01-22 05:26:00,Poland,ios,tiktok_ads,beginner,work,medium,old,before_change,0,0
3009,2026-01-25 16:40:17,Netherlands,ios,paid_search,beginner,travel,high,old,before_change,0,0
3010,2026-01-28 19:20:46,Italy,android,organic,intermediate,exam,low,old,before_change,0,0
3011,2026-01-21 06:41:15,Poland,android,instagram_ads,beginner,travel,high,old,before_change,0,0
3012,2026-01-23 14:21:03,Netherlands,android,tiktok_ads,elementary,self_development,high,old,before_change,0,0
3013,2026-01-15 18:37:10,Spain,ios,paid_search,elementary,travel,medium,old,before_change,0,0
3014,2026-01-27 12:31:18,Germany,ios,blog,intermediate,self_development,medium,old,before_change,0,0
3015,2026-01-23 07:51:35,Germany,android,referral,intermediate,self_development,low,old,before_change,1,0
3016,2026-01-22 19:33:41,Poland,android,instagram_ads,beginner,work,medium,old,before_change,1,1
3017,2026-01-24 01:13:54,Poland,ios,organic,elementary,travel,high,old,before_change,1,0
3018,2026-01-18 15:55:19,Spain,android,organic,elementary,self_development,medium,old,before_change,0,0
3019,2026-01-25 03:58:14,Netherlands,android,tiktok_ads,elementary,work,high,old,before_change,0,0
3020,2026-01-27 16:02:35,Germany,android,referral,beginner,work,high,old,before_change,1,1
3021,2026-01-20 22:40:04,Germany,android,instagram_ads,beginner,travel,high,old,before_change,0,0
3022,2026-01-17 05:30:40,Italy,ios,organic,elementary,work,high,old,before_change,0,0
3023,2026-01-21 13:49:45,Spain,android,organic,beginner,work,medium,old,before_change,0,0
3024,2026-01-18 09:01:19,Germany,android,organic,elementary,exam,medium,old,before_change,0,0
3025,2026-01-21 08:34:01,Brazil,android,instagram_ads,beginner,self_development,high,old,before_change,1,1
3026,2026-01-25 15:44:40,Spain,android,instagram_ads,intermediate,work,medium,old,before_change,0,0
3027,2026-01-16 22:15:54,Poland,ios,organic,intermediate,travel,high,old,before_change,0,0
3028,2026-01-27 16:53:09,Italy,android,instagram_ads,elementary,work,medium,old,before_change,0,0
3029,2026-01-18 19:38:32,Netherlands,android,referral,intermediate,travel,medium,old,before_change,1,1
3030,2026-01-30 05:01:57,Netherlands,ios,paid_search,intermediate,travel,high,old,before_change,0,0
3031,2026-01-27 10:50:13,Spain,android,organic,elementary,work,low,old,before_change,0,0
3032,2026-01-19 15:12:55,Brazil,ios,instagram_ads,elementary,travel,medium,old,before_change,1,0
3033,2026-01-24 13:47:48,Spain,android,blog,beginner,travel,low,old,before_change,0,0
3034,2026-01-16 21:10:31,Germany,ios,organic,intermediate,travel,low,old,before_change,1,0
3035,2026-01-16 16:41:37,Poland,ios,organic,elementary,travel,high,old,before_change,1,1
3036,2026-01-31 06:04:01,Spain,android,instagram_ads,elementary,self_development,low,old,before_change,0,0
3037,2026-01-28 15:23:31,Brazil,android,paid_search,elementary,work,medium,old,before_change,0,0
3038,2026-01-17 15:00:16,Germany,android,referral,beginner,self_development,medium,old,before_change,0,0
3039,2026-01-19 19:20:14,Poland,android,tiktok_ads,elementary,self_development,low,old,before_change,0,0
3040,2026-01-18 08:38:53,Germany,ios,organic,intermediate,self_development,medium,old,before_change,0,0
3041,2026-01-21 17:13:32,Spain,android,referral,beginner,travel,medium,old,before_change,1,1
3042,2026-01-19 22:51:44,Poland,android,tiktok_ads,beginner,work,medium,old,before_change,0,0
3043,2026-01-20 13:50:58,Brazil,ios,instagram_ads,intermediate,work,low,old,before_change,0,0
3044,2026-01-23 23:59:30,Italy,android,paid_search,beginner,work,low,old,before_change,0,0
3045,2026-01-18 05:08:01,Germany,ios,tiktok_ads,elementary,travel,high,old,before_change,0,0
3046,2026-01-30 00:11:34,Poland,ios,referral,elementary,travel,medium,old,before_change,0,0
3047,2026-01-27 08:52:54,Italy,android,organic,elementary,exam,high,old,before_change,0,0
3048,2026-01-27 22:18:09,Brazil,android,paid_search,beginner,exam,low,old,before_change,0,0
3049,2026-01-17 21:08:48,Netherlands,android,blog,beginner,work,high,old,before_change,0,0
3050,2026-01-27 00:55:41,Spain,android,paid_search,elementary,travel,high,old,before_change,0,0
3051,2026-01-29 05:11:16,Poland,ios,organic,beginner,work,medium,old,before_change,0,0
3052,2026-01-17 23:28:25,Italy,android,organic,elementary,exam,medium,old,before_change,0,0
3053,2026-01-27 18:31:17,Poland,ios,tiktok_ads,intermediate,exam,medium,old,before_change,1,1
3054,2026-01-21 01:56:04,Italy,ios,tiktok_ads,intermediate,self_development,medium,old,before_change,0,0
3055,2026-01-28 09:19:56,Netherlands,ios,organic,beginner,work,low,old,before_change,0,0
3056,2026-01-23 03:11:21,Brazil,ios,organic,elementary,work,high,old,before_change,1,0
3057,2026-01-28 15:18:04,Spain,ios,instagram_ads,beginner,work,high,old,before_change,1,1
3058,2026-01-17 12:08:59,Poland,android,tiktok_ads,elementary,travel,medium,old,before_change,1,1
3059,2026-01-21 14:44:40,Italy,android,organic,beginner,work,medium,old,before_change,1,0
3060,2026-01-19 15:33:33,Netherlands,android,instagram_ads,intermediate,self_development,medium,old,before_change,0,0
3061,2026-01-19 05:19:57,Germany,ios,instagram_ads,elementary,exam,medium,old,before_change,1,1
3062,2026-01-20 05:47:59,Brazil,android,organic,beginner,work,medium,old,before_change,0,0
3063,2026-01-21 12:01:58,Poland,ios,organic,beginner,travel,high,old,before_change,0,0
3064,2026-01-17 03:55:43,Italy,android,blog,elementary,work,medium,old,before_change,0,0
3065,2026-01-27 00:29:22,Germany,android,referral,intermediate,travel,medium,old,before_change,0,0
3066,2026-01-24 08:29:52,Germany,ios,paid_search,beginner,work,high,old,before_change,0,0
3067,2026-01-29 02:20:31,Spain,android,referral,elementary,work,low,old,before_change,0,0
3068,2026-01-26 23:39:05,Germany,android,tiktok_ads,beginner,travel,low,old,before_change,0,0
3069,2026-01-17 12:48:35,Italy,ios,blog,intermediate,work,medium,old,before_change,0,0
3070,2026-01-16 04:31:55,Spain,android,blog,elementary,travel,high,old,before_change,0,0
3071,2026-01-22 04:30:21,Brazil,android,instagram_ads,elementary,travel,high,old,before_change,0,0
3072,2026-01-23 04:17:53,Germany,ios,instagram_ads,beginner,work,medium,old,before_change,1,1
3073,2026-01-19 02:01:18,Brazil,ios,organic,intermediate,exam,low,old,before_change,0,0
3074,2026-01-28 07:08:31,Italy,android,instagram_ads,elementary,travel,high,old,before_change,0,0
3075,2026-01-24 21:17:08,Brazil,android,paid_search,beginner,travel,medium,old,before_change,0,0
3076,2026-01-27 17:10:47,Germany,ios,tiktok_ads,elementary,work,medium,old,before_change,0,0
3077,2026-01-16 20:28:34,Germany,android,organic,beginner,travel,medium,old,before_change,0,0
3078,2026-01-28 20:32:59,Italy,ios,referral,intermediate,self_development,medium,old,before_change,0,0
3079,2026-01-18 12:05:05,Italy,android,blog,elementary,self_development,medium,old,before_change,0,0
3080,2026-01-22 14:52:55,Germany,android,organic,elementary,exam,low,old,before_change,0,0
3081,2026-01-22 11:15:48,Netherlands,android,tiktok_ads,beginner,exam,medium,old,before_change,0,0
3082,2026-01-28 22:47:14,Germany,android,referral,intermediate,exam,high,old,before_change,1,0
3083,2026-01-19 16:57:12,Brazil,android,instagram_ads,intermediate,work,medium,old,before_change,0,0
3084,2026-01-19 02:13:38,Germany,android,blog,elementary,exam,medium,old,before_change,1,0
3085,2026-01-20 18:34:05,Poland,ios,instagram_ads,elementary,work,high,old,before_change,0,0
3086,2026-01-21 03:12:38,Italy,ios,paid_search,beginner,work,low,old,before_change,1,0
3087,2026-01-18 02:07:39,Germany,android,instagram_ads,beginner,self_development,medium,old,before_change,0,0
3088,2026-01-17 23:57:11,Brazil,ios,instagram_ads,intermediate,self_development,medium,old,before_change,1,0
3089,2026-01-18 22:23:10,Germany,ios,paid_search,elementary,work,low,old,before_change,0,0
3090,2026-01-22 22:44:01,Spain,android,referral,beginner,self_development,medium,old,before_change,0,0
3091,2026-01-20 20:05:20,Germany,android,instagram_ads,beginner,work,low,old,before_change,0,0
3092,2026-01-21 15:57:37,Germany,ios,paid_search,beginner,work,medium,old,before_change,1,1
3093,2026-01-27 05:22:29,Italy,ios,paid_search,beginner,work,medium,old,before_change,1,1
3094,2026-01-19 02:17:53,Germany,ios,paid_search,intermediate,self_development,high,old,before_change,1,1
3095,2026-01-30 11:14:09,Poland,ios,paid_search,beginner,self_development,medium,old,before_change,0,0
3096,2026-01-27 18:43:35,Germany,ios,instagram_ads,beginner,exam,medium,old,before_change,0,0
3097,2026-01-17 23:16:20,Brazil,android,paid_search,intermediate,work,low,old,before_change,1,0
3098,2026-01-20 08:02:58,Brazil,android,referral,beginner,work,low,old,before_change,0,0
3099,2026-01-18 02:53:20,Italy,ios,blog,beginner,travel,high,old,before_change,0,0
3100,2026-01-19 15:18:15,Germany,ios,instagram_ads,elementary,exam,medium,old,before_change,0,0
3101,2026-01-21 05:07:21,Germany,android,tiktok_ads,beginner,self_development,high,old,before_change,1,0
3102,2026-01-17 05:24:11,Poland,ios,blog,beginner,self_development,medium,old,before_change,0,0
3103,2026-01-15 05:53:21,Poland,ios,organic,elementary,work,high,old,before_change,0,0
3104,2026-01-22 11:02:21,Netherlands,ios,organic,intermediate,work,medium,old,before_change,0,0
3105,2026-01-26 22:00:15,Germany,android,organic,intermediate,work,medium,old,before_change,0,0
3106,2026-01-20 03:36:34,Germany,ios,paid_search,beginner,work,low,old,before_change,0,0
3107,2026-01-29 15:03:59,Poland,android,paid_search,elementary,self_development,medium,old,before_change,0,0
3108,2026-01-21 06:39:47,Netherlands,android,instagram_ads,elementary,travel,high,old,before_change,0,0
3109,2026-01-30 07:31:30,Netherlands,android,instagram_ads,beginner,self_development,medium,old,before_change,1,1
3110,2026-01-19 00:17:12,Spain,android,organic,beginner,work,medium,old,before_change,0,0
3111,2026-01-24 04:02:53,Germany,android,paid_search,elementary,exam,medium,old,before_change,0,0
3112,2026-01-27 23:22:02,Italy,android,organic,beginner,self_development,high,old,before_change,0,0
3113,2026-01-16 00:05:16,Poland,ios,instagram_ads,intermediate,work,low,old,before_change,0,0
3114,2026-01-30 19:26:28,Germany,ios,paid_search,beginner,exam,high,old,before_change,1,1
3115,2026-01-21 04:54:11,Italy,ios,organic,beginner,travel,high,old,before_change,1,0
3116,2026-01-23 11:09:22,Netherlands,ios,organic,intermediate,travel,medium,old,before_change,1,0
3117,2026-01-25 16:24:11,Spain,ios,tiktok_ads,intermediate,work,high,old,before_change,1,1
3118,2026-01-25 22:20:36,Spain,ios,organic,beginner,work,medium,old,before_change,1,0
3119,2026-01-15 09:39:24,Poland,android,tiktok_ads,elementary,exam,high,old,before_change,0,0
3120,2026-01-29 17:48:22,Spain,android,referral,intermediate,work,medium,old,before_change,0,0
3121,2026-01-25 14:25:50,Brazil,ios,instagram_ads,beginner,travel,medium,old,before_change,0,0
3122,2026-01-31 23:31:20,Poland,android,organic,elementary,self_development,medium,old,before_change,0,0
3123,2026-01-23 00:22:37,Germany,ios,instagram_ads,elementary,self_development,high,old,before_change,0,0
3124,2026-01-25 10:18:53,Italy,android,organic,beginner,self_development,medium,old,before_change,1,0
3125,2026-01-22 11:57:13,Spain,android,referral,intermediate,travel,medium,old,before_change,0,0
3126,2026-01-30 03:01:48,Spain,ios,tiktok_ads,intermediate,work,medium,old,before_change,1,1
3127,2026-01-29 03:36:50,Netherlands,ios,paid_search,elementary,travel,high,old,before_change,0,0
3128,2026-01-30 10:42:43,Netherlands,android,paid_search,beginner,self_development,medium,old,before_change,1,0
3129,2026-01-23 13:44:47,Brazil,android,tiktok_ads,intermediate,work,medium,old,before_change,0,0
3130,2026-01-28 10:54:43,Netherlands,android,instagram_ads,elementary,self_development,high,old,before_change,0,0
3131,2026-01-21 02:23:17,Italy,ios,organic,beginner,self_development,medium,old,before_change,1,1
3132,2026-01-22 20:03:36,Poland,ios,tiktok_ads,elementary,travel,medium,old,before_change,1,0
3133,2026-01-27 22:10:08,Poland,ios,paid_search,elementary,work,low,old,before_change,0,0
3134,2026-01-16 09:06:38,Germany,android,referral,beginner,work,high,old,before_change,0,0
3135,2026-01-27 01:52:47,Spain,ios,referral,beginner,work,medium,old,before_change,0,0
3136,2026-01-15 06:26:55,Brazil,ios,paid_search,intermediate,self_development,low,old,before_change,0,0
3137,2026-01-24 20:54:19,Germany,android,paid_search,intermediate,travel,medium,old,before_change,1,1
3138,2026-01-23 02:41:52,Poland,android,paid_search,beginner,self_development,low,old,before_change,0,0
3139,2026-01-22 23:13:15,Spain,ios,referral,beginner,travel,medium,old,before_change,0,0
3140,2026-01-23 09:40:49,Spain,android,organic,beginner,exam,low,old,before_change,0,0
3141,2026-01-23 08:42:31,Germany,android,paid_search,elementary,travel,medium,old,before_change,1,0
3142,2026-01-21 22:12:13,Spain,android,tiktok_ads,beginner,work,high,old,before_change,1,0
3143,2026-01-22 16:09:09,Spain,ios,organic,elementary,exam,medium,old,before_change,0,0
3144,2026-01-24 15:48:44,Netherlands,android,organic,beginner,work,high,old,before_change,0,0
3145,2026-01-27 23:29:38,Netherlands,ios,tiktok_ads,intermediate,self_development,medium,old,before_change,1,0
3146,2026-01-24 09:16:56,Germany,android,instagram_ads,intermediate,exam,medium,old,before_change,1,1
3147,2026-01-25 22:08:57,Germany,android,instagram_ads,elementary,travel,medium,old,before_change,0,0
3148,2026-01-29 05:20:17,Poland,android,organic,beginner,work,high,old,before_change,1,0
3149,2026-01-31 19:43:15,Germany,android,instagram_ads,elementary,work,high,old,before_change,0,0
3150,2026-01-16 20:19:55,Brazil,android,instagram_ads,beginner,travel,high,old,before_change,0,0
3151,2026-01-27 02:52:25,Brazil,ios,paid_search,beginner,travel,medium,old,before_change,0,0
3152,2026-01-18 19:52:20,Brazil,ios,blog,elementary,travel,high,old,before_change,0,0
3153,2026-01-18 08:17:11,Italy,ios,organic,intermediate,self_development,high,old,before_change,0,0
3154,2026-01-28 11:32:45,Netherlands,android,paid_search,intermediate,self_development,low,old,before_change,1,0
3155,2026-01-16 04:01:33,Italy,ios,referral,beginner,travel,medium,old,before_change,0,0
3156,2026-01-29 09:55:02,Poland,android,organic,elementary,self_development,medium,old,before_change,1,1
3157,2026-01-28 02:22:56,Germany,android,blog,beginner,travel,medium,old,before_change,0,0
3158,2026-01-31 21:53:17,Germany,android,paid_search,elementary,work,high,old,before_change,1,1
3159,2026-01-26 08:31:14,Spain,ios,organic,beginner,travel,medium,old,before_change,0,0
3160,2026-01-29 20:08:53,Spain,android,organic,elementary,travel,medium,old,before_change,0,0
3161,2026-01-17 00:21:43,Brazil,android,paid_search,intermediate,work,high,old,before_change,0,0
3162,2026-01-30 03:04:43,Germany,android,blog,beginner,exam,medium,old,before_change,1,0
3163,2026-01-17 17:24:46,Germany,android,blog,intermediate,work,low,old,before_change,1,1
3164,2026-01-20 08:15:14,Spain,ios,instagram_ads,elementary,self_development,high,old,before_change,0,0
3165,2026-01-17 04:18:10,Netherlands,ios,organic,elementary,travel,high,old,before_change,1,0
3166,2026-01-21 19:52:40,Netherlands,android,instagram_ads,elementary,work,medium,old,before_change,0,0
3167,2026-01-27 17:35:29,Italy,android,paid_search,beginner,travel,high,old,before_change,0,0
3168,2026-01-19 13:22:43,Germany,android,organic,beginner,travel,medium,old,before_change,0,0
3169,2026-01-28 23:27:20,Spain,android,organic,beginner,travel,high,old,before_change,1,1
3170,2026-01-25 07:22:12,Italy,android,paid_search,elementary,travel,high,old,before_change,1,0
3171,2026-01-25 16:36:06,Netherlands,android,paid_search,beginner,self_development,medium,old,before_change,0,0
3172,2026-01-30 23:01:57,Netherlands,android,tiktok_ads,elementary,work,low,old,before_change,1,1
3173,2026-01-22 08:11:35,Brazil,android,paid_search,intermediate,exam,medium,old,before_change,1,0
3174,2026-01-20 20:36:48,Germany,ios,organic,elementary,travel,low,old,before_change,1,1
3175,2026-01-31 21:46:41,Italy,ios,organic,beginner,travel,high,old,before_change,0,0
3176,2026-01-24 11:15:24,Netherlands,ios,tiktok_ads,elementary,work,high,old,before_change,0,0
3177,2026-01-25 10:45:30,Brazil,android,tiktok_ads,beginner,travel,medium,old,before_change,0,0
3178,2026-01-20 00:53:24,Brazil,android,organic,elementary,travel,high,old,before_change,1,0
3179,2026-01-18 15:53:53,Spain,android,referral,beginner,travel,medium,old,before_change,0,0
3180,2026-01-17 21:16:42,Germany,ios,tiktok_ads,beginner,self_development,low,old,before_change,0,0
3181,2026-01-18 19:12:43,Poland,ios,organic,intermediate,work,high,old,before_change,1,0
3182,2026-01-18 07:38:08,Brazil,android,paid_search,beginner,travel,low,old,before_change,0,0
3183,2026-01-27 16:39:43,Germany,android,blog,beginner,work,medium,old,before_change,1,1
3184,2026-01-15 23:38:30,Spain,android,paid_search,beginner,self_development,high,old,before_change,0,0
3185,2026-01-25 16:47:19,Italy,ios,organic,beginner,travel,medium,old,before_change,1,1
3186,2026-01-31 03:18:42,Spain,ios,instagram_ads,intermediate,travel,medium,old,before_change,0,0
3187,2026-01-28 00:20:43,Spain,android,organic,beginner,self_development,medium,old,before_change,0,0
3188,2026-01-21 20:22:29,Netherlands,android,referral,beginner,self_development,medium,old,before_change,0,0
3189,2026-01-16 00:14:10,Poland,android,referral,intermediate,work,medium,old,before_change,0,0
3190,2026-01-29 04:19:16,Netherlands,android,referral,beginner,travel,medium,old,before_change,1,1
3191,2026-01-15 01:17:04,Poland,ios,instagram_ads,beginner,travel,medium,old,before_change,1,1
3192,2026-01-26 13:58:56,Germany,ios,tiktok_ads,beginner,self_development,high,old,before_change,1,0
3193,2026-01-26 09:44:49,Italy,ios,paid_search,intermediate,exam,low,old,before_change,0,0
3194,2026-01-18 06:18:13,Italy,ios,referral,elementary,work,high,old,before_change,0,0
3195,2026-01-27 13:52:01,Brazil,ios,organic,elementary,travel,medium,old,before_change,0,0
3196,2026-01-17 23:35:18,Netherlands,ios,paid_search,elementary,travel,low,old,before_change,1,1
3197,2026-01-18 20:03:51,Germany,ios,blog,elementary,exam,high,old,before_change,0,0
3198,2026-01-28 19:17:28,Brazil,android,blog,elementary,exam,medium,old,before_change,0,0
3199,2026-01-31 15:29:04,Germany,ios,instagram_ads,intermediate,work,high,old,before_change,0,0
3200,2026-01-19 12:00:08,Germany,android,instagram_ads,elementary,work,high,old,before_change,1,1
3201,2026-01-30 15:54:21,Italy,ios,organic,intermediate,self_development,medium,old,before_change,0,0
3202,2026-01-30 12:37:13,Germany,ios,tiktok_ads,beginner,exam,low,old,before_change,0,0
3203,2026-01-28 01:55:05,Netherlands,ios,organic,elementary,travel,high,old,before_change,1,1
3204,2026-01-17 09:08:33,Spain,ios,paid_search,elementary,self_development,low,old,before_change,0,0
3205,2026-01-20 02:09:47,Spain,ios,paid_search,beginner,travel,medium,old,before_change,1,0
3206,2026-01-26 12:30:18,Spain,android,referral,beginner,work,medium,old,before_change,1,0
3207,2026-01-31 23:40:53,Spain,android,blog,beginner,travel,low,old,before_change,1,0
3208,2026-01-28 20:18:19,Netherlands,ios,blog,beginner,exam,medium,old,before_change,0,0
3209,2026-01-22 03:28:10,Italy,ios,referral,intermediate,work,medium,old,before_change,1,0
3210,2026-01-18 23:59:04,Spain,ios,paid_search,beginner,travel,medium,old,before_change,0,0
3211,2026-01-31 07:49:02,Italy,android,organic,elementary,work,medium,old,before_change,0,0
3212,2026-01-19 16:41:33,Netherlands,ios,paid_search,beginner,work,low,old,before_change,0,0
3213,2026-01-20 19:37:31,Netherlands,ios,paid_search,elementary,work,medium,old,before_change,0,0
3214,2026-01-31 09:31:25,Germany,android,tiktok_ads,beginner,travel,low,old,before_change,0,0
3215,2026-01-24 13:09:33,Germany,android,paid_search,beginner,travel,medium,old,before_change,1,1
3216,2026-01-19 11:57:20,Poland,android,referral,elementary,self_development,medium,old,before_change,0,0
3217,2026-01-15 02:10:51,Brazil,ios,paid_search,beginner,travel,medium,old,before_change,0,0
3218,2026-01-22 07:25:20,Spain,ios,paid_search,beginner,work,high,old,before_change,1,1
3219,2026-01-31 18:17:18,Poland,ios,tiktok_ads,elementary,travel,medium,old,before_change,0,0
3220,2026-01-22 08:27:58,Spain,android,instagram_ads,intermediate,self_development,medium,old,before_change,0,0
3221,2026-01-26 21:24:28,Poland,android,paid_search,elementary,work,medium,old,before_change,0,0
3222,2026-01-19 07:14:17,Spain,ios,tiktok_ads,elementary,exam,medium,old,before_change,1,1
3223,2026-01-28 04:27:00,Italy,android,instagram_ads,elementary,exam,low,old,before_change,0,0
3224,2026-01-28 04:31:21,Germany,android,organic,elementary,work,low,old,before_change,0,0
3225,2026-01-25 08:11:12,Germany,android,instagram_ads,elementary,self_development,high,old,before_change,0,0
3226,2026-01-28 02:54:52,Netherlands,ios,blog,elementary,exam,high,old,before_change,0,0
3227,2026-01-24 20:09:34,Germany,ios,organic,elementary,exam,low,old,before_change,0,0
3228,2026-01-21 10:21:13,Italy,ios,paid_search,elementary,exam,high,old,before_change,0,0
3229,2026-01-27 13:03:18,Netherlands,android,paid_search,beginner,work,low,old,before_change,0,0
3230,2026-01-29 04:43:52,Germany,ios,instagram_ads,beginner,exam,medium,old,before_change,0,0
3231,2026-01-29 07:09:10,Germany,ios,blog,elementary,exam,medium,old,before_change,0,0
3232,2026-01-18 14:56:04,Italy,android,paid_search,elementary,self_development,medium,old,before_change,0,0
3233,2026-01-26 12:02:59,Netherlands,android,referral,elementary,self_development,medium,old,before_change,0,0
3234,2026-01-15 01:45:24,Italy,android,referral,beginner,work,high,old,before_change,1,1
3235,2026-01-24 17:22:32,Germany,android,paid_search,elementary,exam,high,old,before_change,1,0
3236,2026-01-24 17:02:10,Italy,android,referral,intermediate,travel,low,old,before_change,0,0
3237,2026-01-21 04:18:22,Brazil,android,blog,beginner,self_development,medium,old,before_change,0,0
3238,2026-01-31 21:35:01,Netherlands,ios,blog,elementary,exam,high,old,before_change,1,0
3239,2026-01-30 00:14:53,Spain,ios,instagram_ads,beginner,self_development,high,old,before_change,0,0
3240,2026-01-15 15:46:00,Germany,android,organic,elementary,exam,medium,old,before_change,0,0
3241,2026-01-18 13:12:17,Italy,ios,organic,beginner,exam,medium,old,before_change,0,0
3242,2026-01-18 12:51:47,Italy,android,paid_search,elementary,travel,medium,old,before_change,0,0
3243,2026-01-30 06:12:14,Spain,android,instagram_ads,beginner,exam,low,old,before_change,0,0
3244,2026-01-23 19:43:01,Italy,ios,paid_search,beginner,work,medium,old,before_change,0,0
3245,2026-01-27 09:22:51,Germany,android,tiktok_ads,beginner,work,medium,old,before_change,0,0
3246,2026-01-28 18:27:20,Germany,android,referral,beginner,work,medium,old,before_change,1,0
3247,2026-01-28 01:11:19,Germany,android,organic,intermediate,travel,medium,old,before_change,0,0
3248,2026-01-16 12:19:44,Spain,android,blog,beginner,self_development,low,old,before_change,0,0
3249,2026-01-17 09:15:23,Germany,ios,organic,beginner,work,high,old,before_change,1,0
3250,2026-01-21 17:15:20,Spain,ios,paid_search,intermediate,travel,medium,old,before_change,0,0
3251,2026-01-20 18:03:29,Germany,ios,referral,beginner,self_development,high,old,before_change,0,0
3252,2026-01-27 16:48:24,Poland,android,organic,elementary,travel,medium,old,before_change,0,0
3253,2026-01-17 15:44:38,Poland,ios,organic,beginner,travel,medium,old,before_change,1,1
3254,2026-01-21 07:35:22,Netherlands,android,blog,intermediate,work,high,old,before_change,0,0
3255,2026-01-19 00:31:20,Germany,ios,blog,elementary,travel,medium,old,before_change,1,0
3256,2026-01-18 05:02:42,Poland,android,referral,beginner,self_development,medium,old,before_change,0,0
3257,2026-01-17 22:30:14,Germany,android,organic,elementary,exam,low,old,before_change,1,1
3258,2026-01-18 07:45:44,Poland,ios,paid_search,beginner,exam,low,old,before_change,0,0
3259,2026-01-24 14:15:51,Brazil,android,organic,beginner,work,low,old,before_change,1,0
3260,2026-01-21 23:17:59,Spain,android,organic,beginner,work,high,old,before_change,0,0
3261,2026-01-22 09:35:51,Germany,android,blog,elementary,exam,low,old,before_change,0,0
3262,2026-01-23 03:36:07,Poland,android,organic,elementary,exam,low,old,before_change,0,0
3263,2026-01-27 14:21:08,Italy,android,tiktok_ads,beginner,work,low,old,before_change,0,0
3264,2026-01-29 15:37:13,Netherlands,android,organic,elementary,work,medium,old,before_change,1,1
3265,2026-01-23 22:47:08,Italy,android,instagram_ads,beginner,travel,low,old,before_change,0,0
3266,2026-01-25 22:02:20,Italy,ios,organic,elementary,travel,medium,old,before_change,0,0
3267,2026-01-27 13:19:54,Germany,ios,organic,beginner,travel,high,old,before_change,1,0
3268,2026-01-26 17:41:02,Poland,ios,organic,beginner,exam,medium,old,before_change,0,0
3269,2026-01-17 06:46:45,Spain,android,blog,elementary,work,high,old,before_change,1,0
3270,2026-01-31 17:03:31,Brazil,ios,tiktok_ads,elementary,exam,high,old,before_change,0,0
3271,2026-01-17 19:14:34,Germany,android,tiktok_ads,elementary,work,high,old,before_change,0,0
3272,2026-01-22 00:01:55,Italy,ios,paid_search,elementary,work,medium,old,before_change,0,0
3273,2026-01-26 02:15:42,Poland,ios,tiktok_ads,intermediate,exam,low,old,before_change,0,0
3274,2026-01-21 20:34:06,Germany,ios,tiktok_ads,intermediate,travel,low,old,before_change,0,0
3275,2026-01-19 03:11:51,Spain,ios,instagram_ads,intermediate,self_development,low,old,before_change,0,0
3276,2026-01-30 16:43:32,Spain,ios,tiktok_ads,beginner,work,high,old,before_change,1,1
3277,2026-01-16 05:11:02,Poland,android,referral,beginner,self_development,medium,old,before_change,0,0
3278,2026-01-19 04:19:02,Italy,ios,blog,elementary,travel,low,old,before_change,1,1
3279,2026-01-31 21:08:34,Spain,ios,blog,beginner,work,low,old,before_change,0,0
3280,2026-01-27 09:45:52,Brazil,ios,instagram_ads,elementary,work,high,old,before_change,0,0
3281,2026-01-16 11:29:10,Netherlands,ios,organic,beginner,travel,low,old,before_change,0,0
3282,2026-01-27 19:51:57,Spain,android,organic,elementary,work,medium,old,before_change,1,1
3283,2026-01-31 11:33:36,Brazil,ios,organic,beginner,work,medium,old,before_change,0,0
3284,2026-01-16 15:53:51,Germany,android,paid_search,intermediate,self_development,high,old,before_change,0,0
3285,2026-01-22 00:55:59,Germany,android,paid_search,elementary,work,low,old,before_change,0,0
3286,2026-01-22 23:02:18,Spain,android,tiktok_ads,beginner,travel,low,old,before_change,0,0
3287,2026-01-17 05:27:11,Italy,android,instagram_ads,elementary,travel,low,old,before_change,0,0
3288,2026-01-18 09:49:46,Spain,ios,tiktok_ads,elementary,self_development,high,old,before_change,0,0
3289,2026-01-17 22:53:30,Germany,android,blog,intermediate,travel,high,old,before_change,0,0
3290,2026-01-18 03:37:59,Poland,android,organic,elementary,exam,low,old,before_change,0,0
3291,2026-01-21 20:38:23,Italy,ios,organic,elementary,travel,low,old,before_change,1,0
3292,2026-01-22 21:14:30,Brazil,android,tiktok_ads,beginner,work,low,old,before_change,0,0
3293,2026-01-19 01:05:51,Germany,ios,instagram_ads,elementary,work,low,old,before_change,0,0
3294,2026-01-19 22:05:14,Netherlands,android,instagram_ads,beginner,self_development,high,old,before_change,1,0
3295,2026-01-18 06:25:57,Spain,android,referral,intermediate,work,medium,old,before_change,1,1
3296,2026-01-28 12:47:33,Netherlands,ios,organic,elementary,travel,high,old,before_change,1,0
3297,2026-01-18 14:23:44,Germany,ios,instagram_ads,intermediate,exam,medium,old,before_change,0,0
3298,2026-01-30 10:18:10,Germany,android,blog,elementary,travel,high,old,before_change,1,1
3299,2026-01-24 03:51:10,Spain,ios,paid_search,beginner,self_development,medium,old,before_change,0,0
3300,2026-01-28 15:30:36,Poland,android,instagram_ads,beginner,work,medium,old,before_change,0,0
3301,2026-01-25 19:38:56,Spain,ios,organic,beginner,self_development,low,old,before_change,0,0
3302,2026-01-19 12:32:26,Germany,ios,paid_search,beginner,self_development,high,old,before_change,0,0
3303,2026-01-25 05:21:20,Brazil,android,organic,beginner,travel,low,old,before_change,0,0
3304,2026-01-19 15:50:48,Poland,android,instagram_ads,intermediate,self_development,high,old,before_change,1,0
3305,2026-01-17 00:22:21,Germany,android,instagram_ads,elementary,self_development,low,old,before_change,0,0
3306,2026-01-19 07:55:45,Netherlands,android,blog,elementary,self_development,medium,old,before_change,0,0
3307,2026-01-19 16:27:40,Netherlands,ios,tiktok_ads,elementary,work,high,old,before_change,0,0
3308,2026-01-17 07:05:43,Spain,ios,organic,beginner,exam,low,old,before_change,0,0
3309,2026-01-15 09:37:57,Italy,ios,referral,beginner,travel,high,old,before_change,0,0
3310,2026-01-31 01:04:11,Italy,ios,paid_search,beginner,self_development,medium,old,before_change,1,0
3311,2026-01-23 17:28:34,Spain,ios,tiktok_ads,intermediate,travel,low,old,before_change,0,0
3312,2026-01-21 20:02:07,Germany,android,paid_search,elementary,exam,medium,old,before_change,0,0
3313,2026-01-30 19:25:13,Spain,ios,tiktok_ads,beginner,self_development,medium,old,before_change,0,0
3314,2026-01-18 19:40:23,Germany,ios,blog,elementary,self_development,medium,old,before_change,1,0
3315,2026-01-21 20:22:16,Brazil,android,organic,elementary,self_development,high,old,before_change,1,1
3316,2026-01-29 09:26:30,Italy,ios,instagram_ads,beginner,self_development,medium,old,before_change,0,0
3317,2026-01-25 17:52:08,Poland,android,instagram_ads,beginner,exam,low,old,before_change,0,0
3318,2026-01-21 18:52:18,Spain,ios,paid_search,beginner,work,medium,old,before_change,0,0
3319,2026-01-19 08:22:39,Spain,ios,paid_search,intermediate,travel,high,old,before_change,0,0
3320,2026-01-15 14:19:39,Germany,android,tiktok_ads,intermediate,self_development,high,old,before_change,1,1
3321,2026-01-16 10:42:05,Brazil,android,paid_search,elementary,work,medium,old,before_change,0,0
3322,2026-01-17 18:04:19,Germany,android,organic,beginner,self_development,low,old,before_change,0,0
3323,2026-01-28 08:56:26,Italy,ios,tiktok_ads,beginner,work,low,old,before_change,0,0
3324,2026-01-25 20:48:50,Poland,ios,instagram_ads,beginner,work,low,old,before_change,0,0
3325,2026-01-22 08:51:17,Germany,android,paid_search,beginner,work,medium,old,before_change,0,0
3326,2026-01-28 07:25:31,Netherlands,ios,blog,elementary,self_development,medium,old,before_change,0,0
3327,2026-01-17 17:35:55,Brazil,android,referral,beginner,travel,medium,old,before_change,0,0
3328,2026-01-18 14:03:40,Poland,ios,blog,beginner,work,high,old,before_change,1,0
3329,2026-01-21 16:14:00,Brazil,ios,instagram_ads,elementary,travel,medium,old,before_change,0,0
3330,2026-01-30 14:17:50,Germany,ios,organic,beginner,work,medium,old,before_change,0,0
3331,2026-01-25 10:36:24,Netherlands,android,organic,elementary,work,low,old,before_change,1,0
3332,2026-01-29 11:12:24,Germany,ios,blog,elementary,travel,medium,old,before_change,0,0
3333,2026-01-19 05:15:00,Netherlands,android,referral,elementary,exam,medium,old,before_change,0,0
3334,2026-01-29 10:08:21,Germany,ios,tiktok_ads,intermediate,self_development,medium,old,before_change,0,0
3335,2026-01-16 05:34:18,Netherlands,android,instagram_ads,elementary,self_development,low,old,before_change,0,0
3336,2026-01-18 20:53:08,Poland,ios,paid_search,elementary,exam,high,old,before_change,1,1
3337,2026-01-23 21:23:39,Germany,android,tiktok_ads,elementary,travel,medium,old,before_change,0,0
3338,2026-01-15 20:37:07,Spain,android,organic,intermediate,exam,low,old,before_change,0,0
3339,2026-01-29 14:10:15,Poland,android,instagram_ads,beginner,exam,medium,old,before_change,1,1
3340,2026-01-29 17:54:31,Germany,ios,tiktok_ads,beginner,self_development,low,old,before_change,0,0
3341,2026-01-24 04:55:06,Brazil,android,tiktok_ads,beginner,exam,low,old,before_change,0,0
3342,2026-01-20 04:45:59,Netherlands,ios,instagram_ads,elementary,exam,medium,old,before_change,0,0
3343,2026-01-16 16:22:38,Spain,android,tiktok_ads,beginner,exam,high,old,before_change,0,0
3344,2026-01-25 12:31:04,Poland,android,organic,intermediate,self_development,medium,old,before_change,1,1
3345,2026-01-24 03:22:11,Brazil,ios,organic,elementary,work,medium,old,before_change,0,0
3346,2026-01-27 22:03:59,Netherlands,android,organic,beginner,travel,medium,old,before_change,0,0
3347,2026-01-25 05:50:03,Germany,android,paid_search,elementary,self_development,low,old,before_change,0,0
3348,2026-01-17 04:20:37,Germany,ios,paid_search,elementary,exam,medium,old,before_change,1,1
3349,2026-01-17 01:40:48,Germany,ios,paid_search,intermediate,exam,high,old,before_change,0,0
3350,2026-01-28 06:34:55,Italy,ios,instagram_ads,elementary,travel,medium,old,before_change,0,0
3351,2026-01-17 16:52:54,Italy,android,paid_search,beginner,travel,low,old,before_change,0,0
3352,2026-01-30 22:54:45,Poland,android,instagram_ads,intermediate,self_development,medium,old,before_change,0,0
3353,2026-01-16 19:13:35,Germany,android,tiktok_ads,intermediate,travel,high,old,before_change,0,0
3354,2026-01-27 09:10:37,Brazil,ios,organic,intermediate,work,medium,old,before_change,1,0
3355,2026-01-31 13:53:39,Poland,ios,paid_search,elementary,work,high,old,before_change,0,0
3356,2026-01-22 12:01:07,Netherlands,ios,organic,beginner,travel,high,old,before_change,1,1
3357,2026-01-15 23:08:21,Germany,ios,organic,intermediate,work,high,old,before_change,1,1
3358,2026-01-29 21:41:04,Italy,ios,instagram_ads,beginner,travel,low,old,before_change,1,1
3359,2026-01-18 04:25:16,Germany,ios,referral,beginner,travel,high,old,before_change,0,0
3360,2026-01-23 23:12:09,Germany,android,paid_search,elementary,self_development,high,old,before_change,0,0
3361,2026-01-31 17:41:26,Italy,android,paid_search,elementary,work,high,old,before_change,1,1
3362,2026-01-27 15:51:59,Brazil,ios,organic,elementary,self_development,low,old,before_change,0,0
3363,2026-01-15 18:53:49,Spain,android,organic,elementary,work,high,old,before_change,1,0
3364,2026-01-28 22:45:59,Brazil,ios,referral,beginner,self_development,medium,old,before_change,0,0
3365,2026-01-17 17:47:12,Italy,ios,instagram_ads,elementary,travel,high,old,before_change,0,0
3366,2026-01-27 17:44:09,Germany,android,tiktok_ads,intermediate,travel,low,old,before_change,0,0
3367,2026-01-25 13:20:59,Poland,android,referral,intermediate,travel,high,old,before_change,1,0
3368,2026-01-19 21:26:41,Spain,ios,instagram_ads,beginner,travel,medium,old,before_change,0,0
3369,2026-01-22 04:49:57,Germany,ios,organic,beginner,self_development,medium,old,before_change,0,0
3370,2026-01-17 00:04:49,Spain,android,tiktok_ads,beginner,work,medium,old,before_change,0,0
3371,2026-01-31 18:36:28,Brazil,ios,tiktok_ads,elementary,work,high,old,before_change,1,1
3372,2026-01-19 01:14:31,Germany,android,paid_search,elementary,work,high,old,before_change,0,0
3373,2026-01-20 05:56:26,Spain,ios,instagram_ads,elementary,travel,medium,old,before_change,1,1
3374,2026-01-23 13:10:22,Netherlands,ios,instagram_ads,beginner,self_development,low,old,before_change,0,0
3375,2026-01-26 10:19:52,Brazil,android,paid_search,elementary,exam,low,old,before_change,0,0
3376,2026-01-23 14:09:10,Poland,android,tiktok_ads,elementary,travel,low,old,before_change,1,1
3377,2026-01-23 14:05:48,Poland,android,organic,elementary,work,medium,old,before_change,1,1
3378,2026-01-24 21:43:08,Spain,android,paid_search,beginner,travel,medium,old,before_change,1,0
3379,2026-01-29 13:56:24,Spain,android,paid_search,elementary,exam,low,old,before_change,0,0
3380,2026-01-21 17:12:05,Brazil,ios,instagram_ads,intermediate,work,medium,old,before_change,0,0
3381,2026-01-29 03:30:33,Brazil,ios,referral,elementary,self_development,high,old,before_change,0,0
3382,2026-01-28 09:03:06,Germany,ios,instagram_ads,elementary,self_development,high,old,before_change,0,0
3383,2026-01-31 08:05:26,Spain,android,tiktok_ads,beginner,travel,low,old,before_change,0,0
3384,2026-01-30 12:34:00,Germany,android,paid_search,beginner,travel,low,old,before_change,1,0
3385,2026-01-28 13:39:26,Spain,ios,instagram_ads,beginner,self_development,high,old,before_change,1,1
3386,2026-01-19 04:39:49,Italy,android,organic,beginner,work,low,old,before_change,0,0
3387,2026-01-28 03:54:48,Netherlands,ios,instagram_ads,beginner,work,medium,old,before_change,0,0
3388,2026-01-27 12:30:05,Spain,android,tiktok_ads,elementary,work,medium,old,before_change,0,0
3389,2026-01-19 22:06:59,Brazil,android,organic,beginner,work,high,old,before_change,0,0
3390,2026-01-26 12:36:45,Netherlands,ios,blog,intermediate,exam,medium,old,before_change,0,0
3391,2026-01-19 07:12:41,Spain,ios,paid_search,beginner,self_development,high,old,before_change,0,0
3392,2026-01-23 21:25:15,Brazil,ios,tiktok_ads,beginner,exam,high,old,before_change,0,0
3393,2026-01-28 13:04:25,Poland,android,instagram_ads,beginner,work,medium,old,before_change,1,0
3394,2026-01-18 04:55:13,Germany,ios,tiktok_ads,beginner,travel,high,old,before_change,0,0
3395,2026-01-20 17:28:36,Brazil,android,instagram_ads,elementary,self_development,medium,old,before_change,0,0
3396,2026-01-28 12:27:17,Brazil,android,organic,elementary,work,high,old,before_change,0,0
3397,2026-01-22 17:08:49,Poland,android,blog,elementary,work,low,old,before_change,1,1
3398,2026-01-31 07:56:07,Italy,android,tiktok_ads,intermediate,travel,medium,old,before_change,0,0
3399,2026-01-15 03:14:52,Poland,android,instagram_ads,beginner,self_development,medium,old,before_change,1,0
3400,2026-01-27 06:30:33,Brazil,android,tiktok_ads,elementary,work,high,old,before_change,0,0
3401,2026-01-28 20:11:34,Germany,ios,paid_search,beginner,self_development,high,old,before_change,1,1
3402,2026-01-30 14:29:12,Netherlands,ios,tiktok_ads,beginner,travel,high,old,before_change,0,0
3403,2026-01-17 15:57:20,Poland,ios,paid_search,beginner,work,medium,old,before_change,0,0
3404,2026-01-31 17:32:51,Italy,ios,referral,elementary,travel,high,old,before_change,1,0
3405,2026-01-21 16:02:58,Poland,android,paid_search,intermediate,work,medium,old,before_change,0,0
3406,2026-01-20 23:38:12,Germany,ios,referral,beginner,self_development,medium,old,before_change,0,0
3407,2026-01-21 01:03:40,Poland,android,blog,beginner,work,low,old,before_change,0,0
3408,2026-01-25 20:23:42,Italy,ios,blog,intermediate,self_development,medium,old,before_change,0,0
3409,2026-01-26 04:59:30,Netherlands,android,referral,elementary,self_development,medium,old,before_change,0,0
3410,2026-01-23 01:21:52,Netherlands,android,tiktok_ads,elementary,travel,low,old,before_change,0,0
3411,2026-01-16 04:58:58,Brazil,android,instagram_ads,beginner,work,medium,old,before_change,0,0
3412,2026-01-31 18:32:40,Netherlands,android,organic,beginner,self_development,high,old,before_change,0,0
3413,2026-01-18 18:37:04,Spain,ios,instagram_ads,elementary,exam,high,old,before_change,1,1
3414,2026-01-16 14:16:24,Germany,ios,instagram_ads,beginner,travel,high,old,before_change,0,0
3415,2026-01-25 03:43:55,Poland,android,organic,elementary,self_development,medium,old,before_change,1,1
3416,2026-01-22 00:14:56,Italy,ios,tiktok_ads,beginner,work,high,old,before_change,0,0
3417,2026-01-25 11:09:05,Poland,android,organic,elementary,self_development,medium,old,before_change,0,0
3418,2026-01-29 21:13:11,Spain,android,instagram_ads,elementary,exam,high,old,before_change,1,1
3419,2026-01-16 15:42:30,Germany,ios,instagram_ads,beginner,work,medium,old,before_change,0,0
3420,2026-01-19 19:53:34,Spain,android,referral,beginner,work,medium,old,before_change,0,0
3421,2026-01-23 18:45:40,Poland,ios,organic,beginner,self_development,high,old,before_change,1,1
3422,2026-01-28 09:25:10,Netherlands,android,organic,elementary,self_development,high,old,before_change,1,0
3423,2026-01-25 05:03:44,Italy,ios,instagram_ads,intermediate,work,low,old,before_change,1,0
3424,2026-01-21 12:10:31,Spain,android,instagram_ads,beginner,travel,medium,old,before_change,0,0
3425,2026-01-25 08:54:17,Brazil,ios,organic,beginner,travel,low,old,before_change,0,0
3426,2026-01-31 15:49:52,Poland,android,instagram_ads,intermediate,work,high,old,before_change,0,0
3427,2026-01-23 03:51:42,Germany,android,blog,intermediate,work,medium,old,before_change,0,0
3428,2026-01-30 00:28:48,Italy,android,tiktok_ads,elementary,work,high,old,before_change,0,0
3429,2026-01-28 06:13:19,Netherlands,android,organic,beginner,travel,medium,old,before_change,1,0
3430,2026-01-20 02:56:19,Germany,android,organic,beginner,work,medium,old,before_change,1,0
3431,2026-01-19 05:47:50,Germany,android,instagram_ads,intermediate,self_development,high,old,before_change,1,0
3432,2026-01-28 02:14:19,Italy,android,tiktok_ads,elementary,travel,medium,old,before_change,1,0
3433,2026-01-18 12:39:06,Netherlands,android,blog,beginner,exam,high,old,before_change,1,0
3434,2026-01-20 17:26:14,Poland,android,organic,elementary,travel,high,old,before_change,0,0
3435,2026-01-19 00:02:30,Poland,android,instagram_ads,elementary,exam,medium,old,before_change,0,0
3436,2026-01-25 07:23:45,Spain,ios,blog,beginner,self_development,high,old,before_change,0,0
3437,2026-01-20 00:00:32,Poland,android,organic,intermediate,travel,medium,old,before_change,0,0
3438,2026-01-26 04:39:36,Italy,ios,blog,elementary,self_development,medium,old,before_change,0,0
3439,2026-01-30 21:24:59,Germany,ios,instagram_ads,beginner,travel,medium,old,before_change,0,0
3440,2026-01-29 02:28:29,Poland,android,tiktok_ads,beginner,work,high,old,before_change,0,0
3441,2026-01-31 02:45:54,Spain,ios,paid_search,elementary,travel,high,old,before_change,0,0
3442,2026-01-15 09:58:33,Spain,ios,referral,elementary,work,medium,old,before_change,0,0
3443,2026-01-22 17:49:32,Spain,android,blog,beginner,travel,low,old,before_change,1,0
3444,2026-01-18 17:49:27,Poland,android,organic,elementary,exam,low,old,before_change,1,0
3445,2026-01-30 14:29:25,Germany,ios,tiktok_ads,beginner,travel,medium,old,before_change,0,0
3446,2026-01-27 02:27:44,Spain,android,organic,beginner,self_development,medium,old,before_change,1,0
3447,2026-01-20 10:39:00,Netherlands,ios,paid_search,intermediate,travel,medium,old,before_change,1,1
3448,2026-01-24 13:55:02,Germany,ios,instagram_ads,beginner,travel,low,old,before_change,0,0
3449,2026-01-25 07:00:58,Poland,ios,instagram_ads,intermediate,work,medium,old,before_change,0,0
3450,2026-01-23 10:12:24,Italy,ios,paid_search,beginner,exam,medium,old,before_change,1,1
3451,2026-01-23 01:32:08,Germany,android,paid_search,beginner,self_development,high,old,before_change,0,0
3452,2026-01-15 22:31:32,Germany,android,organic,beginner,self_development,low,old,before_change,1,0
3453,2026-01-22 16:36:15,Italy,android,organic,intermediate,work,medium,old,before_change,1,0
3454,2026-01-20 22:05:47,Germany,android,organic,beginner,self_development,medium,old,before_change,0,0
3455,2026-01-28 21:50:46,Germany,android,paid_search,beginner,travel,high,old,before_change,1,0
3456,2026-01-29 16:57:39,Italy,android,referral,beginner,self_development,high,old,before_change,0,0
3457,2026-01-27 18:10:10,Italy,ios,paid_search,elementary,work,medium,old,before_change,0,0
3458,2026-01-15 12:36:15,Netherlands,android,blog,beginner,travel,low,old,before_change,0,0
3459,2026-01-29 07:13:14,Brazil,android,organic,beginner,work,medium,old,before_change,0,0
3460,2026-01-21 17:44:45,Italy,ios,instagram_ads,elementary,work,medium,old,before_change,0,0
3461,2026-01-22 01:52:42,Netherlands,ios,organic,intermediate,work,high,old,before_change,1,1
3462,2026-01-31 01:37:13,Netherlands,ios,organic,intermediate,travel,high,old,before_change,0,0
3463,2026-01-29 17:51:23,Poland,android,instagram_ads,intermediate,work,medium,old,before_change,0,0
3464,2026-01-15 20:45:33,Netherlands,android,paid_search,beginner,work,low,old,before_change,0,0
3465,2026-01-21 02:48:42,Brazil,android,paid_search,beginner,exam,medium,old,before_change,0,0
3466,2026-01-27 17:52:47,Spain,ios,paid_search,beginner,self_development,high,old,before_change,0,0
3467,2026-01-24 03:50:58,Brazil,ios,referral,intermediate,self_development,medium,old,before_change,1,1
3468,2026-01-19 09:06:21,Brazil,android,paid_search,elementary,work,medium,old,before_change,0,0
3469,2026-01-23 22:06:31,Spain,ios,organic,elementary,work,medium,old,before_change,1,1
3470,2026-01-29 17:34:35,Brazil,android,paid_search,elementary,exam,medium,old,before_change,0,0
3471,2026-01-18 19:06:07,Poland,android,instagram_ads,beginner,self_development,low,old,before_change,0,0
3472,2026-01-27 16:23:44,Spain,android,blog,elementary,exam,medium,old,before_change,0,0
3473,2026-01-27 11:46:56,Germany,android,organic,beginner,exam,high,old,before_change,0,0
3474,2026-01-30 01:22:03,Spain,android,paid_search,elementary,work,high,old,before_change,0,0
3475,2026-01-20 01:33:36,Germany,ios,instagram_ads,beginner,self_development,medium,old,before_change,0,0
3476,2026-01-18 16:05:50,Poland,android,blog,beginner,exam,low,old,before_change,0,0
3477,2026-01-24 07:26:35,Brazil,android,organic,beginner,travel,medium,old,before_change,1,0
3478,2026-01-24 00:46:02,Spain,android,referral,intermediate,work,low,old,before_change,0,0
3479,2026-01-21 23:05:24,Poland,ios,tiktok_ads,intermediate,work,high,old,before_change,0,0
3480,2026-01-28 05:56:31,Germany,android,paid_search,elementary,travel,medium,old,before_change,0,0
3481,2026-01-28 14:00:42,Germany,ios,referral,intermediate,exam,high,old,before_change,1,0
3482,2026-01-19 04:14:43,Poland,android,instagram_ads,beginner,exam,medium,old,before_change,0,0
3483,2026-01-28 12:34:33,Brazil,android,organic,beginner,self_development,medium,old,before_change,0,0
3484,2026-01-18 22:08:40,Poland,android,paid_search,beginner,self_development,low,old,before_change,0,0
3485,2026-01-21 22:18:52,Poland,ios,paid_search,beginner,work,medium,old,before_change,0,0
3486,2026-01-15 11:05:25,Italy,android,paid_search,elementary,travel,medium,old,before_change,0,0
3487,2026-01-20 18:52:50,Germany,ios,tiktok_ads,beginner,travel,medium,old,before_change,0,0
3488,2026-01-31 07:04:27,Poland,android,tiktok_ads,intermediate,self_development,medium,old,before_change,0,0
3489,2026-01-22 12:33:55,Poland,ios,referral,elementary,work,high,old,before_change,0,0
3490,2026-01-27 01:41:12,Germany,ios,instagram_ads,beginner,work,medium,old,before_change,0,0
3491,2026-01-16 20:02:02,Italy,android,paid_search,intermediate,exam,medium,old,before_change,1,0
3492,2026-01-25 19:18:31,Spain,ios,organic,intermediate,travel,medium,old,before_change,0,0
3493,2026-01-21 07:36:09,Italy,android,referral,elementary,exam,low,old,before_change,0,0
3494,2026-01-27 15:32:59,Netherlands,ios,organic,beginner,self_development,low,old,before_change,0,0
3495,2026-01-30 18:37:54,Brazil,android,paid_search,beginner,exam,low,old,before_change,0,0
3496,2026-01-24 00:53:53,Germany,ios,tiktok_ads,elementary,work,low,old,before_change,1,0
3497,2026-01-16 17:57:13,Italy,android,tiktok_ads,elementary,travel,medium,old,before_change,0,0
3498,2026-01-23 02:15:45,Brazil,android,organic,beginner,travel,high,old,before_change,0,0
3499,2026-01-17 02:13:42,Germany,android,instagram_ads,intermediate,travel,medium,old,before_change,0,0
3500,2026-01-22 15:24:32,Germany,ios,organic,beginner,work,medium,old,before_change,0,0
3501,2026-01-16 00:56:52,Poland,android,tiktok_ads,intermediate,travel,high,old,before_change,0,0
3502,2026-01-25 21:17:57,Germany,android,tiktok_ads,beginner,work,low,old,before_change,1,1
3503,2026-01-20 06:39:49,Netherlands,ios,tiktok_ads,intermediate,work,high,old,before_change,0,0
3504,2026-01-18 10:13:34,Netherlands,android,organic,beginner,work,medium,old,before_change,1,1
3505,2026-01-15 07:03:35,Germany,android,instagram_ads,elementary,travel,high,old,before_change,0,0
3506,2026-01-30 02:19:40,Brazil,android,organic,intermediate,work,medium,old,before_change,1,0
3507,2026-01-29 05:34:33,Germany,ios,instagram_ads,beginner,exam,medium,old,before_change,1,1
3508,2026-01-28 19:11:41,Italy,ios,blog,beginner,travel,medium,old,before_change,0,0
3509,2026-01-15 23:43:11,Poland,android,organic,intermediate,work,high,old,before_change,0,0
3510,2026-01-20 22:37:19,Spain,android,instagram_ads,intermediate,exam,medium,old,before_change,0,0
3511,2026-01-31 12:18:38,Brazil,android,organic,elementary,exam,medium,old,before_change,0,0
3512,2026-01-24 20:04:21,Brazil,android,instagram_ads,beginner,self_development,high,old,before_change,0,0
3513,2026-01-17 04:25:34,Italy,ios,instagram_ads,beginner,self_development,high,old,before_change,0,0
3514,2026-01-17 09:32:20,Spain,ios,instagram_ads,beginner,exam,low,old,before_change,0,0
3515,2026-01-19 11:20:58,Brazil,android,tiktok_ads,elementary,self_development,medium,old,before_change,0,0
3516,2026-01-31 12:43:02,Italy,android,blog,beginner,self_development,high,old,before_change,0,0
3517,2026-01-17 21:12:05,Germany,android,referral,beginner,self_development,high,old,before_change,0,0
3518,2026-01-30 08:22:48,Brazil,android,blog,intermediate,exam,medium,old,before_change,1,0
3519,2026-01-26 12:37:46,Germany,ios,organic,elementary,self_development,medium,old,before_change,0,0
3520,2026-01-30 16:08:03,Netherlands,ios,blog,elementary,work,high,old,before_change,0,0
3521,2026-01-29 01:00:47,Spain,ios,paid_search,intermediate,self_development,high,old,before_change,0,0
3522,2026-01-20 15:31:21,Italy,android,organic,elementary,travel,high,old,before_change,0,0
3523,2026-01-29 01:46:52,Spain,ios,paid_search,beginner,travel,medium,old,before_change,0,0
3524,2026-01-17 21:00:25,Germany,android,organic,intermediate,travel,low,old,before_change,0,0
3525,2026-01-19 22:42:55,Poland,ios,tiktok_ads,intermediate,self_development,low,old,before_change,0,0
3526,2026-01-18 14:24:10,Poland,ios,organic,beginner,work,medium,old,before_change,0,0
3527,2026-01-17 06:19:57,Netherlands,ios,instagram_ads,beginner,exam,medium,old,before_change,1,0
3528,2026-01-16 12:43:14,Poland,android,paid_search,beginner,work,high,old,before_change,0,0
3529,2026-01-18 04:27:31,Germany,ios,organic,beginner,work,medium,old,before_change,0,0
3530,2026-01-17 01:00:18,Netherlands,android,referral,beginner,self_development,low,old,before_change,0,0
3531,2026-01-21 11:12:48,Germany,android,instagram_ads,beginner,work,low,old,before_change,0,0
3532,2026-01-16 05:05:32,Germany,ios,paid_search,elementary,exam,low,old,before_change,0,0
3533,2026-01-16 01:00:03,Italy,android,tiktok_ads,beginner,self_development,medium,old,before_change,1,0
3534,2026-01-31 19:50:52,Poland,ios,referral,intermediate,travel,high,old,before_change,0,0
3535,2026-01-16 11:46:45,Germany,ios,paid_search,elementary,work,low,old,before_change,0,0
3536,2026-01-16 06:12:55,Germany,ios,organic,beginner,travel,high,old,before_change,0,0
3537,2026-01-15 12:16:59,Italy,android,blog,intermediate,work,high,old,before_change,1,1
3538,2026-01-17 06:04:37,Germany,android,paid_search,elementary,self_development,low,old,before_change,1,0
3539,2026-01-23 23:23:27,Germany,ios,organic,elementary,travel,medium,old,before_change,0,0
3540,2026-01-29 01:31:11,Germany,android,organic,intermediate,travel,high,old,before_change,0,0
3541,2026-01-27 11:50:10,Germany,android,organic,intermediate,exam,medium,old,before_change,1,0
3542,2026-01-24 20:44:16,Spain,android,blog,elementary,exam,low,old,before_change,1,0
3543,2026-01-16 10:41:24,Italy,android,blog,elementary,work,high,old,before_change,0,0
3544,2026-01-28 03:57:43,Spain,android,instagram_ads,beginner,work,medium,old,before_change,1,0
3545,2026-01-15 15:11:54,Brazil,android,tiktok_ads,elementary,travel,high,old,before_change,0,0
3546,2026-01-25 17:24:43,Poland,ios,referral,elementary,travel,medium,old,before_change,0,0
3547,2026-01-21 23:00:26,Brazil,android,instagram_ads,intermediate,work,high,old,before_change,0,0
3548,2026-01-29 23:55:38,Poland,ios,tiktok_ads,elementary,exam,medium,old,before_change,0,0
3549,2026-01-20 05:28:24,Netherlands,android,blog,beginner,self_development,high,old,before_change,1,1
3550,2026-01-25 20:29:41,Netherlands,android,organic,beginner,work,medium,old,before_change,0,0
3551,2026-01-22 11:31:04,Netherlands,ios,organic,beginner,travel,low,old,before_change,1,1
3552,2026-01-23 21:01:37,Poland,ios,tiktok_ads,elementary,travel,high,old,before_change,0,0
3553,2026-01-30 23:01:46,Poland,android,tiktok_ads,elementary,self_development,medium,old,before_change,0,0
3554,2026-01-27 02:48:06,Poland,android,organic,intermediate,exam,medium,old,before_change,1,0
3555,2026-01-22 01:08:19,Germany,android,paid_search,beginner,self_development,medium,old,before_change,1,0
3556,2026-01-22 14:32:10,Netherlands,android,tiktok_ads,intermediate,work,medium,old,before_change,0,0
3557,2026-01-26 23:27:54,Poland,ios,instagram_ads,elementary,travel,low,old,before_change,0,0
3558,2026-01-20 21:11:38,Spain,ios,referral,beginner,self_development,low,old,before_change,0,0
3559,2026-01-17 20:29:09,Poland,android,referral,beginner,work,low,old,before_change,0,0
3560,2026-01-22 22:48:07,Spain,ios,instagram_ads,intermediate,travel,high,old,before_change,0,0
3561,2026-01-16 03:50:09,Germany,android,tiktok_ads,intermediate,work,medium,old,before_change,0,0
3562,2026-01-17 21:14:36,Poland,ios,tiktok_ads,beginner,exam,low,old,before_change,0,0
3563,2026-01-22 03:38:56,Germany,ios,organic,elementary,work,low,old,before_change,0,0
3564,2026-01-28 13:00:04,Spain,android,paid_search,beginner,exam,medium,old,before_change,1,0
3565,2026-01-28 06:49:06,Spain,android,paid_search,elementary,work,high,old,before_change,0,0
3566,2026-01-19 10:22:01,Italy,android,referral,beginner,self_development,medium,old,before_change,1,1
3567,2026-01-22 04:08:47,Brazil,ios,referral,beginner,self_development,medium,old,before_change,0,0
3568,2026-01-17 14:38:27,Netherlands,android,organic,beginner,exam,medium,old,before_change,1,0
3569,2026-01-27 20:08:22,Poland,android,referral,elementary,travel,high,old,before_change,1,1
3570,2026-01-19 04:30:42,Netherlands,android,instagram_ads,beginner,work,high,old,before_change,0,0
3571,2026-01-28 14:12:24,Italy,android,organic,elementary,self_development,low,old,before_change,0,0
3572,2026-01-29 07:33:52,Poland,ios,paid_search,intermediate,travel,medium,old,before_change,0,0
3573,2026-01-26 17:08:48,Spain,android,referral,elementary,travel,low,old,before_change,0,0
3574,2026-01-20 14:43:19,Italy,android,paid_search,intermediate,self_development,low,old,before_change,0,0
3575,2026-01-31 04:47:12,Brazil,android,tiktok_ads,elementary,self_development,low,old,before_change,0,0
3576,2026-01-26 15:54:30,Germany,android,instagram_ads,beginner,self_development,medium,old,before_change,0,0
3577,2026-01-25 23:30:09,Germany,ios,instagram_ads,beginner,work,medium,old,before_change,1,0
3578,2026-01-29 13:24:54,Netherlands,android,instagram_ads,elementary,travel,medium,old,before_change,1,1
3579,2026-01-29 23:38:21,Germany,ios,instagram_ads,elementary,travel,high,old,before_change,1,0
3580,2026-01-16 07:43:11,Netherlands,ios,blog,intermediate,exam,medium,old,before_change,1,0
3581,2026-01-29 23:40:16,Spain,android,paid_search,beginner,self_development,medium,old,before_change,0,0
3582,2026-01-28 00:07:47,Brazil,ios,organic,beginner,work,high,old,before_change,1,0
3583,2026-01-18 12:15:39,Germany,android,paid_search,intermediate,work,medium,old,before_change,1,0
3584,2026-01-20 05:31:39,Poland,ios,tiktok_ads,intermediate,self_development,medium,old,before_change,0,0
3585,2026-01-27 19:05:14,Spain,ios,instagram_ads,elementary,travel,low,old,before_change,0,0
3586,2026-01-18 16:22:54,Germany,ios,tiktok_ads,elementary,travel,low,old,before_change,0,0
3587,2026-01-22 16:35:07,Spain,ios,organic,intermediate,self_development,medium,old,before_change,1,1
3588,2026-01-26 17:04:18,Brazil,ios,instagram_ads,beginner,work,low,old,before_change,1,0
3589,2026-01-26 01:23:59,Netherlands,ios,referral,elementary,self_development,high,old,before_change,0,0
3590,2026-01-30 11:11:49,Brazil,ios,instagram_ads,intermediate,self_development,medium,old,before_change,0,0
3591,2026-01-16 21:30:25,Germany,ios,tiktok_ads,beginner,self_development,high,old,before_change,0,0
3592,2026-01-20 00:22:04,Poland,ios,tiktok_ads,beginner,work,medium,old,before_change,0,0
3593,2026-01-31 17:49:50,Brazil,ios,tiktok_ads,intermediate,exam,medium,old,before_change,1,0
3594,2026-01-24 16:05:03,Germany,ios,paid_search,beginner,exam,low,old,before_change,0,0
3595,2026-01-19 05:28:20,Poland,ios,instagram_ads,beginner,self_development,medium,old,before_change,0,0
3596,2026-01-19 22:15:08,Netherlands,ios,paid_search,elementary,travel,medium,old,before_change,0,0
3597,2026-01-20 18:23:55,Netherlands,ios,paid_search,elementary,exam,high,old,before_change,0,0
3598,2026-01-24 10:08:54,Spain,ios,instagram_ads,beginner,self_development,medium,old,before_change,0,0
3599,2026-01-19 20:05:35,Spain,ios,paid_search,elementary,work,high,old,before_change,0,0
3600,2026-01-25 13:43:10,Brazil,android,organic,beginner,exam,medium,old,before_change,1,0
3601,2026-01-22 13:40:08,Germany,ios,tiktok_ads,beginner,travel,medium,old,before_change,0,0
3602,2026-01-25 09:01:00,Spain,ios,instagram_ads,beginner,travel,high,old,before_change,0,0
3603,2026-01-17 15:17:21,Italy,android,organic,elementary,travel,medium,old,before_change,0,0
3604,2026-01-25 14:24:24,Netherlands,android,paid_search,intermediate,work,medium,old,before_change,0,0
3605,2026-01-30 17:17:40,Spain,ios,instagram_ads,elementary,travel,low,old,before_change,0,0
3606,2026-01-17 07:06:45,Germany,android,instagram_ads,intermediate,work,low,old,before_change,0,0
3607,2026-01-20 13:35:48,Poland,android,tiktok_ads,beginner,work,medium,old,before_change,0,0
3608,2026-01-26 18:57:52,Germany,android,instagram_ads,beginner,travel,medium,old,before_change,0,0
3609,2026-01-25 11:54:03,Germany,android,referral,beginner,travel,high,old,before_change,0,0
3610,2026-01-26 11:17:53,Germany,android,organic,intermediate,exam,medium,old,before_change,0,0
3611,2026-01-24 12:18:08,Poland,android,instagram_ads,elementary,work,low,old,before_change,0,0
3612,2026-01-26 14:29:45,Netherlands,ios,paid_search,elementary,exam,low,old,before_change,0,0
3613,2026-01-25 08:37:48,Germany,android,paid_search,beginner,self_development,medium,old,before_change,0,0
3614,2026-01-16 06:13:14,Germany,android,blog,intermediate,self_development,low,old,before_change,1,0
3615,2026-01-27 18:31:25,Netherlands,ios,referral,intermediate,exam,medium,old,before_change,0,0
3616,2026-01-22 14:18:36,Brazil,ios,organic,intermediate,exam,high,old,before_change,0,0
3617,2026-01-15 20:59:30,Netherlands,android,organic,beginner,work,medium,old,before_change,1,0
3618,2026-01-21 22:53:10,Germany,android,referral,beginner,work,medium,old,before_change,1,1
3619,2026-01-22 09:33:11,Poland,android,organic,elementary,travel,high,old,before_change,0,0
3620,2026-01-16 11:22:41,Italy,ios,blog,elementary,self_development,medium,old,before_change,1,1
3621,2026-01-31 22:24:14,Netherlands,android,paid_search,elementary,self_development,low,old,before_change,0,0
3622,2026-01-18 18:43:34,Germany,ios,paid_search,beginner,exam,low,old,before_change,0,0
3623,2026-01-20 14:54:30,Netherlands,android,organic,elementary,exam,high,old,before_change,1,0
3624,2026-01-22 11:54:45,Spain,ios,instagram_ads,beginner,work,high,old,before_change,0,0
3625,2026-01-29 03:39:44,Germany,ios,organic,elementary,travel,high,old,before_change,1,0
3626,2026-01-27 15:06:20,Spain,ios,paid_search,beginner,work,high,old,before_change,0,0
3627,2026-01-28 02:33:10,Italy,ios,blog,intermediate,work,high,old,before_change,1,1
3628,2026-01-19 00:43:16,Spain,ios,paid_search,beginner,self_development,medium,old,before_change,0,0
3629,2026-01-29 08:56:14,Poland,android,tiktok_ads,elementary,exam,medium,old,before_change,1,1
3630,2026-01-29 02:32:16,Brazil,ios,organic,beginner,work,medium,old,before_change,0,0
3631,2026-01-22 21:15:16,Brazil,android,instagram_ads,beginner,work,medium,old,before_change,1,0
3632,2026-01-24 06:41:08,Germany,android,paid_search,elementary,self_development,high,old,before_change,0,0
3633,2026-01-15 15:09:11,Netherlands,ios,tiktok_ads,beginner,self_development,low,old,before_change,0,0
3634,2026-01-27 22:15:07,Germany,android,referral,elementary,self_development,low,old,before_change,0,0
3635,2026-01-31 08:03:23,Brazil,android,referral,beginner,work,high,old,before_change,0,0
3636,2026-01-23 00:48:10,Germany,android,blog,elementary,work,high,old,before_change,0,0
3637,2026-01-24 04:31:28,Spain,android,organic,intermediate,work,low,old,before_change,1,1
3638,2026-01-23 11:40:16,Brazil,android,organic,elementary,travel,medium,old,before_change,0,0
3639,2026-01-16 09:43:08,Germany,android,organic,beginner,work,low,old,before_change,0,0
3640,2026-01-25 12:50:43,Spain,ios,tiktok_ads,elementary,work,high,old,before_change,0,0
3641,2026-01-27 06:20:59,Italy,ios,organic,beginner,exam,low,old,before_change,0,0
3642,2026-01-30 18:36:43,Germany,android,referral,beginner,work,medium,old,before_change,0,0
3643,2026-01-30 19:21:09,Spain,ios,blog,intermediate,travel,medium,old,before_change,0,0
3644,2026-01-23 08:39:34,Spain,android,organic,beginner,work,high,old,before_change,1,0
3645,2026-01-31 07:15:55,Spain,ios,paid_search,beginner,work,medium,old,before_change,0,0
3646,2026-01-23 23:41:32,Netherlands,ios,instagram_ads,intermediate,exam,medium,old,before_change,0,0
3647,2026-01-25 21:57:14,Germany,android,paid_search,beginner,self_development,high,old,before_change,1,1
3648,2026-01-25 05:36:53,Brazil,ios,paid_search,beginner,travel,low,old,before_change,0,0
3649,2026-01-31 23:27:44,Netherlands,ios,organic,intermediate,work,high,old,before_change,1,1
3650,2026-01-27 12:54:22,Spain,android,referral,beginner,work,high,old,before_change,0,0
3651,2026-01-17 00:57:42,Italy,android,tiktok_ads,elementary,exam,high,old,before_change,0,0
3652,2026-01-16 05:18:53,Italy,android,organic,beginner,self_development,medium,old,before_change,0,0
3653,2026-01-21 23:13:52,Germany,ios,organic,intermediate,work,high,old,before_change,0,0
3654,2026-01-23 18:24:01,Spain,android,tiktok_ads,elementary,self_development,low,old,before_change,0,0
3655,2026-01-26 08:47:54,Germany,android,organic,beginner,travel,medium,old,before_change,1,1
3656,2026-01-23 04:29:21,Germany,android,referral,intermediate,self_development,low,old,before_change,1,0
3657,2026-01-23 17:58:24,Brazil,ios,instagram_ads,beginner,self_development,high,old,before_change,0,0
3658,2026-01-30 16:02:50,Brazil,ios,blog,intermediate,travel,medium,old,before_change,0,0
3659,2026-01-20 16:37:49,Spain,android,referral,elementary,exam,low,old,before_change,1,0
3660,2026-01-23 09:21:02,Germany,android,referral,beginner,work,low,old,before_change,0,0
3661,2026-01-24 11:24:47,Germany,ios,tiktok_ads,elementary,self_development,medium,old,before_change,0,0
3662,2026-01-22 23:04:29,Italy,android,instagram_ads,beginner,travel,low,old,before_change,0,0
3663,2026-01-31 10:59:35,Italy,android,organic,elementary,exam,high,old,before_change,0,0
3664,2026-01-31 08:34:39,Germany,ios,tiktok_ads,elementary,work,high,old,before_change,0,0
3665,2026-01-23 17:21:12,Netherlands,android,instagram_ads,beginner,travel,medium,old,before_change,0,0
3666,2026-01-22 15:50:06,Brazil,ios,instagram_ads,intermediate,self_development,high,old,before_change,1,0
3667,2026-01-25 00:17:57,Netherlands,android,instagram_ads,intermediate,exam,low,old,before_change,0,0
3668,2026-01-18 01:48:03,Netherlands,android,organic,elementary,work,high,old,before_change,0,0
3669,2026-01-22 05:48:00,Italy,android,paid_search,elementary,self_development,high,old,before_change,0,0
3670,2026-01-18 16:30:06,Germany,android,organic,beginner,self_development,medium,old,before_change,0,0
3671,2026-01-17 10:46:20,Spain,android,paid_search,intermediate,self_development,medium,old,before_change,0,0
3672,2026-01-16 14:50:11,Italy,ios,instagram_ads,intermediate,travel,high,old,before_change,1,0
3673,2026-01-24 23:31:24,Germany,android,referral,intermediate,self_development,low,old,before_change,0,0
3674,2026-01-15 00:13:54,Germany,android,instagram_ads,elementary,travel,low,old,before_change,0,0
3675,2026-01-25 23:38:18,Poland,ios,blog,beginner,work,medium,old,before_change,0,0
3676,2026-01-22 08:14:01,Poland,android,blog,beginner,self_development,high,old,before_change,0,0
3677,2026-01-21 05:31:29,Netherlands,ios,organic,elementary,travel,high,old,before_change,1,0
3678,2026-01-28 01:51:03,Poland,android,instagram_ads,beginner,travel,high,old,before_change,1,0
3679,2026-01-24 03:48:35,Netherlands,android,paid_search,elementary,self_development,high,old,before_change,0,0
3680,2026-01-27 11:15:15,Germany,android,referral,beginner,travel,medium,old,before_change,1,0
3681,2026-01-27 01:27:56,Netherlands,android,instagram_ads,elementary,travel,medium,old,before_change,1,1
3682,2026-01-15 13:07:00,Poland,ios,organic,elementary,work,high,old,before_change,0,0
3683,2026-01-18 15:55:15,Poland,android,organic,beginner,exam,low,old,before_change,0,0
3684,2026-01-24 16:33:10,Germany,android,tiktok_ads,elementary,work,medium,old,before_change,0,0
3685,2026-01-31 14:01:22,Germany,ios,organic,beginner,work,medium,old,before_change,1,1
3686,2026-01-17 14:56:51,Poland,ios,paid_search,beginner,self_development,medium,old,before_change,0,0
3687,2026-01-16 19:04:03,Germany,android,referral,beginner,self_development,low,old,before_change,1,0
3688,2026-01-30 23:57:32,Germany,android,organic,beginner,exam,medium,old,before_change,0,0
3689,2026-01-31 10:27:18,Poland,ios,tiktok_ads,beginner,work,high,old,before_change,0,0
3690,2026-01-17 20:17:05,Brazil,ios,tiktok_ads,beginner,self_development,medium,old,before_change,1,0
3691,2026-01-21 19:53:48,Spain,ios,paid_search,beginner,travel,medium,old,before_change,1,1
3692,2026-01-25 15:40:07,Germany,android,organic,beginner,self_development,high,old,before_change,1,1
3693,2026-01-18 07:39:10,Germany,android,organic,elementary,travel,low,old,before_change,0,0
3694,2026-01-20 13:06:18,Poland,android,blog,intermediate,self_development,high,old,before_change,0,0
3695,2026-01-21 17:16:40,Brazil,android,tiktok_ads,beginner,self_development,low,old,before_change,0,0
3696,2026-01-25 21:45:25,Germany,ios,paid_search,beginner,travel,low,old,before_change,0,0
3697,2026-01-20 05:41:24,Spain,android,referral,beginner,travel,high,old,before_change,0,0
3698,2026-01-22 00:12:05,Germany,ios,organic,beginner,travel,medium,old,before_change,0,0
3699,2026-01-19 22:08:59,Germany,ios,organic,beginner,work,high,old,before_change,0,0
3700,2026-01-27 21:56:03,Germany,android,organic,elementary,work,low,old,before_change,0,0
3701,2026-01-17 14:26:17,Brazil,android,tiktok_ads,elementary,travel,low,old,before_change,0,0
3702,2026-01-18 22:07:01,Germany,android,paid_search,elementary,travel,low,old,before_change,0,0
3703,2026-01-19 05:59:44,Spain,ios,tiktok_ads,intermediate,work,high,old,before_change,0,0
3704,2026-01-30 09:33:47,Brazil,ios,organic,intermediate,travel,medium,old,before_change,0,0
3705,2026-01-31 01:20:46,Spain,ios,referral,beginner,self_development,medium,old,before_change,1,0
3706,2026-01-23 12:05:07,Germany,android,referral,beginner,work,medium,old,before_change,0,0
3707,2026-01-17 15:48:40,Germany,ios,paid_search,elementary,travel,low,old,before_change,0,0
3708,2026-01-27 20:29:09,Germany,android,organic,elementary,travel,low,old,before_change,0,0
3709,2026-01-23 08:46:22,Spain,android,tiktok_ads,elementary,travel,medium,old,before_change,0,0
3710,2026-01-29 10:41:23,Poland,android,paid_search,elementary,travel,high,old,before_change,0,0
3711,2026-01-21 02:52:39,Germany,android,organic,intermediate,travel,high,old,before_change,1,0
3712,2026-01-31 23:31:19,Poland,ios,instagram_ads,elementary,travel,high,old,before_change,1,0
3713,2026-01-28 17:15:26,Poland,android,instagram_ads,intermediate,work,high,old,before_change,1,0
3714,2026-01-18 19:22:11,Germany,android,referral,intermediate,work,low,old,before_change,0,0
3715,2026-01-27 08:01:21,Germany,android,paid_search,beginner,exam,medium,old,before_change,0,0
3716,2026-01-19 21:03:07,Germany,android,organic,beginner,self_development,high,old,before_change,1,1
3717,2026-01-20 22:42:54,Germany,ios,tiktok_ads,beginner,exam,high,old,before_change,0,0
3718,2026-01-19 06:10:36,Brazil,ios,tiktok_ads,beginner,travel,high,old,before_change,1,1
3719,2026-01-26 14:20:44,Germany,ios,paid_search,intermediate,work,medium,old,before_change,1,0
3720,2026-01-19 11:15:05,Poland,android,paid_search,intermediate,exam,high,old,before_change,1,1
3721,2026-01-25 20:37:48,Brazil,android,organic,beginner,work,medium,old,before_change,0,0
3722,2026-01-24 21:38:14,Poland,android,instagram_ads,beginner,travel,high,old,before_change,0,0
3723,2026-01-27 18:19:33,Poland,android,blog,intermediate,self_development,high,old,before_change,0,0
3724,2026-01-31 21:21:25,Brazil,ios,organic,elementary,travel,medium,old,before_change,0,0
3725,2026-01-15 03:35:55,Italy,android,instagram_ads,elementary,work,medium,old,before_change,0,0
3726,2026-01-31 20:02:00,Italy,android,organic,beginner,exam,medium,old,before_change,0,0
3727,2026-01-16 20:36:58,Spain,ios,paid_search,beginner,self_development,low,old,before_change,0,0
3728,2026-01-23 22:55:24,Germany,android,tiktok_ads,beginner,self_development,high,old,before_change,1,0
3729,2026-01-20 19:04:58,Spain,android,instagram_ads,beginner,self_development,low,old,before_change,0,0
3730,2026-01-25 20:43:23,Germany,android,organic,beginner,work,low,old,before_change,0,0
3731,2026-01-27 06:28:06,Brazil,ios,instagram_ads,beginner,work,low,old,before_change,0,0
3732,2026-01-29 14:52:04,Spain,android,organic,elementary,travel,low,old,before_change,1,1
3733,2026-01-21 20:00:27,Brazil,android,paid_search,elementary,work,low,old,before_change,0,0
3734,2026-01-30 20:38:12,Poland,android,tiktok_ads,beginner,self_development,high,old,before_change,1,0
3735,2026-01-20 11:33:12,Germany,ios,paid_search,intermediate,travel,high,old,before_change,1,0
3736,2026-01-18 11:10:30,Brazil,ios,instagram_ads,beginner,work,medium,old,before_change,0,0
3737,2026-01-21 10:41:09,Spain,android,instagram_ads,elementary,self_development,medium,old,before_change,0,0
3738,2026-01-23 23:38:42,Poland,ios,referral,beginner,travel,medium,old,before_change,0,0
3739,2026-01-26 08:36:33,Netherlands,ios,organic,intermediate,travel,high,old,before_change,1,0
3740,2026-01-29 03:47:51,Germany,android,instagram_ads,beginner,self_development,high,old,before_change,1,0
3741,2026-01-18 19:44:30,Netherlands,ios,organic,beginner,work,medium,old,before_change,0,0
3742,2026-01-20 03:42:23,Germany,android,organic,intermediate,self_development,medium,old,before_change,1,1
3743,2026-01-30 22:58:52,Poland,android,organic,beginner,travel,medium,old,before_change,0,0
3744,2026-01-22 11:26:31,Brazil,android,tiktok_ads,elementary,travel,high,old,before_change,1,0
3745,2026-01-19 02:33:39,Spain,android,organic,elementary,travel,low,old,before_change,0,0
3746,2026-01-31 18:08:00,Netherlands,ios,blog,beginner,travel,low,old,before_change,0,0
3747,2026-01-22 15:10:49,Poland,ios,paid_search,beginner,work,high,old,before_change,0,0
3748,2026-01-31 17:53:56,Poland,ios,referral,intermediate,exam,medium,old,before_change,1,0
3749,2026-01-30 15:04:51,Brazil,ios,organic,intermediate,work,high,old,before_change,0,0
3750,2026-01-30 09:41:29,Poland,ios,paid_search,beginner,work,medium,old,before_change,0,0
3751,2026-01-24 21:23:24,Spain,android,tiktok_ads,intermediate,travel,medium,old,before_change,0,0
3752,2026-01-28 13:46:00,Poland,android,paid_search,intermediate,exam,medium,old,before_change,0,0
3753,2026-01-31 07:54:23,Poland,ios,instagram_ads,elementary,travel,medium,old,before_change,1,0
3754,2026-01-19 13:48:18,Germany,ios,referral,elementary,travel,medium,old,before_change,0,0
3755,2026-01-15 15:24:04,Germany,android,tiktok_ads,beginner,self_development,medium,old,before_change,0,0
3756,2026-01-20 10:54:24,Germany,android,referral,elementary,self_development,medium,old,before_change,0,0
3757,2026-01-25 19:51:16,Germany,ios,organic,intermediate,travel,medium,old,before_change,1,0
3758,2026-01-24 07:17:29,Spain,ios,instagram_ads,elementary,travel,medium,old,before_change,1,0
3759,2026-01-16 08:52:42,Germany,ios,instagram_ads,beginner,work,low,old,before_change,1,0
3760,2026-01-24 12:47:49,Netherlands,android,instagram_ads,elementary,work,medium,old,before_change,0,0
3761,2026-01-17 23:09:16,Germany,ios,instagram_ads,beginner,self_development,low,old,before_change,0,0
3762,2026-01-23 14:14:42,Germany,android,tiktok_ads,beginner,work,medium,old,before_change,0,0
3763,2026-01-24 18:53:08,Netherlands,ios,referral,beginner,travel,high,old,before_change,1,1
3764,2026-01-25 19:45:41,Spain,ios,organic,beginner,work,high,old,before_change,1,0
3765,2026-01-22 00:19:20,Spain,android,organic,elementary,travel,low,old,before_change,0,0
3766,2026-01-21 22:35:44,Poland,ios,organic,beginner,work,medium,old,before_change,0,0
3767,2026-01-26 12:51:28,Italy,android,organic,elementary,work,low,old,before_change,0,0
3768,2026-01-27 17:39:47,Brazil,android,tiktok_ads,intermediate,self_development,medium,old,before_change,1,1
3769,2026-01-28 17:33:29,Germany,android,paid_search,elementary,travel,high,old,before_change,1,0
3770,2026-01-20 16:05:18,Germany,android,paid_search,beginner,exam,medium,old,before_change,0,0
3771,2026-01-22 05:01:23,Italy,ios,blog,intermediate,travel,medium,old,before_change,0,0
3772,2026-01-20 14:54:58,Netherlands,ios,blog,beginner,self_development,medium,old,before_change,1,0
3773,2026-01-23 23:14:16,Poland,android,instagram_ads,elementary,work,medium,old,before_change,1,0
3774,2026-01-17 03:54:29,Netherlands,android,instagram_ads,beginner,travel,medium,old,before_change,0,0
3775,2026-01-22 07:28:38,Germany,ios,paid_search,intermediate,travel,medium,old,before_change,0,0
3776,2026-01-18 04:59:40,Brazil,ios,instagram_ads,beginner,self_development,high,old,before_change,0,0
3777,2026-01-24 01:13:19,Poland,ios,paid_search,intermediate,travel,medium,old,before_change,0,0
3778,2026-01-29 11:00:45,Poland,ios,organic,intermediate,exam,high,old,before_change,1,0
3779,2026-01-31 18:02:28,Germany,ios,tiktok_ads,intermediate,work,medium,old,before_change,0,0
3780,2026-01-22 14:04:59,Netherlands,android,paid_search,elementary,exam,high,old,before_change,0,0
3781,2026-01-15 22:58:57,Germany,android,organic,elementary,self_development,high,old,before_change,1,1
3782,2026-01-18 20:58:12,Italy,ios,tiktok_ads,intermediate,travel,low,old,before_change,0,0
3783,2026-01-16 18:45:57,Germany,ios,paid_search,beginner,exam,high,old,before_change,0,0
3784,2026-01-27 21:48:40,Poland,ios,paid_search,intermediate,work,medium,old,before_change,1,1
3785,2026-01-31 17:44:47,Germany,ios,organic,beginner,work,medium,old,before_change,0,0
3786,2026-01-24 10:01:27,Netherlands,android,organic,beginner,travel,medium,old,before_change,1,0
3787,2026-01-18 00:09:14,Netherlands,ios,instagram_ads,beginner,travel,medium,old,before_change,1,1
3788,2026-01-15 08:37:53,Spain,android,paid_search,intermediate,self_development,medium,old,before_change,0,0
3789,2026-01-31 14:14:42,Poland,android,organic,beginner,work,low,old,before_change,1,0
3790,2026-01-20 09:04:31,Italy,android,referral,elementary,travel,high,old,before_change,1,0
3791,2026-01-16 21:42:01,Poland,android,referral,elementary,work,high,old,before_change,0,0
3792,2026-01-18 00:12:59,Spain,android,instagram_ads,elementary,exam,medium,old,before_change,0,0
3793,2026-01-19 08:08:38,Poland,android,referral,beginner,self_development,medium,old,before_change,0,0
3794,2026-01-26 03:35:46,Brazil,ios,instagram_ads,elementary,self_development,high,old,before_change,0,0
3795,2026-01-30 03:50:51,Netherlands,android,organic,elementary,self_development,medium,old,before_change,0,0
3796,2026-01-19 16:12:45,Brazil,ios,instagram_ads,intermediate,self_development,medium,old,before_change,0,0
3797,2026-01-26 16:23:39,Netherlands,ios,paid_search,intermediate,exam,low,old,before_change,1,0
3798,2026-01-16 02:29:53,Germany,android,instagram_ads,beginner,work,high,old,before_change,1,1
3799,2026-01-15 04:07:19,Spain,ios,blog,beginner,work,high,old,before_change,0,0
3800,2026-01-15 22:24:48,Germany,ios,paid_search,elementary,self_development,high,old,before_change,0,0
3801,2026-01-30 16:38:11,Spain,ios,organic,elementary,travel,low,old,before_change,0,0
3802,2026-01-24 21:20:41,Germany,ios,organic,elementary,work,high,old,before_change,0,0
3803,2026-01-28 16:30:33,Germany,ios,referral,intermediate,self_development,high,old,before_change,0,0
3804,2026-01-15 08:51:47,Poland,ios,organic,beginner,travel,medium,old,before_change,1,0
3805,2026-01-15 09:04:16,Brazil,android,blog,intermediate,self_development,high,old,before_change,0,0
3806,2026-01-29 10:18:25,Germany,android,organic,beginner,self_development,medium,old,before_change,1,1
3807,2026-01-16 17:51:54,Poland,ios,tiktok_ads,intermediate,work,high,old,before_change,0,0
3808,2026-01-17 15:24:07,Italy,android,paid_search,beginner,self_development,medium,old,before_change,1,0
3809,2026-01-23 19:43:46,Italy,android,organic,intermediate,travel,high,old,before_change,0,0
3810,2026-01-25 07:28:44,Poland,android,organic,beginner,self_development,medium,old,before_change,0,0
3811,2026-01-18 21:23:06,Italy,android,organic,elementary,travel,high,old,before_change,0,0
3812,2026-01-22 13:25:57,Netherlands,android,organic,beginner,travel,high,old,before_change,0,0
3813,2026-01-26 11:20:50,Italy,ios,organic,elementary,work,low,old,before_change,0,0
3814,2026-01-22 12:41:00,Italy,android,instagram_ads,intermediate,exam,low,old,before_change,0,0
3815,2026-01-21 12:07:21,Spain,android,instagram_ads,intermediate,exam,medium,old,before_change,0,0
3816,2026-01-16 05:17:35,Poland,android,paid_search,elementary,work,medium,old,before_change,0,0
3817,2026-01-22 16:21:54,Poland,ios,tiktok_ads,beginner,self_development,medium,old,before_change,0,0
3818,2026-01-28 15:31:22,Poland,android,tiktok_ads,intermediate,exam,medium,old,before_change,1,0
3819,2026-01-25 15:43:03,Italy,android,blog,beginner,self_development,medium,old,before_change,0,0
3820,2026-01-30 04:21:55,Spain,ios,paid_search,elementary,travel,medium,old,before_change,1,1
3821,2026-01-17 03:28:40,Spain,android,paid_search,beginner,self_development,low,old,before_change,0,0
3822,2026-01-15 04:29:41,Netherlands,android,blog,intermediate,self_development,medium,old,before_change,1,1
3823,2026-01-24 07:38:55,Poland,android,blog,beginner,self_development,medium,old,before_change,0,0
3824,2026-01-18 00:52:13,Poland,ios,blog,beginner,work,high,old,before_change,0,0
3825,2026-01-25 02:20:54,Poland,android,instagram_ads,beginner,self_development,low,old,before_change,0,0
3826,2026-01-30 08:47:34,Poland,android,instagram_ads,elementary,travel,medium,old,before_change,0,0
3827,2026-01-20 17:33:07,Italy,ios,blog,beginner,travel,medium,old,before_change,1,0
3828,2026-01-24 08:11:36,Germany,android,instagram_ads,intermediate,work,medium,old,before_change,1,1
3829,2026-01-26 14:07:54,Italy,ios,organic,elementary,self_development,medium,old,before_change,0,0
3830,2026-01-17 13:12:58,Germany,android,blog,intermediate,self_development,medium,old,before_change,0,0
3831,2026-01-30 06:07:44,Brazil,android,referral,beginner,work,medium,old,before_change,1,0
3832,2026-01-18 10:44:18,Germany,android,organic,elementary,self_development,high,old,before_change,0,0
3833,2026-01-28 17:46:33,Brazil,android,organic,beginner,work,low,old,before_change,0,0
3834,2026-01-26 05:16:27,Spain,ios,referral,intermediate,travel,high,old,before_change,0,0
3835,2026-01-17 09:30:49,Germany,android,paid_search,beginner,exam,low,old,before_change,0,0
3836,2026-01-27 07:43:30,Netherlands,ios,tiktok_ads,beginner,travel,low,old,before_change,0,0
3837,2026-01-18 08:09:41,Poland,android,organic,beginner,exam,low,old,before_change,0,0
3838,2026-01-25 04:33:58,Germany,ios,organic,elementary,travel,high,old,before_change,1,0
3839,2026-01-31 07:33:00,Netherlands,android,tiktok_ads,intermediate,travel,high,old,before_change,1,0
3840,2026-01-31 04:53:04,Germany,android,blog,beginner,exam,medium,old,before_change,0,0
3841,2026-01-29 19:27:55,Germany,ios,instagram_ads,elementary,work,high,old,before_change,1,0
3842,2026-01-23 09:34:40,Germany,ios,organic,beginner,self_development,low,old,before_change,0,0
3843,2026-01-24 12:17:28,Netherlands,ios,organic,beginner,exam,medium,old,before_change,0,0
3844,2026-01-20 02:30:39,Poland,ios,organic,intermediate,travel,low,old,before_change,0,0
3845,2026-01-30 15:45:03,Netherlands,android,blog,elementary,self_development,low,old,before_change,0,0
3846,2026-01-23 02:42:39,Poland,android,paid_search,intermediate,travel,low,old,before_change,1,0
3847,2026-01-28 02:49:24,Netherlands,android,blog,beginner,exam,high,old,before_change,1,1
3848,2026-01-21 02:44:37,Poland,android,referral,elementary,work,low,old,before_change,0,0
3849,2026-01-27 14:05:34,Italy,ios,instagram_ads,elementary,travel,high,old,before_change,1,1
3850,2026-01-18 19:33:42,Spain,ios,organic,elementary,work,low,old,before_change,0,0
3851,2026-01-27 11:23:18,Germany,android,blog,beginner,self_development,medium,old,before_change,0,0
3852,2026-01-15 18:45:10,Germany,android,organic,beginner,travel,high,old,before_change,1,0
3853,2026-01-16 18:45:57,Netherlands,android,referral,beginner,self_development,medium,old,before_change,0,0
3854,2026-01-20 23:42:09,Brazil,android,paid_search,elementary,work,medium,old,before_change,1,1
3855,2026-01-23 04:40:14,Germany,android,paid_search,elementary,travel,medium,old,before_change,1,0
3856,2026-01-27 02:15:18,Italy,android,paid_search,elementary,exam,medium,old,before_change,0,0
3857,2026-01-21 02:29:36,Italy,android,paid_search,beginner,exam,high,old,before_change,0,0
3858,2026-01-15 07:31:21,Germany,ios,tiktok_ads,elementary,work,medium,old,before_change,0,0
3859,2026-01-20 12:45:38,Germany,android,instagram_ads,beginner,travel,medium,old,before_change,0,0
3860,2026-01-22 11:11:05,Germany,android,paid_search,intermediate,self_development,high,old,before_change,1,0
3861,2026-01-24 05:50:15,Spain,ios,instagram_ads,beginner,self_development,medium,old,before_change,0,0
3862,2026-01-25 22:45:21,Poland,android,paid_search,elementary,self_development,medium,old,before_change,0,0
3863,2026-01-19 05:02:47,Netherlands,android,blog,beginner,self_development,low,old,before_change,0,0
3864,2026-01-25 09:02:41,Germany,android,referral,beginner,work,low,old,before_change,0,0
3865,2026-01-25 17:41:15,Brazil,ios,instagram_ads,elementary,work,medium,old,before_change,1,0
3866,2026-01-28 04:52:21,Germany,ios,blog,elementary,exam,medium,old,before_change,0,0
3867,2026-01-23 20:59:46,Spain,android,paid_search,beginner,travel,medium,old,before_change,0,0
3868,2026-01-28 18:41:31,Spain,ios,organic,elementary,exam,medium,old,before_change,0,0
3869,2026-01-18 18:24:51,Netherlands,ios,organic,beginner,travel,low,old,before_change,0,0
3870,2026-01-27 02:22:33,Brazil,ios,referral,intermediate,self_development,medium,old,before_change,0,0
3871,2026-01-15 18:42:16,Poland,ios,paid_search,beginner,travel,high,old,before_change,1,0
3872,2026-01-16 17:56:29,Germany,android,referral,beginner,self_development,medium,old,before_change,0,0
3873,2026-01-29 16:48:21,Poland,android,instagram_ads,elementary,travel,medium,old,before_change,0,0
3874,2026-01-23 01:48:32,Germany,ios,organic,elementary,self_development,low,old,before_change,1,1
3875,2026-01-25 13:18:18,Spain,android,instagram_ads,beginner,exam,high,old,before_change,1,1
3876,2026-01-25 06:11:22,Poland,ios,instagram_ads,elementary,work,medium,old,before_change,0,0
3877,2026-01-26 19:30:13,Netherlands,ios,instagram_ads,intermediate,travel,high,old,before_change,1,1
3878,2026-01-19 04:11:27,Germany,android,referral,beginner,exam,medium,old,before_change,1,0
3879,2026-01-18 00:43:49,Brazil,android,tiktok_ads,beginner,work,high,old,before_change,0,0
3880,2026-01-15 17:21:40,Poland,ios,paid_search,beginner,self_development,medium,old,before_change,0,0
3881,2026-01-29 16:49:31,Italy,android,tiktok_ads,intermediate,self_development,low,old,before_change,0,0
3882,2026-01-18 19:13:29,Netherlands,ios,paid_search,beginner,exam,medium,old,before_change,1,1
3883,2026-01-24 18:40:09,Germany,android,referral,beginner,travel,high,old,before_change,1,0
3884,2026-01-22 17:35:48,Brazil,ios,paid_search,intermediate,travel,medium,old,before_change,0,0
3885,2026-01-17 18:14:29,Germany,android,tiktok_ads,intermediate,work,medium,old,before_change,0,0
3886,2026-01-22 00:53:00,Germany,android,paid_search,elementary,work,medium,old,before_change,0,0
3887,2026-01-16 09:56:47,Netherlands,ios,organic,beginner,exam,low,old,before_change,0,0
3888,2026-01-18 00:04:48,Poland,android,instagram_ads,elementary,work,low,old,before_change,0,0
3889,2026-01-17 08:59:42,Germany,android,paid_search,intermediate,work,low,old,before_change,0,0
3890,2026-01-29 00:21:41,Poland,ios,tiktok_ads,beginner,work,medium,old,before_change,0,0
3891,2026-01-24 15:30:23,Poland,android,instagram_ads,beginner,work,low,old,before_change,1,0
3892,2026-01-30 17:40:48,Poland,android,organic,intermediate,self_development,medium,old,before_change,1,0
3893,2026-01-22 09:52:55,Germany,ios,organic,elementary,travel,high,old,before_change,1,0
3894,2026-01-18 10:09:00,Spain,android,tiktok_ads,beginner,travel,medium,old,before_change,0,0
3895,2026-01-25 08:18:11,Germany,ios,instagram_ads,intermediate,travel,medium,old,before_change,0,0
3896,2026-01-30 19:15:56,Germany,android,instagram_ads,elementary,work,medium,old,before_change,0,0
3897,2026-01-24 01:17:52,Spain,android,organic,intermediate,exam,low,old,before_change,0,0
3898,2026-01-15 07:17:14,Spain,android,paid_search,beginner,self_development,low,old,before_change,1,0
3899,2026-01-20 03:52:42,Germany,android,tiktok_ads,beginner,exam,medium,old,before_change,0,0
3900,2026-01-30 17:23:04,Germany,android,referral,elementary,self_development,medium,old,before_change,0,0
3901,2026-01-23 19:29:11,Italy,ios,instagram_ads,beginner,travel,high,old,before_change,0,0
3902,2026-01-31 04:23:13,Poland,ios,instagram_ads,beginner,travel,high,old,before_change,1,1
3903,2026-01-23 15:46:57,Spain,android,instagram_ads,elementary,travel,high,old,before_change,0,0
3904,2026-01-15 04:55:01,Italy,ios,tiktok_ads,elementary,exam,high,old,before_change,1,1
3905,2026-01-29 20:12:18,Germany,android,referral,beginner,work,low,old,before_change,0,0
3906,2026-01-27 23:18:42,Spain,ios,organic,beginner,work,medium,old,before_change,1,0
3907,2026-01-27 03:49:16,Poland,ios,tiktok_ads,elementary,work,medium,old,before_change,0,0
3908,2026-01-31 11:50:32,Brazil,ios,organic,elementary,self_development,high,old,before_change,0,0
3909,2026-01-18 08:02:49,Germany,android,organic,beginner,travel,medium,old,before_change,0,0
3910,2026-01-30 09:36:29,Spain,ios,organic,beginner,work,medium,old,before_change,0,0
3911,2026-01-18 22:54:37,Brazil,ios,organic,beginner,work,high,old,before_change,0,0
3912,2026-01-31 12:02:59,Netherlands,android,paid_search,intermediate,work,high,old,before_change,0,0
3913,2026-01-18 06:06:13,Spain,android,organic,intermediate,exam,medium,old,before_change,0,0
3914,2026-01-24 08:31:55,Spain,android,organic,elementary,exam,high,old,before_change,0,0
3915,2026-01-28 10:03:08,Germany,ios,organic,elementary,self_development,medium,old,before_change,0,0
3916,2026-01-16 07:53:15,Brazil,ios,organic,beginner,self_development,low,old,before_change,1,1
3917,2026-01-16 03:12:56,Germany,android,paid_search,beginner,work,high,old,before_change,0,0
3918,2026-01-29 10:42:50,Poland,ios,referral,elementary,self_development,high,old,before_change,1,0
3919,2026-01-16 00:39:14,Poland,ios,instagram_ads,elementary,exam,medium,old,before_change,0,0
3920,2026-01-25 10:26:30,Spain,android,organic,beginner,self_development,high,old,before_change,0,0
3921,2026-01-30 22:47:37,Poland,ios,paid_search,beginner,work,medium,old,before_change,1,0
3922,2026-01-25 10:48:45,Germany,android,paid_search,intermediate,travel,high,old,before_change,1,0
3923,2026-01-23 04:14:53,Spain,ios,organic,elementary,exam,high,old,before_change,0,0
3924,2026-01-22 02:14:22,Brazil,ios,paid_search,intermediate,self_development,medium,old,before_change,0,0
3925,2026-01-25 20:22:14,Brazil,ios,paid_search,elementary,self_development,low,old,before_change,0,0
3926,2026-01-24 17:18:41,Poland,android,instagram_ads,intermediate,travel,medium,old,before_change,1,0
3927,2026-01-23 12:43:15,Italy,android,tiktok_ads,beginner,work,high,old,before_change,0,0
3928,2026-01-17 14:39:37,Spain,android,instagram_ads,beginner,self_development,medium,old,before_change,0,0
3929,2026-01-26 06:22:05,Spain,ios,organic,elementary,work,high,old,before_change,1,0
3930,2026-01-27 13:49:34,Netherlands,android,organic,elementary,work,high,old,before_change,0,0
3931,2026-01-27 01:12:46,Spain,android,referral,beginner,self_development,medium,old,before_change,0,0
3932,2026-01-16 06:36:25,Germany,android,tiktok_ads,elementary,work,low,old,before_change,0,0
3933,2026-01-26 22:46:32,Italy,android,tiktok_ads,beginner,travel,low,old,before_change,0,0
3934,2026-01-27 09:45:01,Poland,android,blog,beginner,travel,medium,old,before_change,0,0
3935,2026-01-18 02:49:59,Italy,android,instagram_ads,intermediate,work,low,old,before_change,0,0
3936,2026-01-29 10:22:59,Germany,ios,organic,elementary,work,medium,old,before_change,0,0
3937,2026-01-23 21:43:44,Germany,android,tiktok_ads,beginner,self_development,low,old,before_change,0,0
3938,2026-01-23 00:46:01,Spain,ios,organic,beginner,self_development,low,old,before_change,1,1
3939,2026-01-27 06:52:34,Italy,android,tiktok_ads,intermediate,travel,medium,old,before_change,1,1
3940,2026-01-23 16:00:38,Germany,ios,paid_search,intermediate,self_development,high,old,before_change,0,0
3941,2026-01-24 06:15:21,Germany,ios,organic,beginner,travel,medium,old,before_change,0,0
3942,2026-01-20 07:23:00,Germany,ios,organic,beginner,travel,low,old,before_change,0,0
3943,2026-01-30 18:34:25,Poland,android,paid_search,elementary,work,medium,old,before_change,0,0
3944,2026-01-31 11:32:20,Poland,ios,instagram_ads,beginner,work,medium,old,before_change,1,1
3945,2026-01-17 05:12:57,Netherlands,android,organic,elementary,work,medium,old,before_change,0,0
3946,2026-01-27 11:06:53,Germany,android,organic,beginner,work,medium,old,before_change,0,0
3947,2026-01-15 09:31:13,Poland,ios,paid_search,beginner,self_development,low,old,before_change,0,0
3948,2026-01-21 06:32:50,Brazil,android,referral,elementary,exam,medium,old,before_change,0,0
3949,2026-01-31 11:45:32,Germany,android,referral,beginner,work,high,old,before_change,1,1
3950,2026-01-17 23:19:17,Spain,android,tiktok_ads,elementary,self_development,high,old,before_change,0,0
3951,2026-01-21 09:48:56,Brazil,ios,paid_search,beginner,travel,low,old,before_change,0,0
3952,2026-01-18 17:35:18,Spain,android,paid_search,elementary,travel,high,old,before_change,1,0
3953,2026-01-27 09:06:49,Italy,ios,organic,intermediate,travel,low,old,before_change,0,0
3954,2026-01-22 21:16:49,Brazil,android,organic,elementary,travel,high,old,before_change,0,0
3955,2026-01-25 01:59:30,Spain,android,organic,elementary,travel,high,old,before_change,1,1
3956,2026-01-31 00:34:04,Netherlands,ios,referral,elementary,travel,high,old,before_change,0,0
3957,2026-01-23 20:35:20,Netherlands,ios,instagram_ads,intermediate,work,high,old,before_change,0,0
3958,2026-01-27 11:31:54,Germany,android,organic,elementary,travel,low,old,before_change,0,0
3959,2026-01-16 15:56:47,Netherlands,ios,instagram_ads,beginner,travel,high,old,before_change,1,1
3960,2026-01-18 15:49:10,Germany,ios,paid_search,beginner,exam,medium,old,before_change,0,0
3961,2026-01-31 02:19:07,Spain,ios,paid_search,elementary,work,low,old,before_change,0,0
3962,2026-01-29 14:42:03,Poland,android,tiktok_ads,elementary,exam,low,old,before_change,0,0
3963,2026-01-26 03:55:26,Brazil,ios,referral,beginner,travel,low,old,before_change,1,0
3964,2026-01-21 10:18:20,Spain,android,tiktok_ads,elementary,self_development,high,old,before_change,1,1
3965,2026-01-18 09:31:10,Germany,android,referral,elementary,self_development,medium,old,before_change,0,0
3966,2026-01-29 11:30:09,Brazil,android,organic,beginner,travel,medium,old,before_change,0,0
3967,2026-01-28 08:24:16,Spain,android,tiktok_ads,elementary,exam,low,old,before_change,0,0
3968,2026-01-19 02:36:48,Italy,android,referral,beginner,self_development,medium,old,before_change,1,0
3969,2026-01-25 00:39:04,Brazil,ios,paid_search,elementary,work,low,old,before_change,0,0
3970,2026-01-25 12:24:48,Poland,android,referral,elementary,travel,medium,old,before_change,0,0
3971,2026-01-23 02:48:19,Spain,ios,blog,intermediate,travel,medium,old,before_change,0,0
3972,2026-01-30 18:04:53,Poland,ios,tiktok_ads,elementary,exam,low,old,before_change,0,0
3973,2026-01-17 02:37:59,Germany,ios,organic,beginner,work,high,old,before_change,0,0
3974,2026-01-19 09:13:14,Spain,android,paid_search,elementary,self_development,high,old,before_change,0,0
3975,2026-01-16 14:46:18,Germany,ios,tiktok_ads,intermediate,travel,high,old,before_change,1,1
3976,2026-01-26 18:42:50,Germany,ios,referral,beginner,travel,low,old,before_change,0,0
3977,2026-01-25 22:45:21,Italy,android,organic,beginner,work,medium,old,before_change,0,0
3978,2026-01-31 18:49:24,Poland,ios,paid_search,beginner,work,high,old,before_change,1,0
3979,2026-01-24 05:15:51,Netherlands,android,organic,elementary,exam,low,old,before_change,0,0
3980,2026-01-17 13:26:38,Brazil,ios,paid_search,beginner,travel,high,old,before_change,1,0
3981,2026-01-22 15:57:34,Brazil,android,tiktok_ads,beginner,work,low,old,before_change,0,0
3982,2026-01-16 12:04:05,Netherlands,ios,instagram_ads,elementary,self_development,low,old,before_change,0,0
3983,2026-01-26 09:43:55,Poland,ios,instagram_ads,intermediate,self_development,medium,old,before_change,0,0
3984,2026-01-26 11:04:17,Netherlands,android,instagram_ads,beginner,self_development,high,old,before_change,0,0
3985,2026-01-29 13:55:17,Poland,android,instagram_ads,elementary,work,medium,old,before_change,1,0
3986,2026-01-20 18:36:44,Spain,ios,tiktok_ads,intermediate,self_development,medium,old,before_change,0,0
3987,2026-01-20 06:31:46,Italy,ios,organic,intermediate,work,high,old,before_change,0,0
3988,2026-01-16 05:04:03,Germany,android,organic,beginner,travel,medium,old,before_change,0,0
3989,2026-01-22 01:22:56,Spain,ios,referral,beginner,self_development,high,old,before_change,0,0
3990,2026-01-23 01:55:28,Italy,android,instagram_ads,beginner,travel,low,old,before_change,0,0
3991,2026-01-27 19:49:44,Germany,android,paid_search,beginner,travel,medium,old,before_change,1,0
3992,2026-01-27 19:32:18,Germany,android,instagram_ads,elementary,travel,high,old,before_change,0,0
3993,2026-01-17 09:13:23,Spain,android,tiktok_ads,elementary,work,medium,old,before_change,0,0
3994,2026-01-19 20:19:47,Spain,ios,organic,elementary,work,medium,old,before_change,1,1
3995,2026-01-23 16:40:50,Italy,android,instagram_ads,elementary,exam,high,old,before_change,0,0
3996,2026-01-20 16:41:56,Poland,android,organic,intermediate,travel,high,old,before_change,1,0
3997,2026-01-15 10:25:23,Brazil,android,referral,elementary,travel,high,old,before_change,0,0
3998,2026-01-29 09:02:43,Italy,android,instagram_ads,elementary,travel,medium,old,before_change,0,0
3999,2026-01-27 10:21:33,Netherlands,android,referral,beginner,travel,high,old,before_change,1,0
4000,2026-01-23 20:11:21,Poland,ios,tiktok_ads,intermediate,travel,high,old,before_change,1,0
4001,2026-01-20 09:32:09,Germany,android,referral,elementary,travel,low,old,before_change,0,0
4002,2026-01-29 07:50:04,Brazil,android,paid_search,beginner,self_development,high,old,before_change,0,0
4003,2026-01-15 14:23:41,Germany,ios,organic,beginner,self_development,high,old,before_change,1,1
4004,2026-01-22 14:07:36,Germany,android,referral,elementary,work,medium,old,before_change,0,0
4005,2026-01-28 14:47:31,Poland,android,referral,beginner,work,low,old,before_change,0,0
4006,2026-01-31 04:48:49,Germany,android,referral,elementary,self_development,medium,old,before_change,0,0
4007,2026-01-19 06:34:42,Brazil,android,blog,beginner,exam,high,old,before_change,0,0
4008,2026-01-26 01:31:27,Netherlands,ios,instagram_ads,elementary,self_development,medium,old,before_change,0,0
4009,2026-01-18 05:23:29,Germany,android,instagram_ads,beginner,self_development,medium,old,before_change,0,0
4010,2026-01-16 23:17:12,Brazil,ios,referral,elementary,travel,high,old,before_change,0,0
4011,2026-01-21 00:01:59,Netherlands,android,organic,intermediate,travel,high,old,before_change,0,0
4012,2026-01-30 01:07:04,Italy,android,referral,beginner,travel,medium,old,before_change,0,0
4013,2026-01-26 17:18:21,Spain,android,referral,beginner,work,medium,old,before_change,1,0
4014,2026-01-23 07:37:12,Italy,ios,instagram_ads,beginner,self_development,high,old,before_change,0,0
4015,2026-01-19 19:23:23,Poland,android,paid_search,beginner,travel,medium,old,before_change,0,0
4016,2026-01-17 09:47:19,Netherlands,android,tiktok_ads,beginner,self_development,high,old,before_change,0,0
4017,2026-01-19 14:28:19,Spain,ios,blog,beginner,exam,medium,old,before_change,1,0
4018,2026-01-17 14:17:51,Poland,ios,organic,beginner,exam,low,old,before_change,0,0
4019,2026-01-18 04:19:51,Poland,ios,paid_search,elementary,exam,high,old,before_change,0,0
4020,2026-01-26 16:30:49,Spain,android,tiktok_ads,intermediate,work,medium,old,before_change,0,0
4021,2026-01-17 06:08:27,Italy,android,referral,beginner,exam,medium,old,before_change,0,0
4022,2026-01-15 19:19:40,Italy,android,tiktok_ads,intermediate,self_development,low,old,before_change,0,0
4023,2026-01-24 05:16:29,Brazil,android,instagram_ads,intermediate,work,medium,old,before_change,1,1
4024,2026-01-19 20:55:48,Poland,android,organic,elementary,travel,medium,old,before_change,0,0
4025,2026-01-22 17:31:40,Brazil,android,paid_search,elementary,work,medium,old,before_change,0,0
4026,2026-01-17 09:02:00,Poland,ios,referral,elementary,work,medium,old,before_change,1,1
4027,2026-01-18 13:40:15,Poland,ios,paid_search,beginner,self_development,low,old,before_change,1,0
4028,2026-01-22 11:57:34,Germany,ios,paid_search,intermediate,travel,medium,old,before_change,1,1
4029,2026-01-26 17:31:45,Germany,android,paid_search,intermediate,travel,medium,old,before_change,1,0
4030,2026-01-22 01:03:22,Spain,android,paid_search,beginner,work,low,old,before_change,0,0
4031,2026-01-24 05:01:12,Italy,android,paid_search,beginner,self_development,high,old,before_change,1,0
4032,2026-01-23 20:55:32,Spain,android,referral,beginner,work,medium,old,before_change,1,0
4033,2026-01-19 13:41:42,Italy,android,instagram_ads,elementary,travel,low,old,before_change,0,0
4034,2026-01-19 18:05:29,Brazil,android,instagram_ads,intermediate,exam,low,old,before_change,0,0
4035,2026-01-22 05:41:43,Spain,android,paid_search,beginner,work,high,old,before_change,1,0
4036,2026-01-15 13:04:25,Italy,ios,referral,elementary,work,medium,old,before_change,0,0
4037,2026-01-26 15:38:28,Brazil,ios,organic,intermediate,work,high,old,before_change,0,0
4038,2026-01-25 10:40:10,Spain,android,organic,beginner,exam,medium,old,before_change,0,0
4039,2026-01-20 04:54:08,Germany,android,paid_search,elementary,travel,medium,old,before_change,0,0
4040,2026-01-21 08:28:37,Germany,android,blog,beginner,travel,medium,old,before_change,0,0
4041,2026-01-20 14:06:35,Germany,ios,tiktok_ads,beginner,exam,low,old,before_change,0,0
4042,2026-01-26 01:44:40,Spain,android,instagram_ads,elementary,travel,high,old,before_change,0,0
4043,2026-01-27 21:57:57,Netherlands,android,paid_search,beginner,work,low,old,before_change,0,0
4044,2026-01-16 20:20:10,Spain,ios,paid_search,elementary,work,medium,old,before_change,1,1
4045,2026-01-22 00:38:02,Germany,android,blog,beginner,exam,high,old,before_change,1,0
4046,2026-01-15 05:37:16,Germany,android,paid_search,intermediate,self_development,low,old,before_change,1,0
4047,2026-01-22 16:31:04,Spain,ios,tiktok_ads,elementary,self_development,low,old,before_change,0,0
4048,2026-01-19 05:18:14,Italy,ios,referral,intermediate,travel,low,old,before_change,1,0
4049,2026-01-20 17:00:28,Spain,android,tiktok_ads,elementary,travel,low,old,before_change,0,0
4050,2026-01-22 18:16:16,Germany,ios,organic,elementary,self_development,high,old,before_change,0,0
4051,2026-01-20 12:04:45,Netherlands,ios,paid_search,beginner,travel,high,old,before_change,1,1
4052,2026-01-21 16:46:52,Italy,android,organic,beginner,self_development,medium,old,before_change,0,0
4053,2026-01-28 00:01:35,Poland,android,blog,elementary,travel,high,old,before_change,0,0
4054,2026-01-28 18:36:12,Poland,ios,referral,elementary,work,low,old,before_change,0,0
4055,2026-01-15 02:23:31,Italy,android,paid_search,elementary,exam,medium,old,before_change,0,0
4056,2026-01-21 10:09:27,Netherlands,android,referral,beginner,work,high,old,before_change,0,0
4057,2026-01-29 09:31:46,Italy,ios,organic,beginner,work,low,old,before_change,0,0
4058,2026-01-24 00:25:12,Germany,ios,organic,beginner,travel,medium,old,before_change,1,0
4059,2026-01-18 11:45:15,Poland,ios,organic,beginner,travel,medium,old,before_change,0,0
4060,2026-01-25 02:09:15,Poland,android,referral,elementary,work,low,old,before_change,0,0
4061,2026-01-17 11:07:51,Italy,android,organic,elementary,self_development,medium,old,before_change,0,0
4062,2026-01-15 08:54:25,Brazil,android,organic,elementary,work,medium,old,before_change,0,0
4063,2026-01-25 18:01:46,Poland,android,organic,beginner,work,high,old,before_change,0,0
4064,2026-01-23 18:10:27,Germany,ios,paid_search,elementary,self_development,medium,old,before_change,1,0
4065,2026-01-27 20:39:09,Netherlands,android,instagram_ads,beginner,work,medium,old,before_change,1,1
4066,2026-01-20 20:41:28,Spain,android,organic,beginner,work,medium,old,before_change,0,0
4067,2026-01-29 12:32:51,Netherlands,android,referral,intermediate,travel,high,old,before_change,1,1
4068,2026-01-22 03:52:56,Netherlands,android,blog,elementary,self_development,medium,old,before_change,0,0
4069,2026-01-27 13:06:43,Spain,android,paid_search,beginner,travel,high,old,before_change,1,0
4070,2026-01-16 16:55:02,Germany,android,blog,beginner,travel,low,old,before_change,0,0
4071,2026-01-16 15:38:17,Spain,android,referral,beginner,travel,medium,old,before_change,0,0
4072,2026-01-28 07:23:26,Netherlands,android,referral,elementary,travel,high,old,before_change,0,0
4073,2026-01-29 04:15:58,Netherlands,android,organic,beginner,work,medium,old,before_change,0,0
4074,2026-01-31 00:30:03,Poland,ios,referral,elementary,travel,low,old,before_change,0,0
4075,2026-01-20 12:26:45,Germany,ios,instagram_ads,beginner,work,low,old,before_change,1,0
4076,2026-01-15 09:05:08,Poland,ios,organic,elementary,work,low,old,before_change,0,0
4077,2026-01-31 15:48:03,Netherlands,android,tiktok_ads,elementary,travel,low,old,before_change,0,0
4078,2026-01-25 05:21:36,Germany,ios,organic,intermediate,travel,low,old,before_change,0,0
4079,2026-01-19 04:49:32,Spain,ios,referral,beginner,work,medium,old,before_change,0,0
4080,2026-01-27 23:38:54,Brazil,android,instagram_ads,beginner,exam,medium,old,before_change,0,0
4081,2026-01-30 08:47:22,Spain,ios,instagram_ads,beginner,exam,high,old,before_change,0,0
4082,2026-01-19 20:12:05,Germany,android,organic,beginner,travel,low,old,before_change,0,0
4083,2026-01-28 02:01:29,Germany,ios,referral,beginner,travel,low,old,before_change,0,0
4084,2026-01-28 09:19:21,Germany,android,organic,beginner,travel,high,old,before_change,0,0
4085,2026-01-23 12:41:13,Germany,ios,referral,intermediate,self_development,medium,old,before_change,0,0
4086,2026-01-25 18:00:03,Germany,android,tiktok_ads,intermediate,self_development,high,old,before_change,1,0
4087,2026-01-19 13:57:50,Poland,android,organic,elementary,work,low,old,before_change,0,0
4088,2026-01-30 19:05:54,Brazil,ios,instagram_ads,beginner,self_development,high,old,before_change,0,0
4089,2026-01-31 17:06:22,Spain,ios,blog,elementary,travel,medium,old,before_change,1,0
4090,2026-01-31 16:14:59,Netherlands,android,blog,elementary,exam,medium,old,before_change,0,0
4091,2026-01-27 12:44:49,Brazil,android,organic,elementary,exam,high,old,before_change,0,0
4092,2026-01-15 17:16:37,Germany,ios,organic,beginner,work,low,old,before_change,0,0
4093,2026-01-21 05:30:49,Germany,android,organic,intermediate,exam,medium,old,before_change,0,0
4094,2026-01-22 13:32:04,Germany,ios,tiktok_ads,beginner,work,medium,old,before_change,0,0
4095,2026-01-31 07:36:56,Netherlands,android,organic,beginner,self_development,high,old,before_change,1,0
4096,2026-01-24 07:10:15,Brazil,android,organic,beginner,travel,medium,old,before_change,1,0
4097,2026-01-24 02:45:24,Spain,android,paid_search,beginner,travel,high,old,before_change,0,0
4098,2026-01-17 11:52:16,Brazil,ios,blog,intermediate,work,medium,old,before_change,1,0
4099,2026-01-28 11:50:16,Italy,ios,paid_search,elementary,travel,medium,old,before_change,1,0
4100,2026-01-20 17:12:16,Spain,ios,tiktok_ads,intermediate,travel,high,old,before_change,0,0
4101,2026-01-16 13:29:01,Brazil,ios,organic,intermediate,travel,low,old,before_change,0,0
4102,2026-01-31 18:57:36,Brazil,android,instagram_ads,elementary,work,high,old,before_change,0,0
4103,2026-01-18 05:32:56,Poland,android,instagram_ads,intermediate,exam,medium,old,before_change,1,0
4104,2026-01-15 06:37:19,Poland,ios,blog,intermediate,work,low,old,before_change,0,0
4105,2026-01-16 07:45:27,Poland,ios,tiktok_ads,beginner,work,low,old,before_change,1,0
4106,2026-01-22 16:37:23,Germany,android,organic,beginner,travel,medium,old,before_change,0,0
4107,2026-01-16 17:59:05,Brazil,android,paid_search,beginner,work,high,old,before_change,1,0
4108,2026-01-29 07:48:11,Poland,android,organic,elementary,work,medium,old,before_change,0,0
4109,2026-01-23 17:04:43,Spain,ios,organic,elementary,travel,medium,old,before_change,0,0
4110,2026-01-20 12:09:06,Italy,ios,blog,beginner,work,medium,old,before_change,1,1
4111,2026-01-15 01:17:06,Spain,ios,instagram_ads,intermediate,travel,medium,old,before_change,0,0
4112,2026-01-23 03:45:28,Brazil,android,referral,elementary,work,low,old,before_change,1,0
4113,2026-01-17 13:43:55,Brazil,android,organic,beginner,self_development,medium,old,before_change,1,0
4114,2026-01-31 15:02:33,Spain,ios,referral,elementary,exam,low,old,before_change,1,1
4115,2026-01-19 22:45:50,Poland,ios,referral,intermediate,self_development,low,old,before_change,0,0
4116,2026-01-23 01:44:59,Germany,android,tiktok_ads,beginner,exam,low,old,before_change,0,0
4117,2026-01-15 07:35:50,Brazil,ios,organic,beginner,travel,high,old,before_change,0,0
4118,2026-01-17 05:24:57,Netherlands,android,referral,elementary,exam,low,old,before_change,0,0
4119,2026-01-18 12:39:16,Poland,ios,referral,beginner,self_development,low,old,before_change,0,0
4120,2026-01-15 21:06:08,Netherlands,ios,organic,beginner,self_development,medium,old,before_change,0,0
4121,2026-01-27 08:12:19,Italy,ios,blog,intermediate,work,medium,old,before_change,0,0
4122,2026-01-31 01:43:47,Poland,android,referral,beginner,travel,high,old,before_change,0,0
4123,2026-01-31 18:01:30,Spain,ios,organic,beginner,exam,medium,old,before_change,0,0
4124,2026-01-19 12:27:00,Poland,ios,paid_search,intermediate,travel,medium,old,before_change,0,0
4125,2026-01-28 09:48:30,Italy,android,paid_search,elementary,travel,low,old,before_change,0,0
4126,2026-01-23 13:39:29,Germany,ios,instagram_ads,beginner,travel,medium,old,before_change,0,0
4127,2026-01-15 18:42:35,Netherlands,ios,referral,beginner,travel,high,old,before_change,1,1
4128,2026-01-16 13:00:22,Spain,ios,referral,beginner,work,medium,old,before_change,0,0
4129,2026-01-24 07:29:48,Netherlands,android,organic,beginner,self_development,low,old,before_change,0,0
4130,2026-01-22 04:51:04,Germany,ios,instagram_ads,intermediate,exam,high,old,before_change,0,0
4131,2026-01-15 03:25:10,Poland,android,instagram_ads,beginner,exam,high,old,before_change,0,0
4132,2026-01-30 19:28:58,Spain,android,instagram_ads,beginner,self_development,low,old,before_change,0,0
4133,2026-01-27 09:58:38,Netherlands,android,tiktok_ads,elementary,travel,high,old,before_change,0,0
4134,2026-01-23 12:59:04,Germany,ios,tiktok_ads,intermediate,work,medium,old,before_change,0,0
4135,2026-01-31 18:41:36,Netherlands,android,paid_search,elementary,exam,low,old,before_change,1,0
4136,2026-01-31 12:13:23,Brazil,android,paid_search,beginner,travel,low,old,before_change,0,0
4137,2026-01-31 13:22:20,Netherlands,android,referral,beginner,work,high,old,before_change,0,0
4138,2026-01-19 09:36:17,Spain,ios,paid_search,intermediate,exam,low,old,before_change,1,1
4139,2026-01-29 23:24:12,Germany,android,paid_search,elementary,self_development,low,old,before_change,0,0
4140,2026-01-23 13:51:16,Spain,android,blog,intermediate,work,low,old,before_change,0,0
4141,2026-01-27 08:13:22,Italy,android,referral,beginner,exam,medium,old,before_change,0,0
4142,2026-01-29 14:41:18,Germany,ios,tiktok_ads,elementary,exam,medium,old,before_change,0,0
4143,2026-01-17 18:38:14,Netherlands,android,paid_search,intermediate,self_development,medium,old,before_change,0,0
4144,2026-01-22 14:53:13,Germany,android,instagram_ads,beginner,self_development,medium,old,before_change,1,1
4145,2026-01-17 04:35:27,Poland,android,tiktok_ads,beginner,travel,medium,old,before_change,1,0
4146,2026-01-19 18:01:51,Germany,android,paid_search,beginner,exam,medium,old,before_change,1,1
4147,2026-01-22 00:42:53,Brazil,android,organic,elementary,self_development,medium,old,before_change,0,0
4148,2026-01-29 13:02:02,Spain,ios,paid_search,beginner,work,medium,old,before_change,0,0
4149,2026-01-29 15:58:03,Germany,ios,instagram_ads,beginner,self_development,high,old,before_change,1,1
4150,2026-01-21 15:04:29,Spain,ios,blog,elementary,work,low,old,before_change,0,0
4151,2026-01-20 14:18:41,Spain,android,tiktok_ads,elementary,work,low,old,before_change,0,0
4152,2026-01-24 00:32:06,Brazil,ios,organic,beginner,work,medium,old,before_change,0,0
4153,2026-01-30 12:02:35,Italy,android,paid_search,intermediate,work,medium,old,before_change,0,0
4154,2026-01-31 14:25:22,Brazil,android,instagram_ads,beginner,work,low,old,before_change,0,0
4155,2026-01-18 20:31:11,Italy,android,instagram_ads,elementary,self_development,medium,old,before_change,0,0
4156,2026-01-18 04:05:06,Brazil,android,organic,elementary,work,medium,old,before_change,1,1
4157,2026-01-27 00:21:50,Germany,android,blog,elementary,self_development,high,old,before_change,0,0
4158,2026-01-20 02:58:17,Germany,ios,blog,elementary,travel,low,old,before_change,0,0
4159,2026-01-18 09:30:10,Spain,android,blog,elementary,self_development,high,old,before_change,0,0
4160,2026-01-15 12:40:35,Spain,android,paid_search,elementary,travel,low,old,before_change,0,0
4161,2026-01-21 20:30:37,Poland,android,referral,intermediate,self_development,medium,old,before_change,0,0
4162,2026-01-21 15:52:11,Netherlands,ios,tiktok_ads,intermediate,self_development,medium,old,before_change,0,0
4163,2026-01-24 13:43:39,Brazil,ios,instagram_ads,intermediate,self_development,medium,old,before_change,0,0
4164,2026-01-18 09:40:29,Brazil,android,organic,elementary,work,medium,old,before_change,0,0
4165,2026-01-27 03:27:40,Spain,android,organic,elementary,travel,low,old,before_change,0,0
4166,2026-01-26 13:27:15,Netherlands,android,organic,beginner,self_development,high,old,before_change,0,0
4167,2026-01-22 20:38:18,Germany,android,referral,elementary,work,high,old,before_change,0,0
4168,2026-01-18 01:58:44,Germany,android,tiktok_ads,beginner,travel,low,old,before_change,0,0
4169,2026-01-23 14:50:17,Spain,android,blog,beginner,travel,high,old,before_change,1,1
4170,2026-01-26 11:19:24,Germany,android,instagram_ads,intermediate,exam,high,old,before_change,1,0
4171,2026-01-21 08:04:05,Netherlands,android,organic,elementary,self_development,high,old,before_change,1,1
4172,2026-01-19 11:29:52,Germany,ios,instagram_ads,beginner,self_development,medium,old,before_change,0,0
4173,2026-01-23 14:39:15,Germany,ios,organic,elementary,work,low,old,before_change,0,0
4174,2026-01-21 00:55:43,Italy,android,blog,beginner,exam,medium,old,before_change,1,1
4175,2026-01-21 19:24:33,Italy,ios,paid_search,intermediate,self_development,high,old,before_change,1,0
4176,2026-01-20 22:20:06,Brazil,android,organic,beginner,exam,medium,old,before_change,0,0
4177,2026-01-20 03:48:49,Brazil,ios,instagram_ads,elementary,work,medium,old,before_change,0,0
4178,2026-01-27 04:26:04,Poland,android,referral,elementary,self_development,low,old,before_change,0,0
4179,2026-01-22 19:46:43,Germany,ios,instagram_ads,elementary,self_development,medium,old,before_change,1,0
4180,2026-01-22 22:20:08,Spain,android,organic,beginner,exam,medium,old,before_change,0,0
4181,2026-01-26 02:27:32,Germany,android,tiktok_ads,elementary,work,low,old,before_change,0,0
4182,2026-01-21 03:24:35,Spain,ios,organic,elementary,self_development,high,old,before_change,1,1
4183,2026-01-16 17:13:18,Italy,android,instagram_ads,beginner,self_development,low,old,before_change,0,0
4184,2026-01-29 11:52:12,Poland,android,instagram_ads,beginner,travel,high,old,before_change,0,0
4185,2026-01-15 22:43:39,Italy,android,organic,elementary,self_development,medium,old,before_change,1,1
4186,2026-01-24 17:21:21,Poland,android,paid_search,beginner,exam,high,old,before_change,0,0
4187,2026-01-19 12:27:18,Netherlands,android,organic,beginner,exam,low,old,before_change,1,1
4188,2026-01-18 15:14:34,Poland,android,paid_search,beginner,work,medium,old,before_change,1,1
4189,2026-01-15 17:07:05,Netherlands,android,instagram_ads,beginner,travel,low,old,before_change,0,0
4190,2026-01-30 07:14:14,Brazil,android,paid_search,intermediate,travel,low,old,before_change,0,0
4191,2026-01-22 07:06:56,Spain,android,organic,intermediate,work,high,old,before_change,1,0
4192,2026-01-20 19:48:04,Brazil,ios,tiktok_ads,elementary,work,high,old,before_change,0,0
4193,2026-01-27 14:25:16,Germany,android,tiktok_ads,beginner,exam,low,old,before_change,0,0
4194,2026-01-15 15:54:12,Brazil,android,referral,beginner,work,medium,old,before_change,1,1
4195,2026-01-24 14:20:12,Germany,android,referral,beginner,work,low,old,before_change,1,0
4196,2026-01-23 09:47:48,Brazil,ios,instagram_ads,elementary,travel,medium,old,before_change,0,0
4197,2026-01-24 09:48:09,Germany,android,paid_search,elementary,self_development,medium,old,before_change,1,0
4198,2026-01-17 02:34:00,Spain,android,instagram_ads,intermediate,self_development,medium,old,before_change,0,0
4199,2026-01-31 04:38:09,Brazil,ios,referral,beginner,work,medium,old,before_change,1,0
4200,2026-01-19 01:17:39,Germany,android,instagram_ads,beginner,travel,low,old,before_change,0,0
4201,2026-01-26 12:48:28,Italy,android,blog,elementary,travel,medium,old,before_change,1,0
4202,2026-01-27 16:49:16,Brazil,ios,tiktok_ads,beginner,exam,low,old,before_change,0,0
4203,2026-01-20 20:20:43,Spain,android,paid_search,beginner,self_development,high,old,before_change,1,0
4204,2026-01-17 05:20:48,Germany,ios,referral,beginner,self_development,low,old,before_change,1,1
4205,2026-01-20 01:02:29,Poland,android,organic,beginner,self_development,medium,old,before_change,0,0
4206,2026-01-28 17:13:59,Netherlands,ios,blog,beginner,self_development,high,old,before_change,0,0
4207,2026-01-30 09:51:00,Spain,android,paid_search,elementary,work,medium,old,before_change,0,0
4208,2026-01-30 22:15:29,Germany,ios,tiktok_ads,intermediate,travel,medium,old,before_change,1,0
4209,2026-01-18 20:20:05,Poland,android,instagram_ads,intermediate,work,low,old,before_change,0,0
4210,2026-01-25 07:27:54,Italy,android,organic,beginner,travel,medium,old,before_change,0,0
4211,2026-01-17 13:37:21,Spain,ios,tiktok_ads,beginner,travel,high,old,before_change,0,0
4212,2026-01-27 01:49:35,Germany,android,paid_search,intermediate,travel,low,old,before_change,0,0
4213,2026-01-22 01:40:26,Germany,android,paid_search,intermediate,travel,high,old,before_change,1,0
4214,2026-01-27 03:08:36,Germany,android,organic,intermediate,travel,medium,old,before_change,0,0
4215,2026-01-26 15:31:53,Poland,android,referral,elementary,self_development,medium,old,before_change,0,0
4216,2026-01-31 21:03:56,Italy,android,referral,intermediate,work,medium,old,before_change,0,0
4217,2026-01-23 07:21:59,Italy,android,organic,elementary,work,medium,old,before_change,1,1
4218,2026-01-20 19:20:51,Poland,android,referral,beginner,travel,medium,old,before_change,1,0
4219,2026-01-23 22:54:58,Germany,ios,referral,beginner,work,low,old,before_change,1,1
4220,2026-01-17 18:26:43,Italy,ios,organic,intermediate,self_development,low,old,before_change,1,0
4221,2026-01-16 21:35:53,Spain,ios,blog,intermediate,work,low,old,before_change,0,0
4222,2026-01-23 19:49:12,Spain,ios,organic,beginner,self_development,high,old,before_change,0,0
4223,2026-01-29 00:45:56,Netherlands,android,referral,elementary,self_development,high,old,before_change,1,0
4224,2026-01-24 01:33:57,Germany,ios,instagram_ads,beginner,self_development,high,old,before_change,1,1
4225,2026-01-28 07:01:29,Poland,android,blog,elementary,work,low,old,before_change,1,0
4226,2026-01-18 00:35:17,Italy,ios,paid_search,beginner,travel,high,old,before_change,0,0
4227,2026-01-22 15:21:05,Poland,ios,paid_search,beginner,travel,medium,old,before_change,1,0
4228,2026-01-25 10:08:55,Poland,android,referral,beginner,exam,low,old,before_change,0,0
4229,2026-01-20 21:51:06,Spain,ios,tiktok_ads,beginner,self_development,medium,old,before_change,0,0
4230,2026-01-15 05:45:46,Germany,android,instagram_ads,intermediate,exam,high,old,before_change,0,0
4231,2026-01-16 05:58:00,Poland,android,tiktok_ads,intermediate,travel,high,old,before_change,0,0
4232,2026-01-30 18:29:19,Netherlands,android,tiktok_ads,beginner,travel,medium,old,before_change,0,0
4233,2026-01-25 06:53:45,Italy,android,organic,beginner,work,medium,old,before_change,0,0
4234,2026-01-19 11:56:46,Germany,android,organic,beginner,self_development,medium,old,before_change,0,0
4235,2026-01-19 09:35:53,Spain,ios,organic,beginner,travel,high,old,before_change,0,0
4236,2026-01-15 16:08:26,Spain,android,organic,elementary,work,low,old,before_change,1,0
4237,2026-01-31 01:28:08,Netherlands,ios,referral,elementary,work,low,old,before_change,1,0
4238,2026-01-16 20:09:56,Poland,ios,paid_search,beginner,travel,medium,old,before_change,0,0
4239,2026-01-27 21:51:30,Italy,android,instagram_ads,intermediate,travel,medium,old,before_change,1,0
4240,2026-01-19 02:01:17,Spain,android,organic,elementary,travel,medium,old,before_change,0,0
4241,2026-01-20 16:56:07,Brazil,android,referral,beginner,work,high,old,before_change,1,0
4242,2026-01-19 15:45:13,Germany,android,organic,elementary,travel,low,old,before_change,0,0
4243,2026-01-29 00:24:16,Germany,android,organic,beginner,travel,medium,old,before_change,0,0
4244,2026-01-15 13:23:11,Spain,android,referral,elementary,work,high,old,before_change,0,0
4245,2026-01-20 23:44:02,Netherlands,ios,organic,elementary,exam,low,old,before_change,0,0
4246,2026-01-19 17:58:36,Brazil,ios,referral,beginner,exam,low,old,before_change,0,0
4247,2026-01-19 15:21:57,Spain,android,paid_search,elementary,exam,high,old,before_change,0,0
4248,2026-01-18 06:43:12,Netherlands,android,referral,intermediate,work,medium,old,before_change,0,0
4249,2026-01-30 12:16:41,Poland,ios,organic,elementary,self_development,low,old,before_change,1,0
4250,2026-01-21 10:28:38,Germany,ios,paid_search,elementary,travel,high,old,before_change,1,1
4251,2026-01-22 02:37:40,Spain,ios,instagram_ads,intermediate,travel,low,old,before_change,0,0
4252,2026-01-21 13:08:54,Poland,android,instagram_ads,intermediate,exam,medium,old,before_change,0,0
4253,2026-01-31 15:55:43,Poland,ios,referral,intermediate,work,medium,old,before_change,0,0
4254,2026-01-20 18:18:54,Poland,ios,organic,beginner,travel,high,old,before_change,1,0
4255,2026-01-20 19:24:29,Germany,ios,tiktok_ads,beginner,travel,high,old,before_change,1,0
4256,2026-01-20 13:47:34,Brazil,ios,organic,elementary,self_development,medium,old,before_change,0,0
4257,2026-01-20 13:24:08,Italy,android,referral,intermediate,self_development,high,old,before_change,0,0
4258,2026-01-16 12:36:37,Spain,android,blog,elementary,travel,medium,old,before_change,0,0
4259,2026-01-25 06:32:40,Spain,ios,organic,intermediate,travel,high,old,before_change,1,0
4260,2026-01-15 10:17:01,Italy,android,organic,elementary,travel,low,old,before_change,0,0
4261,2026-01-18 20:11:18,Germany,android,referral,beginner,travel,high,old,before_change,1,1
4262,2026-01-18 10:27:45,Poland,android,referral,intermediate,travel,medium,old,before_change,1,0
4263,2026-01-19 22:55:38,Poland,ios,tiktok_ads,intermediate,travel,high,old,before_change,0,0
4264,2026-01-27 20:42:46,Germany,ios,instagram_ads,elementary,exam,low,old,before_change,0,0
4265,2026-01-25 04:35:41,Poland,android,tiktok_ads,elementary,self_development,high,old,before_change,0,0
4266,2026-01-31 20:15:01,Brazil,android,paid_search,beginner,travel,high,old,before_change,1,0
4267,2026-01-20 23:17:21,Poland,ios,blog,elementary,work,medium,old,before_change,0,0
4268,2026-01-30 18:50:19,Italy,android,referral,beginner,exam,low,old,before_change,1,1
4269,2026-01-15 18:19:28,Poland,ios,referral,elementary,travel,high,old,before_change,0,0
4270,2026-01-23 13:43:17,Germany,ios,referral,elementary,travel,medium,old,before_change,1,0
4271,2026-01-28 13:55:48,Poland,ios,blog,beginner,travel,high,old,before_change,0,0
4272,2026-01-24 00:59:02,Italy,android,organic,beginner,work,low,old,before_change,0,0
4273,2026-01-30 20:47:26,Netherlands,ios,blog,beginner,travel,high,old,before_change,1,1
4274,2026-01-20 08:20:57,Netherlands,ios,organic,elementary,travel,high,old,before_change,1,0
4275,2026-01-15 13:35:59,Germany,ios,paid_search,beginner,exam,medium,old,before_change,1,0
4276,2026-01-28 03:46:02,Poland,ios,paid_search,elementary,work,high,old,before_change,1,0
4277,2026-01-16 03:44:44,Germany,ios,organic,elementary,self_development,medium,old,before_change,0,0
4278,2026-01-28 00:01:14,Spain,android,paid_search,beginner,work,low,old,before_change,0,0
4279,2026-01-27 11:14:03,Italy,android,instagram_ads,elementary,travel,low,old,before_change,0,0
4280,2026-01-29 08:27:47,Italy,android,organic,elementary,travel,high,old,before_change,0,0
4281,2026-01-23 03:24:06,Italy,android,paid_search,elementary,self_development,high,old,before_change,1,1
4282,2026-01-30 05:21:57,Brazil,android,paid_search,beginner,travel,high,old,before_change,0,0
4283,2026-01-17 21:17:28,Germany,ios,tiktok_ads,elementary,work,medium,old,before_change,0,0
4284,2026-01-22 09:12:52,Brazil,ios,instagram_ads,elementary,travel,medium,old,before_change,0,0
4285,2026-01-17 01:42:30,Germany,android,tiktok_ads,elementary,self_development,medium,old,before_change,0,0
4286,2026-01-28 00:53:06,Poland,android,referral,beginner,self_development,low,old,before_change,0,0
4287,2026-01-27 03:25:23,Brazil,android,tiktok_ads,elementary,exam,medium,old,before_change,1,0
4288,2026-01-28 17:00:38,Spain,ios,organic,intermediate,travel,medium,old,before_change,0,0
4289,2026-01-27 23:51:07,Germany,ios,instagram_ads,intermediate,travel,medium,old,before_change,0,0
4290,2026-01-20 05:51:05,Spain,ios,instagram_ads,intermediate,travel,medium,old,before_change,0,0
4291,2026-01-16 03:46:16,Poland,android,organic,beginner,travel,medium,old,before_change,1,0
4292,2026-01-30 19:07:51,Poland,android,referral,elementary,self_development,high,old,before_change,0,0
4293,2026-01-23 09:04:11,Germany,ios,organic,beginner,exam,high,old,before_change,0,0
4294,2026-01-16 14:29:28,Germany,ios,blog,elementary,travel,low,old,before_change,0,0
4295,2026-01-30 18:14:32,Spain,ios,organic,elementary,self_development,low,old,before_change,1,0
4296,2026-01-31 21:39:42,Germany,ios,tiktok_ads,elementary,travel,high,old,before_change,1,1
4297,2026-01-22 13:45:47,Italy,android,paid_search,intermediate,work,high,old,before_change,0,0
4298,2026-01-28 02:11:49,Netherlands,ios,blog,intermediate,travel,low,old,before_change,1,1
4299,2026-01-15 14:48:34,Germany,android,referral,beginner,work,medium,old,before_change,1,1
4300,2026-01-16 14:03:16,Poland,android,organic,intermediate,travel,high,old,before_change,1,1
4301,2026-01-19 16:50:20,Spain,android,organic,intermediate,travel,low,old,before_change,0,0
4302,2026-01-26 03:44:30,Germany,android,instagram_ads,elementary,self_development,medium,old,before_change,0,0
4303,2026-01-17 06:26:11,Brazil,android,organic,beginner,self_development,high,old,before_change,0,0
4304,2026-01-15 13:56:42,Germany,android,organic,beginner,work,medium,old,before_change,0,0
4305,2026-01-26 08:51:30,Brazil,ios,blog,beginner,self_development,low,old,before_change,1,0
4306,2026-01-28 02:14:10,Poland,ios,tiktok_ads,beginner,travel,medium,old,before_change,0,0
4307,2026-01-27 13:35:55,Italy,ios,organic,beginner,work,medium,old,before_change,1,0
4308,2026-01-28 14:04:58,Spain,android,instagram_ads,beginner,travel,high,old,before_change,1,1
4309,2026-01-28 15:33:47,Netherlands,android,organic,elementary,travel,medium,old,before_change,0,0
4310,2026-01-25 05:47:00,Germany,ios,referral,elementary,work,medium,old,before_change,0,0
4311,2026-01-23 19:55:14,Brazil,android,organic,beginner,exam,medium,old,before_change,1,0
4312,2026-01-29 13:35:56,Germany,android,paid_search,intermediate,exam,medium,old,before_change,0,0
4313,2026-01-20 21:59:41,Brazil,android,organic,beginner,work,medium,old,before_change,0,0
4314,2026-01-16 15:56:10,Germany,ios,blog,beginner,work,medium,old,before_change,1,1
4315,2026-01-27 18:48:03,Italy,ios,organic,elementary,exam,low,old,before_change,0,0
4316,2026-01-19 16:34:36,Italy,android,tiktok_ads,elementary,self_development,low,old,before_change,0,0
4317,2026-01-31 15:22:20,Spain,ios,instagram_ads,beginner,travel,medium,old,before_change,0,0
4318,2026-01-22 00:59:03,Poland,android,referral,elementary,work,low,old,before_change,0,0
4319,2026-01-29 11:31:53,Germany,ios,organic,beginner,self_development,medium,old,before_change,1,0
4320,2026-01-15 17:19:22,Poland,ios,referral,beginner,work,medium,old,before_change,0,0
4321,2026-01-26 04:57:58,Spain,android,blog,beginner,self_development,medium,old,before_change,1,0
4322,2026-01-22 14:52:19,Germany,android,organic,beginner,work,high,old,before_change,1,0
4323,2026-01-22 20:44:30,Netherlands,ios,organic,intermediate,self_development,high,old,before_change,0,0
4324,2026-01-19 12:12:25,Brazil,android,blog,elementary,self_development,high,old,before_change,0,0
4325,2026-01-31 12:14:49,Brazil,ios,paid_search,beginner,work,medium,old,before_change,0,0
4326,2026-01-21 16:14:09,Brazil,android,referral,elementary,travel,low,old,before_change,0,0
4327,2026-01-29 10:59:44,Germany,ios,referral,elementary,work,low,old,before_change,1,1
4328,2026-01-22 05:26:30,Germany,ios,paid_search,beginner,travel,low,old,before_change,0,0
4329,2026-01-15 19:41:47,Netherlands,android,organic,intermediate,travel,high,old,before_change,0,0
4330,2026-01-29 22:47:59,Netherlands,android,paid_search,elementary,work,high,old,before_change,0,0
4331,2026-01-18 03:31:29,Germany,android,instagram_ads,beginner,work,high,old,before_change,0,0
4332,2026-01-19 14:17:56,Spain,android,instagram_ads,elementary,self_development,medium,old,before_change,0,0
4333,2026-01-29 15:19:53,Netherlands,ios,tiktok_ads,intermediate,travel,high,old,before_change,0,0
4334,2026-01-30 04:38:49,Netherlands,android,instagram_ads,beginner,travel,high,old,before_change,1,1
4335,2026-01-30 14:02:08,Poland,ios,referral,beginner,exam,high,old,before_change,0,0
4336,2026-01-22 05:47:46,Spain,android,organic,elementary,exam,medium,old,before_change,0,0
4337,2026-01-27 20:50:41,Brazil,android,paid_search,elementary,work,low,old,before_change,0,0
4338,2026-01-20 13:44:43,Brazil,android,organic,beginner,travel,high,old,before_change,1,1
4339,2026-01-27 14:04:46,Spain,android,organic,intermediate,travel,high,old,before_change,0,0
4340,2026-01-23 13:01:29,Germany,android,paid_search,beginner,self_development,medium,old,before_change,0,0
4341,2026-01-15 21:11:57,Germany,android,blog,intermediate,travel,medium,old,before_change,0,0
4342,2026-01-22 02:26:21,Poland,ios,paid_search,intermediate,work,medium,old,before_change,0,0
4343,2026-01-22 22:49:56,Germany,android,paid_search,beginner,self_development,high,old,before_change,0,0
4344,2026-01-19 09:00:28,Netherlands,android,tiktok_ads,elementary,travel,high,old,before_change,1,1
4345,2026-01-21 08:47:00,Brazil,ios,tiktok_ads,beginner,self_development,medium,old,before_change,0,0
4346,2026-01-23 13:05:35,Spain,android,instagram_ads,elementary,exam,high,old,before_change,0,0
4347,2026-01-15 20:16:42,Poland,ios,paid_search,elementary,work,medium,old,before_change,1,0
4348,2026-01-17 13:56:06,Netherlands,android,paid_search,elementary,self_development,low,old,before_change,0,0
4349,2026-01-28 00:50:51,Germany,android,organic,elementary,travel,low,old,before_change,1,1
4350,2026-01-20 23:35:14,Poland,ios,paid_search,beginner,self_development,medium,old,before_change,0,0
4351,2026-01-25 08:13:15,Brazil,ios,organic,beginner,travel,low,old,before_change,0,0
4352,2026-01-24 14:50:32,Spain,android,tiktok_ads,beginner,work,medium,old,before_change,0,0
4353,2026-01-24 08:53:49,Poland,ios,referral,elementary,travel,high,old,before_change,0,0
4354,2026-01-22 00:40:14,Netherlands,android,paid_search,intermediate,work,high,old,before_change,1,1
4355,2026-01-23 05:11:33,Spain,ios,organic,elementary,travel,medium,old,before_change,1,1
4356,2026-01-29 00:09:22,Italy,ios,referral,beginner,travel,low,old,before_change,1,0
4357,2026-01-31 09:44:25,Netherlands,ios,instagram_ads,intermediate,travel,low,old,before_change,0,0
4358,2026-01-19 08:44:32,Netherlands,android,tiktok_ads,beginner,travel,medium,old,before_change,0,0
4359,2026-01-26 09:08:43,Germany,android,referral,intermediate,travel,low,old,before_change,1,0
4360,2026-01-31 11:40:00,Germany,android,tiktok_ads,beginner,exam,high,old,before_change,0,0
4361,2026-01-15 03:05:39,Brazil,android,tiktok_ads,beginner,exam,medium,old,before_change,0,0
4362,2026-01-28 08:09:59,Netherlands,android,paid_search,intermediate,exam,high,old,before_change,1,0
4363,2026-01-23 10:42:10,Brazil,ios,blog,elementary,exam,medium,old,before_change,0,0
4364,2026-01-31 10:46:40,Poland,ios,tiktok_ads,intermediate,travel,medium,old,before_change,0,0
4365,2026-01-24 19:55:59,Germany,android,organic,elementary,travel,medium,old,before_change,1,1
4366,2026-01-29 05:57:34,Poland,ios,instagram_ads,beginner,exam,high,old,before_change,0,0
4367,2026-01-17 19:44:02,Poland,android,organic,beginner,work,low,old,before_change,0,0
4368,2026-01-17 09:58:42,Poland,android,instagram_ads,beginner,exam,high,old,before_change,0,0
4369,2026-01-30 18:02:40,Poland,android,organic,elementary,travel,high,old,before_change,0,0
4370,2026-01-23 22:47:44,Italy,android,instagram_ads,beginner,work,medium,old,before_change,0,0
4371,2026-01-24 11:48:13,Germany,android,instagram_ads,beginner,work,medium,old,before_change,0,0
4372,2026-01-17 21:21:04,Netherlands,android,instagram_ads,beginner,exam,medium,old,before_change,0,0
4373,2026-01-18 20:30:21,Italy,android,tiktok_ads,elementary,self_development,low,old,before_change,0,0
4374,2026-01-28 21:50:12,Brazil,ios,paid_search,beginner,work,high,old,before_change,0,0
4375,2026-01-20 03:45:29,Germany,android,paid_search,beginner,self_development,medium,old,before_change,1,0
4376,2026-01-24 22:20:17,Italy,ios,instagram_ads,beginner,exam,high,old,before_change,0,0
4377,2026-01-20 09:08:44,Germany,android,instagram_ads,intermediate,self_development,high,old,before_change,0,0
4378,2026-01-19 11:29:14,Spain,android,blog,elementary,self_development,high,old,before_change,1,0
4379,2026-01-17 19:44:10,Germany,android,paid_search,beginner,travel,high,old,before_change,1,0
4380,2026-01-30 19:16:34,Brazil,ios,instagram_ads,elementary,travel,medium,old,before_change,0,0
4381,2026-01-30 23:32:43,Spain,android,blog,elementary,self_development,low,old,before_change,1,0
4382,2026-01-16 22:59:45,Brazil,ios,tiktok_ads,elementary,work,low,old,before_change,0,0
4383,2026-01-21 00:07:34,Italy,android,paid_search,beginner,work,medium,old,before_change,0,0
4384,2026-01-24 14:03:21,Brazil,ios,paid_search,beginner,exam,medium,old,before_change,0,0
4385,2026-01-21 12:22:50,Brazil,android,referral,intermediate,travel,high,old,before_change,0,0
4386,2026-01-27 06:11:04,Italy,android,paid_search,beginner,self_development,high,old,before_change,1,1
4387,2026-01-19 10:10:25,Poland,android,paid_search,elementary,work,medium,old,before_change,0,0
4388,2026-01-16 00:00:36,Germany,ios,instagram_ads,beginner,self_development,medium,old,before_change,0,0
4389,2026-01-20 17:28:09,Germany,ios,organic,beginner,exam,medium,old,before_change,1,0
4390,2026-01-25 03:55:30,Netherlands,ios,instagram_ads,elementary,travel,medium,old,before_change,1,0
4391,2026-01-18 01:42:02,Poland,ios,blog,beginner,self_development,high,old,before_change,0,0
4392,2026-01-28 20:53:15,Brazil,android,blog,beginner,work,high,old,before_change,1,1
4393,2026-01-15 04:59:51,Germany,android,instagram_ads,elementary,self_development,low,old,before_change,0,0
4394,2026-01-16 03:33:04,Poland,ios,referral,beginner,travel,high,old,before_change,1,1
4395,2026-01-23 15:36:18,Netherlands,android,referral,intermediate,work,low,old,before_change,0,0
4396,2026-01-23 16:59:42,Brazil,ios,blog,elementary,exam,high,old,before_change,0,0
4397,2026-01-20 00:18:46,Poland,ios,referral,intermediate,exam,high,old,before_change,0,0
4398,2026-01-19 09:29:28,Poland,android,referral,intermediate,self_development,medium,old,before_change,1,1
4399,2026-01-16 04:29:00,Netherlands,ios,organic,beginner,self_development,high,old,before_change,0,0
4400,2026-01-26 06:28:23,Netherlands,android,organic,intermediate,work,low,old,before_change,1,1
4401,2026-01-21 10:38:33,Netherlands,android,organic,intermediate,self_development,medium,old,before_change,0,0
4402,2026-01-17 00:25:13,Brazil,android,tiktok_ads,beginner,self_development,medium,old,before_change,0,0
4403,2026-01-21 19:08:03,Brazil,android,blog,elementary,self_development,medium,old,before_change,0,0
4404,2026-01-30 22:19:01,Poland,android,blog,beginner,self_development,high,old,before_change,0,0
4405,2026-01-19 10:35:04,Netherlands,android,referral,beginner,exam,medium,old,before_change,1,0
4406,2026-01-30 05:02:57,Brazil,android,referral,beginner,self_development,high,old,before_change,0,0
4407,2026-01-19 09:34:02,Germany,ios,instagram_ads,beginner,exam,medium,old,before_change,0,0
4408,2026-01-18 03:52:39,Poland,android,instagram_ads,elementary,work,medium,old,before_change,0,0
4409,2026-01-19 10:20:31,Netherlands,android,tiktok_ads,elementary,self_development,low,old,before_change,0,0
4410,2026-01-20 11:53:32,Spain,android,organic,beginner,travel,medium,old,before_change,0,0
4411,2026-01-17 01:12:30,Spain,ios,referral,beginner,work,low,old,before_change,0,0
4412,2026-01-24 23:45:18,Germany,ios,tiktok_ads,beginner,work,high,old,before_change,1,0
4413,2026-01-20 16:02:49,Italy,android,organic,intermediate,travel,medium,old,before_change,0,0
4414,2026-01-27 04:58:09,Poland,ios,tiktok_ads,intermediate,self_development,medium,old,before_change,0,0
4415,2026-01-23 08:19:25,Brazil,android,instagram_ads,beginner,work,high,old,before_change,1,0
4416,2026-01-22 12:36:13,Spain,android,referral,intermediate,work,high,old,before_change,1,0
4417,2026-01-23 00:09:57,Poland,ios,referral,intermediate,work,medium,old,before_change,1,1
4418,2026-01-17 15:46:00,Brazil,ios,paid_search,intermediate,exam,medium,old,before_change,1,1
4419,2026-01-27 02:51:18,Italy,android,referral,intermediate,travel,high,old,before_change,0,0
4420,2026-01-16 18:29:37,Germany,android,organic,elementary,work,medium,old,before_change,1,0
4421,2026-01-27 06:23:01,Germany,android,paid_search,beginner,travel,high,old,before_change,0,0
4422,2026-01-31 23:54:15,Brazil,android,instagram_ads,intermediate,self_development,high,old,before_change,0,0
4423,2026-01-27 23:42:40,Germany,android,referral,intermediate,travel,high,old,before_change,0,0
4424,2026-01-22 17:47:01,Netherlands,android,blog,beginner,self_development,medium,old,before_change,1,1
4425,2026-01-20 08:18:21,Poland,ios,organic,elementary,travel,low,old,before_change,0,0
4426,2026-01-29 19:59:34,Germany,android,tiktok_ads,elementary,travel,low,old,before_change,0,0
4427,2026-01-19 08:56:02,Brazil,android,referral,elementary,self_development,medium,old,before_change,0,0
4428,2026-01-23 04:48:33,Netherlands,ios,blog,elementary,exam,high,old,before_change,1,0
4429,2026-01-28 02:30:58,Poland,android,paid_search,beginner,work,low,old,before_change,0,0
4430,2026-01-30 16:19:18,Brazil,ios,organic,beginner,work,medium,old,before_change,1,1
4431,2026-01-30 15:45:00,Germany,android,instagram_ads,beginner,travel,high,old,before_change,1,1
4432,2026-01-16 11:48:20,Netherlands,android,blog,beginner,travel,low,old,before_change,0,0
4433,2026-01-30 06:29:29,Brazil,ios,paid_search,elementary,travel,low,old,before_change,0,0
4434,2026-01-16 22:31:11,Poland,android,instagram_ads,beginner,travel,medium,old,before_change,0,0
4435,2026-01-24 22:27:58,Brazil,android,blog,beginner,travel,low,old,before_change,0,0
4436,2026-01-30 19:17:23,Germany,android,instagram_ads,beginner,work,medium,old,before_change,0,0
4437,2026-01-26 03:09:39,Poland,android,instagram_ads,elementary,self_development,low,old,before_change,0,0
4438,2026-01-31 02:34:37,Brazil,ios,blog,beginner,work,medium,old,before_change,1,0
4439,2026-01-20 20:29:17,Germany,ios,paid_search,beginner,work,medium,old,before_change,0,0
4440,2026-01-20 08:24:16,Brazil,ios,paid_search,elementary,travel,medium,old,before_change,0,0
4441,2026-01-20 13:05:45,Italy,ios,paid_search,elementary,self_development,high,old,before_change,1,0
4442,2026-01-21 00:54:26,Poland,ios,instagram_ads,elementary,travel,medium,old,before_change,0,0
4443,2026-01-26 14:35:05,Spain,android,organic,elementary,work,medium,old,before_change,0,0
4444,2026-01-22 16:35:58,Poland,ios,organic,beginner,self_development,high,old,before_change,1,0
4445,2026-01-27 12:52:16,Spain,android,paid_search,beginner,work,low,old,before_change,0,0
4446,2026-01-22 01:47:38,Brazil,ios,instagram_ads,beginner,work,high,old,before_change,0,0
4447,2026-01-20 05:33:06,Brazil,ios,referral,elementary,exam,low,old,before_change,1,0
4448,2026-01-18 05:32:18,Germany,android,instagram_ads,elementary,travel,medium,old,before_change,0,0
4449,2026-01-24 08:49:53,Spain,android,referral,elementary,work,medium,old,before_change,0,0
4450,2026-01-30 06:32:13,Italy,android,blog,intermediate,work,low,old,before_change,0,0
4451,2026-01-29 14:27:29,Germany,ios,tiktok_ads,beginner,self_development,medium,old,before_change,0,0
4452,2026-01-19 07:20:58,Poland,android,tiktok_ads,intermediate,self_development,high,old,before_change,1,0
4453,2026-01-23 02:52:29,Netherlands,ios,organic,elementary,exam,high,old,before_change,1,1
4454,2026-01-26 23:45:04,Brazil,android,paid_search,elementary,work,medium,old,before_change,0,0
4455,2026-01-25 09:52:08,Germany,android,paid_search,elementary,work,low,old,before_change,0,0
4456,2026-01-16 03:23:58,Germany,ios,instagram_ads,elementary,self_development,medium,old,before_change,0,0
4457,2026-01-25 01:09:06,Germany,android,blog,beginner,exam,high,old,before_change,0,0
4458,2026-01-15 15:48:37,Netherlands,android,paid_search,beginner,travel,low,old,before_change,0,0
4459,2026-01-16 23:31:53,Italy,ios,organic,beginner,self_development,medium,old,before_change,0,0
4460,2026-01-26 02:43:19,Poland,ios,referral,beginner,self_development,medium,old,before_change,0,0
4461,2026-01-16 17:50:21,Germany,android,blog,beginner,travel,low,old,before_change,0,0
4462,2026-01-20 18:19:06,Germany,android,referral,beginner,exam,medium,old,before_change,0,0
4463,2026-01-25 00:04:40,Germany,ios,organic,intermediate,self_development,medium,old,before_change,0,0
4464,2026-01-26 03:25:38,Italy,ios,instagram_ads,beginner,travel,medium,old,before_change,0,0
4465,2026-01-22 13:51:29,Germany,android,paid_search,intermediate,self_development,high,old,before_change,1,0
4466,2026-01-16 14:21:38,Germany,ios,tiktok_ads,elementary,travel,high,old,before_change,0,0
4467,2026-01-28 14:02:04,Netherlands,android,tiktok_ads,beginner,work,low,old,before_change,0,0
4468,2026-01-31 03:32:21,Brazil,android,referral,beginner,self_development,low,old,before_change,0,0
4469,2026-01-30 02:35:51,Germany,ios,organic,beginner,self_development,high,old,before_change,0,0
4470,2026-01-27 17:23:38,Netherlands,ios,blog,beginner,travel,high,old,before_change,1,1
4471,2026-01-21 20:06:19,Germany,android,organic,beginner,self_development,high,old,before_change,1,0
4472,2026-01-29 21:31:01,Germany,ios,organic,intermediate,exam,high,old,before_change,0,0
4473,2026-01-23 07:10:31,Germany,ios,referral,beginner,self_development,medium,old,before_change,0,0
4474,2026-01-17 07:40:47,Spain,ios,instagram_ads,elementary,work,medium,old,before_change,0,0
4475,2026-01-29 11:01:24,Italy,android,instagram_ads,elementary,self_development,high,old,before_change,1,0
4476,2026-01-20 10:37:32,Brazil,android,paid_search,elementary,exam,medium,old,before_change,0,0
4477,2026-01-30 22:59:25,Poland,android,organic,intermediate,self_development,medium,old,before_change,0,0
4478,2026-01-21 06:17:03,Spain,ios,organic,beginner,work,high,old,before_change,1,0
4479,2026-01-29 18:42:47,Poland,android,tiktok_ads,beginner,work,medium,old,before_change,1,0
4480,2026-01-24 03:09:59,Italy,android,organic,intermediate,travel,medium,old,before_change,0,0
4481,2026-01-22 22:41:49,Spain,ios,blog,intermediate,travel,medium,old,before_change,0,0
4482,2026-01-20 01:07:20,Italy,android,referral,elementary,self_development,medium,old,before_change,1,0
4483,2026-01-29 04:58:00,Netherlands,android,referral,elementary,work,low,old,before_change,0,0
4484,2026-01-16 00:44:14,Poland,ios,referral,beginner,work,medium,old,before_change,1,0
4485,2026-01-22 23:18:00,Germany,android,tiktok_ads,elementary,work,low,old,before_change,0,0
4486,2026-01-21 06:30:08,Netherlands,android,instagram_ads,beginner,exam,medium,old,before_change,0,0
4487,2026-01-24 05:42:13,Brazil,android,blog,elementary,work,high,old,before_change,0,0
4488,2026-01-19 07:51:22,Italy,ios,paid_search,intermediate,self_development,high,old,before_change,1,1
4489,2026-01-26 07:09:12,Italy,android,organic,beginner,travel,medium,old,before_change,0,0
4490,2026-01-21 13:27:21,Spain,android,instagram_ads,elementary,travel,low,old,before_change,0,0
4491,2026-01-18 04:45:26,Italy,android,organic,elementary,travel,medium,old,before_change,0,0
4492,2026-01-18 08:21:34,Italy,ios,tiktok_ads,beginner,travel,high,old,before_change,1,0
4493,2026-01-26 20:10:26,Netherlands,ios,blog,elementary,exam,high,old,before_change,1,0
4494,2026-01-19 10:51:13,Germany,android,tiktok_ads,elementary,exam,medium,old,before_change,0,0
4495,2026-01-20 05:21:33,Germany,android,organic,beginner,work,medium,old,before_change,0,0
4496,2026-01-25 15:47:47,Germany,ios,organic,beginner,self_development,medium,old,before_change,1,1
4497,2026-01-20 14:33:06,Germany,android,paid_search,beginner,self_development,high,old,before_change,0,0
4498,2026-01-21 14:22:00,Italy,ios,organic,beginner,exam,medium,old,before_change,0,0
4499,2026-01-19 03:44:50,Germany,android,instagram_ads,elementary,exam,medium,old,before_change,0,0
4500,2026-01-20 20:54:59,Netherlands,android,referral,elementary,work,low,old,before_change,1,1
4501,2026-01-26 18:39:14,Netherlands,ios,tiktok_ads,beginner,work,low,old,before_change,1,0
4502,2026-01-24 01:50:00,Netherlands,android,instagram_ads,elementary,travel,medium,old,before_change,1,0
4503,2026-01-31 22:59:37,Germany,android,paid_search,beginner,travel,medium,old,before_change,1,1
4504,2026-01-28 02:55:08,Brazil,android,organic,intermediate,travel,low,old,before_change,1,1
4505,2026-01-15 06:52:02,Netherlands,android,tiktok_ads,beginner,work,low,old,before_change,1,0
4506,2026-01-21 10:34:41,Brazil,android,paid_search,elementary,travel,medium,old,before_change,0,0
4507,2026-01-19 22:15:32,Germany,android,paid_search,beginner,work,medium,old,before_change,0,0
4508,2026-01-24 23:42:28,Poland,ios,tiktok_ads,intermediate,self_development,medium,old,before_change,0,0
4509,2026-01-19 12:23:17,Germany,android,paid_search,elementary,work,medium,old,before_change,0,0
4510,2026-01-31 10:12:38,Netherlands,ios,organic,intermediate,work,low,old,before_change,1,1
4511,2026-01-20 02:08:43,Spain,ios,instagram_ads,beginner,work,medium,old,before_change,0,0
4512,2026-01-23 20:58:04,Germany,ios,paid_search,intermediate,work,medium,old,before_change,1,0
4513,2026-01-17 02:08:52,Poland,android,tiktok_ads,beginner,travel,low,old,before_change,0,0
4514,2026-01-30 11:11:50,Germany,ios,organic,beginner,work,low,old,before_change,0,0
4515,2026-01-30 12:02:05,Italy,ios,referral,elementary,travel,medium,old,before_change,0,0
4516,2026-01-28 11:49:06,Italy,ios,instagram_ads,beginner,work,low,old,before_change,0,0
4517,2026-01-20 23:27:52,Spain,ios,organic,elementary,exam,medium,old,before_change,0,0
4518,2026-01-15 23:57:25,Spain,android,organic,beginner,work,high,old,before_change,1,0
4519,2026-01-27 02:04:26,Germany,ios,blog,elementary,self_development,high,old,before_change,1,0
4520,2026-01-22 07:04:20,Italy,ios,instagram_ads,elementary,travel,high,old,before_change,0,0
4521,2026-01-31 20:04:23,Netherlands,android,tiktok_ads,elementary,work,medium,old,before_change,1,0
4522,2026-01-26 20:54:50,Germany,ios,referral,elementary,travel,low,old,before_change,0,0
4523,2026-01-24 03:45:45,Brazil,android,paid_search,elementary,self_development,medium,old,before_change,0,0
4524,2026-01-31 18:34:42,Germany,android,instagram_ads,elementary,travel,low,old,before_change,1,0
4525,2026-01-28 14:35:30,Brazil,android,tiktok_ads,elementary,work,high,old,before_change,0,0
4526,2026-01-22 19:01:03,Brazil,ios,referral,elementary,work,high,old,before_change,0,0
4527,2026-01-15 07:41:33,Germany,android,paid_search,intermediate,self_development,high,old,before_change,1,0
4528,2026-01-16 13:51:23,Poland,android,blog,beginner,work,medium,old,before_change,0,0
4529,2026-01-22 13:02:12,Germany,android,instagram_ads,beginner,work,low,old,before_change,0,0
4530,2026-01-24 13:17:59,Brazil,ios,referral,elementary,work,high,old,before_change,0,0
4531,2026-01-15 12:18:07,Netherlands,android,organic,elementary,exam,medium,old,before_change,1,1
4532,2026-01-17 03:38:16,Italy,android,instagram_ads,intermediate,travel,low,old,before_change,1,1
4533,2026-01-26 23:21:08,Brazil,android,organic,intermediate,travel,medium,old,before_change,0,0
4534,2026-01-27 18:37:11,Italy,android,blog,intermediate,travel,medium,old,before_change,1,1
4535,2026-01-15 12:09:46,Spain,android,organic,elementary,work,medium,old,before_change,1,0
4536,2026-01-23 15:07:55,Poland,android,tiktok_ads,elementary,work,medium,old,before_change,1,0
4537,2026-01-16 09:02:15,Germany,ios,organic,beginner,self_development,medium,old,before_change,0,0
4538,2026-01-27 07:09:35,Poland,ios,organic,beginner,work,medium,old,before_change,0,0
4539,2026-01-29 04:18:07,Germany,android,paid_search,elementary,travel,low,old,before_change,0,0
4540,2026-01-29 18:41:58,Italy,ios,referral,elementary,work,high,old,before_change,1,1
4541,2026-01-25 04:03:19,Italy,android,paid_search,beginner,work,medium,old,before_change,0,0
4542,2026-01-25 16:36:38,Brazil,android,referral,intermediate,exam,low,old,before_change,0,0
4543,2026-01-30 18:02:56,Brazil,android,referral,intermediate,exam,high,old,before_change,0,0
4544,2026-01-25 09:52:30,Netherlands,ios,blog,beginner,exam,high,old,before_change,0,0
4545,2026-01-22 14:04:47,Germany,android,tiktok_ads,beginner,self_development,medium,old,before_change,0,0
4546,2026-01-27 19:51:52,Netherlands,android,tiktok_ads,intermediate,travel,medium,old,before_change,0,0
4547,2026-01-25 01:03:44,Netherlands,android,instagram_ads,beginner,self_development,medium,old,before_change,0,0
4548,2026-01-29 07:43:17,Brazil,android,organic,beginner,self_development,low,old,before_change,0,0
4549,2026-01-23 22:04:40,Germany,ios,instagram_ads,elementary,travel,high,old,before_change,1,1
4550,2026-01-29 18:34:26,Italy,android,referral,intermediate,self_development,high,old,before_change,0,0
4551,2026-01-15 18:18:16,Germany,ios,organic,elementary,travel,high,old,before_change,1,0
4552,2026-01-15 14:51:48,Netherlands,android,organic,elementary,work,low,old,before_change,1,1
4553,2026-01-16 16:24:27,Germany,ios,instagram_ads,intermediate,work,high,old,before_change,0,0
4554,2026-01-24 10:55:32,Germany,ios,referral,elementary,travel,medium,old,before_change,1,0
4555,2026-01-27 01:15:43,Germany,ios,paid_search,elementary,exam,low,old,before_change,1,0
4556,2026-01-18 16:14:16,Spain,ios,referral,beginner,work,high,old,before_change,1,0
4557,2026-01-17 15:32:42,Netherlands,android,paid_search,beginner,travel,high,old,before_change,1,1
4558,2026-01-29 15:01:16,Brazil,android,instagram_ads,beginner,exam,low,old,before_change,1,1
4559,2026-01-27 18:13:12,Netherlands,ios,blog,beginner,work,high,old,before_change,0,0
4560,2026-01-26 00:32:46,Netherlands,ios,paid_search,beginner,travel,medium,old,before_change,0,0
4561,2026-01-23 07:15:14,Germany,android,instagram_ads,beginner,self_development,medium,old,before_change,0,0
4562,2026-01-22 03:27:02,Germany,ios,blog,beginner,self_development,medium,old,before_change,1,1
4563,2026-01-15 08:22:31,Netherlands,android,paid_search,elementary,work,high,old,before_change,0,0
4564,2026-01-18 04:44:47,Netherlands,ios,organic,beginner,self_development,low,old,before_change,0,0
4565,2026-01-30 05:58:22,Brazil,android,blog,beginner,self_development,low,old,before_change,0,0
4566,2026-01-20 18:19:17,Germany,android,instagram_ads,elementary,work,high,old,before_change,0,0
4567,2026-01-26 23:27:12,Poland,ios,blog,intermediate,self_development,high,old,before_change,0,0
4568,2026-01-26 23:08:28,Germany,android,referral,elementary,self_development,medium,old,before_change,1,1
4569,2026-01-20 06:14:39,Netherlands,android,instagram_ads,beginner,self_development,medium,old,before_change,1,0
4570,2026-01-18 11:22:43,Germany,android,instagram_ads,elementary,travel,medium,old,before_change,0,0
4571,2026-01-26 18:12:00,Netherlands,android,instagram_ads,elementary,self_development,high,old,before_change,0,0
4572,2026-01-16 14:10:54,Spain,android,organic,beginner,travel,medium,old,before_change,0,0
4573,2026-01-23 09:53:15,Poland,android,instagram_ads,beginner,exam,high,old,before_change,1,0
4574,2026-01-30 02:18:56,Germany,android,referral,beginner,travel,medium,old,before_change,0,0
4575,2026-01-27 02:13:20,Brazil,ios,blog,beginner,self_development,medium,old,before_change,0,0
4576,2026-01-27 23:47:52,Germany,android,blog,beginner,self_development,low,old,before_change,0,0
4577,2026-01-16 09:58:23,Netherlands,android,blog,beginner,work,high,old,before_change,0,0
4578,2026-01-18 09:30:58,Germany,ios,organic,elementary,work,medium,old,before_change,0,0
4579,2026-01-19 16:14:24,Germany,ios,instagram_ads,elementary,travel,high,old,before_change,0,0
4580,2026-01-19 23:15:47,Poland,ios,organic,elementary,travel,high,old,before_change,1,1
4581,2026-01-18 07:11:06,Germany,ios,instagram_ads,intermediate,self_development,high,old,before_change,0,0
4582,2026-01-31 12:36:16,Germany,ios,blog,beginner,exam,low,old,before_change,1,0
4583,2026-01-17 19:18:05,Poland,ios,referral,elementary,self_development,medium,old,before_change,1,1
4584,2026-01-27 00:56:21,Poland,ios,referral,beginner,self_development,low,old,before_change,1,0
4585,2026-01-24 23:23:40,Poland,android,paid_search,elementary,work,high,old,before_change,0,0
4586,2026-01-25 09:05:34,Spain,ios,instagram_ads,elementary,work,medium,old,before_change,0,0
4587,2026-01-18 15:34:42,Brazil,ios,paid_search,elementary,work,medium,old,before_change,1,1
4588,2026-01-20 05:30:44,Poland,ios,instagram_ads,elementary,travel,medium,old,before_change,1,0
4589,2026-01-25 07:27:04,Germany,android,paid_search,elementary,self_development,low,old,before_change,1,1
4590,2026-01-20 02:02:35,Poland,ios,referral,elementary,self_development,low,old,before_change,0,0
4591,2026-01-26 19:11:55,Germany,android,instagram_ads,beginner,work,low,old,before_change,0,0
4592,2026-01-15 16:07:32,Italy,ios,tiktok_ads,beginner,work,high,old,before_change,0,0
4593,2026-01-16 05:42:38,Netherlands,ios,referral,intermediate,work,medium,old,before_change,0,0
4594,2026-01-27 09:13:14,Brazil,android,paid_search,elementary,exam,low,old,before_change,0,0
4595,2026-01-25 11:38:15,Brazil,android,instagram_ads,beginner,exam,medium,old,before_change,0,0
4596,2026-01-15 17:36:55,Germany,android,referral,intermediate,travel,medium,old,before_change,0,0
4597,2026-01-30 06:48:28,Spain,ios,blog,intermediate,exam,medium,old,before_change,1,0
4598,2026-01-15 01:58:54,Poland,android,organic,elementary,self_development,medium,old,before_change,0,0
4599,2026-01-31 05:51:55,Brazil,android,tiktok_ads,elementary,travel,high,old,before_change,0,0
4600,2026-01-27 09:38:02,Brazil,ios,paid_search,beginner,exam,high,old,before_change,0,0
4601,2026-01-31 19:09:39,Germany,android,paid_search,elementary,work,high,old,before_change,1,0
4602,2026-01-31 03:08:25,Netherlands,android,organic,intermediate,self_development,medium,old,before_change,1,1
4603,2026-01-20 07:45:19,Spain,android,instagram_ads,beginner,self_development,high,old,before_change,0,0
4604,2026-01-27 20:39:11,Germany,ios,paid_search,beginner,work,low,old,before_change,0,0
4605,2026-01-18 14:03:08,Italy,android,tiktok_ads,intermediate,work,medium,old,before_change,0,0
4606,2026-01-23 00:25:45,Brazil,android,paid_search,beginner,self_development,high,old,before_change,0,0
4607,2026-01-19 01:57:50,Brazil,android,organic,intermediate,travel,medium,old,before_change,0,0
4608,2026-01-23 06:18:23,Italy,ios,tiktok_ads,beginner,work,high,old,before_change,0,0
4609,2026-01-29 19:54:54,Spain,ios,organic,beginner,work,medium,old,before_change,1,0
4610,2026-01-22 09:56:37,Italy,ios,paid_search,intermediate,travel,low,old,before_change,0,0
4611,2026-01-16 13:41:48,Netherlands,android,organic,beginner,self_development,medium,old,before_change,0,0
4612,2026-01-20 12:27:16,Netherlands,android,paid_search,elementary,travel,high,old,before_change,1,0
4613,2026-01-28 08:54:04,Germany,ios,instagram_ads,beginner,self_development,medium,old,before_change,1,1
4614,2026-01-23 20:51:33,Germany,ios,referral,elementary,self_development,medium,old,before_change,0,0
4615,2026-01-24 12:33:22,Spain,ios,tiktok_ads,beginner,exam,medium,old,before_change,0,0
4616,2026-01-22 07:54:34,Germany,android,organic,intermediate,travel,medium,old,before_change,1,0
4617,2026-01-19 23:27:13,Germany,ios,organic,intermediate,work,high,old,before_change,0,0
4618,2026-01-25 04:03:08,Netherlands,ios,referral,beginner,self_development,low,old,before_change,0,0
4619,2026-01-25 18:18:00,Poland,android,organic,beginner,work,medium,old,before_change,1,0
4620,2026-01-30 06:25:58,Germany,android,organic,elementary,travel,medium,old,before_change,1,1
4621,2026-01-25 12:03:17,Poland,android,organic,intermediate,exam,high,old,before_change,0,0
4622,2026-01-31 21:57:49,Italy,android,referral,beginner,exam,high,old,before_change,0,0
4623,2026-01-29 01:14:36,Poland,ios,tiktok_ads,intermediate,work,medium,old,before_change,0,0
4624,2026-01-16 08:07:38,Poland,ios,paid_search,intermediate,work,medium,old,before_change,0,0
4625,2026-01-21 16:00:21,Poland,ios,organic,elementary,work,low,old,before_change,0,0
4626,2026-01-21 12:57:03,Germany,android,referral,beginner,travel,high,old,before_change,0,0
4627,2026-01-15 01:13:56,Spain,android,organic,elementary,work,low,old,before_change,0,0
4628,2026-01-18 01:43:41,Italy,ios,instagram_ads,elementary,self_development,high,old,before_change,0,0
4629,2026-01-27 22:58:21,Netherlands,android,referral,elementary,self_development,low,old,before_change,0,0
4630,2026-01-20 23:39:54,Poland,android,organic,beginner,exam,high,old,before_change,1,1
4631,2026-01-17 12:20:04,Italy,android,paid_search,elementary,work,medium,old,before_change,0,0
4632,2026-01-19 21:17:20,Germany,android,tiktok_ads,intermediate,exam,low,old,before_change,1,1
4633,2026-01-19 16:04:43,Spain,ios,tiktok_ads,elementary,work,medium,old,before_change,0,0
4634,2026-01-17 23:12:40,Netherlands,android,instagram_ads,elementary,self_development,low,old,before_change,0,0
4635,2026-01-16 17:17:10,Germany,android,paid_search,beginner,work,low,old,before_change,0,0
4636,2026-01-27 23:44:34,Brazil,android,paid_search,beginner,travel,medium,old,before_change,0,0
4637,2026-01-29 00:24:19,Poland,android,instagram_ads,beginner,work,high,old,before_change,1,0
4638,2026-01-23 10:29:08,Netherlands,ios,paid_search,beginner,travel,high,old,before_change,0,0
4639,2026-01-25 11:06:33,Spain,android,paid_search,elementary,work,high,old,before_change,0,0
4640,2026-01-30 15:03:07,Poland,ios,paid_search,elementary,self_development,medium,old,before_change,0,0
4641,2026-01-29 07:48:23,Germany,android,instagram_ads,beginner,exam,high,old,before_change,0,0
4642,2026-01-15 13:17:51,Italy,ios,paid_search,beginner,travel,medium,old,before_change,1,0
4643,2026-01-31 04:48:20,Germany,ios,instagram_ads,intermediate,exam,high,old,before_change,0,0
4644,2026-01-16 03:19:37,Poland,ios,tiktok_ads,beginner,travel,low,old,before_change,0,0
4645,2026-01-15 10:50:29,Brazil,android,blog,intermediate,exam,high,old,before_change,0,0
4646,2026-01-21 20:32:08,Spain,android,instagram_ads,elementary,work,medium,old,before_change,0,0
4647,2026-01-27 16:18:28,Brazil,ios,tiktok_ads,intermediate,exam,medium,old,before_change,0,0
4648,2026-01-16 08:45:11,Germany,ios,organic,elementary,self_development,medium,old,before_change,0,0
4649,2026-01-19 23:32:22,Brazil,ios,tiktok_ads,intermediate,travel,medium,old,before_change,1,0
4650,2026-01-19 11:11:37,Poland,ios,instagram_ads,elementary,exam,high,old,before_change,0,0
4651,2026-01-21 18:07:53,Poland,ios,referral,beginner,exam,medium,old,before_change,1,0
4652,2026-01-31 18:18:00,Germany,android,blog,intermediate,self_development,high,old,before_change,1,0
4653,2026-01-20 15:13:01,Netherlands,android,organic,beginner,self_development,high,old,before_change,1,1
4654,2026-01-18 13:15:19,Poland,android,blog,elementary,work,low,old,before_change,0,0
4655,2026-01-17 01:54:15,Poland,android,tiktok_ads,beginner,travel,high,old,before_change,0,0
4656,2026-01-18 08:49:55,Spain,android,tiktok_ads,elementary,exam,high,old,before_change,0,0
4657,2026-01-17 06:19:13,Germany,ios,instagram_ads,elementary,work,high,old,before_change,0,0
4658,2026-01-24 18:02:43,Italy,ios,paid_search,intermediate,self_development,medium,old,before_change,0,0
4659,2026-01-22 03:33:59,Spain,ios,referral,beginner,self_development,medium,old,before_change,0,0
4660,2026-01-23 11:10:59,Spain,android,organic,intermediate,exam,high,old,before_change,0,0
4661,2026-01-29 03:30:57,Poland,android,instagram_ads,intermediate,work,medium,old,before_change,0,0
4662,2026-01-24 20:49:07,Germany,android,organic,beginner,work,low,old,before_change,0,0
4663,2026-01-17 15:18:33,Poland,android,paid_search,beginner,self_development,low,old,before_change,0,0
4664,2026-01-21 09:42:28,Germany,ios,tiktok_ads,beginner,work,low,old,before_change,0,0
4665,2026-01-20 07:31:57,Poland,ios,tiktok_ads,beginner,work,high,old,before_change,1,1
4666,2026-01-29 01:19:08,Italy,android,referral,elementary,exam,high,old,before_change,0,0
4667,2026-01-20 05:15:56,Italy,ios,tiktok_ads,beginner,travel,medium,old,before_change,0,0
4668,2026-01-17 08:32:27,Italy,android,tiktok_ads,beginner,self_development,medium,old,before_change,0,0
4669,2026-01-27 12:17:25,Poland,ios,blog,elementary,travel,medium,old,before_change,0,0
4670,2026-01-22 06:47:03,Germany,ios,instagram_ads,beginner,self_development,low,old,before_change,0,0
4671,2026-01-16 15:06:43,Italy,ios,tiktok_ads,intermediate,work,medium,old,before_change,1,0
4672,2026-01-26 17:25:22,Italy,android,referral,beginner,travel,medium,old,before_change,1,0
4673,2026-01-18 13:53:19,Brazil,ios,tiktok_ads,elementary,self_development,medium,old,before_change,1,0
4674,2026-01-29 18:14:25,Spain,android,tiktok_ads,intermediate,self_development,high,old,before_change,0,0
4675,2026-01-29 03:38:37,Germany,ios,instagram_ads,beginner,travel,medium,old,before_change,0,0
4676,2026-01-21 06:47:06,Netherlands,android,instagram_ads,elementary,travel,high,old,before_change,1,0
4677,2026-01-24 10:40:58,Poland,android,tiktok_ads,intermediate,work,medium,old,before_change,0,0
4678,2026-01-24 15:38:24,Spain,android,tiktok_ads,elementary,exam,low,old,before_change,0,0
4679,2026-01-26 02:35:53,Spain,ios,instagram_ads,intermediate,travel,low,old,before_change,0,0
4680,2026-01-16 04:12:32,Brazil,ios,organic,intermediate,work,medium,old,before_change,0,0
4681,2026-01-20 12:32:16,Germany,android,organic,beginner,work,high,old,before_change,0,0
4682,2026-01-17 21:29:24,Italy,android,instagram_ads,elementary,self_development,high,old,before_change,0,0
4683,2026-01-26 20:34:42,Spain,ios,organic,elementary,self_development,low,old,before_change,0,0
4684,2026-01-16 04:12:30,Germany,ios,paid_search,intermediate,travel,high,old,before_change,1,1
4685,2026-01-23 18:55:10,Germany,ios,organic,elementary,exam,medium,old,before_change,1,1
4686,2026-01-27 08:58:31,Poland,android,organic,elementary,work,high,old,before_change,1,0
4687,2026-01-31 02:56:16,Poland,ios,referral,beginner,work,low,old,before_change,0,0
4688,2026-01-19 21:31:42,Germany,ios,instagram_ads,elementary,travel,high,old,before_change,0,0
4689,2026-01-15 03:15:10,Germany,android,referral,elementary,exam,medium,old,before_change,0,0
4690,2026-01-27 07:17:17,Brazil,android,organic,intermediate,self_development,medium,old,before_change,0,0
4691,2026-01-15 00:37:51,Germany,android,paid_search,beginner,travel,medium,old,before_change,1,1
4692,2026-01-16 03:05:25,Poland,android,organic,beginner,travel,medium,old,before_change,0,0
4693,2026-01-31 20:07:17,Germany,android,organic,intermediate,exam,high,old,before_change,1,1
4694,2026-01-29 15:55:10,Brazil,android,organic,elementary,self_development,high,old,before_change,0,0
4695,2026-01-27 00:40:34,Spain,ios,instagram_ads,beginner,exam,high,old,before_change,0,0
4696,2026-01-29 04:53:46,Brazil,android,organic,elementary,travel,low,old,before_change,0,0
4697,2026-01-16 06:44:36,Spain,ios,referral,intermediate,self_development,high,old,before_change,1,0
4698,2026-01-16 12:16:58,Germany,ios,instagram_ads,intermediate,work,medium,old,before_change,0,0
4699,2026-01-20 02:44:17,Germany,android,organic,beginner,work,high,old,before_change,1,0
4700,2026-01-15 09:41:33,Germany,ios,referral,elementary,travel,medium,old,before_change,0,0
4701,2026-01-30 02:25:53,Germany,android,instagram_ads,beginner,travel,high,old,before_change,0,0
4702,2026-01-15 22:57:57,Italy,android,paid_search,beginner,work,low,old,before_change,0,0
4703,2026-01-24 05:58:06,Germany,ios,instagram_ads,elementary,self_development,low,old,before_change,0,0
4704,2026-01-29 12:16:51,Spain,ios,tiktok_ads,beginner,self_development,medium,old,before_change,1,0
4705,2026-01-27 11:52:28,Germany,android,instagram_ads,beginner,self_development,low,old,before_change,0,0
4706,2026-01-18 23:45:32,Poland,android,blog,beginner,work,high,old,before_change,0,0
4707,2026-01-22 23:53:45,Italy,android,paid_search,beginner,exam,medium,old,before_change,0,0
4708,2026-01-24 07:41:43,Poland,ios,paid_search,beginner,exam,high,old,before_change,0,0
4709,2026-01-28 01:18:45,Netherlands,android,referral,intermediate,work,medium,old,before_change,0,0
4710,2026-01-22 05:54:27,Poland,ios,tiktok_ads,beginner,travel,medium,old,before_change,0,0
4711,2026-01-19 20:17:41,Spain,ios,blog,elementary,self_development,medium,old,before_change,0,0
4712,2026-01-28 12:34:27,Poland,android,referral,beginner,travel,low,old,before_change,0,0
4713,2026-01-30 01:41:00,Poland,ios,instagram_ads,intermediate,self_development,low,old,before_change,1,1
4714,2026-01-23 07:28:13,Germany,ios,tiktok_ads,elementary,self_development,high,old,before_change,0,0
4715,2026-01-15 11:25:56,Brazil,ios,paid_search,intermediate,travel,medium,old,before_change,1,0
4716,2026-01-23 12:16:10,Germany,android,organic,beginner,travel,low,old,before_change,0,0
4717,2026-01-30 02:49:51,Germany,android,paid_search,elementary,exam,medium,old,before_change,0,0
4718,2026-01-31 19:32:58,Poland,android,paid_search,beginner,work,medium,old,before_change,1,0
4719,2026-01-21 19:37:20,Germany,ios,tiktok_ads,beginner,exam,medium,old,before_change,1,0
4720,2026-01-17 13:15:10,Poland,android,tiktok_ads,elementary,travel,high,old,before_change,0,0
4721,2026-01-24 17:26:32,Italy,android,blog,intermediate,self_development,medium,old,before_change,1,0
4722,2026-01-29 02:55:37,Brazil,ios,organic,beginner,work,medium,old,before_change,0,0
4723,2026-01-31 01:33:43,Spain,ios,instagram_ads,elementary,work,high,old,before_change,0,0
4724,2026-01-15 21:06:50,Netherlands,ios,paid_search,elementary,self_development,low,old,before_change,0,0
4725,2026-01-19 22:32:38,Poland,android,instagram_ads,elementary,self_development,high,old,before_change,0,0
4726,2026-01-23 02:52:50,Germany,android,organic,elementary,exam,low,old,before_change,1,0
4727,2026-01-16 16:05:16,Germany,ios,instagram_ads,elementary,self_development,medium,old,before_change,0,0
4728,2026-01-30 01:37:28,Netherlands,ios,tiktok_ads,intermediate,self_development,high,old,before_change,0,0
4729,2026-01-16 21:45:55,Italy,android,paid_search,elementary,self_development,high,old,before_change,1,0
4730,2026-01-26 07:24:26,Spain,android,tiktok_ads,intermediate,self_development,low,old,before_change,0,0
4731,2026-01-30 14:48:02,Spain,ios,paid_search,beginner,travel,high,old,before_change,0,0
4732,2026-01-26 15:34:03,Italy,ios,paid_search,intermediate,self_development,high,old,before_change,0,0
4733,2026-01-27 23:23:18,Germany,android,blog,intermediate,self_development,medium,old,before_change,1,0
4734,2026-01-19 11:26:00,Germany,android,organic,beginner,work,low,old,before_change,0,0
4735,2026-01-29 01:36:27,Netherlands,android,paid_search,elementary,exam,medium,old,before_change,0,0
4736,2026-01-22 02:46:42,Germany,android,blog,intermediate,exam,medium,old,before_change,1,1
4737,2026-01-16 01:01:08,Germany,android,organic,beginner,work,low,old,before_change,0,0
4738,2026-01-21 05:33:54,Netherlands,ios,paid_search,elementary,travel,medium,old,before_change,0,0
4739,2026-01-20 22:44:05,Netherlands,ios,instagram_ads,elementary,exam,high,old,before_change,0,0
4740,2026-01-23 20:44:55,Brazil,ios,tiktok_ads,intermediate,work,medium,old,before_change,0,0
4741,2026-01-19 12:02:58,Spain,android,instagram_ads,beginner,work,medium,old,before_change,0,0
4742,2026-01-22 20:35:20,Brazil,ios,instagram_ads,beginner,self_development,high,old,before_change,1,1
4743,2026-01-22 06:36:41,Netherlands,ios,blog,beginner,travel,high,old,before_change,1,0
4744,2026-01-20 13:22:28,Poland,ios,paid_search,beginner,self_development,medium,old,before_change,0,0
4745,2026-01-26 20:03:41,Poland,android,instagram_ads,beginner,work,high,old,before_change,0,0
4746,2026-01-20 04:38:09,Netherlands,android,blog,elementary,self_development,medium,old,before_change,1,1
4747,2026-01-28 00:26:19,Italy,ios,organic,intermediate,travel,medium,old,before_change,0,0
4748,2026-01-19 06:20:52,Poland,ios,blog,intermediate,travel,high,old,before_change,0,0
4749,2026-01-29 16:52:09,Germany,android,blog,intermediate,exam,low,old,before_change,1,0
4750,2026-01-21 04:56:21,Italy,ios,blog,intermediate,work,low,old,before_change,0,0
4751,2026-01-15 16:36:15,Italy,android,organic,beginner,exam,medium,old,before_change,0,0
4752,2026-01-17 13:10:34,Spain,ios,instagram_ads,beginner,exam,medium,old,before_change,1,0
4753,2026-01-28 16:57:10,Germany,android,referral,beginner,work,medium,old,before_change,0,0
4754,2026-01-29 19:49:06,Netherlands,ios,paid_search,elementary,self_development,high,old,before_change,0,0
4755,2026-01-18 14:29:16,Spain,android,instagram_ads,intermediate,work,medium,old,before_change,1,0
4756,2026-01-25 05:39:52,Poland,ios,paid_search,beginner,travel,high,old,before_change,1,1
4757,2026-01-24 18:20:00,Brazil,ios,organic,elementary,self_development,low,old,before_change,0,0
4758,2026-01-17 06:35:05,Germany,android,referral,elementary,work,medium,old,before_change,0,0
4759,2026-01-22 16:24:50,Germany,android,blog,beginner,work,medium,old,before_change,1,1
4760,2026-01-26 19:05:40,Italy,android,organic,intermediate,exam,high,old,before_change,0,0
4761,2026-01-31 10:35:14,Germany,android,organic,beginner,travel,medium,old,before_change,0,0
4762,2026-01-29 09:50:52,Poland,android,instagram_ads,beginner,work,high,old,before_change,1,0
4763,2026-01-16 15:54:58,Spain,android,organic,intermediate,travel,medium,old,before_change,0,0
4764,2026-01-19 00:54:52,Brazil,ios,tiktok_ads,beginner,travel,medium,old,before_change,1,1
4765,2026-01-22 10:10:41,Brazil,android,tiktok_ads,beginner,work,medium,old,before_change,0,0
4766,2026-01-17 13:26:42,Germany,ios,paid_search,elementary,travel,medium,old,before_change,0,0
4767,2026-01-24 16:50:26,Netherlands,ios,tiktok_ads,elementary,self_development,high,old,before_change,1,0
4768,2026-01-15 03:30:57,Netherlands,android,organic,elementary,self_development,medium,old,before_change,1,1
4769,2026-01-16 22:19:00,Germany,ios,paid_search,elementary,travel,high,old,before_change,1,1
4770,2026-01-15 19:16:41,Spain,ios,referral,beginner,exam,low,old,before_change,0,0
4771,2026-01-20 00:33:32,Poland,ios,organic,beginner,work,medium,old,before_change,0,0
4772,2026-01-27 22:59:54,Poland,android,paid_search,intermediate,travel,low,old,before_change,0,0
4773,2026-01-18 00:19:37,Brazil,android,instagram_ads,beginner,travel,low,old,before_change,0,0
4774,2026-01-31 18:46:19,Poland,ios,organic,intermediate,exam,medium,old,before_change,1,0
4775,2026-01-19 13:58:23,Germany,ios,instagram_ads,beginner,travel,medium,old,before_change,0,0
4776,2026-01-15 18:18:40,Germany,ios,referral,intermediate,self_development,medium,old,before_change,1,0
4777,2026-01-20 16:52:52,Netherlands,ios,paid_search,intermediate,self_development,medium,old,before_change,0,0
4778,2026-01-27 17:12:46,Netherlands,ios,paid_search,beginner,exam,medium,old,before_change,1,0
4779,2026-01-16 19:30:50,Poland,ios,organic,elementary,self_development,low,old,before_change,0,0
4780,2026-01-16 05:19:11,Germany,android,tiktok_ads,elementary,travel,medium,old,before_change,0,0
4781,2026-01-29 10:31:56,Brazil,android,paid_search,elementary,exam,low,old,before_change,0,0
4782,2026-01-25 01:35:24,Netherlands,ios,referral,intermediate,travel,medium,old,before_change,1,0
4783,2026-01-20 20:02:38,Germany,ios,organic,beginner,work,low,old,before_change,0,0
4784,2026-01-27 20:28:43,Brazil,ios,referral,intermediate,work,medium,old,before_change,0,0
4785,2026-01-29 08:29:05,Netherlands,ios,referral,elementary,travel,medium,old,before_change,0,0
4786,2026-01-21 02:33:19,Germany,ios,referral,beginner,exam,low,old,before_change,1,0
4787,2026-01-24 12:57:43,Spain,android,tiktok_ads,elementary,travel,low,old,before_change,0,0
4788,2026-01-15 04:27:40,Germany,android,organic,beginner,travel,medium,old,before_change,0,0
4789,2026-01-20 04:54:07,Italy,android,paid_search,beginner,self_development,medium,old,before_change,0,0
4790,2026-01-25 02:50:14,Germany,ios,paid_search,beginner,travel,high,old,before_change,0,0
4791,2026-01-18 08:25:01,Germany,android,organic,intermediate,travel,high,old,before_change,0,0
4792,2026-01-31 20:25:40,Germany,android,instagram_ads,beginner,travel,high,old,before_change,0,0
4793,2026-01-31 12:13:34,Germany,ios,tiktok_ads,elementary,work,low,old,before_change,0,0
4794,2026-01-19 09:06:28,Germany,android,instagram_ads,intermediate,self_development,high,old,before_change,1,0
4795,2026-01-21 17:42:57,Netherlands,ios,blog,intermediate,self_development,medium,old,before_change,0,0
4796,2026-01-18 05:18:44,Germany,android,tiktok_ads,elementary,exam,medium,old,before_change,0,0
4797,2026-01-23 13:36:41,Spain,ios,paid_search,beginner,work,medium,old,before_change,0,0
4798,2026-01-17 02:33:42,Germany,android,paid_search,intermediate,self_development,low,old,before_change,0,0
4799,2026-01-21 15:30:24,Spain,ios,instagram_ads,beginner,self_development,medium,old,before_change,0,0
4800,2026-01-24 10:32:39,Germany,android,paid_search,beginner,self_development,medium,old,before_change,1,0
4801,2026-01-25 09:37:57,Netherlands,android,organic,intermediate,travel,medium,old,before_change,0,0
4802,2026-01-25 03:20:58,Netherlands,android,instagram_ads,beginner,exam,medium,old,before_change,0,0
4803,2026-01-18 18:20:20,Poland,android,tiktok_ads,beginner,travel,low,old,before_change,0,0
4804,2026-01-28 11:14:47,Germany,ios,paid_search,elementary,work,medium,old,before_change,1,1
4805,2026-01-26 18:14:00,Poland,android,paid_search,elementary,self_development,medium,old,before_change,1,1
4806,2026-01-27 19:15:14,Netherlands,ios,organic,beginner,exam,low,old,before_change,0,0
4807,2026-01-22 22:53:03,Germany,android,paid_search,intermediate,self_development,high,old,before_change,1,0
4808,2026-01-30 04:09:24,Brazil,ios,organic,intermediate,work,high,old,before_change,0,0
4809,2026-01-21 15:03:43,Poland,android,tiktok_ads,intermediate,work,high,old,before_change,0,0
4810,2026-01-28 16:45:18,Spain,ios,tiktok_ads,beginner,self_development,low,old,before_change,0,0
4811,2026-01-18 11:02:23,Spain,android,paid_search,elementary,travel,medium,old,before_change,0,0
4812,2026-01-19 04:53:05,Netherlands,android,blog,intermediate,travel,medium,old,before_change,0,0
4813,2026-01-23 22:54:42,Germany,ios,tiktok_ads,beginner,work,medium,old,before_change,0,0
4814,2026-01-24 10:47:52,Italy,android,organic,elementary,self_development,medium,old,before_change,0,0
4815,2026-01-27 16:27:21,Germany,ios,referral,beginner,work,medium,old,before_change,0,0
4816,2026-01-20 01:20:38,Germany,ios,tiktok_ads,beginner,travel,high,old,before_change,0,0
4817,2026-01-29 20:02:28,Germany,ios,instagram_ads,beginner,exam,medium,old,before_change,0,0
4818,2026-01-20 14:33:08,Spain,android,organic,elementary,exam,medium,old,before_change,0,0
4819,2026-01-24 01:56:48,Italy,android,referral,elementary,exam,medium,old,before_change,0,0
4820,2026-01-30 20:13:59,Poland,android,organic,beginner,travel,high,old,before_change,1,0
4821,2026-01-24 04:04:33,Italy,ios,paid_search,elementary,travel,high,old,before_change,1,1
4822,2026-01-26 14:12:48,Brazil,ios,referral,beginner,work,high,old,before_change,0,0
4823,2026-01-30 10:43:08,Brazil,android,referral,beginner,work,low,old,before_change,0,0
4824,2026-01-31 13:37:58,Spain,ios,instagram_ads,intermediate,travel,high,old,before_change,0,0
4825,2026-01-23 11:45:29,Germany,android,organic,beginner,self_development,medium,old,before_change,0,0
4826,2026-01-22 02:06:01,Italy,android,paid_search,elementary,self_development,high,old,before_change,0,0
4827,2026-01-18 08:20:51,Brazil,ios,referral,beginner,travel,high,old,before_change,0,0
4828,2026-01-24 03:16:28,Brazil,ios,tiktok_ads,beginner,work,medium,old,before_change,0,0
4829,2026-01-30 14:40:55,Brazil,android,referral,intermediate,work,low,old,before_change,0,0
4830,2026-01-23 06:44:35,Poland,android,organic,beginner,work,medium,old,before_change,0,0
4831,2026-01-20 22:10:44,Germany,android,blog,beginner,work,medium,old,before_change,0,0
4832,2026-01-16 19:46:23,Poland,android,organic,elementary,work,low,old,before_change,0,0
4833,2026-01-21 15:00:39,Poland,ios,paid_search,elementary,work,medium,old,before_change,0,0
4834,2026-01-19 00:34:27,Poland,android,referral,intermediate,travel,low,old,before_change,1,1
4835,2026-01-31 14:29:57,Germany,android,paid_search,intermediate,exam,high,old,before_change,0,0
4836,2026-01-23 23:16:32,Germany,android,tiktok_ads,beginner,work,high,old,before_change,1,1
4837,2026-01-17 07:53:26,Brazil,android,instagram_ads,beginner,travel,medium,old,before_change,0,0
4838,2026-01-16 03:29:19,Poland,android,referral,elementary,work,medium,old,before_change,0,0
4839,2026-01-29 11:06:11,Italy,ios,organic,beginner,travel,medium,old,before_change,1,1
4840,2026-01-30 20:02:11,Netherlands,ios,organic,elementary,work,low,old,before_change,0,0
4841,2026-01-27 23:18:19,Germany,android,tiktok_ads,beginner,travel,high,old,before_change,0,0
4842,2026-01-17 02:31:41,Germany,android,referral,intermediate,exam,low,old,before_change,0,0
4843,2026-01-16 16:06:01,Netherlands,android,blog,intermediate,work,medium,old,before_change,0,0
4844,2026-01-18 08:46:34,Germany,android,paid_search,beginner,work,low,old,before_change,0,0
4845,2026-01-27 18:27:49,Brazil,ios,tiktok_ads,beginner,work,medium,old,before_change,1,0
4846,2026-01-28 00:15:03,Poland,android,paid_search,intermediate,exam,medium,old,before_change,0,0
4847,2026-01-29 05:50:31,Spain,android,paid_search,beginner,self_development,medium,old,before_change,0,0
4848,2026-01-16 15:32:57,Spain,android,organic,beginner,work,medium,old,before_change,1,0
4849,2026-01-17 14:30:40,Germany,android,paid_search,beginner,work,low,old,before_change,0,0
4850,2026-01-30 07:18:48,Germany,android,organic,beginner,self_development,medium,old,before_change,0,0
4851,2026-01-30 18:55:39,Netherlands,android,paid_search,beginner,exam,high,old,before_change,0,0
4852,2026-01-27 08:05:09,Spain,ios,paid_search,beginner,work,low,old,before_change,0,0
4853,2026-01-16 19:15:48,Germany,android,referral,beginner,exam,medium,old,before_change,1,0
4854,2026-01-16 03:59:50,Germany,ios,organic,intermediate,work,medium,old,before_change,0,0
4855,2026-01-15 22:40:46,Germany,ios,referral,beginner,travel,medium,old,before_change,0,0
4856,2026-01-26 18:16:24,Netherlands,android,referral,intermediate,exam,medium,old,before_change,0,0
4857,2026-01-29 09:09:16,Netherlands,android,instagram_ads,elementary,exam,medium,old,before_change,0,0
4858,2026-01-25 17:42:16,Brazil,android,tiktok_ads,elementary,work,low,old,before_change,0,0
4859,2026-01-19 10:56:15,Brazil,ios,paid_search,intermediate,travel,medium,old,before_change,1,0
4860,2026-01-27 20:59:54,Germany,ios,organic,beginner,self_development,high,old,before_change,0,0
4861,2026-01-16 00:07:30,Brazil,android,tiktok_ads,beginner,exam,medium,old,before_change,0,0
4862,2026-01-29 01:54:17,Germany,android,instagram_ads,elementary,work,medium,old,before_change,0,0
4863,2026-01-30 03:53:17,Italy,android,instagram_ads,beginner,travel,medium,old,before_change,0,0
4864,2026-01-27 05:05:13,Germany,android,referral,beginner,work,low,old,before_change,1,0
4865,2026-01-29 22:44:23,Spain,android,tiktok_ads,intermediate,travel,low,old,before_change,0,0
4866,2026-01-24 23:09:35,Germany,android,paid_search,intermediate,work,low,old,before_change,0,0
4867,2026-01-22 23:05:33,Poland,ios,organic,elementary,self_development,high,old,before_change,0,0
4868,2026-01-20 11:33:54,Germany,android,referral,elementary,exam,high,old,before_change,1,0
4869,2026-01-30 16:03:26,Italy,android,blog,elementary,self_development,high,old,before_change,0,0
4870,2026-01-26 20:29:15,Germany,ios,tiktok_ads,beginner,work,low,old,before_change,1,0
4871,2026-01-18 05:43:18,Poland,android,tiktok_ads,beginner,travel,low,old,before_change,0,0
4872,2026-01-31 06:26:39,Netherlands,android,instagram_ads,elementary,self_development,high,old,before_change,0,0
4873,2026-01-16 00:09:20,Germany,ios,organic,beginner,self_development,medium,old,before_change,1,0
4874,2026-01-24 23:42:31,Germany,ios,blog,beginner,work,low,old,before_change,0,0
4875,2026-01-18 05:44:29,Spain,android,tiktok_ads,elementary,travel,high,old,before_change,0,0
4876,2026-01-26 07:03:09,Poland,android,instagram_ads,elementary,exam,medium,old,before_change,0,0
4877,2026-01-22 00:21:43,Poland,android,tiktok_ads,beginner,travel,medium,old,before_change,0,0
4878,2026-01-22 10:20:53,Germany,ios,instagram_ads,intermediate,self_development,high,old,before_change,0,0
4879,2026-01-26 09:59:22,Spain,android,organic,elementary,exam,medium,old,before_change,1,1
4880,2026-01-27 20:29:50,Germany,ios,tiktok_ads,elementary,travel,low,old,before_change,1,0
4881,2026-01-21 11:03:26,Germany,ios,organic,beginner,travel,high,old,before_change,1,0
4882,2026-01-31 23:02:53,Netherlands,ios,organic,elementary,travel,medium,old,before_change,0,0
4883,2026-01-23 11:22:36,Spain,android,organic,elementary,self_development,low,old,before_change,1,1
4884,2026-01-17 17:26:19,Germany,ios,paid_search,elementary,travel,medium,old,before_change,0,0
4885,2026-01-15 02:36:38,Poland,ios,blog,elementary,work,high,old,before_change,1,1
4886,2026-01-18 10:34:52,Poland,ios,organic,beginner,work,medium,old,before_change,0,0
4887,2026-01-26 17:57:58,Poland,android,paid_search,beginner,work,medium,old,before_change,0,0
4888,2026-01-24 04:05:26,Germany,ios,tiktok_ads,intermediate,exam,medium,old,before_change,1,1
4889,2026-01-20 17:50:05,Italy,ios,referral,beginner,travel,high,old,before_change,0,0
4890,2026-01-23 04:24:04,Brazil,android,tiktok_ads,elementary,travel,low,old,before_change,0,0
4891,2026-01-29 05:57:17,Brazil,android,blog,intermediate,work,medium,old,before_change,0,0
4892,2026-01-24 17:12:01,Germany,android,tiktok_ads,beginner,self_development,high,old,before_change,0,0
4893,2026-01-15 23:42:11,Italy,android,tiktok_ads,intermediate,work,high,old,before_change,0,0
4894,2026-01-15 20:01:19,Brazil,android,paid_search,intermediate,travel,low,old,before_change,0,0
4895,2026-01-23 04:40:35,Poland,android,paid_search,elementary,work,low,old,before_change,0,0
4896,2026-01-21 20:56:41,Netherlands,android,instagram_ads,elementary,travel,medium,old,before_change,0,0
4897,2026-01-29 11:00:16,Poland,android,tiktok_ads,intermediate,self_development,medium,old,before_change,0,0
4898,2026-01-24 21:51:18,Netherlands,ios,tiktok_ads,beginner,work,high,old,before_change,0,0
4899,2026-01-27 20:47:58,Italy,ios,referral,elementary,self_development,high,old,before_change,1,0
4900,2026-01-24 22:45:29,Germany,ios,instagram_ads,beginner,exam,low,old,before_change,0,0
4901,2026-01-20 20:52:26,Germany,ios,tiktok_ads,intermediate,exam,medium,old,before_change,0,0
4902,2026-01-26 04:11:32,Poland,android,organic,elementary,travel,high,old,before_change,0,0
4903,2026-01-25 13:32:34,Brazil,ios,paid_search,elementary,travel,medium,old,before_change,1,0
4904,2026-01-27 05:50:53,Netherlands,android,instagram_ads,beginner,travel,medium,old,before_change,0,0
4905,2026-01-18 05:12:37,Poland,android,organic,beginner,self_development,low,old,before_change,0,0
4906,2026-01-25 21:45:04,Brazil,android,blog,intermediate,self_development,high,old,before_change,0,0
4907,2026-01-19 20:28:18,Poland,ios,organic,beginner,travel,medium,old,before_change,0,0
4908,2026-01-28 10:25:09,Spain,android,organic,elementary,self_development,medium,old,before_change,0,0
4909,2026-01-28 13:47:53,Poland,ios,tiktok_ads,elementary,exam,low,old,before_change,0,0
4910,2026-01-25 14:54:08,Germany,ios,organic,beginner,self_development,low,old,before_change,1,1
4911,2026-01-31 02:15:10,Netherlands,ios,instagram_ads,beginner,self_development,medium,old,before_change,0,0
4912,2026-01-24 03:18:11,Italy,ios,organic,beginner,self_development,medium,old,before_change,0,0
4913,2026-01-15 10:15:22,Germany,android,organic,intermediate,work,high,old,before_change,0,0
4914,2026-01-25 07:19:41,Spain,ios,tiktok_ads,beginner,work,low,old,before_change,0,0
4915,2026-01-28 05:18:00,Spain,android,paid_search,beginner,exam,high,old,before_change,0,0
4916,2026-01-16 17:17:12,Brazil,ios,instagram_ads,intermediate,travel,high,old,before_change,0,0
4917,2026-01-16 18:40:37,Spain,android,organic,intermediate,work,high,old,before_change,1,0
4918,2026-01-19 15:26:52,Germany,ios,instagram_ads,elementary,self_development,medium,old,before_change,0,0
4919,2026-01-29 08:27:09,Italy,android,paid_search,elementary,travel,medium,old,before_change,0,0
4920,2026-01-23 23:10:44,Germany,ios,organic,intermediate,work,medium,old,before_change,1,1
4921,2026-01-31 14:23:14,Brazil,android,tiktok_ads,intermediate,work,medium,old,before_change,0,0
4922,2026-01-29 20:10:43,Netherlands,android,instagram_ads,intermediate,work,medium,old,before_change,0,0
4923,2026-01-24 10:22:19,Germany,android,blog,elementary,travel,low,old,before_change,0,0
4924,2026-01-26 13:03:10,Germany,ios,referral,elementary,self_development,medium,old,before_change,1,0
4925,2026-01-20 15:02:55,Italy,android,instagram_ads,elementary,self_development,low,old,before_change,0,0
4926,2026-01-16 12:53:11,Netherlands,android,organic,intermediate,travel,high,old,before_change,1,1
4927,2026-01-21 18:41:05,Germany,android,tiktok_ads,elementary,work,medium,old,before_change,0,0
4928,2026-01-25 01:38:53,Poland,android,instagram_ads,beginner,travel,high,old,before_change,0,0
4929,2026-01-18 02:20:04,Brazil,android,referral,elementary,travel,medium,old,before_change,1,0
4930,2026-01-18 18:28:08,Germany,android,instagram_ads,beginner,work,low,old,before_change,0,0
4931,2026-01-15 06:07:03,Netherlands,android,organic,beginner,work,high,old,before_change,0,0
4932,2026-01-27 11:28:43,Brazil,ios,referral,beginner,work,medium,old,before_change,0,0
4933,2026-01-30 06:58:01,Germany,ios,referral,beginner,travel,medium,old,before_change,1,1
4934,2026-01-29 01:35:45,Poland,android,organic,elementary,work,high,old,before_change,0,0
4935,2026-01-21 11:02:19,Spain,android,tiktok_ads,beginner,self_development,medium,old,before_change,0,0
4936,2026-01-25 02:07:48,Spain,ios,instagram_ads,elementary,self_development,high,old,before_change,1,1
4937,2026-01-31 08:00:29,Germany,ios,instagram_ads,intermediate,travel,medium,old,before_change,1,1
4938,2026-01-25 01:16:33,Poland,ios,referral,beginner,exam,low,old,before_change,1,0
4939,2026-01-20 00:43:19,Poland,ios,organic,beginner,travel,high,old,before_change,1,0
4940,2026-01-20 18:08:43,Italy,android,organic,beginner,self_development,low,old,before_change,0,0
4941,2026-01-27 08:40:11,Germany,android,organic,intermediate,self_development,low,old,before_change,0,0
4942,2026-01-22 14:04:12,Poland,ios,blog,beginner,exam,high,old,before_change,1,1
4943,2026-01-29 05:37:14,Brazil,ios,organic,beginner,exam,medium,old,before_change,0,0
4944,2026-01-29 16:33:22,Spain,ios,tiktok_ads,beginner,self_development,medium,old,before_change,0,0
4945,2026-01-15 14:37:12,Germany,android,referral,beginner,travel,medium,old,before_change,1,0
4946,2026-01-27 07:06:52,Poland,android,referral,elementary,exam,medium,old,before_change,0,0
4947,2026-01-21 06:56:36,Germany,ios,organic,elementary,travel,medium,old,before_change,0,0
4948,2026-01-23 20:03:34,Netherlands,ios,organic,beginner,travel,low,old,before_change,1,1
4949,2026-01-19 12:02:09,Brazil,android,blog,beginner,exam,high,old,before_change,0,0
4950,2026-01-21 06:14:19,Germany,android,instagram_ads,elementary,travel,medium,old,before_change,0,0
4951,2026-01-20 14:47:42,Italy,android,organic,intermediate,travel,high,old,before_change,0,0
4952,2026-01-15 20:33:17,Poland,android,organic,elementary,travel,medium,old,before_change,1,0
4953,2026-01-28 07:22:14,Brazil,android,referral,intermediate,self_development,high,old,before_change,0,0
4954,2026-01-17 10:20:49,Netherlands,android,blog,intermediate,travel,high,old,before_change,0,0
4955,2026-01-21 09:19:32,Brazil,android,instagram_ads,beginner,work,high,old,before_change,0,0
4956,2026-01-18 06:45:15,Poland,ios,paid_search,beginner,travel,low,old,before_change,0,0
4957,2026-01-17 17:31:43,Germany,ios,tiktok_ads,elementary,self_development,high,old,before_change,1,0
4958,2026-01-21 08:20:25,Brazil,ios,organic,beginner,travel,medium,old,before_change,1,0
4959,2026-01-30 14:51:23,Spain,android,referral,beginner,work,medium,old,before_change,0,0
4960,2026-01-31 01:12:38,Brazil,android,paid_search,elementary,work,high,old,before_change,0,0
4961,2026-01-21 11:44:01,Brazil,ios,organic,elementary,exam,low,old,before_change,0,0
4962,2026-01-23 14:06:09,Germany,android,paid_search,beginner,self_development,high,old,before_change,0,0
4963,2026-01-31 18:09:54,Italy,android,organic,elementary,travel,low,old,before_change,1,1
4964,2026-01-18 23:48:53,Germany,ios,paid_search,beginner,travel,high,old,before_change,0,0
4965,2026-01-31 01:26:26,Germany,android,tiktok_ads,beginner,work,medium,old,before_change,0,0
4966,2026-01-16 19:08:45,Spain,android,instagram_ads,beginner,work,low,old,before_change,0,0
4967,2026-01-18 20:08:54,Netherlands,ios,tiktok_ads,beginner,self_development,high,old,before_change,0,0
4968,2026-01-20 18:01:43,Germany,android,organic,intermediate,travel,low,old,before_change,0,0
4969,2026-01-15 15:07:49,Brazil,ios,paid_search,beginner,self_development,medium,old,before_change,0,0
4970,2026-01-28 20:49:05,Poland,android,instagram_ads,intermediate,travel,medium,old,before_change,1,0
4971,2026-01-29 13:00:34,Germany,android,instagram_ads,intermediate,travel,high,old,before_change,0,0
4972,2026-01-21 12:24:13,Italy,android,organic,beginner,exam,high,old,before_change,1,0
4973,2026-01-29 05:14:43,Spain,android,referral,beginner,self_development,low,old,before_change,0,0
4974,2026-01-28 03:10:56,Netherlands,ios,organic,intermediate,travel,high,old,before_change,1,1
4975,2026-01-28 14:58:24,Germany,ios,organic,beginner,self_development,high,old,before_change,0,0
4976,2026-01-28 15:30:13,Poland,android,organic,elementary,travel,medium,old,before_change,0,0
4977,2026-01-24 17:58:50,Poland,ios,tiktok_ads,beginner,self_development,high,old,before_change,0,0
4978,2026-01-16 21:12:53,Germany,android,organic,elementary,travel,high,old,before_change,1,0
4979,2026-01-30 16:46:56,Germany,ios,organic,intermediate,travel,high,old,before_change,1,0
4980,2026-01-25 08:19:59,Spain,ios,instagram_ads,elementary,self_development,high,old,before_change,1,1
4981,2026-01-30 07:42:56,Germany,android,paid_search,beginner,travel,medium,old,before_change,1,0
4982,2026-01-31 07:18:40,Italy,android,organic,elementary,work,medium,old,before_change,0,0
4983,2026-01-18 04:21:44,Netherlands,android,tiktok_ads,elementary,self_development,low,old,before_change,0,0
4984,2026-01-21 20:04:20,Netherlands,android,tiktok_ads,elementary,travel,medium,old,before_change,0,0
4985,2026-01-18 06:32:15,Italy,ios,organic,intermediate,exam,medium,old,before_change,1,0
4986,2026-01-15 20:47:06,Poland,android,organic,beginner,work,high,old,before_change,1,1
4987,2026-01-31 10:17:37,Poland,android,paid_search,beginner,travel,medium,old,before_change,0,0
4988,2026-01-30 16:42:26,Spain,android,blog,beginner,travel,medium,old,before_change,1,0
4989,2026-01-30 20:09:02,Spain,ios,tiktok_ads,elementary,travel,medium,old,before_change,0,0
4990,2026-01-30 00:32:09,Spain,android,paid_search,intermediate,work,high,old,before_change,0,0
4991,2026-01-26 00:41:58,Spain,ios,blog,beginner,work,medium,old,before_change,0,0
4992,2026-01-23 21:02:01,Spain,android,instagram_ads,beginner,exam,medium,old,before_change,0,0
4993,2026-01-31 20:31:16,Germany,ios,paid_search,intermediate,work,medium,old,before_change,0,0
4994,2026-01-24 09:19:09,Spain,android,blog,beginner,work,medium,old,before_change,0,0
4995,2026-01-25 22:06:43,Brazil,android,tiktok_ads,intermediate,self_development,high,old,before_change,1,1
4996,2026-01-18 14:23:25,Spain,android,instagram_ads,intermediate,work,high,old,before_change,1,0
4997,2026-01-27 16:39:24,Germany,android,instagram_ads,elementary,self_development,high,old,before_change,0,0
4998,2026-01-28 22:20:09,Spain,android,blog,beginner,work,medium,old,before_change,0,0
4999,2026-01-26 12:50:21,Brazil,ios,organic,elementary,self_development,high,old,before_change,0,0
5000,2026-01-23 11:25:43,Poland,android,paid_search,beginner,self_development,low,old,before_change,0,0
5001,2026-02-03 18:29:01,Poland,android,paid_search,beginner,work,medium,new,after_change,0,0
5002,2026-02-01 11:22:58,Germany,ios,blog,beginner,exam,low,new,after_change,0,0
5003,2026-02-09 18:46:34,Germany,ios,organic,beginner,travel,low,new,after_change,0,0
5004,2026-02-10 13:29:34,Spain,android,organic,intermediate,work,medium,new,after_change,1,0
5005,2026-02-11 19:35:55,Germany,ios,paid_search,elementary,work,medium,new,after_change,0,0
5006,2026-02-14 07:22:00,Spain,android,organic,beginner,work,medium,new,after_change,0,0
5007,2026-02-07 23:06:48,Italy,android,tiktok_ads,elementary,travel,low,new,after_change,0,0
5008,2026-02-12 14:35:40,Germany,android,paid_search,elementary,self_development,medium,new,after_change,0,0
5009,2026-02-11 00:40:25,Spain,ios,referral,beginner,travel,medium,new,after_change,1,0
5010,2026-02-04 21:08:18,Poland,android,tiktok_ads,beginner,self_development,high,new,after_change,0,0
5011,2026-02-12 19:57:37,Brazil,android,instagram_ads,elementary,self_development,medium,new,after_change,0,0
5012,2026-02-01 17:55:02,Germany,ios,referral,intermediate,travel,medium,new,after_change,0,0
5013,2026-02-09 09:13:37,Germany,android,organic,beginner,work,high,new,after_change,1,1
5014,2026-02-14 03:57:29,Italy,ios,instagram_ads,intermediate,work,medium,new,after_change,0,0
5015,2026-02-10 05:24:42,Germany,ios,instagram_ads,elementary,self_development,medium,new,after_change,0,0
5016,2026-02-14 02:51:11,Netherlands,android,organic,elementary,self_development,medium,new,after_change,0,0
5017,2026-02-01 18:52:09,Poland,ios,organic,beginner,work,medium,new,after_change,0,0
5018,2026-02-08 10:53:29,Germany,android,instagram_ads,elementary,self_development,medium,new,after_change,0,0
5019,2026-02-11 22:17:08,Poland,android,instagram_ads,beginner,work,medium,new,after_change,0,0
5020,2026-02-09 23:49:07,Germany,android,tiktok_ads,beginner,work,medium,new,after_change,0,0
5021,2026-02-13 07:51:36,Spain,android,organic,intermediate,work,medium,new,after_change,0,0
5022,2026-02-07 11:26:01,Spain,ios,organic,elementary,self_development,low,new,after_change,0,0
5023,2026-02-10 13:21:16,Italy,ios,blog,beginner,travel,high,new,after_change,1,1
5024,2026-02-06 21:02:28,Germany,android,organic,beginner,exam,low,new,after_change,0,0
5025,2026-02-13 05:01:56,Germany,ios,blog,beginner,travel,high,new,after_change,0,0
5026,2026-02-02 16:08:04,Italy,ios,tiktok_ads,intermediate,travel,medium,new,after_change,0,0
5027,2026-02-04 13:23:03,Germany,ios,instagram_ads,beginner,self_development,high,new,after_change,1,0
5028,2026-02-02 08:30:32,Poland,android,paid_search,elementary,exam,low,new,after_change,0,0
5029,2026-02-10 19:54:20,Netherlands,ios,referral,elementary,work,high,new,after_change,0,0
5030,2026-02-04 06:11:52,Brazil,ios,blog,beginner,exam,medium,new,after_change,0,0
5031,2026-02-05 10:33:29,Poland,android,tiktok_ads,beginner,work,medium,new,after_change,0,0
5032,2026-02-12 17:06:40,Poland,android,tiktok_ads,elementary,travel,high,new,after_change,1,0
5033,2026-02-06 01:01:17,Germany,ios,instagram_ads,intermediate,work,low,new,after_change,0,0
5034,2026-02-03 00:59:58,Italy,android,organic,elementary,self_development,high,new,after_change,0,0
5035,2026-02-01 07:02:45,Italy,android,blog,beginner,travel,high,new,after_change,0,0
5036,2026-02-04 04:10:14,Italy,ios,organic,beginner,travel,medium,new,after_change,1,0
5037,2026-02-13 19:20:03,Netherlands,ios,instagram_ads,beginner,exam,high,new,after_change,1,0
5038,2026-02-08 16:20:03,Brazil,ios,paid_search,beginner,work,medium,new,after_change,0,0
5039,2026-02-14 22:15:49,Brazil,ios,referral,intermediate,work,high,new,after_change,1,1
5040,2026-02-04 00:17:02,Germany,android,tiktok_ads,beginner,work,medium,new,after_change,0,0
5041,2026-02-05 22:05:49,Brazil,ios,instagram_ads,beginner,self_development,medium,new,after_change,0,0
5042,2026-02-03 06:50:14,Netherlands,android,organic,elementary,travel,low,new,after_change,1,1
5043,2026-02-06 13:51:19,Netherlands,ios,organic,beginner,travel,medium,new,after_change,0,0
5044,2026-02-08 21:16:27,Spain,ios,organic,elementary,work,high,new,after_change,1,0
5045,2026-02-12 07:31:52,Brazil,android,blog,beginner,work,medium,new,after_change,0,0
5046,2026-02-06 03:40:45,Netherlands,android,organic,intermediate,travel,high,new,after_change,1,0
5047,2026-02-11 19:14:04,Spain,ios,blog,beginner,work,medium,new,after_change,0,0
5048,2026-02-09 18:23:22,Italy,ios,organic,elementary,work,low,new,after_change,1,0
5049,2026-02-05 02:02:56,Poland,android,referral,elementary,exam,low,new,after_change,0,0
5050,2026-02-13 18:30:03,Germany,ios,instagram_ads,beginner,work,high,new,after_change,0,0
5051,2026-02-07 01:54:23,Germany,android,referral,beginner,travel,low,new,after_change,0,0
5052,2026-02-03 02:44:01,Netherlands,android,tiktok_ads,elementary,work,low,new,after_change,0,0
5053,2026-02-14 11:28:00,Spain,ios,tiktok_ads,intermediate,self_development,low,new,after_change,0,0
5054,2026-02-13 18:54:49,Poland,android,tiktok_ads,beginner,exam,low,new,after_change,0,0
5055,2026-02-01 16:38:45,Germany,ios,paid_search,elementary,work,high,new,after_change,1,1
5056,2026-02-13 15:14:11,Germany,android,blog,elementary,exam,low,new,after_change,1,0
5057,2026-02-14 06:19:08,Spain,android,tiktok_ads,beginner,work,high,new,after_change,0,0
5058,2026-02-12 14:34:24,Poland,android,organic,elementary,self_development,medium,new,after_change,0,0
5059,2026-02-04 13:40:43,Italy,android,paid_search,beginner,exam,medium,new,after_change,1,0
5060,2026-02-09 20:06:43,Italy,android,instagram_ads,elementary,travel,medium,new,after_change,1,0
5061,2026-02-08 12:50:56,Brazil,ios,referral,intermediate,travel,high,new,after_change,0,0
5062,2026-02-09 16:22:09,Poland,ios,referral,elementary,travel,high,new,after_change,1,0
5063,2026-02-09 15:07:30,Germany,ios,paid_search,elementary,travel,low,new,after_change,1,1
5064,2026-02-09 22:46:31,Brazil,android,tiktok_ads,elementary,work,medium,new,after_change,1,0
5065,2026-02-08 04:42:15,Italy,android,organic,beginner,travel,medium,new,after_change,0,0
5066,2026-02-10 16:00:23,Spain,android,paid_search,elementary,exam,low,new,after_change,0,0
5067,2026-02-08 08:56:23,Italy,android,referral,beginner,work,low,new,after_change,1,1
5068,2026-02-01 05:32:16,Germany,android,organic,beginner,travel,high,new,after_change,1,0
5069,2026-02-01 11:51:17,Germany,ios,paid_search,beginner,travel,medium,new,after_change,0,0
5070,2026-02-14 09:55:08,Brazil,ios,organic,elementary,travel,low,new,after_change,0,0
5071,2026-02-13 17:30:29,Italy,android,organic,elementary,work,medium,new,after_change,0,0
5072,2026-02-09 04:45:46,Spain,ios,organic,intermediate,work,high,new,after_change,0,0
5073,2026-02-03 10:39:43,Poland,ios,organic,beginner,work,high,new,after_change,1,1
5074,2026-02-11 22:34:21,Germany,ios,instagram_ads,beginner,travel,low,new,after_change,0,0
5075,2026-02-03 00:08:44,Poland,android,blog,elementary,self_development,medium,new,after_change,0,0
5076,2026-02-06 06:46:00,Brazil,ios,organic,beginner,work,low,new,after_change,0,0
5077,2026-02-05 14:49:58,Germany,android,referral,elementary,work,medium,new,after_change,0,0
5078,2026-02-01 04:09:55,Poland,ios,tiktok_ads,beginner,work,medium,new,after_change,0,0
5079,2026-02-12 07:09:19,Poland,ios,organic,beginner,travel,low,new,after_change,0,0
5080,2026-02-08 03:16:15,Brazil,android,paid_search,elementary,exam,medium,new,after_change,0,0
5081,2026-02-05 10:15:39,Germany,android,organic,elementary,exam,medium,new,after_change,0,0
5082,2026-02-08 02:24:57,Germany,android,referral,beginner,travel,medium,new,after_change,0,0
5083,2026-02-01 00:00:01,Italy,ios,tiktok_ads,beginner,travel,low,new,after_change,0,0
5084,2026-02-07 02:49:42,Netherlands,android,paid_search,beginner,work,medium,new,after_change,0,0
5085,2026-02-08 06:34:44,Poland,android,organic,beginner,work,medium,new,after_change,0,0
5086,2026-02-05 18:08:41,Netherlands,android,organic,intermediate,self_development,medium,new,after_change,1,1
5087,2026-02-12 15:00:28,Poland,ios,instagram_ads,elementary,work,low,new,after_change,0,0
5088,2026-02-04 11:56:29,Germany,ios,organic,beginner,self_development,low,new,after_change,0,0
5089,2026-02-02 22:18:32,Brazil,ios,instagram_ads,beginner,travel,medium,new,after_change,0,0
5090,2026-02-08 09:15:18,Netherlands,android,instagram_ads,beginner,work,medium,new,after_change,0,0
5091,2026-02-13 10:07:29,Germany,android,tiktok_ads,beginner,work,high,new,after_change,0,0
5092,2026-02-06 06:05:36,Germany,android,organic,intermediate,self_development,high,new,after_change,1,1
5093,2026-02-01 15:39:57,Netherlands,ios,instagram_ads,beginner,work,low,new,after_change,0,0
5094,2026-02-14 13:53:49,Poland,ios,instagram_ads,intermediate,exam,medium,new,after_change,0,0
5095,2026-02-07 05:17:02,Netherlands,ios,referral,intermediate,travel,medium,new,after_change,0,0
5096,2026-02-03 10:06:12,Germany,android,instagram_ads,elementary,work,medium,new,after_change,0,0
5097,2026-02-09 14:50:47,Italy,ios,paid_search,elementary,work,high,new,after_change,0,0
5098,2026-02-05 11:24:27,Germany,ios,organic,beginner,travel,medium,new,after_change,1,0
5099,2026-02-14 03:05:52,Germany,ios,tiktok_ads,intermediate,exam,low,new,after_change,1,0
5100,2026-02-05 02:46:14,Italy,ios,instagram_ads,intermediate,work,medium,new,after_change,1,0
5101,2026-02-08 16:50:44,Poland,android,tiktok_ads,elementary,work,medium,new,after_change,0,0
5102,2026-02-08 14:33:06,Italy,ios,tiktok_ads,beginner,work,medium,new,after_change,0,0
5103,2026-02-04 09:27:37,Poland,android,referral,beginner,exam,high,new,after_change,0,0
5104,2026-02-07 23:45:29,Netherlands,android,referral,beginner,travel,medium,new,after_change,1,1
5105,2026-02-02 12:38:53,Spain,android,paid_search,beginner,work,high,new,after_change,0,0
5106,2026-02-10 00:17:48,Spain,android,organic,elementary,self_development,medium,new,after_change,0,0
5107,2026-02-11 14:47:41,Italy,android,blog,intermediate,travel,low,new,after_change,0,0
5108,2026-02-14 07:12:02,Poland,android,tiktok_ads,elementary,self_development,medium,new,after_change,0,0
5109,2026-02-05 13:27:44,Spain,ios,blog,elementary,self_development,low,new,after_change,0,0
5110,2026-02-04 23:50:03,Spain,android,instagram_ads,elementary,travel,high,new,after_change,1,1
5111,2026-02-08 16:23:59,Spain,ios,blog,elementary,travel,medium,new,after_change,0,0
5112,2026-02-10 16:46:16,Spain,ios,organic,beginner,self_development,medium,new,after_change,0,0
5113,2026-02-14 21:28:05,Poland,ios,instagram_ads,intermediate,self_development,high,new,after_change,0,0
5114,2026-02-01 08:24:48,Germany,android,instagram_ads,beginner,travel,high,new,after_change,1,1
5115,2026-02-04 08:04:14,Spain,ios,organic,intermediate,self_development,high,new,after_change,1,1
5116,2026-02-04 16:09:45,Italy,ios,organic,beginner,travel,high,new,after_change,0,0
5117,2026-02-04 13:48:30,Brazil,ios,organic,elementary,work,low,new,after_change,0,0
5118,2026-02-07 11:48:35,Brazil,ios,organic,elementary,self_development,high,new,after_change,1,0
5119,2026-02-13 05:17:52,Spain,ios,blog,beginner,travel,high,new,after_change,0,0
5120,2026-02-01 10:24:51,Germany,android,blog,beginner,self_development,low,new,after_change,0,0
5121,2026-02-12 10:07:21,Germany,ios,referral,beginner,travel,high,new,after_change,1,0
5122,2026-02-09 15:32:12,Germany,android,blog,elementary,work,medium,new,after_change,0,0
5123,2026-02-09 14:42:25,Germany,android,referral,beginner,self_development,high,new,after_change,0,0
5124,2026-02-10 11:54:44,Germany,android,blog,elementary,travel,low,new,after_change,0,0
5125,2026-02-02 14:46:38,Spain,android,organic,intermediate,exam,low,new,after_change,0,0
5126,2026-02-11 10:54:06,Germany,ios,paid_search,elementary,self_development,low,new,after_change,0,0
5127,2026-02-04 11:22:20,Italy,android,referral,intermediate,self_development,high,new,after_change,0,0
5128,2026-02-08 05:34:08,Germany,ios,instagram_ads,beginner,self_development,high,new,after_change,1,0
5129,2026-02-10 11:25:51,Spain,ios,tiktok_ads,beginner,self_development,low,new,after_change,0,0
5130,2026-02-09 10:55:31,Poland,ios,instagram_ads,beginner,travel,low,new,after_change,0,0
5131,2026-02-05 12:34:11,Germany,android,paid_search,intermediate,exam,medium,new,after_change,0,0
5132,2026-02-06 13:04:40,Brazil,android,paid_search,elementary,work,medium,new,after_change,0,0
5133,2026-02-07 16:06:27,Poland,ios,tiktok_ads,intermediate,exam,medium,new,after_change,0,0
5134,2026-02-01 13:51:39,Brazil,android,instagram_ads,elementary,exam,high,new,after_change,0,0
5135,2026-02-11 03:57:00,Germany,ios,paid_search,beginner,travel,medium,new,after_change,0,0
5136,2026-02-02 09:35:01,Poland,ios,instagram_ads,beginner,self_development,low,new,after_change,0,0
5137,2026-02-07 10:05:02,Netherlands,ios,paid_search,elementary,work,low,new,after_change,0,0
5138,2026-02-10 04:04:43,Spain,android,instagram_ads,beginner,exam,high,new,after_change,0,0
5139,2026-02-02 03:00:41,Germany,android,tiktok_ads,elementary,work,high,new,after_change,0,0
5140,2026-02-14 22:30:23,Germany,ios,instagram_ads,intermediate,work,high,new,after_change,1,0
5141,2026-02-06 06:44:49,Poland,ios,blog,beginner,exam,high,new,after_change,0,0
5142,2026-02-01 05:18:35,Spain,android,instagram_ads,elementary,work,high,new,after_change,0,0
5143,2026-02-10 05:18:03,Germany,android,blog,elementary,self_development,high,new,after_change,0,0
5144,2026-02-08 19:20:52,Brazil,ios,referral,beginner,self_development,low,new,after_change,1,0
5145,2026-02-09 23:09:05,Italy,android,referral,beginner,self_development,low,new,after_change,0,0
5146,2026-02-11 12:20:20,Germany,android,tiktok_ads,elementary,self_development,low,new,after_change,0,0
5147,2026-02-07 15:48:46,Germany,android,instagram_ads,elementary,self_development,medium,new,after_change,0,0
5148,2026-02-12 13:47:46,Spain,ios,instagram_ads,beginner,travel,medium,new,after_change,0,0
5149,2026-02-06 04:22:13,Netherlands,android,instagram_ads,beginner,exam,low,new,after_change,1,0
5150,2026-02-08 15:11:19,Brazil,android,organic,beginner,travel,medium,new,after_change,1,0
5151,2026-02-03 05:15:40,Italy,ios,organic,elementary,work,high,new,after_change,0,0
5152,2026-02-09 16:17:30,Germany,android,organic,beginner,self_development,high,new,after_change,0,0
5153,2026-02-04 15:53:47,Spain,android,tiktok_ads,elementary,exam,medium,new,after_change,0,0
5154,2026-02-10 18:05:58,Spain,android,organic,beginner,work,medium,new,after_change,0,0
5155,2026-02-12 05:09:15,Spain,android,instagram_ads,elementary,exam,high,new,after_change,1,0
5156,2026-02-13 00:36:45,Brazil,ios,organic,beginner,travel,medium,new,after_change,0,0
5157,2026-02-14 00:10:17,Poland,android,organic,beginner,self_development,low,new,after_change,0,0
5158,2026-02-02 17:05:21,Spain,ios,instagram_ads,elementary,travel,high,new,after_change,1,0
5159,2026-02-02 22:21:54,Poland,android,referral,elementary,travel,high,new,after_change,1,0
5160,2026-02-13 23:11:49,Germany,ios,paid_search,intermediate,travel,low,new,after_change,1,0
5161,2026-02-06 07:57:29,Brazil,ios,blog,intermediate,self_development,medium,new,after_change,0,0
5162,2026-02-01 08:44:30,Spain,ios,organic,beginner,work,high,new,after_change,1,0
5163,2026-02-05 00:25:42,Brazil,android,instagram_ads,elementary,work,medium,new,after_change,0,0
5164,2026-02-12 16:57:47,Germany,android,organic,elementary,work,low,new,after_change,0,0
5165,2026-02-05 23:16:35,Italy,android,paid_search,elementary,travel,high,new,after_change,1,0
5166,2026-02-02 01:47:05,Italy,ios,organic,beginner,travel,high,new,after_change,0,0
5167,2026-02-11 02:37:43,Poland,ios,organic,elementary,travel,medium,new,after_change,0,0
5168,2026-02-03 17:23:42,Italy,android,tiktok_ads,intermediate,work,medium,new,after_change,0,0
5169,2026-02-05 22:32:29,Germany,ios,tiktok_ads,beginner,travel,low,new,after_change,1,0
5170,2026-02-01 01:18:30,Brazil,android,organic,beginner,work,low,new,after_change,0,0
5171,2026-02-09 10:16:15,Spain,android,blog,beginner,work,low,new,after_change,0,0
5172,2026-02-07 05:36:22,Italy,android,tiktok_ads,beginner,work,high,new,after_change,0,0
5173,2026-02-13 03:19:42,Germany,ios,paid_search,elementary,self_development,low,new,after_change,0,0
5174,2026-02-05 16:20:40,Germany,android,paid_search,beginner,travel,medium,new,after_change,0,0
5175,2026-02-03 20:44:50,Netherlands,android,paid_search,elementary,work,medium,new,after_change,0,0
5176,2026-02-03 07:46:25,Germany,android,referral,intermediate,travel,medium,new,after_change,0,0
5177,2026-02-03 19:15:12,Poland,android,instagram_ads,beginner,self_development,medium,new,after_change,0,0
5178,2026-02-07 07:33:58,Germany,ios,organic,elementary,self_development,medium,new,after_change,1,0
5179,2026-02-02 05:17:16,Netherlands,android,organic,elementary,travel,medium,new,after_change,0,0
5180,2026-02-06 15:11:47,Poland,ios,paid_search,elementary,travel,high,new,after_change,0,0
5181,2026-02-12 23:10:23,Netherlands,android,paid_search,beginner,travel,medium,new,after_change,0,0
5182,2026-02-11 17:56:02,Germany,android,instagram_ads,intermediate,travel,high,new,after_change,0,0
5183,2026-02-09 22:07:09,Germany,android,blog,beginner,travel,medium,new,after_change,0,0
5184,2026-02-13 12:05:30,Germany,ios,paid_search,beginner,travel,medium,new,after_change,0,0
5185,2026-02-11 22:09:08,Germany,android,paid_search,beginner,travel,low,new,after_change,0,0
5186,2026-02-10 03:15:45,Brazil,ios,organic,intermediate,travel,medium,new,after_change,0,0
5187,2026-02-13 01:59:26,Spain,android,paid_search,beginner,work,low,new,after_change,0,0
5188,2026-02-02 17:48:06,Germany,android,tiktok_ads,beginner,travel,medium,new,after_change,0,0
5189,2026-02-12 10:56:05,Germany,android,blog,elementary,work,high,new,after_change,0,0
5190,2026-02-05 03:15:04,Italy,ios,tiktok_ads,elementary,self_development,medium,new,after_change,0,0
5191,2026-02-11 06:18:32,Germany,android,organic,elementary,work,high,new,after_change,0,0
5192,2026-02-13 18:52:29,Spain,android,referral,beginner,travel,low,new,after_change,0,0
5193,2026-02-07 22:39:51,Brazil,android,referral,elementary,self_development,medium,new,after_change,0,0
5194,2026-02-02 05:48:53,Germany,android,organic,beginner,work,medium,new,after_change,0,0
5195,2026-02-06 04:23:48,Italy,android,blog,beginner,travel,low,new,after_change,0,0
5196,2026-02-06 16:42:12,Germany,ios,tiktok_ads,beginner,exam,medium,new,after_change,1,0
5197,2026-02-14 02:44:34,Netherlands,ios,referral,beginner,travel,medium,new,after_change,0,0
5198,2026-02-14 04:40:53,Netherlands,android,instagram_ads,beginner,work,high,new,after_change,0,0
5199,2026-02-08 23:00:16,Poland,android,organic,elementary,self_development,medium,new,after_change,0,0
5200,2026-02-14 07:25:24,Netherlands,ios,referral,beginner,work,low,new,after_change,0,0
5201,2026-02-07 02:35:37,Poland,ios,instagram_ads,beginner,self_development,medium,new,after_change,1,0
5202,2026-02-06 18:09:51,Spain,android,blog,beginner,work,high,new,after_change,0,0
5203,2026-02-12 17:03:58,Brazil,android,organic,beginner,travel,medium,new,after_change,0,0
5204,2026-02-10 08:14:43,Poland,android,paid_search,intermediate,work,medium,new,after_change,1,0
5205,2026-02-08 07:31:07,Brazil,android,tiktok_ads,beginner,work,medium,new,after_change,0,0
5206,2026-02-07 09:27:59,Brazil,android,instagram_ads,elementary,exam,medium,new,after_change,1,0
5207,2026-02-10 21:05:01,Germany,android,paid_search,beginner,exam,medium,new,after_change,0,0
5208,2026-02-11 13:09:45,Germany,ios,tiktok_ads,beginner,travel,low,new,after_change,0,0
5209,2026-02-07 20:50:17,Spain,android,tiktok_ads,beginner,self_development,medium,new,after_change,0,0
5210,2026-02-01 10:36:40,Germany,android,instagram_ads,beginner,travel,medium,new,after_change,0,0
5211,2026-02-02 10:13:01,Spain,android,paid_search,elementary,self_development,low,new,after_change,0,0
5212,2026-02-03 00:26:12,Germany,ios,instagram_ads,beginner,travel,low,new,after_change,0,0
5213,2026-02-07 11:15:41,Brazil,android,instagram_ads,intermediate,exam,high,new,after_change,1,1
5214,2026-02-09 14:22:14,Poland,android,referral,elementary,exam,high,new,after_change,0,0
5215,2026-02-12 06:03:57,Brazil,ios,tiktok_ads,beginner,work,medium,new,after_change,0,0
5216,2026-02-04 06:08:15,Netherlands,android,instagram_ads,intermediate,self_development,low,new,after_change,0,0
5217,2026-02-12 00:17:48,Germany,android,organic,beginner,work,high,new,after_change,1,0
5218,2026-02-10 07:47:36,Germany,android,organic,elementary,exam,low,new,after_change,0,0
5219,2026-02-01 17:21:24,Netherlands,android,paid_search,beginner,self_development,high,new,after_change,1,1
5220,2026-02-05 22:00:39,Poland,ios,instagram_ads,elementary,travel,medium,new,after_change,0,0
5221,2026-02-05 05:41:37,Poland,android,referral,beginner,work,low,new,after_change,0,0
5222,2026-02-13 09:54:46,Netherlands,ios,blog,intermediate,exam,high,new,after_change,1,0
5223,2026-02-13 21:31:19,Poland,android,instagram_ads,beginner,travel,low,new,after_change,0,0
5224,2026-02-12 11:16:16,Poland,android,tiktok_ads,elementary,travel,low,new,after_change,0,0
5225,2026-02-08 09:24:36,Poland,android,instagram_ads,intermediate,travel,high,new,after_change,1,0
5226,2026-02-07 21:35:36,Poland,android,paid_search,beginner,travel,high,new,after_change,1,0
5227,2026-02-05 08:39:33,Germany,android,instagram_ads,intermediate,exam,low,new,after_change,0,0
5228,2026-02-11 19:41:33,Germany,ios,paid_search,elementary,exam,low,new,after_change,0,0
5229,2026-02-02 04:59:26,Spain,ios,instagram_ads,elementary,travel,medium,new,after_change,0,0
5230,2026-02-04 19:06:08,Brazil,ios,blog,elementary,work,high,new,after_change,0,0
5231,2026-02-02 21:25:49,Poland,android,instagram_ads,intermediate,travel,high,new,after_change,0,0
5232,2026-02-07 22:04:16,Spain,android,organic,intermediate,self_development,medium,new,after_change,0,0
5233,2026-02-05 04:43:04,Germany,android,instagram_ads,beginner,exam,medium,new,after_change,0,0
5234,2026-02-03 18:21:14,Poland,ios,blog,elementary,travel,medium,new,after_change,0,0
5235,2026-02-06 06:28:30,Germany,android,organic,intermediate,travel,medium,new,after_change,0,0
5236,2026-02-13 01:15:27,Poland,android,blog,elementary,self_development,low,new,after_change,0,0
5237,2026-02-08 19:29:28,Germany,android,blog,intermediate,work,high,new,after_change,1,0
5238,2026-02-12 12:33:02,Spain,android,instagram_ads,elementary,work,medium,new,after_change,1,0
5239,2026-02-13 19:04:19,Spain,android,paid_search,beginner,work,high,new,after_change,0,0
5240,2026-02-13 15:07:20,Spain,android,organic,intermediate,work,medium,new,after_change,0,0
5241,2026-02-05 21:56:10,Germany,ios,organic,elementary,self_development,medium,new,after_change,0,0
5242,2026-02-13 06:49:56,Germany,ios,paid_search,beginner,self_development,low,new,after_change,0,0
5243,2026-02-13 17:33:01,Spain,android,referral,beginner,travel,high,new,after_change,0,0
5244,2026-02-14 10:25:27,Spain,android,blog,beginner,exam,low,new,after_change,0,0
5245,2026-02-05 21:56:13,Poland,ios,organic,elementary,self_development,medium,new,after_change,0,0
5246,2026-02-04 04:43:15,Germany,ios,instagram_ads,elementary,travel,high,new,after_change,0,0
5247,2026-02-09 04:18:57,Spain,android,instagram_ads,intermediate,self_development,low,new,after_change,0,0
5248,2026-02-14 01:05:34,Germany,ios,paid_search,beginner,work,high,new,after_change,0,0
5249,2026-02-13 14:36:30,Italy,ios,instagram_ads,beginner,travel,medium,new,after_change,1,0
5250,2026-02-08 23:55:39,Poland,android,blog,beginner,self_development,medium,new,after_change,1,0
5251,2026-02-03 02:08:39,Italy,android,paid_search,elementary,exam,medium,new,after_change,0,0
5252,2026-02-06 21:57:30,Italy,ios,organic,intermediate,travel,medium,new,after_change,0,0
5253,2026-02-10 23:56:40,Spain,ios,tiktok_ads,intermediate,work,low,new,after_change,0,0
5254,2026-02-08 20:17:08,Netherlands,ios,organic,beginner,exam,medium,new,after_change,0,0
5255,2026-02-05 20:04:42,Spain,ios,blog,elementary,exam,high,new,after_change,0,0
5256,2026-02-05 19:06:51,Italy,android,blog,elementary,travel,low,new,after_change,0,0
5257,2026-02-01 20:04:33,Spain,android,organic,intermediate,exam,high,new,after_change,0,0
5258,2026-02-05 00:57:13,Spain,ios,instagram_ads,elementary,self_development,medium,new,after_change,0,0
5259,2026-02-10 08:54:38,Italy,android,referral,elementary,self_development,low,new,after_change,1,0
5260,2026-02-04 09:04:53,Poland,android,instagram_ads,elementary,travel,high,new,after_change,0,0
5261,2026-02-14 21:46:47,Italy,ios,instagram_ads,beginner,self_development,high,new,after_change,1,1
5262,2026-02-02 03:41:44,Germany,ios,blog,elementary,travel,low,new,after_change,0,0
5263,2026-02-09 05:49:40,Germany,android,organic,elementary,self_development,high,new,after_change,0,0
5264,2026-02-07 22:50:44,Spain,android,instagram_ads,intermediate,work,medium,new,after_change,0,0
5265,2026-02-12 15:59:24,Spain,android,organic,beginner,self_development,high,new,after_change,0,0
5266,2026-02-13 10:17:16,Brazil,ios,paid_search,intermediate,self_development,medium,new,after_change,1,0
5267,2026-02-08 14:36:32,Spain,android,referral,beginner,self_development,low,new,after_change,0,0
5268,2026-02-09 19:43:51,Poland,ios,tiktok_ads,elementary,travel,low,new,after_change,0,0
5269,2026-02-10 18:50:54,Germany,ios,instagram_ads,intermediate,self_development,medium,new,after_change,0,0
5270,2026-02-08 07:02:52,Netherlands,android,organic,beginner,work,medium,new,after_change,0,0
5271,2026-02-03 14:07:20,Poland,android,referral,elementary,work,high,new,after_change,1,0
5272,2026-02-07 00:00:25,Netherlands,ios,paid_search,elementary,self_development,medium,new,after_change,0,0
5273,2026-02-04 09:09:41,Spain,ios,instagram_ads,intermediate,exam,low,new,after_change,0,0
5274,2026-02-07 12:02:20,Germany,android,organic,beginner,exam,medium,new,after_change,0,0
5275,2026-02-09 14:41:30,Germany,ios,instagram_ads,intermediate,travel,medium,new,after_change,0,0
5276,2026-02-03 22:19:01,Poland,ios,instagram_ads,intermediate,work,high,new,after_change,0,0
5277,2026-02-04 11:48:24,Brazil,ios,paid_search,elementary,travel,medium,new,after_change,0,0
5278,2026-02-12 12:30:23,Germany,ios,instagram_ads,beginner,travel,low,new,after_change,0,0
5279,2026-02-06 06:55:04,Italy,android,paid_search,elementary,self_development,medium,new,after_change,0,0
5280,2026-02-03 18:39:24,Netherlands,ios,tiktok_ads,beginner,work,medium,new,after_change,0,0
5281,2026-02-10 23:37:34,Poland,android,instagram_ads,elementary,travel,medium,new,after_change,0,0
5282,2026-02-11 00:47:06,Spain,android,referral,beginner,work,high,new,after_change,1,0
5283,2026-02-12 13:35:22,Italy,ios,organic,beginner,travel,medium,new,after_change,0,0
5284,2026-02-11 15:21:17,Germany,android,organic,beginner,travel,high,new,after_change,0,0
5285,2026-02-14 21:18:04,Germany,ios,organic,elementary,self_development,high,new,after_change,1,0
5286,2026-02-09 01:09:21,Italy,android,organic,elementary,travel,high,new,after_change,0,0
5287,2026-02-05 00:22:19,Italy,android,instagram_ads,elementary,travel,medium,new,after_change,0,0
5288,2026-02-13 01:56:35,Brazil,android,organic,beginner,travel,low,new,after_change,0,0
5289,2026-02-04 16:58:40,Germany,ios,organic,beginner,exam,high,new,after_change,0,0
5290,2026-02-05 01:47:34,Spain,android,paid_search,beginner,travel,medium,new,after_change,0,0
5291,2026-02-12 14:22:26,Poland,android,instagram_ads,elementary,work,low,new,after_change,0,0
5292,2026-02-13 08:13:24,Poland,ios,tiktok_ads,beginner,self_development,low,new,after_change,0,0
5293,2026-02-05 18:01:06,Spain,ios,paid_search,elementary,work,medium,new,after_change,1,0
5294,2026-02-11 05:04:54,Germany,ios,blog,beginner,travel,medium,new,after_change,1,1
5295,2026-02-13 21:55:29,Netherlands,ios,organic,intermediate,self_development,high,new,after_change,1,0
5296,2026-02-12 04:22:47,Poland,ios,instagram_ads,beginner,work,medium,new,after_change,0,0
5297,2026-02-01 01:40:40,Spain,android,paid_search,beginner,self_development,medium,new,after_change,0,0
5298,2026-02-10 07:17:55,Netherlands,android,referral,beginner,travel,medium,new,after_change,0,0
5299,2026-02-03 09:05:00,Italy,ios,organic,beginner,travel,high,new,after_change,0,0
5300,2026-02-12 20:22:16,Germany,android,blog,beginner,travel,high,new,after_change,0,0
5301,2026-02-01 22:31:31,Brazil,android,tiktok_ads,elementary,work,high,new,after_change,1,0
5302,2026-02-14 21:40:52,Netherlands,android,instagram_ads,elementary,work,high,new,after_change,1,0
5303,2026-02-03 11:34:56,Brazil,android,instagram_ads,beginner,work,low,new,after_change,0,0
5304,2026-02-06 21:10:28,Poland,android,paid_search,intermediate,work,high,new,after_change,1,1
5305,2026-02-04 06:39:09,Netherlands,android,organic,beginner,work,high,new,after_change,0,0
5306,2026-02-12 09:28:32,Brazil,ios,blog,elementary,work,medium,new,after_change,0,0
5307,2026-02-06 12:12:56,Germany,ios,referral,beginner,travel,medium,new,after_change,0,0
5308,2026-02-11 10:10:43,Poland,android,organic,beginner,work,medium,new,after_change,0,0
5309,2026-02-01 22:35:07,Germany,ios,organic,elementary,self_development,high,new,after_change,1,1
5310,2026-02-07 08:09:51,Germany,ios,paid_search,beginner,self_development,low,new,after_change,0,0
5311,2026-02-13 18:06:48,Brazil,ios,tiktok_ads,beginner,travel,low,new,after_change,0,0
5312,2026-02-13 23:27:17,Brazil,android,instagram_ads,elementary,work,medium,new,after_change,0,0
5313,2026-02-03 22:07:15,Italy,ios,tiktok_ads,elementary,travel,high,new,after_change,0,0
5314,2026-02-06 12:31:37,Poland,android,organic,intermediate,work,medium,new,after_change,0,0
5315,2026-02-06 17:27:45,Poland,ios,blog,elementary,work,medium,new,after_change,0,0
5316,2026-02-08 21:59:47,Spain,android,organic,beginner,self_development,high,new,after_change,0,0
5317,2026-02-08 12:32:42,Brazil,android,paid_search,elementary,self_development,medium,new,after_change,0,0
5318,2026-02-02 11:35:47,Italy,android,blog,intermediate,work,high,new,after_change,0,0
5319,2026-02-11 16:15:21,Spain,ios,tiktok_ads,beginner,work,high,new,after_change,0,0
5320,2026-02-04 03:51:37,Poland,ios,instagram_ads,beginner,work,medium,new,after_change,0,0
5321,2026-02-05 09:49:12,Brazil,android,referral,elementary,exam,medium,new,after_change,0,0
5322,2026-02-12 18:28:26,Germany,android,organic,elementary,self_development,medium,new,after_change,1,1
5323,2026-02-10 15:43:23,Netherlands,android,organic,beginner,travel,medium,new,after_change,0,0
5324,2026-02-06 13:14:30,Germany,android,organic,elementary,travel,high,new,after_change,0,0
5325,2026-02-13 18:35:28,Germany,android,paid_search,beginner,exam,high,new,after_change,1,1
5326,2026-02-06 12:24:44,Germany,ios,tiktok_ads,beginner,work,high,new,after_change,0,0
5327,2026-02-08 22:00:23,Germany,android,instagram_ads,elementary,exam,medium,new,after_change,0,0
5328,2026-02-04 10:38:58,Spain,android,paid_search,beginner,travel,high,new,after_change,0,0
5329,2026-02-03 13:33:11,Italy,android,referral,beginner,travel,medium,new,after_change,0,0
5330,2026-02-07 21:10:51,Spain,ios,paid_search,elementary,travel,medium,new,after_change,0,0
5331,2026-02-08 21:10:28,Poland,ios,organic,beginner,self_development,low,new,after_change,0,0
5332,2026-02-12 06:45:16,Brazil,ios,paid_search,intermediate,work,low,new,after_change,0,0
5333,2026-02-06 11:20:37,Germany,ios,tiktok_ads,intermediate,travel,medium,new,after_change,0,0
5334,2026-02-13 12:46:30,Germany,ios,instagram_ads,elementary,travel,low,new,after_change,0,0
5335,2026-02-09 12:04:52,Italy,android,blog,elementary,self_development,low,new,after_change,0,0
5336,2026-02-01 23:33:30,Netherlands,android,referral,intermediate,work,high,new,after_change,0,0
5337,2026-02-11 08:20:17,Italy,ios,referral,elementary,self_development,medium,new,after_change,0,0
5338,2026-02-09 01:08:23,Spain,android,referral,elementary,self_development,high,new,after_change,1,1
5339,2026-02-06 10:49:21,Poland,ios,instagram_ads,beginner,travel,low,new,after_change,0,0
5340,2026-02-07 13:00:13,Poland,ios,blog,intermediate,self_development,medium,new,after_change,0,0
5341,2026-02-05 05:24:06,Italy,android,instagram_ads,beginner,work,high,new,after_change,0,0
5342,2026-02-09 14:23:55,Germany,android,paid_search,beginner,exam,low,new,after_change,0,0
5343,2026-02-08 22:29:44,Italy,ios,organic,elementary,work,low,new,after_change,0,0
5344,2026-02-07 06:17:04,Spain,android,referral,beginner,exam,medium,new,after_change,0,0
5345,2026-02-04 23:49:34,Poland,android,paid_search,beginner,exam,medium,new,after_change,0,0
5346,2026-02-06 13:56:40,Brazil,android,referral,elementary,travel,high,new,after_change,0,0
5347,2026-02-07 23:16:24,Brazil,android,blog,beginner,work,medium,new,after_change,1,0
5348,2026-02-07 14:33:06,Spain,ios,paid_search,intermediate,travel,low,new,after_change,0,0
5349,2026-02-05 07:55:19,Poland,ios,paid_search,intermediate,travel,medium,new,after_change,0,0
5350,2026-02-09 03:33:06,Germany,android,organic,elementary,work,medium,new,after_change,0,0
5351,2026-02-04 04:07:12,Brazil,android,instagram_ads,beginner,exam,high,new,after_change,0,0
5352,2026-02-08 00:19:49,Brazil,ios,tiktok_ads,elementary,travel,medium,new,after_change,0,0
5353,2026-02-02 16:50:26,Poland,ios,paid_search,beginner,travel,medium,new,after_change,1,1
5354,2026-02-07 14:38:25,Brazil,ios,instagram_ads,elementary,self_development,low,new,after_change,0,0
5355,2026-02-11 23:25:02,Netherlands,ios,instagram_ads,beginner,work,medium,new,after_change,0,0
5356,2026-02-12 10:47:33,Brazil,ios,paid_search,beginner,exam,high,new,after_change,0,0
5357,2026-02-10 17:25:01,Netherlands,android,organic,beginner,travel,high,new,after_change,0,0
5358,2026-02-11 10:32:15,Netherlands,ios,organic,intermediate,exam,low,new,after_change,1,1
5359,2026-02-01 22:09:32,Poland,android,referral,beginner,self_development,low,new,after_change,1,0
5360,2026-02-05 18:42:11,Poland,ios,paid_search,beginner,travel,low,new,after_change,0,0
5361,2026-02-10 03:49:41,Brazil,ios,organic,beginner,work,medium,new,after_change,1,0
5362,2026-02-12 04:59:38,Germany,android,paid_search,elementary,travel,medium,new,after_change,0,0
5363,2026-02-09 03:50:14,Netherlands,ios,tiktok_ads,intermediate,travel,medium,new,after_change,0,0
5364,2026-02-12 22:49:35,Germany,ios,tiktok_ads,beginner,exam,high,new,after_change,0,0
5365,2026-02-04 19:44:58,Germany,android,paid_search,beginner,exam,high,new,after_change,0,0
5366,2026-02-03 03:34:24,Poland,ios,instagram_ads,beginner,work,medium,new,after_change,0,0
5367,2026-02-02 05:01:25,Spain,ios,tiktok_ads,elementary,work,medium,new,after_change,0,0
5368,2026-02-09 03:46:52,Brazil,android,referral,elementary,work,medium,new,after_change,0,0
5369,2026-02-10 07:30:07,Italy,ios,tiktok_ads,intermediate,work,high,new,after_change,0,0
5370,2026-02-04 23:51:53,Germany,android,tiktok_ads,intermediate,work,medium,new,after_change,0,0
5371,2026-02-11 23:18:31,Germany,ios,organic,beginner,travel,medium,new,after_change,1,0
5372,2026-02-11 08:21:42,Germany,ios,paid_search,intermediate,travel,low,new,after_change,0,0
5373,2026-02-06 01:00:17,Germany,android,referral,intermediate,self_development,medium,new,after_change,0,0
5374,2026-02-04 08:13:54,Poland,android,organic,elementary,travel,high,new,after_change,1,0
5375,2026-02-11 09:25:07,Poland,ios,paid_search,beginner,work,high,new,after_change,0,0
5376,2026-02-10 09:35:29,Brazil,android,tiktok_ads,elementary,work,medium,new,after_change,0,0
5377,2026-02-03 09:23:02,Germany,android,blog,elementary,exam,high,new,after_change,0,0
5378,2026-02-04 13:43:18,Brazil,android,organic,beginner,self_development,low,new,after_change,0,0
5379,2026-02-07 19:17:05,Germany,android,referral,beginner,exam,medium,new,after_change,0,0
5380,2026-02-08 03:44:39,Netherlands,android,organic,elementary,travel,medium,new,after_change,0,0
5381,2026-02-03 07:45:43,Netherlands,android,referral,elementary,travel,medium,new,after_change,0,0
5382,2026-02-14 06:44:42,Germany,ios,referral,beginner,self_development,high,new,after_change,1,0
5383,2026-02-06 10:35:09,Poland,android,referral,intermediate,self_development,low,new,after_change,0,0
5384,2026-02-06 08:07:09,Poland,android,blog,beginner,self_development,medium,new,after_change,0,0
5385,2026-02-01 20:20:19,Spain,android,blog,beginner,self_development,medium,new,after_change,0,0
5386,2026-02-13 06:14:53,Netherlands,android,blog,beginner,work,medium,new,after_change,0,0
5387,2026-02-04 07:00:30,Netherlands,ios,instagram_ads,elementary,travel,medium,new,after_change,1,0
5388,2026-02-14 19:36:48,Germany,ios,instagram_ads,beginner,exam,medium,new,after_change,0,0
5389,2026-02-07 22:39:42,Germany,android,organic,elementary,exam,medium,new,after_change,0,0
5390,2026-02-13 05:56:59,Netherlands,android,organic,beginner,travel,low,new,after_change,0,0
5391,2026-02-03 12:11:05,Italy,android,tiktok_ads,beginner,exam,medium,new,after_change,0,0
5392,2026-02-03 07:43:51,Brazil,ios,organic,beginner,self_development,high,new,after_change,0,0
5393,2026-02-12 05:10:27,Brazil,android,blog,beginner,travel,medium,new,after_change,0,0
5394,2026-02-12 11:24:18,Netherlands,android,organic,beginner,work,medium,new,after_change,0,0
5395,2026-02-08 14:28:45,Brazil,android,organic,beginner,work,high,new,after_change,0,0
5396,2026-02-01 10:48:07,Germany,ios,organic,elementary,travel,medium,new,after_change,0,0
5397,2026-02-14 05:05:27,Spain,android,organic,elementary,self_development,medium,new,after_change,1,1
5398,2026-02-06 12:08:57,Italy,ios,organic,intermediate,exam,medium,new,after_change,0,0
5399,2026-02-14 02:29:26,Poland,android,instagram_ads,elementary,travel,high,new,after_change,0,0
5400,2026-02-13 04:33:59,Italy,ios,paid_search,beginner,self_development,high,new,after_change,0,0
5401,2026-02-12 22:06:02,Germany,android,referral,elementary,work,medium,new,after_change,0,0
5402,2026-02-10 15:25:14,Brazil,ios,paid_search,beginner,work,high,new,after_change,0,0
5403,2026-02-10 10:12:44,Netherlands,ios,tiktok_ads,elementary,exam,low,new,after_change,1,0
5404,2026-02-08 11:00:02,Germany,ios,tiktok_ads,beginner,self_development,medium,new,after_change,0,0
5405,2026-02-01 08:19:32,Germany,android,organic,intermediate,travel,high,new,after_change,1,1
5406,2026-02-06 10:19:20,Poland,android,organic,elementary,work,medium,new,after_change,0,0
5407,2026-02-11 05:27:42,Netherlands,android,referral,intermediate,exam,low,new,after_change,0,0
5408,2026-02-12 08:55:54,Netherlands,android,tiktok_ads,elementary,self_development,medium,new,after_change,0,0
5409,2026-02-08 20:00:51,Germany,ios,organic,beginner,self_development,medium,new,after_change,0,0
5410,2026-02-10 22:24:41,Brazil,ios,tiktok_ads,beginner,self_development,medium,new,after_change,0,0
5411,2026-02-01 07:18:22,Germany,ios,paid_search,beginner,travel,high,new,after_change,1,0
5412,2026-02-07 13:23:03,Germany,android,organic,elementary,work,medium,new,after_change,0,0
5413,2026-02-08 02:35:44,Brazil,android,organic,intermediate,travel,high,new,after_change,1,1
5414,2026-02-13 11:52:29,Spain,ios,tiktok_ads,beginner,work,medium,new,after_change,0,0
5415,2026-02-05 08:30:48,Italy,android,paid_search,elementary,self_development,high,new,after_change,0,0
5416,2026-02-04 05:15:45,Brazil,android,instagram_ads,beginner,work,medium,new,after_change,0,0
5417,2026-02-05 22:23:57,Germany,android,organic,beginner,travel,low,new,after_change,0,0
5418,2026-02-03 09:15:05,Germany,ios,organic,intermediate,exam,medium,new,after_change,0,0
5419,2026-02-08 19:37:49,Poland,android,organic,beginner,travel,medium,new,after_change,0,0
5420,2026-02-09 23:58:55,Germany,android,instagram_ads,beginner,travel,medium,new,after_change,0,0
5421,2026-02-12 05:10:34,Germany,android,referral,elementary,exam,high,new,after_change,0,0
5422,2026-02-14 14:35:24,Spain,android,tiktok_ads,beginner,self_development,medium,new,after_change,0,0
5423,2026-02-02 00:43:53,Germany,ios,organic,beginner,work,medium,new,after_change,1,0
5424,2026-02-04 11:04:41,Netherlands,android,organic,beginner,work,high,new,after_change,1,0
5425,2026-02-05 05:02:21,Brazil,android,organic,elementary,work,medium,new,after_change,0,0
5426,2026-02-04 11:53:21,Germany,android,referral,intermediate,travel,medium,new,after_change,1,0
5427,2026-02-12 13:58:00,Poland,android,instagram_ads,intermediate,work,low,new,after_change,0,0
5428,2026-02-02 22:52:17,Spain,android,referral,elementary,travel,medium,new,after_change,0,0
5429,2026-02-01 09:59:31,Netherlands,ios,paid_search,elementary,self_development,medium,new,after_change,0,0
5430,2026-02-13 01:08:57,Germany,ios,instagram_ads,elementary,exam,low,new,after_change,0,0
5431,2026-02-14 11:04:12,Netherlands,android,instagram_ads,elementary,travel,high,new,after_change,0,0
5432,2026-02-04 04:04:10,Spain,android,instagram_ads,beginner,travel,medium,new,after_change,0,0
5433,2026-02-05 15:50:21,Brazil,android,instagram_ads,beginner,travel,medium,new,after_change,0,0
5434,2026-02-08 01:04:04,Spain,ios,organic,beginner,self_development,high,new,after_change,1,0
5435,2026-02-08 08:43:07,Italy,android,paid_search,intermediate,self_development,low,new,after_change,0,0
5436,2026-02-14 20:55:59,Germany,android,blog,elementary,self_development,low,new,after_change,0,0
5437,2026-02-06 15:47:44,Italy,android,paid_search,intermediate,work,medium,new,after_change,0,0
5438,2026-02-01 04:04:45,Italy,ios,tiktok_ads,beginner,self_development,medium,new,after_change,0,0
5439,2026-02-06 22:02:46,Spain,ios,blog,beginner,work,medium,new,after_change,0,0
5440,2026-02-08 18:58:45,Spain,android,instagram_ads,intermediate,travel,high,new,after_change,1,0
5441,2026-02-08 05:40:29,Spain,android,instagram_ads,beginner,work,low,new,after_change,0,0
5442,2026-02-08 04:07:44,Italy,android,organic,elementary,work,medium,new,after_change,0,0
5443,2026-02-13 21:59:57,Netherlands,android,tiktok_ads,beginner,work,medium,new,after_change,0,0
5444,2026-02-12 07:18:08,Brazil,ios,blog,intermediate,travel,low,new,after_change,0,0
5445,2026-02-04 12:34:25,Germany,ios,blog,beginner,work,medium,new,after_change,0,0
5446,2026-02-05 23:22:28,Poland,ios,organic,intermediate,work,high,new,after_change,0,0
5447,2026-02-10 08:18:27,Germany,ios,blog,beginner,travel,high,new,after_change,0,0
5448,2026-02-06 17:52:28,Germany,android,paid_search,beginner,travel,low,new,after_change,0,0
5449,2026-02-06 23:56:35,Germany,ios,instagram_ads,intermediate,exam,medium,new,after_change,0,0
5450,2026-02-03 08:25:37,Brazil,android,organic,beginner,work,medium,new,after_change,0,0
5451,2026-02-04 13:28:04,Italy,android,organic,beginner,work,medium,new,after_change,0,0
5452,2026-02-11 08:54:50,Poland,ios,instagram_ads,elementary,self_development,medium,new,after_change,0,0
5453,2026-02-12 19:13:29,Germany,ios,instagram_ads,beginner,work,medium,new,after_change,1,0
5454,2026-02-11 23:39:43,Spain,ios,blog,beginner,work,low,new,after_change,1,1
5455,2026-02-05 07:25:55,Poland,android,paid_search,beginner,travel,medium,new,after_change,0,0
5456,2026-02-02 21:55:07,Brazil,android,referral,elementary,work,high,new,after_change,0,0
5457,2026-02-03 05:39:26,Germany,android,instagram_ads,beginner,travel,low,new,after_change,0,0
5458,2026-02-06 12:12:05,Spain,android,organic,intermediate,self_development,high,new,after_change,0,0
5459,2026-02-08 05:57:56,Netherlands,android,organic,elementary,self_development,low,new,after_change,1,0
5460,2026-02-13 12:00:57,Italy,android,tiktok_ads,beginner,work,low,new,after_change,0,0
5461,2026-02-13 14:00:21,Netherlands,android,referral,elementary,travel,low,new,after_change,0,0
5462,2026-02-01 00:54:34,Germany,android,organic,elementary,travel,high,new,after_change,0,0
5463,2026-02-10 21:44:24,Poland,ios,paid_search,elementary,exam,high,new,after_change,0,0
5464,2026-02-05 04:22:58,Germany,ios,instagram_ads,beginner,self_development,high,new,after_change,0,0
5465,2026-02-03 18:27:41,Poland,android,instagram_ads,elementary,work,medium,new,after_change,0,0
5466,2026-02-08 18:29:39,Spain,android,tiktok_ads,beginner,self_development,low,new,after_change,0,0
5467,2026-02-01 11:23:41,Germany,ios,referral,elementary,travel,medium,new,after_change,0,0
5468,2026-02-05 16:15:19,Brazil,android,paid_search,beginner,exam,high,new,after_change,1,1
5469,2026-02-08 17:32:49,Germany,ios,organic,intermediate,travel,high,new,after_change,0,0
5470,2026-02-04 19:24:25,Germany,android,organic,beginner,work,medium,new,after_change,0,0
5471,2026-02-09 07:22:47,Brazil,android,blog,elementary,exam,high,new,after_change,0,0
5472,2026-02-07 10:34:21,Poland,ios,instagram_ads,elementary,exam,medium,new,after_change,0,0
5473,2026-02-12 04:36:03,Poland,android,organic,beginner,self_development,high,new,after_change,0,0
5474,2026-02-03 12:59:30,Spain,android,referral,beginner,travel,medium,new,after_change,0,0
5475,2026-02-01 19:11:11,Germany,android,instagram_ads,beginner,travel,low,new,after_change,0,0
5476,2026-02-08 09:57:14,Brazil,android,paid_search,elementary,exam,medium,new,after_change,0,0
5477,2026-02-04 14:19:00,Spain,android,organic,elementary,work,low,new,after_change,0,0
5478,2026-02-10 21:26:59,Germany,android,referral,beginner,self_development,low,new,after_change,0,0
5479,2026-02-02 07:20:38,Italy,android,tiktok_ads,elementary,self_development,high,new,after_change,0,0
5480,2026-02-09 01:17:56,Italy,ios,paid_search,beginner,work,high,new,after_change,0,0
5481,2026-02-14 20:35:03,Germany,ios,paid_search,elementary,work,low,new,after_change,0,0
5482,2026-02-02 07:17:05,Poland,ios,paid_search,beginner,exam,medium,new,after_change,1,1
5483,2026-02-05 05:24:40,Netherlands,ios,tiktok_ads,intermediate,travel,low,new,after_change,0,0
5484,2026-02-12 19:43:16,Germany,android,paid_search,elementary,work,high,new,after_change,0,0
5485,2026-02-08 11:16:39,Netherlands,android,paid_search,beginner,travel,low,new,after_change,0,0
5486,2026-02-03 10:47:33,Germany,android,paid_search,elementary,travel,low,new,after_change,0,0
5487,2026-02-03 23:36:41,Germany,ios,blog,elementary,self_development,high,new,after_change,0,0
5488,2026-02-11 16:58:36,Italy,android,instagram_ads,beginner,work,high,new,after_change,0,0
5489,2026-02-13 01:15:38,Netherlands,android,paid_search,beginner,self_development,medium,new,after_change,0,0
5490,2026-02-06 01:08:59,Germany,ios,instagram_ads,beginner,self_development,medium,new,after_change,0,0
5491,2026-02-07 15:12:28,Brazil,android,tiktok_ads,beginner,self_development,high,new,after_change,0,0
5492,2026-02-11 23:00:28,Italy,ios,referral,elementary,self_development,high,new,after_change,0,0
5493,2026-02-03 11:26:51,Spain,android,blog,elementary,travel,low,new,after_change,1,1
5494,2026-02-03 21:18:27,Italy,ios,instagram_ads,beginner,travel,high,new,after_change,0,0
5495,2026-02-11 20:12:32,Poland,android,instagram_ads,beginner,exam,low,new,after_change,0,0
5496,2026-02-03 14:43:06,Spain,android,paid_search,elementary,travel,high,new,after_change,1,1
5497,2026-02-11 18:59:33,Netherlands,android,referral,elementary,work,low,new,after_change,0,0
5498,2026-02-07 23:00:02,Netherlands,ios,tiktok_ads,elementary,self_development,high,new,after_change,0,0
5499,2026-02-14 20:39:05,Poland,ios,paid_search,elementary,exam,high,new,after_change,0,0
5500,2026-02-01 11:03:59,Spain,android,instagram_ads,beginner,travel,low,new,after_change,0,0
5501,2026-02-14 05:50:26,Germany,ios,organic,elementary,exam,high,new,after_change,0,0
5502,2026-02-04 03:41:59,Germany,ios,tiktok_ads,elementary,self_development,high,new,after_change,0,0
5503,2026-02-01 11:47:13,Netherlands,android,paid_search,elementary,self_development,medium,new,after_change,0,0
5504,2026-02-11 03:16:05,Poland,android,paid_search,beginner,exam,medium,new,after_change,1,1
5505,2026-02-08 10:55:46,Poland,android,organic,elementary,travel,medium,new,after_change,0,0
5506,2026-02-12 17:21:39,Netherlands,ios,organic,beginner,self_development,high,new,after_change,0,0
5507,2026-02-02 12:24:24,Germany,android,organic,beginner,exam,low,new,after_change,0,0
5508,2026-02-02 03:08:37,Germany,android,tiktok_ads,beginner,work,high,new,after_change,0,0
5509,2026-02-08 22:35:44,Poland,ios,tiktok_ads,elementary,self_development,low,new,after_change,0,0
5510,2026-02-13 08:22:41,Brazil,ios,instagram_ads,elementary,work,medium,new,after_change,0,0
5511,2026-02-06 16:20:11,Poland,ios,paid_search,beginner,self_development,high,new,after_change,0,0
5512,2026-02-12 03:57:56,Germany,android,referral,beginner,self_development,medium,new,after_change,0,0
5513,2026-02-13 16:29:11,Spain,ios,referral,beginner,travel,medium,new,after_change,0,0
5514,2026-02-13 04:12:50,Italy,android,instagram_ads,elementary,work,medium,new,after_change,0,0
5515,2026-02-08 02:54:45,Germany,ios,tiktok_ads,elementary,travel,medium,new,after_change,1,1
5516,2026-02-10 18:40:19,Germany,ios,referral,elementary,work,medium,new,after_change,0,0
5517,2026-02-08 08:37:25,Netherlands,android,tiktok_ads,elementary,travel,medium,new,after_change,1,0
5518,2026-02-10 10:30:55,Netherlands,android,organic,intermediate,work,high,new,after_change,1,0
5519,2026-02-08 22:32:28,Italy,android,instagram_ads,beginner,travel,medium,new,after_change,0,0
5520,2026-02-08 08:25:52,Italy,android,organic,intermediate,self_development,medium,new,after_change,0,0
5521,2026-02-07 02:46:03,Poland,ios,referral,beginner,travel,low,new,after_change,0,0
5522,2026-02-10 03:20:11,Germany,android,tiktok_ads,elementary,travel,low,new,after_change,0,0
5523,2026-02-11 12:22:09,Brazil,ios,blog,elementary,travel,high,new,after_change,0,0
5524,2026-02-13 20:49:15,Italy,android,organic,intermediate,work,medium,new,after_change,0,0
5525,2026-02-09 14:02:41,Spain,android,instagram_ads,beginner,travel,medium,new,after_change,0,0
5526,2026-02-02 09:46:31,Italy,android,tiktok_ads,elementary,self_development,medium,new,after_change,0,0
5527,2026-02-09 05:23:34,Netherlands,ios,referral,elementary,work,high,new,after_change,0,0
5528,2026-02-05 10:05:48,Germany,ios,referral,intermediate,self_development,low,new,after_change,0,0
5529,2026-02-01 09:00:33,Brazil,android,organic,beginner,travel,high,new,after_change,1,0
5530,2026-02-02 00:20:41,Netherlands,android,blog,elementary,travel,low,new,after_change,0,0
5531,2026-02-09 06:40:39,Germany,ios,blog,beginner,self_development,medium,new,after_change,0,0
5532,2026-02-14 05:27:16,Spain,ios,blog,intermediate,work,high,new,after_change,1,0
5533,2026-02-08 01:52:19,Poland,ios,instagram_ads,elementary,travel,medium,new,after_change,0,0
5534,2026-02-07 05:36:33,Germany,android,referral,elementary,travel,medium,new,after_change,1,0
5535,2026-02-02 05:47:23,Spain,android,organic,elementary,self_development,high,new,after_change,0,0
5536,2026-02-10 10:54:56,Netherlands,android,paid_search,elementary,travel,medium,new,after_change,0,0
5537,2026-02-01 18:38:17,Poland,android,organic,elementary,work,medium,new,after_change,0,0
5538,2026-02-12 18:36:58,Brazil,android,instagram_ads,beginner,self_development,high,new,after_change,0,0
5539,2026-02-12 10:18:44,Italy,ios,blog,intermediate,exam,medium,new,after_change,0,0
5540,2026-02-14 20:58:33,Italy,ios,tiktok_ads,elementary,self_development,medium,new,after_change,0,0
5541,2026-02-04 23:31:07,Brazil,ios,instagram_ads,beginner,work,high,new,after_change,1,1
5542,2026-02-03 06:21:32,Germany,android,referral,elementary,exam,high,new,after_change,0,0
5543,2026-02-05 04:38:37,Poland,android,instagram_ads,beginner,work,medium,new,after_change,0,0
5544,2026-02-12 04:38:10,Germany,ios,instagram_ads,elementary,travel,medium,new,after_change,0,0
5545,2026-02-04 01:31:27,Poland,android,instagram_ads,elementary,work,medium,new,after_change,1,0
5546,2026-02-13 10:10:26,Netherlands,android,instagram_ads,elementary,self_development,low,new,after_change,0,0
5547,2026-02-03 03:48:24,Spain,android,tiktok_ads,beginner,work,medium,new,after_change,0,0
5548,2026-02-01 16:25:19,Brazil,android,referral,elementary,work,low,new,after_change,0,0
5549,2026-02-04 01:42:14,Brazil,android,instagram_ads,elementary,work,medium,new,after_change,0,0
5550,2026-02-11 13:22:27,Italy,ios,paid_search,elementary,exam,medium,new,after_change,0,0
5551,2026-02-09 10:21:57,Germany,android,instagram_ads,elementary,exam,medium,new,after_change,1,0
5552,2026-02-05 23:11:15,Italy,android,blog,elementary,work,high,new,after_change,0,0
5553,2026-02-10 04:25:42,Germany,android,paid_search,elementary,travel,medium,new,after_change,0,0
5554,2026-02-10 01:55:42,Poland,ios,referral,beginner,travel,medium,new,after_change,0,0
5555,2026-02-08 18:23:10,Italy,android,instagram_ads,beginner,work,high,new,after_change,0,0
5556,2026-02-08 04:43:12,Spain,ios,organic,beginner,exam,medium,new,after_change,0,0
5557,2026-02-02 10:06:06,Germany,android,instagram_ads,intermediate,work,medium,new,after_change,0,0
5558,2026-02-04 15:16:24,Poland,android,organic,beginner,work,medium,new,after_change,0,0
5559,2026-02-08 09:18:22,Poland,ios,organic,elementary,work,medium,new,after_change,1,0
5560,2026-02-02 21:26:03,Spain,android,organic,elementary,work,medium,new,after_change,0,0
5561,2026-02-07 15:52:54,Brazil,android,tiktok_ads,beginner,exam,low,new,after_change,0,0
5562,2026-02-02 15:17:39,Poland,android,instagram_ads,beginner,exam,medium,new,after_change,0,0
5563,2026-02-12 00:30:37,Germany,android,instagram_ads,beginner,self_development,medium,new,after_change,0,0
5564,2026-02-02 10:42:59,Netherlands,android,instagram_ads,beginner,travel,high,new,after_change,0,0
5565,2026-02-02 07:05:35,Spain,ios,paid_search,beginner,exam,high,new,after_change,0,0
5566,2026-02-09 22:17:50,Germany,android,referral,intermediate,travel,medium,new,after_change,0,0
5567,2026-02-04 02:05:55,Poland,android,blog,intermediate,travel,medium,new,after_change,0,0
5568,2026-02-05 22:04:26,Spain,android,tiktok_ads,beginner,exam,high,new,after_change,0,0
5569,2026-02-05 09:35:28,Italy,android,paid_search,beginner,travel,medium,new,after_change,0,0
5570,2026-02-04 00:47:19,Brazil,android,blog,elementary,travel,high,new,after_change,0,0
5571,2026-02-11 15:57:31,Brazil,ios,referral,intermediate,travel,medium,new,after_change,1,0
5572,2026-02-10 16:28:24,Spain,android,organic,intermediate,exam,medium,new,after_change,0,0
5573,2026-02-04 08:13:44,Spain,android,paid_search,intermediate,travel,medium,new,after_change,0,0
5574,2026-02-10 14:46:53,Poland,ios,paid_search,beginner,self_development,low,new,after_change,0,0
5575,2026-02-10 23:43:35,Netherlands,ios,tiktok_ads,intermediate,work,medium,new,after_change,0,0
5576,2026-02-08 13:09:37,Poland,ios,instagram_ads,beginner,work,medium,new,after_change,0,0
5577,2026-02-09 02:20:16,Spain,android,paid_search,beginner,work,high,new,after_change,0,0
5578,2026-02-14 02:08:44,Germany,ios,organic,elementary,self_development,high,new,after_change,1,0
5579,2026-02-07 08:30:12,Germany,ios,instagram_ads,elementary,exam,low,new,after_change,0,0
5580,2026-02-06 09:29:57,Poland,ios,tiktok_ads,elementary,travel,low,new,after_change,0,0
5581,2026-02-08 13:06:15,Spain,android,instagram_ads,elementary,self_development,low,new,after_change,0,0
5582,2026-02-12 16:50:59,Brazil,ios,paid_search,intermediate,work,low,new,after_change,0,0
5583,2026-02-10 22:25:15,Brazil,ios,instagram_ads,beginner,self_development,high,new,after_change,0,0
5584,2026-02-02 01:14:48,Spain,android,blog,beginner,work,medium,new,after_change,0,0
5585,2026-02-07 10:19:02,Netherlands,ios,organic,elementary,travel,high,new,after_change,0,0
5586,2026-02-11 08:34:59,Netherlands,ios,instagram_ads,elementary,self_development,medium,new,after_change,1,1
5587,2026-02-04 03:14:10,Italy,android,paid_search,beginner,travel,medium,new,after_change,0,0
5588,2026-02-14 20:07:05,Germany,ios,organic,beginner,exam,medium,new,after_change,0,0
5589,2026-02-12 07:31:27,Brazil,ios,referral,intermediate,work,high,new,after_change,0,0
5590,2026-02-12 20:27:25,Germany,ios,blog,intermediate,travel,low,new,after_change,0,0
5591,2026-02-02 03:27:34,Poland,ios,paid_search,elementary,travel,medium,new,after_change,1,1
5592,2026-02-09 02:46:02,Netherlands,android,paid_search,elementary,travel,low,new,after_change,0,0
5593,2026-02-08 09:20:11,Spain,android,organic,intermediate,travel,medium,new,after_change,0,0
5594,2026-02-09 18:35:36,Poland,ios,instagram_ads,beginner,work,medium,new,after_change,0,0
5595,2026-02-12 21:41:16,Brazil,android,organic,elementary,exam,low,new,after_change,0,0
5596,2026-02-05 22:42:19,Germany,android,instagram_ads,elementary,travel,low,new,after_change,0,0
5597,2026-02-08 11:25:00,Brazil,android,organic,intermediate,travel,high,new,after_change,0,0
5598,2026-02-10 12:18:25,Germany,android,tiktok_ads,beginner,self_development,medium,new,after_change,0,0
5599,2026-02-11 13:04:16,Italy,android,blog,intermediate,travel,high,new,after_change,1,1
5600,2026-02-11 18:51:10,Poland,android,organic,elementary,self_development,low,new,after_change,0,0
5601,2026-02-05 17:12:38,Poland,android,referral,beginner,travel,medium,new,after_change,1,1
5602,2026-02-14 23:24:17,Poland,ios,referral,elementary,self_development,high,new,after_change,0,0
5603,2026-02-01 03:13:58,Poland,android,organic,beginner,exam,high,new,after_change,0,0
5604,2026-02-07 21:28:03,Spain,android,blog,elementary,travel,high,new,after_change,0,0
5605,2026-02-09 12:32:45,Germany,android,instagram_ads,beginner,work,medium,new,after_change,0,0
5606,2026-02-01 20:35:53,Spain,android,instagram_ads,elementary,work,low,new,after_change,0,0
5607,2026-02-07 07:35:24,Italy,ios,tiktok_ads,elementary,travel,low,new,after_change,0,0
5608,2026-02-09 08:12:29,Italy,ios,paid_search,elementary,work,medium,new,after_change,1,0
5609,2026-02-09 12:09:29,Poland,android,organic,beginner,exam,low,new,after_change,0,0
5610,2026-02-02 15:59:31,Germany,android,paid_search,intermediate,exam,low,new,after_change,0,0
5611,2026-02-04 21:14:34,Germany,android,tiktok_ads,intermediate,travel,medium,new,after_change,0,0
5612,2026-02-04 10:14:27,Poland,ios,blog,elementary,exam,high,new,after_change,1,0
5613,2026-02-09 23:00:49,Germany,ios,paid_search,beginner,travel,medium,new,after_change,0,0
5614,2026-02-05 14:28:12,Netherlands,ios,paid_search,intermediate,travel,low,new,after_change,0,0
5615,2026-02-09 00:00:28,Spain,ios,organic,intermediate,travel,low,new,after_change,0,0
5616,2026-02-11 05:37:33,Spain,android,blog,intermediate,work,medium,new,after_change,0,0
5617,2026-02-12 03:53:05,Netherlands,android,organic,beginner,travel,high,new,after_change,1,0
5618,2026-02-03 13:45:34,Italy,android,blog,intermediate,travel,medium,new,after_change,1,0
5619,2026-02-13 15:35:10,Poland,android,organic,beginner,work,medium,new,after_change,0,0
5620,2026-02-03 07:41:34,Brazil,ios,organic,elementary,self_development,high,new,after_change,0,0
5621,2026-02-01 07:21:03,Brazil,android,organic,elementary,exam,medium,new,after_change,0,0
5622,2026-02-01 15:06:28,Italy,android,instagram_ads,beginner,self_development,medium,new,after_change,0,0
5623,2026-02-03 19:32:57,Brazil,android,paid_search,beginner,travel,low,new,after_change,0,0
5624,2026-02-13 05:24:31,Brazil,android,blog,elementary,self_development,medium,new,after_change,0,0
5625,2026-02-03 21:50:54,Netherlands,ios,instagram_ads,beginner,travel,medium,new,after_change,0,0
5626,2026-02-10 17:01:04,Germany,ios,organic,elementary,travel,high,new,after_change,0,0
5627,2026-02-06 20:36:50,Germany,android,instagram_ads,beginner,travel,medium,new,after_change,0,0
5628,2026-02-01 13:25:19,Poland,android,paid_search,beginner,work,low,new,after_change,0,0
5629,2026-02-07 05:13:50,Netherlands,android,tiktok_ads,elementary,travel,medium,new,after_change,0,0
5630,2026-02-01 09:30:22,Germany,ios,referral,intermediate,exam,low,new,after_change,0,0
5631,2026-02-07 15:59:40,Spain,android,blog,elementary,self_development,medium,new,after_change,0,0
5632,2026-02-08 19:42:52,Italy,ios,instagram_ads,beginner,travel,medium,new,after_change,0,0
5633,2026-02-08 07:10:42,Netherlands,android,paid_search,intermediate,self_development,low,new,after_change,0,0
5634,2026-02-04 22:55:53,Netherlands,ios,paid_search,intermediate,travel,low,new,after_change,0,0
5635,2026-02-11 17:34:03,Germany,android,paid_search,elementary,travel,medium,new,after_change,0,0
5636,2026-02-09 08:30:00,Italy,ios,instagram_ads,elementary,travel,medium,new,after_change,0,0
5637,2026-02-04 13:36:28,Italy,ios,organic,beginner,travel,low,new,after_change,0,0
5638,2026-02-07 02:01:37,Brazil,ios,organic,elementary,travel,medium,new,after_change,0,0
5639,2026-02-02 12:27:28,Spain,android,blog,intermediate,travel,high,new,after_change,0,0
5640,2026-02-13 22:13:58,Netherlands,android,blog,intermediate,travel,medium,new,after_change,0,0
5641,2026-02-11 13:01:29,Poland,android,organic,beginner,self_development,medium,new,after_change,0,0
5642,2026-02-05 00:42:13,Poland,android,blog,beginner,self_development,medium,new,after_change,0,0
5643,2026-02-10 10:46:21,Italy,android,referral,intermediate,self_development,high,new,after_change,0,0
5644,2026-02-10 12:11:34,Netherlands,android,organic,intermediate,travel,medium,new,after_change,1,1
5645,2026-02-09 12:51:04,Spain,ios,blog,elementary,travel,medium,new,after_change,1,0
5646,2026-02-01 18:09:44,Brazil,android,blog,beginner,work,medium,new,after_change,0,0
5647,2026-02-13 07:11:03,Poland,android,instagram_ads,elementary,exam,high,new,after_change,1,0
5648,2026-02-14 09:10:08,Germany,android,referral,elementary,travel,medium,new,after_change,0,0
5649,2026-02-14 15:18:42,Germany,ios,paid_search,beginner,self_development,low,new,after_change,0,0
5650,2026-02-14 17:32:04,Poland,ios,instagram_ads,beginner,self_development,high,new,after_change,0,0
5651,2026-02-14 00:05:05,Brazil,ios,tiktok_ads,beginner,work,low,new,after_change,0,0
5652,2026-02-11 08:19:44,Poland,android,instagram_ads,elementary,self_development,medium,new,after_change,0,0
5653,2026-02-01 19:06:38,Germany,android,paid_search,beginner,travel,medium,new,after_change,0,0
5654,2026-02-07 12:18:41,Spain,android,tiktok_ads,elementary,work,low,new,after_change,0,0
5655,2026-02-04 10:22:11,Germany,android,referral,beginner,travel,high,new,after_change,1,0
5656,2026-02-04 01:55:04,Netherlands,android,referral,beginner,work,medium,new,after_change,0,0
5657,2026-02-12 15:05:14,Poland,ios,organic,intermediate,travel,low,new,after_change,0,0
5658,2026-02-12 09:00:19,Brazil,ios,paid_search,elementary,work,high,new,after_change,0,0
5659,2026-02-08 07:24:53,Brazil,android,organic,beginner,travel,low,new,after_change,0,0
5660,2026-02-11 07:24:53,Germany,ios,tiktok_ads,elementary,work,medium,new,after_change,0,0
5661,2026-02-02 19:28:01,Poland,ios,organic,beginner,exam,high,new,after_change,0,0
5662,2026-02-04 02:34:35,Italy,android,blog,elementary,work,high,new,after_change,0,0
5663,2026-02-13 01:07:12,Poland,ios,instagram_ads,beginner,work,high,new,after_change,0,0
5664,2026-02-07 07:36:30,Germany,android,paid_search,intermediate,self_development,low,new,after_change,0,0
5665,2026-02-08 15:40:03,Netherlands,android,tiktok_ads,beginner,self_development,high,new,after_change,0,0
5666,2026-02-07 11:30:01,Spain,android,organic,intermediate,self_development,medium,new,after_change,0,0
5667,2026-02-03 19:55:32,Germany,android,organic,elementary,travel,low,new,after_change,0,0
5668,2026-02-12 13:40:26,Germany,ios,organic,beginner,work,low,new,after_change,0,0
5669,2026-02-11 14:47:22,Germany,ios,instagram_ads,intermediate,self_development,low,new,after_change,0,0
5670,2026-02-10 13:46:18,Germany,android,referral,beginner,self_development,medium,new,after_change,0,0
5671,2026-02-05 22:40:22,Poland,ios,organic,elementary,travel,high,new,after_change,0,0
5672,2026-02-10 00:06:15,Spain,android,tiktok_ads,elementary,self_development,medium,new,after_change,0,0
5673,2026-02-14 08:17:35,Poland,ios,organic,beginner,work,medium,new,after_change,0,0
5674,2026-02-10 02:20:31,Italy,android,paid_search,beginner,self_development,low,new,after_change,0,0
5675,2026-02-07 22:04:30,Brazil,android,tiktok_ads,intermediate,work,low,new,after_change,0,0
5676,2026-02-04 18:52:40,Brazil,android,referral,beginner,travel,medium,new,after_change,1,0
5677,2026-02-08 07:39:47,Poland,android,blog,intermediate,travel,medium,new,after_change,0,0
5678,2026-02-06 04:53:41,Germany,android,tiktok_ads,beginner,travel,high,new,after_change,0,0
5679,2026-02-09 13:23:12,Spain,ios,instagram_ads,beginner,exam,medium,new,after_change,0,0
5680,2026-02-01 15:20:33,Brazil,android,organic,beginner,work,high,new,after_change,0,0
5681,2026-02-03 15:53:45,Poland,android,paid_search,elementary,work,low,new,after_change,0,0
5682,2026-02-12 00:24:43,Poland,android,blog,intermediate,exam,medium,new,after_change,0,0
5683,2026-02-06 07:55:21,Poland,android,instagram_ads,beginner,work,medium,new,after_change,0,0
5684,2026-02-07 01:29:14,Netherlands,ios,paid_search,elementary,travel,high,new,after_change,0,0
5685,2026-02-08 14:44:59,Brazil,ios,organic,beginner,travel,medium,new,after_change,0,0
5686,2026-02-07 03:14:53,Poland,android,organic,beginner,work,medium,new,after_change,0,0
5687,2026-02-11 14:54:09,Poland,ios,tiktok_ads,beginner,work,high,new,after_change,0,0
5688,2026-02-04 10:26:22,Brazil,android,paid_search,elementary,self_development,high,new,after_change,0,0
5689,2026-02-11 14:50:02,Italy,android,blog,elementary,self_development,medium,new,after_change,0,0
5690,2026-02-03 22:22:03,Poland,android,instagram_ads,beginner,work,medium,new,after_change,1,1
5691,2026-02-06 04:31:12,Brazil,ios,referral,intermediate,travel,medium,new,after_change,0,0
5692,2026-02-09 05:30:29,Germany,ios,organic,beginner,self_development,low,new,after_change,0,0
5693,2026-02-13 09:41:19,Germany,android,organic,intermediate,travel,low,new,after_change,1,1
5694,2026-02-04 06:08:16,Poland,android,paid_search,beginner,work,low,new,after_change,0,0
5695,2026-02-09 05:21:44,Germany,android,organic,elementary,self_development,high,new,after_change,0,0
5696,2026-02-01 21:34:27,Brazil,ios,blog,beginner,self_development,high,new,after_change,0,0
5697,2026-02-02 01:20:35,Netherlands,ios,referral,elementary,self_development,low,new,after_change,0,0
5698,2026-02-11 17:52:56,Poland,android,paid_search,intermediate,travel,low,new,after_change,1,1
5699,2026-02-11 01:34:12,Poland,android,instagram_ads,elementary,work,low,new,after_change,0,0
5700,2026-02-06 06:29:37,Poland,android,instagram_ads,beginner,self_development,medium,new,after_change,0,0
5701,2026-02-09 17:19:13,Spain,android,instagram_ads,elementary,travel,low,new,after_change,1,0
5702,2026-02-06 07:45:32,Germany,android,organic,beginner,self_development,high,new,after_change,0,0
5703,2026-02-04 21:09:16,Netherlands,android,paid_search,beginner,work,medium,new,after_change,0,0
5704,2026-02-07 00:55:22,Germany,android,organic,elementary,self_development,high,new,after_change,0,0
5705,2026-02-05 08:47:04,Brazil,android,blog,intermediate,work,high,new,after_change,0,0
5706,2026-02-12 09:51:18,Italy,android,paid_search,beginner,travel,low,new,after_change,0,0
5707,2026-02-06 18:19:16,Brazil,ios,tiktok_ads,elementary,self_development,high,new,after_change,0,0
5708,2026-02-05 11:48:04,Netherlands,android,blog,intermediate,exam,medium,new,after_change,0,0
5709,2026-02-08 12:08:51,Netherlands,android,paid_search,elementary,work,medium,new,after_change,0,0
5710,2026-02-11 14:42:00,Poland,android,organic,elementary,self_development,low,new,after_change,0,0
5711,2026-02-04 19:57:06,Spain,ios,paid_search,beginner,exam,low,new,after_change,1,0
5712,2026-02-14 03:41:13,Brazil,android,tiktok_ads,beginner,work,medium,new,after_change,0,0
5713,2026-02-07 11:44:51,Germany,android,instagram_ads,beginner,work,medium,new,after_change,0,0
5714,2026-02-10 06:03:06,Netherlands,android,organic,elementary,self_development,low,new,after_change,0,0
5715,2026-02-14 09:38:00,Spain,ios,organic,beginner,work,high,new,after_change,0,0
5716,2026-02-07 01:02:41,Brazil,ios,tiktok_ads,elementary,exam,medium,new,after_change,0,0
5717,2026-02-03 19:08:21,Poland,android,tiktok_ads,elementary,self_development,low,new,after_change,0,0
5718,2026-02-11 11:15:26,Germany,android,organic,beginner,travel,medium,new,after_change,0,0
5719,2026-02-01 02:13:28,Brazil,ios,referral,elementary,self_development,high,new,after_change,0,0
5720,2026-02-07 09:51:12,Germany,ios,paid_search,elementary,self_development,medium,new,after_change,1,0
5721,2026-02-14 17:16:36,Germany,android,organic,elementary,travel,high,new,after_change,1,0
5722,2026-02-06 19:14:51,Germany,ios,paid_search,elementary,exam,medium,new,after_change,0,0
5723,2026-02-10 13:51:19,Germany,ios,tiktok_ads,beginner,self_development,low,new,after_change,0,0
5724,2026-02-08 08:29:42,Italy,android,tiktok_ads,elementary,work,high,new,after_change,0,0
5725,2026-02-04 00:07:56,Italy,android,instagram_ads,elementary,travel,medium,new,after_change,0,0
5726,2026-02-05 10:45:16,Poland,ios,paid_search,elementary,travel,medium,new,after_change,1,0
5727,2026-02-08 07:54:24,Netherlands,ios,paid_search,elementary,travel,low,new,after_change,0,0
5728,2026-02-02 11:01:41,Poland,android,paid_search,beginner,work,high,new,after_change,0,0
5729,2026-02-06 19:24:12,Italy,android,paid_search,elementary,exam,medium,new,after_change,1,0
5730,2026-02-06 19:23:24,Brazil,android,instagram_ads,beginner,work,high,new,after_change,0,0
5731,2026-02-12 16:31:48,Germany,ios,instagram_ads,beginner,work,medium,new,after_change,0,0
5732,2026-02-02 17:36:57,Poland,android,organic,beginner,work,medium,new,after_change,0,0
5733,2026-02-12 19:08:41,Italy,android,paid_search,intermediate,exam,high,new,after_change,0,0
5734,2026-02-06 17:54:30,Germany,ios,organic,elementary,self_development,high,new,after_change,0,0
5735,2026-02-10 02:51:13,Brazil,android,instagram_ads,intermediate,self_development,medium,new,after_change,0,0
5736,2026-02-08 19:07:47,Spain,android,paid_search,elementary,exam,high,new,after_change,0,0
5737,2026-02-05 04:43:37,Spain,android,tiktok_ads,intermediate,travel,low,new,after_change,0,0
5738,2026-02-14 00:43:08,Poland,android,organic,elementary,self_development,low,new,after_change,0,0
5739,2026-02-04 03:25:12,Spain,ios,paid_search,elementary,self_development,low,new,after_change,0,0
5740,2026-02-01 12:10:14,Italy,android,organic,beginner,self_development,high,new,after_change,1,0
5741,2026-02-11 12:02:30,Poland,android,organic,elementary,exam,medium,new,after_change,0,0
5742,2026-02-09 16:48:36,Germany,ios,referral,elementary,work,medium,new,after_change,0,0
5743,2026-02-13 11:13:15,Poland,ios,organic,beginner,work,medium,new,after_change,1,1
5744,2026-02-07 09:47:56,Poland,ios,organic,beginner,work,low,new,after_change,0,0
5745,2026-02-01 05:39:30,Brazil,android,paid_search,beginner,work,medium,new,after_change,0,0
5746,2026-02-01 06:48:27,Brazil,ios,paid_search,beginner,work,high,new,after_change,0,0
5747,2026-02-07 01:34:29,Poland,ios,blog,elementary,self_development,high,new,after_change,0,0
5748,2026-02-04 11:50:53,Spain,android,blog,elementary,work,medium,new,after_change,0,0
5749,2026-02-13 21:51:09,Germany,android,paid_search,intermediate,work,low,new,after_change,0,0
5750,2026-02-02 15:48:39,Spain,android,organic,elementary,exam,medium,new,after_change,0,0
5751,2026-02-13 07:57:11,Germany,android,instagram_ads,elementary,travel,high,new,after_change,0,0
5752,2026-02-04 00:50:34,Netherlands,ios,instagram_ads,elementary,travel,medium,new,after_change,0,0
5753,2026-02-02 16:07:08,Germany,android,instagram_ads,elementary,exam,medium,new,after_change,0,0
5754,2026-02-04 20:15:20,Netherlands,android,organic,beginner,work,low,new,after_change,0,0
5755,2026-02-03 00:25:52,Brazil,ios,organic,beginner,travel,medium,new,after_change,0,0
5756,2026-02-06 14:50:20,Poland,android,organic,beginner,work,medium,new,after_change,0,0
5757,2026-02-05 15:02:03,Brazil,android,paid_search,elementary,travel,high,new,after_change,0,0
5758,2026-02-08 09:45:26,Italy,ios,instagram_ads,beginner,travel,high,new,after_change,0,0
5759,2026-02-08 12:27:16,Italy,ios,referral,elementary,work,medium,new,after_change,0,0
5760,2026-02-01 00:19:57,Germany,ios,organic,intermediate,self_development,low,new,after_change,0,0
5761,2026-02-02 17:57:25,Netherlands,android,referral,elementary,travel,low,new,after_change,0,0
5762,2026-02-03 06:23:17,Germany,ios,organic,beginner,work,medium,new,after_change,1,0
5763,2026-02-03 17:25:38,Poland,android,organic,elementary,work,medium,new,after_change,0,0
5764,2026-02-02 07:26:17,Netherlands,ios,tiktok_ads,elementary,exam,medium,new,after_change,1,0
5765,2026-02-05 09:43:02,Spain,android,organic,intermediate,work,low,new,after_change,0,0
5766,2026-02-08 16:41:24,Germany,android,blog,elementary,exam,medium,new,after_change,1,0
5767,2026-02-05 07:47:16,Spain,ios,blog,beginner,self_development,medium,new,after_change,0,0
5768,2026-02-05 14:34:08,Poland,ios,organic,intermediate,travel,medium,new,after_change,1,1
5769,2026-02-07 13:46:13,Poland,android,organic,beginner,self_development,low,new,after_change,0,0
5770,2026-02-08 16:15:41,Germany,ios,organic,beginner,travel,medium,new,after_change,0,0
5771,2026-02-05 15:12:17,Spain,ios,blog,beginner,self_development,high,new,after_change,1,0
5772,2026-02-04 02:31:57,Spain,android,organic,beginner,exam,low,new,after_change,1,1
5773,2026-02-06 17:33:07,Netherlands,android,tiktok_ads,beginner,work,high,new,after_change,1,0
5774,2026-02-01 08:08:27,Germany,android,paid_search,beginner,work,high,new,after_change,1,1
5775,2026-02-07 21:30:14,Spain,android,instagram_ads,beginner,work,medium,new,after_change,0,0
5776,2026-02-14 04:17:57,Italy,android,organic,beginner,travel,medium,new,after_change,0,0
5777,2026-02-06 13:42:21,Brazil,android,referral,intermediate,work,low,new,after_change,0,0
5778,2026-02-02 12:23:29,Poland,ios,tiktok_ads,elementary,exam,medium,new,after_change,0,0
5779,2026-02-10 21:34:44,Brazil,android,organic,elementary,work,low,new,after_change,0,0
5780,2026-02-02 18:37:28,Brazil,android,organic,elementary,work,medium,new,after_change,0,0
5781,2026-02-03 17:03:46,Netherlands,android,instagram_ads,elementary,work,medium,new,after_change,0,0
5782,2026-02-03 01:14:23,Germany,android,instagram_ads,beginner,self_development,medium,new,after_change,0,0
5783,2026-02-13 08:54:42,Germany,android,referral,intermediate,work,high,new,after_change,1,0
5784,2026-02-14 17:42:32,Italy,android,paid_search,beginner,work,high,new,after_change,0,0
5785,2026-02-08 23:23:55,Poland,android,blog,beginner,self_development,high,new,after_change,1,1
5786,2026-02-09 15:32:01,Poland,ios,organic,intermediate,travel,high,new,after_change,1,0
5787,2026-02-10 00:52:25,Germany,ios,referral,beginner,travel,medium,new,after_change,0,0
5788,2026-02-09 13:03:26,Germany,android,blog,beginner,self_development,high,new,after_change,0,0
5789,2026-02-08 14:49:06,Germany,ios,instagram_ads,intermediate,exam,medium,new,after_change,0,0
5790,2026-02-14 19:31:50,Italy,android,blog,elementary,work,medium,new,after_change,0,0
5791,2026-02-11 06:19:56,Poland,android,paid_search,beginner,travel,medium,new,after_change,1,0
5792,2026-02-02 05:42:55,Brazil,android,tiktok_ads,intermediate,work,medium,new,after_change,0,0
5793,2026-02-06 11:41:33,Italy,android,organic,intermediate,self_development,medium,new,after_change,1,0
5794,2026-02-14 15:25:56,Germany,ios,paid_search,intermediate,work,low,new,after_change,0,0
5795,2026-02-06 15:37:48,Brazil,ios,instagram_ads,beginner,self_development,high,new,after_change,0,0
5796,2026-02-03 20:32:54,Germany,android,referral,intermediate,travel,medium,new,after_change,0,0
5797,2026-02-13 03:48:45,Spain,ios,blog,elementary,work,medium,new,after_change,0,0
5798,2026-02-09 17:21:07,Italy,android,instagram_ads,elementary,travel,low,new,after_change,0,0
5799,2026-02-08 21:01:25,Poland,ios,referral,beginner,work,medium,new,after_change,0,0
5800,2026-02-06 21:08:53,Germany,ios,referral,elementary,self_development,high,new,after_change,1,0
5801,2026-02-02 17:47:21,Germany,android,referral,beginner,travel,low,new,after_change,0,0
5802,2026-02-06 09:00:28,Netherlands,android,organic,intermediate,exam,high,new,after_change,0,0
5803,2026-02-07 02:59:32,Germany,android,instagram_ads,elementary,work,low,new,after_change,0,0
5804,2026-02-14 00:53:51,Brazil,ios,instagram_ads,elementary,work,medium,new,after_change,1,1
5805,2026-02-05 07:14:34,Netherlands,android,referral,beginner,travel,high,new,after_change,1,0
5806,2026-02-03 02:08:25,Spain,android,instagram_ads,beginner,work,medium,new,after_change,0,0
5807,2026-02-06 23:38:57,Spain,android,referral,elementary,self_development,medium,new,after_change,0,0
5808,2026-02-14 23:00:54,Germany,ios,blog,intermediate,travel,high,new,after_change,1,1
5809,2026-02-07 18:01:13,Italy,ios,instagram_ads,elementary,travel,low,new,after_change,0,0
5810,2026-02-06 07:23:09,Spain,android,referral,beginner,travel,high,new,after_change,0,0
5811,2026-02-10 08:04:23,Netherlands,android,instagram_ads,beginner,work,high,new,after_change,0,0
5812,2026-02-10 01:59:18,Spain,ios,instagram_ads,beginner,travel,high,new,after_change,0,0
5813,2026-02-05 04:33:36,Poland,ios,instagram_ads,elementary,self_development,low,new,after_change,0,0
5814,2026-02-14 13:12:59,Germany,android,blog,elementary,exam,high,new,after_change,0,0
5815,2026-02-09 07:13:46,Germany,android,referral,beginner,exam,low,new,after_change,1,0
5816,2026-02-01 19:21:14,Poland,android,tiktok_ads,beginner,travel,low,new,after_change,0,0
5817,2026-02-06 16:56:35,Poland,android,paid_search,elementary,work,medium,new,after_change,0,0
5818,2026-02-13 22:04:56,Germany,android,instagram_ads,elementary,self_development,medium,new,after_change,0,0
5819,2026-02-06 12:10:05,Spain,android,referral,beginner,work,medium,new,after_change,1,0
5820,2026-02-08 22:47:04,Italy,android,blog,elementary,exam,high,new,after_change,0,0
5821,2026-02-09 13:50:34,Germany,ios,blog,elementary,exam,medium,new,after_change,0,0
5822,2026-02-10 20:40:38,Germany,android,tiktok_ads,beginner,self_development,medium,new,after_change,1,0
5823,2026-02-13 05:05:54,Spain,android,tiktok_ads,beginner,work,high,new,after_change,0,0
5824,2026-02-03 02:07:33,Spain,android,organic,beginner,self_development,medium,new,after_change,0,0
5825,2026-02-08 05:37:35,Netherlands,ios,tiktok_ads,elementary,travel,high,new,after_change,1,0
5826,2026-02-08 11:13:05,Netherlands,android,paid_search,beginner,work,high,new,after_change,1,0
5827,2026-02-03 03:12:17,Brazil,android,referral,intermediate,exam,medium,new,after_change,0,0
5828,2026-02-10 10:18:02,Netherlands,ios,organic,elementary,work,low,new,after_change,0,0
5829,2026-02-02 15:41:57,Spain,android,blog,elementary,travel,low,new,after_change,1,0
5830,2026-02-07 09:17:56,Poland,ios,instagram_ads,intermediate,work,high,new,after_change,0,0
5831,2026-02-05 14:57:49,Germany,ios,organic,beginner,travel,medium,new,after_change,0,0
5832,2026-02-03 04:04:30,Spain,ios,instagram_ads,elementary,work,medium,new,after_change,0,0
5833,2026-02-12 12:17:58,Netherlands,android,tiktok_ads,beginner,travel,medium,new,after_change,0,0
5834,2026-02-04 10:01:26,Spain,ios,referral,beginner,work,high,new,after_change,1,1
5835,2026-02-04 13:45:37,Germany,android,tiktok_ads,elementary,work,medium,new,after_change,0,0
5836,2026-02-12 23:04:33,Spain,android,instagram_ads,beginner,travel,medium,new,after_change,0,0
5837,2026-02-13 06:47:43,Poland,android,organic,intermediate,exam,medium,new,after_change,0,0
5838,2026-02-01 11:34:56,Germany,android,referral,elementary,work,high,new,after_change,0,0
5839,2026-02-04 21:21:59,Poland,android,blog,elementary,work,medium,new,after_change,0,0
5840,2026-02-10 22:10:39,Poland,android,referral,elementary,self_development,high,new,after_change,0,0
5841,2026-02-11 21:27:16,Netherlands,ios,organic,intermediate,self_development,medium,new,after_change,0,0
5842,2026-02-14 23:47:42,Germany,ios,tiktok_ads,beginner,work,low,new,after_change,0,0
5843,2026-02-08 18:21:54,Poland,android,paid_search,elementary,work,high,new,after_change,0,0
5844,2026-02-01 02:30:51,Germany,ios,blog,beginner,work,medium,new,after_change,1,0
5845,2026-02-13 05:32:24,Italy,android,organic,beginner,work,medium,new,after_change,0,0
5846,2026-02-03 06:06:40,Poland,android,organic,beginner,travel,medium,new,after_change,0,0
5847,2026-02-02 16:35:15,Germany,android,organic,beginner,travel,medium,new,after_change,0,0
5848,2026-02-10 10:30:44,Poland,ios,tiktok_ads,beginner,self_development,medium,new,after_change,1,1
5849,2026-02-09 10:52:56,Brazil,ios,tiktok_ads,elementary,travel,medium,new,after_change,0,0
5850,2026-02-01 20:09:24,Brazil,ios,tiktok_ads,elementary,work,medium,new,after_change,0,0
5851,2026-02-03 08:52:44,Spain,android,paid_search,intermediate,travel,high,new,after_change,0,0
5852,2026-02-09 06:10:09,Netherlands,android,referral,elementary,travel,high,new,after_change,0,0
5853,2026-02-04 13:47:50,Poland,android,paid_search,intermediate,travel,medium,new,after_change,0,0
5854,2026-02-10 13:49:26,Italy,android,organic,intermediate,work,medium,new,after_change,0,0
5855,2026-02-06 18:21:08,Germany,android,tiktok_ads,intermediate,work,medium,new,after_change,0,0
5856,2026-02-09 05:37:01,Netherlands,ios,instagram_ads,beginner,self_development,medium,new,after_change,0,0
5857,2026-02-07 15:35:07,Netherlands,ios,instagram_ads,beginner,exam,medium,new,after_change,0,0
5858,2026-02-06 02:42:07,Netherlands,ios,paid_search,beginner,self_development,medium,new,after_change,0,0
5859,2026-02-05 19:02:54,Brazil,ios,tiktok_ads,beginner,work,high,new,after_change,0,0
5860,2026-02-10 18:17:12,Spain,ios,organic,intermediate,travel,low,new,after_change,0,0
5861,2026-02-08 04:50:00,Poland,android,instagram_ads,elementary,self_development,low,new,after_change,0,0
5862,2026-02-09 07:40:58,Spain,ios,paid_search,intermediate,work,low,new,after_change,0,0
5863,2026-02-09 01:58:33,Germany,ios,tiktok_ads,beginner,self_development,high,new,after_change,0,0
5864,2026-02-03 21:45:57,Brazil,ios,paid_search,intermediate,travel,medium,new,after_change,0,0
5865,2026-02-13 18:50:42,Germany,ios,organic,beginner,work,low,new,after_change,0,0
5866,2026-02-08 21:12:48,Germany,ios,paid_search,beginner,work,low,new,after_change,0,0
5867,2026-02-11 01:16:10,Germany,ios,instagram_ads,intermediate,travel,high,new,after_change,0,0
5868,2026-02-13 08:19:14,Netherlands,ios,organic,beginner,exam,high,new,after_change,0,0
5869,2026-02-13 22:42:06,Italy,android,tiktok_ads,elementary,self_development,medium,new,after_change,1,0
5870,2026-02-10 08:03:21,Brazil,ios,paid_search,beginner,self_development,high,new,after_change,1,0
5871,2026-02-12 00:28:15,Germany,ios,paid_search,intermediate,self_development,high,new,after_change,1,0
5872,2026-02-07 14:31:19,Poland,android,instagram_ads,elementary,self_development,medium,new,after_change,1,1
5873,2026-02-11 07:53:54,Germany,ios,paid_search,intermediate,self_development,high,new,after_change,0,0
5874,2026-02-05 12:03:08,Italy,android,tiktok_ads,elementary,exam,medium,new,after_change,0,0
5875,2026-02-10 23:09:31,Brazil,ios,tiktok_ads,elementary,self_development,medium,new,after_change,0,0
5876,2026-02-02 04:51:27,Germany,android,tiktok_ads,elementary,travel,high,new,after_change,0,0
5877,2026-02-13 19:11:51,Brazil,android,instagram_ads,elementary,self_development,low,new,after_change,0,0
5878,2026-02-04 10:11:40,Spain,android,paid_search,elementary,work,medium,new,after_change,0,0
5879,2026-02-10 04:36:19,Poland,ios,organic,beginner,travel,low,new,after_change,1,0
5880,2026-02-01 03:45:31,Germany,android,paid_search,elementary,work,high,new,after_change,0,0
5881,2026-02-03 04:19:13,Poland,ios,referral,beginner,self_development,medium,new,after_change,0,0
5882,2026-02-14 19:30:22,Poland,android,organic,beginner,exam,medium,new,after_change,1,1
5883,2026-02-12 16:00:38,Poland,ios,organic,elementary,travel,low,new,after_change,0,0
5884,2026-02-04 02:45:14,Italy,android,tiktok_ads,elementary,work,high,new,after_change,1,0
5885,2026-02-02 19:57:51,Germany,ios,instagram_ads,elementary,self_development,medium,new,after_change,0,0
5886,2026-02-12 09:47:53,Brazil,android,blog,intermediate,exam,high,new,after_change,0,0
5887,2026-02-14 20:41:48,Poland,ios,organic,elementary,travel,low,new,after_change,1,0
5888,2026-02-03 08:39:52,Spain,ios,referral,intermediate,exam,medium,new,after_change,0,0
5889,2026-02-10 07:05:06,Germany,android,tiktok_ads,elementary,exam,medium,new,after_change,0,0
5890,2026-02-04 23:17:23,Spain,android,referral,beginner,travel,medium,new,after_change,0,0
5891,2026-02-11 10:06:50,Germany,ios,paid_search,elementary,travel,high,new,after_change,0,0
5892,2026-02-06 20:32:28,Poland,ios,paid_search,beginner,work,high,new,after_change,0,0
5893,2026-02-02 18:07:08,Brazil,android,organic,intermediate,exam,medium,new,after_change,1,0
5894,2026-02-05 13:00:01,Netherlands,android,referral,beginner,self_development,medium,new,after_change,1,0
5895,2026-02-08 12:58:38,Italy,android,organic,beginner,self_development,medium,new,after_change,0,0
5896,2026-02-12 04:14:45,Spain,android,organic,elementary,exam,high,new,after_change,0,0
5897,2026-02-01 07:03:54,Poland,android,paid_search,beginner,work,low,new,after_change,0,0
5898,2026-02-14 09:47:05,Germany,android,referral,beginner,travel,medium,new,after_change,1,0
5899,2026-02-10 02:15:57,Germany,ios,paid_search,beginner,work,medium,new,after_change,1,0
5900,2026-02-13 06:05:56,Germany,android,paid_search,intermediate,work,medium,new,after_change,0,0
5901,2026-02-14 00:29:52,Spain,android,tiktok_ads,beginner,exam,medium,new,after_change,0,0
5902,2026-02-03 03:36:07,Spain,ios,referral,elementary,self_development,medium,new,after_change,0,0
5903,2026-02-02 07:29:36,Brazil,android,referral,elementary,travel,low,new,after_change,0,0
5904,2026-02-11 20:58:02,Germany,ios,instagram_ads,intermediate,work,high,new,after_change,0,0
5905,2026-02-03 15:07:43,Germany,ios,organic,intermediate,work,medium,new,after_change,0,0
5906,2026-02-03 01:42:36,Netherlands,android,organic,intermediate,work,medium,new,after_change,1,0
5907,2026-02-07 13:25:17,Germany,android,paid_search,beginner,travel,medium,new,after_change,0,0
5908,2026-02-13 18:53:45,Poland,ios,paid_search,elementary,work,high,new,after_change,0,0
5909,2026-02-12 03:19:25,Italy,android,paid_search,intermediate,travel,medium,new,after_change,1,0
5910,2026-02-08 06:00:25,Poland,ios,instagram_ads,beginner,work,medium,new,after_change,0,0
5911,2026-02-03 18:00:28,Netherlands,android,paid_search,beginner,self_development,medium,new,after_change,0,0
5912,2026-02-05 17:01:26,Netherlands,android,tiktok_ads,intermediate,work,medium,new,after_change,0,0
5913,2026-02-10 15:20:01,Netherlands,android,organic,beginner,travel,low,new,after_change,0,0
5914,2026-02-03 04:45:38,Italy,ios,blog,beginner,self_development,medium,new,after_change,0,0
5915,2026-02-08 08:12:00,Italy,ios,referral,beginner,travel,high,new,after_change,0,0
5916,2026-02-01 03:58:04,Spain,android,paid_search,beginner,travel,high,new,after_change,0,0
5917,2026-02-05 13:13:42,Netherlands,ios,paid_search,intermediate,self_development,medium,new,after_change,0,0
5918,2026-02-04 11:18:36,Poland,ios,blog,beginner,self_development,low,new,after_change,0,0
5919,2026-02-10 12:50:40,Germany,ios,blog,beginner,work,medium,new,after_change,0,0
5920,2026-02-13 19:06:38,Brazil,android,paid_search,beginner,exam,medium,new,after_change,0,0
5921,2026-02-03 01:13:03,Netherlands,ios,organic,elementary,work,high,new,after_change,1,1
5922,2026-02-12 03:52:48,Poland,android,blog,elementary,self_development,high,new,after_change,0,0
5923,2026-02-10 04:23:23,Spain,ios,tiktok_ads,elementary,work,medium,new,after_change,0,0
5924,2026-02-14 13:51:02,Spain,android,tiktok_ads,elementary,exam,medium,new,after_change,0,0
5925,2026-02-13 18:16:03,Germany,android,paid_search,elementary,travel,medium,new,after_change,0,0
5926,2026-02-02 09:51:21,Brazil,android,referral,beginner,travel,high,new,after_change,0,0
5927,2026-02-11 09:43:22,Italy,android,instagram_ads,beginner,travel,high,new,after_change,0,0
5928,2026-02-09 06:58:19,Italy,android,instagram_ads,intermediate,work,medium,new,after_change,0,0
5929,2026-02-02 13:59:45,Spain,ios,tiktok_ads,intermediate,work,low,new,after_change,0,0
5930,2026-02-04 14:24:09,Germany,android,paid_search,beginner,travel,high,new,after_change,0,0
5931,2026-02-13 23:27:11,Poland,android,paid_search,intermediate,travel,medium,new,after_change,0,0
5932,2026-02-08 14:25:42,Poland,android,tiktok_ads,intermediate,work,high,new,after_change,0,0
5933,2026-02-05 17:43:24,Brazil,android,tiktok_ads,intermediate,travel,high,new,after_change,0,0
5934,2026-02-05 11:40:22,Spain,android,blog,intermediate,self_development,high,new,after_change,0,0
5935,2026-02-12 17:31:22,Germany,android,instagram_ads,intermediate,self_development,medium,new,after_change,0,0
5936,2026-02-04 23:14:39,Poland,ios,paid_search,beginner,work,high,new,after_change,0,0
5937,2026-02-03 05:23:12,Netherlands,android,paid_search,beginner,self_development,medium,new,after_change,0,0
5938,2026-02-09 00:48:43,Spain,android,instagram_ads,intermediate,exam,medium,new,after_change,0,0
5939,2026-02-14 21:29:00,Italy,ios,organic,elementary,work,low,new,after_change,0,0
5940,2026-02-03 13:35:41,Netherlands,android,instagram_ads,elementary,work,medium,new,after_change,1,0
5941,2026-02-04 13:47:14,Italy,android,paid_search,beginner,travel,medium,new,after_change,0,0
5942,2026-02-07 13:37:43,Brazil,android,paid_search,beginner,travel,high,new,after_change,0,0
5943,2026-02-03 19:08:14,Brazil,android,organic,intermediate,work,medium,new,after_change,0,0
5944,2026-02-10 02:40:22,Italy,android,instagram_ads,beginner,travel,medium,new,after_change,1,0
5945,2026-02-04 13:13:01,Italy,android,organic,elementary,self_development,medium,new,after_change,0,0
5946,2026-02-02 19:04:09,Italy,android,instagram_ads,beginner,travel,low,new,after_change,1,0
5947,2026-02-04 15:47:10,Poland,android,paid_search,intermediate,work,high,new,after_change,0,0
5948,2026-02-14 00:40:46,Brazil,ios,blog,beginner,work,medium,new,after_change,0,0
5949,2026-02-14 02:07:29,Germany,ios,instagram_ads,intermediate,travel,high,new,after_change,1,1
5950,2026-02-08 01:55:24,Spain,android,referral,beginner,travel,medium,new,after_change,0,0
5951,2026-02-06 14:33:13,Italy,android,referral,intermediate,work,medium,new,after_change,0,0
5952,2026-02-12 11:21:41,Spain,android,referral,beginner,travel,low,new,after_change,0,0
5953,2026-02-03 17:16:21,Poland,ios,referral,intermediate,travel,medium,new,after_change,0,0
5954,2026-02-10 03:42:44,Italy,ios,organic,elementary,travel,medium,new,after_change,0,0
5955,2026-02-10 12:29:50,Italy,android,paid_search,beginner,work,medium,new,after_change,0,0
5956,2026-02-10 22:33:37,Italy,ios,tiktok_ads,beginner,self_development,high,new,after_change,1,0
5957,2026-02-04 01:13:46,Brazil,android,instagram_ads,elementary,self_development,medium,new,after_change,0,0
5958,2026-02-11 00:37:11,Brazil,ios,instagram_ads,elementary,work,high,new,after_change,0,0
5959,2026-02-09 13:37:45,Italy,android,tiktok_ads,beginner,exam,medium,new,after_change,0,0
5960,2026-02-13 06:02:00,Germany,android,organic,beginner,self_development,medium,new,after_change,1,0
5961,2026-02-03 10:35:44,Germany,ios,organic,intermediate,work,medium,new,after_change,1,0
5962,2026-02-09 14:10:17,Italy,android,tiktok_ads,elementary,self_development,high,new,after_change,1,0
5963,2026-02-12 14:45:31,Netherlands,ios,instagram_ads,elementary,self_development,medium,new,after_change,0,0
5964,2026-02-04 21:28:51,Brazil,android,referral,elementary,travel,low,new,after_change,0,0
5965,2026-02-11 09:54:34,Germany,android,tiktok_ads,beginner,work,high,new,after_change,0,0
5966,2026-02-02 09:26:06,Brazil,android,organic,beginner,self_development,high,new,after_change,0,0
5967,2026-02-11 01:16:52,Italy,ios,organic,beginner,travel,medium,new,after_change,0,0
5968,2026-02-09 11:42:00,Netherlands,ios,paid_search,intermediate,travel,medium,new,after_change,0,0
5969,2026-02-03 16:41:50,Spain,ios,paid_search,beginner,travel,medium,new,after_change,0,0
5970,2026-02-01 22:17:40,Brazil,android,tiktok_ads,elementary,travel,low,new,after_change,1,0
5971,2026-02-11 10:29:03,Italy,ios,tiktok_ads,beginner,travel,medium,new,after_change,0,0
5972,2026-02-04 09:04:28,Italy,android,referral,beginner,work,low,new,after_change,0,0
5973,2026-02-07 23:08:30,Spain,ios,instagram_ads,elementary,self_development,low,new,after_change,0,0
5974,2026-02-01 20:23:51,Netherlands,android,paid_search,elementary,travel,high,new,after_change,0,0
5975,2026-02-14 11:44:03,Germany,android,instagram_ads,intermediate,self_development,high,new,after_change,0,0
5976,2026-02-08 16:25:34,Brazil,ios,organic,beginner,self_development,low,new,after_change,0,0
5977,2026-02-14 01:00:39,Germany,android,organic,intermediate,work,low,new,after_change,0,0
5978,2026-02-03 05:52:24,Brazil,android,instagram_ads,intermediate,self_development,medium,new,after_change,0,0
5979,2026-02-03 21:08:47,Brazil,android,paid_search,intermediate,work,high,new,after_change,0,0
5980,2026-02-09 13:05:48,Spain,android,organic,beginner,travel,high,new,after_change,1,0
5981,2026-02-09 11:06:37,Germany,android,tiktok_ads,elementary,travel,low,new,after_change,0,0
5982,2026-02-12 01:43:50,Germany,android,tiktok_ads,intermediate,work,high,new,after_change,0,0
5983,2026-02-13 23:49:37,Germany,android,organic,elementary,self_development,low,new,after_change,0,0
5984,2026-02-12 12:09:06,Poland,ios,tiktok_ads,beginner,travel,medium,new,after_change,1,0
5985,2026-02-02 23:06:49,Germany,android,organic,intermediate,work,low,new,after_change,1,0
5986,2026-02-05 08:00:23,Germany,android,instagram_ads,intermediate,self_development,high,new,after_change,1,0
5987,2026-02-13 19:02:40,Italy,ios,instagram_ads,elementary,self_development,low,new,after_change,0,0
5988,2026-02-08 16:26:55,Germany,android,instagram_ads,beginner,self_development,medium,new,after_change,0,0
5989,2026-02-13 03:19:00,Italy,ios,tiktok_ads,elementary,travel,medium,new,after_change,0,0
5990,2026-02-08 21:10:17,Netherlands,ios,paid_search,elementary,travel,high,new,after_change,1,0
5991,2026-02-01 16:42:46,Poland,android,organic,beginner,travel,high,new,after_change,0,0
5992,2026-02-07 14:53:24,Brazil,ios,instagram_ads,elementary,travel,high,new,after_change,1,1
5993,2026-02-12 13:05:08,Germany,android,paid_search,beginner,self_development,medium,new,after_change,1,1
5994,2026-02-10 04:07:05,Poland,ios,organic,beginner,exam,high,new,after_change,0,0
5995,2026-02-02 20:36:49,Poland,android,instagram_ads,intermediate,self_development,medium,new,after_change,0,0
5996,2026-02-03 22:35:21,Spain,android,organic,beginner,work,high,new,after_change,0,0
5997,2026-02-12 23:04:10,Poland,android,instagram_ads,beginner,work,medium,new,after_change,0,0
5998,2026-02-14 17:01:32,Brazil,android,instagram_ads,intermediate,travel,high,new,after_change,0,0
5999,2026-02-11 12:58:15,Italy,ios,referral,elementary,work,low,new,after_change,0,0
6000,2026-02-02 08:57:17,Poland,ios,referral,intermediate,self_development,high,new,after_change,0,0
6001,2026-02-09 16:02:58,Germany,android,tiktok_ads,beginner,exam,low,new,after_change,0,0
6002,2026-02-12 14:37:05,Poland,android,referral,elementary,self_development,medium,new,after_change,0,0
6003,2026-02-09 23:06:19,Italy,android,instagram_ads,beginner,self_development,high,new,after_change,0,0
6004,2026-02-09 07:36:58,Poland,android,tiktok_ads,beginner,travel,low,new,after_change,0,0
6005,2026-02-07 13:01:56,Germany,ios,referral,beginner,travel,high,new,after_change,0,0
6006,2026-02-04 10:16:16,Poland,ios,referral,elementary,exam,medium,new,after_change,1,0
6007,2026-02-04 22:20:14,Netherlands,android,tiktok_ads,elementary,work,medium,new,after_change,0,0
6008,2026-02-11 10:32:48,Spain,android,blog,beginner,travel,low,new,after_change,0,0
6009,2026-02-01 23:27:24,Italy,android,instagram_ads,intermediate,travel,high,new,after_change,1,0
6010,2026-02-02 04:23:08,Brazil,android,blog,intermediate,self_development,high,new,after_change,0,0
6011,2026-02-06 13:16:47,Poland,android,paid_search,beginner,self_development,low,new,after_change,0,0
6012,2026-02-11 20:12:15,Netherlands,android,organic,intermediate,work,high,new,after_change,0,0
6013,2026-02-10 04:45:49,Spain,ios,organic,elementary,exam,medium,new,after_change,0,0
6014,2026-02-09 06:14:06,Italy,android,instagram_ads,elementary,travel,low,new,after_change,0,0
6015,2026-02-08 11:28:06,Brazil,ios,organic,elementary,travel,high,new,after_change,0,0
6016,2026-02-02 13:12:43,Brazil,android,organic,elementary,work,high,new,after_change,0,0
6017,2026-02-05 15:28:58,Spain,android,paid_search,beginner,travel,high,new,after_change,0,0
6018,2026-02-02 02:42:49,Germany,ios,instagram_ads,elementary,self_development,low,new,after_change,0,0
6019,2026-02-11 14:44:27,Netherlands,ios,organic,beginner,travel,low,new,after_change,1,0
6020,2026-02-11 12:16:51,Spain,android,instagram_ads,beginner,work,low,new,after_change,0,0
6021,2026-02-04 14:43:11,Italy,android,tiktok_ads,elementary,self_development,medium,new,after_change,0,0
6022,2026-02-05 02:25:35,Italy,ios,tiktok_ads,beginner,travel,medium,new,after_change,0,0
6023,2026-02-05 10:39:53,Poland,android,tiktok_ads,elementary,work,low,new,after_change,1,0
6024,2026-02-13 10:48:19,Germany,android,paid_search,elementary,work,low,new,after_change,0,0
6025,2026-02-07 20:08:41,Poland,ios,blog,beginner,travel,high,new,after_change,0,0
6026,2026-02-11 16:03:23,Germany,android,referral,intermediate,travel,high,new,after_change,0,0
6027,2026-02-07 06:48:21,Poland,android,paid_search,beginner,self_development,medium,new,after_change,0,0
6028,2026-02-10 18:35:30,Brazil,android,organic,elementary,work,medium,new,after_change,0,0
6029,2026-02-08 09:31:03,Italy,android,instagram_ads,beginner,travel,medium,new,after_change,0,0
6030,2026-02-04 21:36:41,Spain,android,referral,beginner,work,high,new,after_change,0,0
6031,2026-02-13 06:26:11,Germany,android,referral,intermediate,self_development,low,new,after_change,0,0
6032,2026-02-10 22:12:19,Italy,ios,referral,intermediate,exam,medium,new,after_change,1,0
6033,2026-02-11 18:29:51,Brazil,android,blog,beginner,self_development,high,new,after_change,0,0
6034,2026-02-14 06:34:39,Poland,android,tiktok_ads,beginner,self_development,medium,new,after_change,0,0
6035,2026-02-04 11:35:12,Italy,ios,organic,elementary,travel,low,new,after_change,0,0
6036,2026-02-02 06:45:50,Brazil,android,organic,beginner,travel,medium,new,after_change,0,0
6037,2026-02-09 03:38:36,Brazil,android,organic,intermediate,work,low,new,after_change,0,0
6038,2026-02-05 13:35:26,Brazil,ios,organic,beginner,work,low,new,after_change,0,0
6039,2026-02-07 02:25:16,Poland,ios,organic,beginner,work,high,new,after_change,1,0
6040,2026-02-04 06:50:59,Italy,android,instagram_ads,beginner,exam,medium,new,after_change,0,0
6041,2026-02-06 13:53:07,Spain,ios,referral,beginner,travel,high,new,after_change,0,0
6042,2026-02-06 12:07:55,Poland,android,organic,intermediate,self_development,medium,new,after_change,1,1
6043,2026-02-05 21:47:12,Spain,ios,referral,elementary,work,medium,new,after_change,0,0
6044,2026-02-11 09:25:25,Netherlands,android,blog,beginner,exam,medium,new,after_change,0,0
6045,2026-02-09 07:07:52,Poland,android,organic,beginner,work,medium,new,after_change,0,0
6046,2026-02-07 15:20:43,Italy,android,organic,beginner,exam,high,new,after_change,0,0
6047,2026-02-02 13:52:20,Brazil,android,instagram_ads,elementary,self_development,high,new,after_change,0,0
6048,2026-02-08 23:45:55,Spain,ios,referral,elementary,travel,medium,new,after_change,0,0
6049,2026-02-03 10:48:25,Germany,ios,tiktok_ads,beginner,work,high,new,after_change,1,1
6050,2026-02-05 09:33:21,Germany,android,organic,elementary,exam,high,new,after_change,0,0
6051,2026-02-06 19:24:30,Spain,ios,tiktok_ads,elementary,self_development,low,new,after_change,0,0
6052,2026-02-02 23:28:23,Poland,android,referral,intermediate,exam,medium,new,after_change,0,0
6053,2026-02-06 10:52:06,Spain,android,paid_search,elementary,travel,medium,new,after_change,0,0
6054,2026-02-04 17:41:22,Spain,ios,tiktok_ads,beginner,exam,high,new,after_change,0,0
6055,2026-02-12 21:31:13,Poland,ios,instagram_ads,beginner,exam,low,new,after_change,0,0
6056,2026-02-13 00:51:09,Germany,android,organic,intermediate,travel,low,new,after_change,0,0
6057,2026-02-01 01:32:05,Germany,ios,blog,beginner,exam,medium,new,after_change,0,0
6058,2026-02-09 10:24:43,Italy,android,organic,beginner,work,high,new,after_change,0,0
6059,2026-02-09 23:13:30,Germany,ios,referral,elementary,travel,low,new,after_change,1,1
6060,2026-02-06 07:00:15,Spain,android,tiktok_ads,elementary,travel,medium,new,after_change,0,0
6061,2026-02-07 13:37:30,Brazil,android,organic,elementary,self_development,low,new,after_change,0,0
6062,2026-02-12 01:24:30,Germany,android,tiktok_ads,elementary,travel,medium,new,after_change,0,0
6063,2026-02-06 06:59:43,Spain,android,organic,beginner,travel,low,new,after_change,0,0
6064,2026-02-01 21:39:27,Germany,ios,organic,elementary,exam,medium,new,after_change,1,0
6065,2026-02-06 05:09:45,Spain,android,paid_search,intermediate,travel,medium,new,after_change,0,0
6066,2026-02-04 13:18:26,Italy,ios,referral,beginner,travel,medium,new,after_change,1,1
6067,2026-02-06 08:35:40,Spain,ios,blog,beginner,self_development,medium,new,after_change,0,0
6068,2026-02-04 05:18:52,Spain,ios,paid_search,intermediate,work,medium,new,after_change,0,0
6069,2026-02-03 02:21:26,Spain,android,instagram_ads,beginner,travel,medium,new,after_change,0,0
6070,2026-02-14 19:04:56,Italy,android,blog,beginner,travel,medium,new,after_change,1,1
6071,2026-02-02 19:17:57,Germany,ios,tiktok_ads,beginner,travel,medium,new,after_change,0,0
6072,2026-02-10 21:14:56,Poland,android,organic,elementary,exam,high,new,after_change,0,0
6073,2026-02-11 01:06:20,Spain,android,paid_search,elementary,work,medium,new,after_change,1,1
6074,2026-02-09 15:34:33,Italy,ios,paid_search,elementary,travel,medium,new,after_change,0,0
6075,2026-02-13 18:14:57,Spain,ios,paid_search,beginner,self_development,high,new,after_change,0,0
6076,2026-02-01 01:40:29,Germany,ios,instagram_ads,beginner,exam,high,new,after_change,1,1
6077,2026-02-05 05:20:50,Brazil,ios,tiktok_ads,elementary,self_development,medium,new,after_change,0,0
6078,2026-02-03 13:55:41,Germany,android,tiktok_ads,beginner,exam,medium,new,after_change,0,0
6079,2026-02-09 01:50:49,Poland,android,paid_search,elementary,self_development,low,new,after_change,0,0
6080,2026-02-09 21:32:30,Netherlands,ios,tiktok_ads,elementary,work,medium,new,after_change,1,1
6081,2026-02-13 13:41:41,Netherlands,android,instagram_ads,intermediate,travel,medium,new,after_change,1,0
6082,2026-02-06 07:35:08,Germany,ios,tiktok_ads,beginner,travel,high,new,after_change,0,0
6083,2026-02-04 07:15:43,Poland,android,organic,beginner,travel,high,new,after_change,1,0
6084,2026-02-13 22:33:29,Spain,android,paid_search,elementary,self_development,medium,new,after_change,0,0
6085,2026-02-10 10:07:26,Italy,ios,paid_search,elementary,exam,medium,new,after_change,1,0
6086,2026-02-11 16:56:50,Poland,android,paid_search,beginner,travel,medium,new,after_change,0,0
6087,2026-02-07 05:30:46,Netherlands,ios,tiktok_ads,intermediate,travel,medium,new,after_change,0,0
6088,2026-02-07 06:19:15,Poland,android,instagram_ads,elementary,exam,high,new,after_change,0,0
6089,2026-02-06 10:43:10,Netherlands,ios,paid_search,elementary,work,medium,new,after_change,0,0
6090,2026-02-11 11:50:13,Brazil,android,instagram_ads,elementary,self_development,high,new,after_change,0,0
6091,2026-02-03 22:46:00,Germany,android,tiktok_ads,elementary,self_development,medium,new,after_change,0,0
6092,2026-02-14 15:44:09,Netherlands,android,tiktok_ads,beginner,self_development,medium,new,after_change,0,0
6093,2026-02-03 11:06:39,Spain,android,tiktok_ads,beginner,travel,medium,new,after_change,0,0
6094,2026-02-07 10:53:22,Germany,android,referral,beginner,exam,medium,new,after_change,0,0
6095,2026-02-05 09:42:36,Poland,ios,tiktok_ads,elementary,work,medium,new,after_change,0,0
6096,2026-02-09 23:53:19,Germany,android,organic,elementary,self_development,low,new,after_change,0,0
6097,2026-02-10 12:42:44,Netherlands,android,referral,elementary,travel,high,new,after_change,1,1
6098,2026-02-13 20:40:16,Germany,android,paid_search,beginner,exam,low,new,after_change,0,0
6099,2026-02-12 01:10:37,Spain,android,tiktok_ads,elementary,work,medium,new,after_change,0,0
6100,2026-02-04 11:33:16,Poland,ios,blog,beginner,work,medium,new,after_change,0,0
6101,2026-02-03 21:26:12,Germany,ios,paid_search,intermediate,travel,high,new,after_change,1,0
6102,2026-02-13 09:53:00,Netherlands,ios,paid_search,elementary,travel,high,new,after_change,0,0
6103,2026-02-07 19:55:28,Netherlands,ios,organic,elementary,self_development,low,new,after_change,1,0
6104,2026-02-02 08:46:30,Poland,android,blog,beginner,travel,high,new,after_change,1,1
6105,2026-02-12 13:11:24,Germany,ios,paid_search,beginner,work,medium,new,after_change,1,0
6106,2026-02-10 01:52:42,Poland,android,referral,elementary,work,high,new,after_change,1,0
6107,2026-02-01 08:35:30,Brazil,android,organic,beginner,work,high,new,after_change,0,0
6108,2026-02-11 23:02:01,Spain,android,organic,elementary,exam,low,new,after_change,0,0
6109,2026-02-09 12:04:41,Spain,ios,organic,beginner,work,medium,new,after_change,0,0
6110,2026-02-09 14:30:27,Spain,ios,referral,elementary,work,medium,new,after_change,0,0
6111,2026-02-13 02:37:08,Brazil,android,organic,beginner,travel,high,new,after_change,0,0
6112,2026-02-07 22:29:58,Germany,ios,blog,beginner,work,high,new,after_change,1,0
6113,2026-02-07 10:59:07,Spain,android,tiktok_ads,elementary,work,medium,new,after_change,0,0
6114,2026-02-09 15:25:43,Netherlands,android,blog,elementary,self_development,high,new,after_change,0,0
6115,2026-02-03 18:27:17,Brazil,ios,paid_search,beginner,travel,high,new,after_change,0,0
6116,2026-02-03 02:57:32,Germany,android,instagram_ads,elementary,work,medium,new,after_change,0,0
6117,2026-02-12 19:30:33,Spain,ios,organic,elementary,travel,high,new,after_change,1,0
6118,2026-02-04 00:25:54,Brazil,ios,instagram_ads,elementary,travel,low,new,after_change,0,0
6119,2026-02-08 01:27:34,Netherlands,android,instagram_ads,elementary,work,medium,new,after_change,0,0
6120,2026-02-04 18:41:10,Italy,ios,organic,beginner,self_development,high,new,after_change,1,0
6121,2026-02-04 05:26:01,Brazil,ios,blog,beginner,work,medium,new,after_change,1,1
6122,2026-02-09 08:51:13,Netherlands,android,organic,beginner,travel,medium,new,after_change,0,0
6123,2026-02-12 05:35:37,Germany,android,paid_search,intermediate,self_development,medium,new,after_change,0,0
6124,2026-02-07 04:28:43,Italy,android,instagram_ads,beginner,exam,low,new,after_change,0,0
6125,2026-02-02 22:36:45,Spain,android,instagram_ads,beginner,work,medium,new,after_change,0,0
6126,2026-02-04 10:08:37,Spain,android,organic,beginner,exam,high,new,after_change,0,0
6127,2026-02-03 07:17:48,Germany,android,blog,elementary,exam,medium,new,after_change,1,1
6128,2026-02-13 08:37:26,Germany,ios,organic,beginner,self_development,medium,new,after_change,0,0
6129,2026-02-05 11:21:43,Poland,ios,instagram_ads,elementary,travel,high,new,after_change,0,0
6130,2026-02-06 05:38:15,Germany,android,organic,beginner,work,low,new,after_change,0,0
6131,2026-02-01 23:52:06,Spain,ios,organic,elementary,exam,high,new,after_change,1,0
6132,2026-02-07 05:51:59,Germany,ios,instagram_ads,intermediate,self_development,high,new,after_change,0,0
6133,2026-02-13 19:04:43,Italy,android,referral,beginner,exam,low,new,after_change,0,0
6134,2026-02-06 17:39:34,Poland,android,instagram_ads,intermediate,travel,high,new,after_change,0,0
6135,2026-02-10 02:49:04,Italy,android,paid_search,intermediate,self_development,high,new,after_change,1,1
6136,2026-02-03 13:07:58,Poland,ios,organic,beginner,work,high,new,after_change,0,0
6137,2026-02-03 00:01:40,Italy,android,blog,elementary,work,medium,new,after_change,0,0
6138,2026-02-11 05:49:36,Brazil,ios,organic,elementary,travel,medium,new,after_change,1,0
6139,2026-02-01 22:05:14,Germany,android,instagram_ads,intermediate,self_development,medium,new,after_change,0,0
6140,2026-02-07 06:40:55,Spain,android,organic,elementary,work,medium,new,after_change,0,0
6141,2026-02-05 10:24:45,Spain,android,organic,elementary,self_development,medium,new,after_change,0,0
6142,2026-02-01 05:27:44,Poland,android,organic,beginner,work,low,new,after_change,0,0
6143,2026-02-08 10:29:07,Germany,ios,organic,intermediate,travel,low,new,after_change,1,0
6144,2026-02-14 11:54:30,Germany,android,instagram_ads,beginner,self_development,high,new,after_change,0,0
6145,2026-02-01 23:14:01,Netherlands,ios,paid_search,elementary,travel,low,new,after_change,0,0
6146,2026-02-12 10:05:47,Germany,ios,referral,beginner,travel,medium,new,after_change,0,0
6147,2026-02-08 13:09:50,Germany,ios,organic,elementary,self_development,low,new,after_change,0,0
6148,2026-02-11 03:06:57,Germany,android,paid_search,elementary,self_development,medium,new,after_change,0,0
6149,2026-02-02 08:26:25,Netherlands,ios,paid_search,beginner,self_development,high,new,after_change,1,1
6150,2026-02-13 04:00:53,Germany,android,organic,elementary,travel,medium,new,after_change,1,0
6151,2026-02-01 03:50:09,Germany,android,organic,intermediate,exam,medium,new,after_change,1,0
6152,2026-02-13 16:41:14,Germany,android,organic,beginner,work,low,new,after_change,0,0
6153,2026-02-10 05:01:22,Poland,ios,organic,beginner,work,medium,new,after_change,0,0
6154,2026-02-05 17:23:47,Germany,android,paid_search,beginner,work,medium,new,after_change,1,1
6155,2026-02-01 02:23:10,Germany,ios,organic,beginner,work,medium,new,after_change,1,0
6156,2026-02-09 13:16:55,Italy,ios,paid_search,intermediate,work,medium,new,after_change,1,0
6157,2026-02-02 05:22:41,Poland,android,paid_search,beginner,work,medium,new,after_change,0,0
6158,2026-02-09 12:33:33,Germany,android,paid_search,elementary,travel,medium,new,after_change,0,0
6159,2026-02-11 19:46:36,Germany,ios,organic,beginner,self_development,low,new,after_change,0,0
6160,2026-02-04 17:48:45,Germany,ios,instagram_ads,beginner,self_development,medium,new,after_change,0,0
6161,2026-02-04 08:12:38,Poland,ios,paid_search,elementary,work,medium,new,after_change,0,0
6162,2026-02-04 02:34:33,Germany,android,blog,beginner,self_development,low,new,after_change,0,0
6163,2026-02-04 03:32:44,Italy,ios,organic,intermediate,self_development,medium,new,after_change,1,0
6164,2026-02-02 14:16:22,Poland,ios,organic,beginner,self_development,medium,new,after_change,0,0
6165,2026-02-04 11:53:59,Netherlands,ios,referral,elementary,self_development,low,new,after_change,0,0
6166,2026-02-10 05:31:46,Germany,ios,paid_search,elementary,work,medium,new,after_change,0,0
6167,2026-02-05 05:38:44,Italy,android,organic,elementary,self_development,medium,new,after_change,0,0
6168,2026-02-11 22:23:19,Poland,android,referral,elementary,travel,low,new,after_change,0,0
6169,2026-02-12 11:16:52,Poland,android,instagram_ads,beginner,self_development,medium,new,after_change,0,0
6170,2026-02-11 15:40:48,Germany,ios,instagram_ads,elementary,work,medium,new,after_change,0,0
6171,2026-02-08 13:16:54,Poland,android,organic,elementary,exam,high,new,after_change,1,0
6172,2026-02-05 10:16:06,Poland,ios,paid_search,elementary,travel,high,new,after_change,0,0
6173,2026-02-14 00:26:39,Italy,android,paid_search,beginner,travel,low,new,after_change,0,0
6174,2026-02-03 20:58:02,Netherlands,ios,tiktok_ads,beginner,travel,low,new,after_change,1,0
6175,2026-02-07 12:04:30,Brazil,android,paid_search,beginner,travel,low,new,after_change,0,0
6176,2026-02-07 08:24:51,Spain,ios,instagram_ads,beginner,work,low,new,after_change,0,0
6177,2026-02-11 10:31:04,Poland,android,blog,beginner,travel,low,new,after_change,0,0
6178,2026-02-08 15:43:45,Italy,ios,blog,beginner,self_development,medium,new,after_change,0,0
6179,2026-02-12 04:38:12,Netherlands,android,organic,beginner,self_development,high,new,after_change,0,0
6180,2026-02-13 20:48:47,Germany,android,instagram_ads,beginner,work,medium,new,after_change,0,0
6181,2026-02-06 11:15:00,Germany,ios,tiktok_ads,beginner,self_development,low,new,after_change,0,0
6182,2026-02-13 05:56:26,Netherlands,android,referral,intermediate,work,medium,new,after_change,1,0
6183,2026-02-03 09:00:49,Poland,ios,blog,intermediate,self_development,low,new,after_change,0,0
6184,2026-02-13 19:47:44,Germany,android,tiktok_ads,beginner,exam,low,new,after_change,0,0
6185,2026-02-03 11:48:15,Spain,ios,tiktok_ads,beginner,exam,high,new,after_change,0,0
6186,2026-02-12 21:41:17,Italy,android,organic,beginner,travel,medium,new,after_change,0,0
6187,2026-02-06 11:07:23,Brazil,android,instagram_ads,intermediate,self_development,medium,new,after_change,0,0
6188,2026-02-14 12:05:57,Germany,android,instagram_ads,intermediate,self_development,medium,new,after_change,0,0
6189,2026-02-02 19:24:33,Spain,android,tiktok_ads,beginner,travel,high,new,after_change,0,0
6190,2026-02-07 12:24:28,Spain,android,instagram_ads,beginner,travel,medium,new,after_change,0,0
6191,2026-02-13 15:01:54,Germany,android,paid_search,beginner,self_development,medium,new,after_change,1,0
6192,2026-02-01 15:57:03,Netherlands,ios,instagram_ads,beginner,self_development,medium,new,after_change,1,0
6193,2026-02-04 17:02:41,Netherlands,android,blog,beginner,exam,low,new,after_change,0,0
6194,2026-02-02 04:04:36,Netherlands,ios,paid_search,elementary,travel,medium,new,after_change,0,0
6195,2026-02-05 11:56:52,Netherlands,android,referral,beginner,work,medium,new,after_change,1,0
6196,2026-02-06 11:07:58,Germany,ios,instagram_ads,beginner,travel,high,new,after_change,0,0
6197,2026-02-09 15:56:50,Germany,android,paid_search,elementary,self_development,high,new,after_change,0,0
6198,2026-02-04 14:34:58,Germany,android,paid_search,elementary,travel,medium,new,after_change,0,0
6199,2026-02-03 05:19:04,Germany,android,instagram_ads,beginner,work,low,new,after_change,0,0
6200,2026-02-03 09:06:00,Poland,ios,referral,elementary,work,medium,new,after_change,0,0
6201,2026-02-14 03:18:13,Germany,ios,organic,beginner,exam,low,new,after_change,0,0
6202,2026-02-14 08:16:35,Netherlands,android,blog,beginner,self_development,medium,new,after_change,1,1
6203,2026-02-04 02:23:30,Germany,android,referral,beginner,work,medium,new,after_change,0,0
6204,2026-02-03 17:39:39,Germany,android,paid_search,beginner,travel,medium,new,after_change,0,0
6205,2026-02-01 18:12:35,Germany,android,organic,beginner,travel,medium,new,after_change,0,0
6206,2026-02-14 10:21:05,Brazil,ios,organic,elementary,exam,medium,new,after_change,0,0
6207,2026-02-10 21:15:59,Netherlands,android,organic,intermediate,travel,high,new,after_change,1,0
6208,2026-02-11 15:38:30,Poland,android,organic,beginner,exam,medium,new,after_change,1,0
6209,2026-02-05 01:37:58,Germany,ios,organic,beginner,work,high,new,after_change,0,0
6210,2026-02-09 23:21:27,Netherlands,android,blog,beginner,work,medium,new,after_change,0,0
6211,2026-02-01 20:05:45,Poland,ios,tiktok_ads,beginner,travel,low,new,after_change,0,0
6212,2026-02-10 11:08:32,Spain,ios,referral,intermediate,self_development,high,new,after_change,0,0
6213,2026-02-09 02:45:52,Germany,ios,instagram_ads,beginner,exam,medium,new,after_change,1,0
6214,2026-02-05 15:22:31,Germany,android,instagram_ads,elementary,work,low,new,after_change,0,0
6215,2026-02-10 22:43:03,Germany,android,referral,elementary,work,medium,new,after_change,1,0
6216,2026-02-10 01:11:58,Italy,ios,paid_search,intermediate,work,medium,new,after_change,0,0
6217,2026-02-07 03:30:12,Spain,android,tiktok_ads,beginner,work,medium,new,after_change,0,0
6218,2026-02-03 14:43:42,Brazil,android,referral,beginner,self_development,low,new,after_change,0,0
6219,2026-02-01 07:55:05,Poland,ios,blog,beginner,work,low,new,after_change,0,0
6220,2026-02-14 03:04:08,Spain,ios,paid_search,elementary,travel,high,new,after_change,1,0
6221,2026-02-04 22:32:12,Netherlands,ios,referral,elementary,self_development,low,new,after_change,0,0
6222,2026-02-05 05:24:09,Germany,ios,instagram_ads,elementary,work,high,new,after_change,0,0
6223,2026-02-10 12:50:17,Brazil,android,paid_search,beginner,travel,high,new,after_change,0,0
6224,2026-02-04 13:44:33,Germany,android,paid_search,beginner,travel,medium,new,after_change,0,0
6225,2026-02-06 06:15:12,Germany,ios,instagram_ads,elementary,work,low,new,after_change,0,0
6226,2026-02-10 22:57:02,Spain,android,paid_search,beginner,exam,high,new,after_change,0,0
6227,2026-02-09 08:02:46,Poland,ios,organic,intermediate,self_development,medium,new,after_change,0,0
6228,2026-02-10 04:34:00,Netherlands,ios,organic,intermediate,travel,high,new,after_change,0,0
6229,2026-02-01 01:34:09,Poland,ios,referral,beginner,work,medium,new,after_change,0,0
6230,2026-02-07 07:38:11,Germany,ios,referral,elementary,travel,medium,new,after_change,0,0
6231,2026-02-07 15:41:24,Italy,ios,referral,beginner,work,medium,new,after_change,0,0
6232,2026-02-09 20:30:06,Germany,ios,instagram_ads,intermediate,self_development,high,new,after_change,0,0
6233,2026-02-03 02:53:24,Poland,ios,blog,elementary,travel,high,new,after_change,0,0
6234,2026-02-03 05:35:22,Poland,android,instagram_ads,beginner,self_development,medium,new,after_change,0,0
6235,2026-02-11 16:10:37,Netherlands,android,instagram_ads,elementary,travel,high,new,after_change,0,0
6236,2026-02-10 10:14:17,Spain,ios,instagram_ads,beginner,self_development,high,new,after_change,0,0
6237,2026-02-12 08:33:26,Poland,android,paid_search,beginner,exam,medium,new,after_change,0,0
6238,2026-02-04 18:55:30,Poland,ios,instagram_ads,beginner,work,medium,new,after_change,0,0
6239,2026-02-14 23:11:40,Germany,android,paid_search,beginner,self_development,low,new,after_change,0,0
6240,2026-02-04 19:40:22,Poland,ios,blog,beginner,exam,high,new,after_change,0,0
6241,2026-02-10 02:43:24,Germany,android,organic,intermediate,self_development,medium,new,after_change,0,0
6242,2026-02-03 06:29:32,Brazil,ios,organic,elementary,work,low,new,after_change,0,0
6243,2026-02-13 20:37:01,Netherlands,ios,paid_search,intermediate,exam,medium,new,after_change,0,0
6244,2026-02-05 15:40:43,Poland,android,organic,beginner,travel,medium,new,after_change,0,0
6245,2026-02-12 05:37:57,Brazil,android,blog,intermediate,exam,high,new,after_change,0,0
6246,2026-02-05 15:18:01,Germany,android,instagram_ads,elementary,self_development,medium,new,after_change,0,0
6247,2026-02-12 01:43:29,Brazil,android,paid_search,elementary,exam,low,new,after_change,0,0
6248,2026-02-07 08:36:14,Germany,ios,tiktok_ads,intermediate,self_development,medium,new,after_change,0,0
6249,2026-02-01 20:59:48,Brazil,android,instagram_ads,elementary,self_development,low,new,after_change,0,0
6250,2026-02-03 15:58:51,Brazil,ios,organic,elementary,travel,medium,new,after_change,0,0
6251,2026-02-10 13:38:08,Poland,android,paid_search,intermediate,exam,medium,new,after_change,0,0
6252,2026-02-03 16:51:01,Germany,android,paid_search,beginner,self_development,medium,new,after_change,0,0
6253,2026-02-04 20:30:25,Germany,ios,tiktok_ads,beginner,travel,low,new,after_change,0,0
6254,2026-02-08 14:01:26,Brazil,android,referral,intermediate,travel,medium,new,after_change,0,0
6255,2026-02-04 13:01:27,Germany,ios,paid_search,intermediate,travel,medium,new,after_change,0,0
6256,2026-02-02 19:18:10,Germany,ios,instagram_ads,elementary,self_development,medium,new,after_change,0,0
6257,2026-02-09 17:45:50,Spain,android,tiktok_ads,elementary,self_development,low,new,after_change,0,0
6258,2026-02-10 15:28:09,Brazil,ios,paid_search,intermediate,self_development,medium,new,after_change,0,0
6259,2026-02-11 06:18:15,Germany,ios,instagram_ads,elementary,work,high,new,after_change,1,0
6260,2026-02-14 05:09:58,Brazil,android,paid_search,beginner,exam,medium,new,after_change,1,1
6261,2026-02-02 17:49:47,Poland,ios,paid_search,elementary,travel,medium,new,after_change,0,0
6262,2026-02-06 23:24:11,Brazil,ios,paid_search,beginner,self_development,medium,new,after_change,1,0
6263,2026-02-04 06:37:21,Spain,ios,paid_search,beginner,self_development,low,new,after_change,1,0
6264,2026-02-13 14:46:16,Germany,android,instagram_ads,intermediate,work,medium,new,after_change,0,0
6265,2026-02-08 13:22:12,Germany,ios,tiktok_ads,elementary,travel,high,new,after_change,1,1
6266,2026-02-02 09:02:03,Brazil,android,paid_search,elementary,self_development,low,new,after_change,0,0
6267,2026-02-10 16:33:41,Netherlands,ios,blog,elementary,self_development,medium,new,after_change,0,0
6268,2026-02-01 14:26:01,Germany,android,organic,beginner,self_development,high,new,after_change,1,0
6269,2026-02-04 20:07:19,Germany,ios,paid_search,elementary,work,high,new,after_change,1,0
6270,2026-02-11 02:22:47,Spain,ios,instagram_ads,elementary,work,medium,new,after_change,0,0
6271,2026-02-08 02:01:03,Spain,android,instagram_ads,elementary,work,medium,new,after_change,0,0
6272,2026-02-11 15:42:11,Italy,android,blog,beginner,work,low,new,after_change,1,0
6273,2026-02-08 23:55:11,Germany,ios,paid_search,intermediate,self_development,high,new,after_change,0,0
6274,2026-02-12 19:16:03,Germany,ios,paid_search,beginner,travel,high,new,after_change,0,0
6275,2026-02-08 21:01:19,Spain,android,instagram_ads,beginner,exam,high,new,after_change,0,0
6276,2026-02-01 19:05:26,Germany,ios,instagram_ads,elementary,self_development,low,new,after_change,0,0
6277,2026-02-01 23:56:38,Germany,ios,referral,intermediate,travel,high,new,after_change,0,0
6278,2026-02-11 21:02:26,Spain,android,referral,beginner,work,medium,new,after_change,0,0
6279,2026-02-01 12:58:12,Spain,android,organic,beginner,self_development,low,new,after_change,1,0
6280,2026-02-06 06:31:01,Germany,android,tiktok_ads,intermediate,work,high,new,after_change,0,0
6281,2026-02-01 05:24:39,Netherlands,android,tiktok_ads,intermediate,work,low,new,after_change,0,0
6282,2026-02-05 05:55:17,Brazil,android,instagram_ads,beginner,self_development,medium,new,after_change,0,0
6283,2026-02-09 07:57:57,Germany,ios,paid_search,intermediate,travel,high,new,after_change,0,0
6284,2026-02-03 10:08:09,Poland,android,blog,intermediate,exam,low,new,after_change,1,1
6285,2026-02-07 12:36:33,Spain,ios,tiktok_ads,beginner,self_development,low,new,after_change,0,0
6286,2026-02-14 22:39:40,Italy,android,paid_search,elementary,travel,high,new,after_change,0,0
6287,2026-02-01 23:41:09,Italy,android,paid_search,beginner,travel,low,new,after_change,0,0
6288,2026-02-01 21:23:27,Spain,ios,tiktok_ads,intermediate,travel,medium,new,after_change,0,0
6289,2026-02-04 19:08:21,Germany,android,blog,beginner,exam,low,new,after_change,0,0
6290,2026-02-12 13:52:28,Poland,android,instagram_ads,elementary,work,medium,new,after_change,1,1
6291,2026-02-06 16:20:52,Spain,android,referral,intermediate,work,low,new,after_change,0,0
6292,2026-02-09 22:52:12,Germany,ios,paid_search,beginner,exam,low,new,after_change,0,0
6293,2026-02-01 11:22:49,Brazil,ios,paid_search,elementary,work,low,new,after_change,0,0
6294,2026-02-11 06:59:13,Brazil,android,tiktok_ads,beginner,exam,high,new,after_change,0,0
6295,2026-02-01 22:39:18,Poland,android,organic,beginner,self_development,medium,new,after_change,0,0
6296,2026-02-10 23:08:13,Poland,ios,organic,intermediate,work,low,new,after_change,0,0
6297,2026-02-03 01:42:03,Poland,ios,tiktok_ads,intermediate,self_development,low,new,after_change,0,0
6298,2026-02-13 00:26:02,Poland,android,organic,elementary,work,medium,new,after_change,0,0
6299,2026-02-05 03:30:02,Netherlands,ios,organic,intermediate,work,high,new,after_change,0,0
6300,2026-02-03 13:45:14,Brazil,ios,organic,beginner,travel,low,new,after_change,0,0
6301,2026-02-05 17:07:58,Italy,ios,organic,elementary,exam,high,new,after_change,0,0
6302,2026-02-01 00:16:37,Italy,android,paid_search,intermediate,exam,low,new,after_change,0,0
6303,2026-02-03 07:28:52,Poland,android,paid_search,intermediate,self_development,medium,new,after_change,1,0
6304,2026-02-09 09:06:20,Poland,android,blog,beginner,work,low,new,after_change,0,0
6305,2026-02-05 05:03:42,Brazil,ios,tiktok_ads,beginner,self_development,medium,new,after_change,0,0
6306,2026-02-05 22:53:47,Germany,android,tiktok_ads,elementary,travel,medium,new,after_change,1,0
6307,2026-02-12 07:13:44,Poland,ios,organic,beginner,exam,low,new,after_change,1,0
6308,2026-02-02 17:35:33,Germany,android,organic,elementary,work,medium,new,after_change,0,0
6309,2026-02-06 13:01:10,Germany,ios,referral,beginner,travel,medium,new,after_change,0,0
6310,2026-02-03 14:32:33,Spain,android,tiktok_ads,elementary,work,low,new,after_change,0,0
6311,2026-02-07 18:14:12,Netherlands,android,referral,beginner,travel,high,new,after_change,0,0
6312,2026-02-05 15:28:03,Brazil,android,paid_search,elementary,travel,medium,new,after_change,0,0
6313,2026-02-01 15:31:58,Germany,ios,instagram_ads,intermediate,work,low,new,after_change,0,0
6314,2026-02-01 23:35:54,Germany,android,instagram_ads,elementary,self_development,low,new,after_change,0,0
6315,2026-02-12 22:23:03,Germany,android,organic,intermediate,self_development,high,new,after_change,1,1
6316,2026-02-01 19:07:22,Spain,ios,referral,beginner,self_development,medium,new,after_change,0,0
6317,2026-02-11 22:59:25,Germany,android,paid_search,beginner,travel,medium,new,after_change,0,0
6318,2026-02-13 19:47:05,Netherlands,android,instagram_ads,intermediate,travel,low,new,after_change,0,0
6319,2026-02-07 12:30:44,Germany,android,organic,beginner,travel,medium,new,after_change,0,0
6320,2026-02-05 08:51:59,Spain,android,tiktok_ads,beginner,exam,medium,new,after_change,0,0
6321,2026-02-11 20:50:33,Spain,ios,referral,elementary,self_development,low,new,after_change,0,0
6322,2026-02-14 18:01:46,Brazil,android,paid_search,beginner,work,medium,new,after_change,0,0
6323,2026-02-02 16:27:48,Poland,ios,blog,intermediate,work,medium,new,after_change,0,0
6324,2026-02-14 12:01:38,Germany,ios,paid_search,elementary,travel,medium,new,after_change,1,0
6325,2026-02-14 05:05:44,Spain,android,referral,beginner,exam,medium,new,after_change,1,0
6326,2026-02-02 23:54:14,Netherlands,android,tiktok_ads,beginner,self_development,high,new,after_change,1,0
6327,2026-02-01 18:23:31,Germany,android,blog,beginner,exam,medium,new,after_change,0,0
6328,2026-02-11 00:12:52,Poland,android,tiktok_ads,elementary,exam,medium,new,after_change,0,0
6329,2026-02-02 02:05:47,Italy,ios,instagram_ads,beginner,work,medium,new,after_change,0,0
6330,2026-02-09 09:52:13,Netherlands,android,paid_search,intermediate,work,low,new,after_change,0,0
6331,2026-02-01 21:45:29,Italy,ios,referral,beginner,work,medium,new,after_change,1,0
6332,2026-02-10 16:03:26,Spain,android,referral,beginner,self_development,low,new,after_change,0,0
6333,2026-02-04 05:51:10,Spain,android,instagram_ads,elementary,exam,medium,new,after_change,1,1
6334,2026-02-02 08:19:12,Germany,android,tiktok_ads,beginner,travel,medium,new,after_change,0,0
6335,2026-02-01 22:22:57,Germany,android,instagram_ads,elementary,work,medium,new,after_change,0,0
6336,2026-02-03 15:21:22,Germany,android,organic,elementary,travel,medium,new,after_change,0,0
6337,2026-02-08 13:41:33,Brazil,android,organic,beginner,travel,high,new,after_change,0,0
6338,2026-02-02 01:45:02,Brazil,android,tiktok_ads,elementary,travel,medium,new,after_change,0,0
6339,2026-02-12 05:33:49,Germany,ios,tiktok_ads,intermediate,self_development,medium,new,after_change,0,0
6340,2026-02-09 10:59:20,Netherlands,android,tiktok_ads,beginner,travel,high,new,after_change,0,0
6341,2026-02-05 03:53:36,Germany,ios,instagram_ads,elementary,self_development,low,new,after_change,0,0
6342,2026-02-14 19:29:40,Spain,android,paid_search,beginner,work,medium,new,after_change,0,0
6343,2026-02-10 05:16:09,Germany,android,organic,intermediate,work,medium,new,after_change,0,0
6344,2026-02-10 09:47:12,Netherlands,android,organic,beginner,self_development,medium,new,after_change,1,0
6345,2026-02-03 10:26:45,Brazil,android,organic,beginner,travel,medium,new,after_change,0,0
6346,2026-02-10 22:48:57,Poland,android,instagram_ads,beginner,self_development,low,new,after_change,0,0
6347,2026-02-08 19:53:20,Germany,android,tiktok_ads,elementary,exam,high,new,after_change,0,0
6348,2026-02-14 18:49:14,Spain,ios,blog,beginner,travel,low,new,after_change,1,1
6349,2026-02-07 16:36:25,Italy,ios,organic,intermediate,self_development,high,new,after_change,0,0
6350,2026-02-10 11:48:42,Germany,ios,referral,beginner,travel,high,new,after_change,1,0
6351,2026-02-05 18:37:09,Spain,android,instagram_ads,intermediate,travel,high,new,after_change,0,0
6352,2026-02-01 13:30:03,Germany,android,paid_search,intermediate,self_development,medium,new,after_change,0,0
6353,2026-02-02 18:58:48,Germany,android,tiktok_ads,elementary,work,low,new,after_change,0,0
6354,2026-02-13 03:18:49,Brazil,ios,blog,elementary,exam,high,new,after_change,1,0
6355,2026-02-11 08:00:31,Germany,ios,paid_search,elementary,travel,medium,new,after_change,0,0
6356,2026-02-06 02:31:54,Brazil,android,instagram_ads,elementary,self_development,medium,new,after_change,0,0
6357,2026-02-10 18:28:08,Italy,android,paid_search,beginner,work,high,new,after_change,1,0
6358,2026-02-01 01:27:58,Germany,ios,organic,intermediate,travel,medium,new,after_change,1,1
6359,2026-02-01 12:29:34,Germany,ios,organic,elementary,self_development,low,new,after_change,0,0
6360,2026-02-08 02:25:50,Poland,ios,organic,elementary,exam,medium,new,after_change,0,0
6361,2026-02-09 17:59:16,Brazil,android,tiktok_ads,elementary,self_development,medium,new,after_change,0,0
6362,2026-02-14 02:50:13,Italy,android,organic,elementary,work,high,new,after_change,1,0
6363,2026-02-11 15:14:43,Spain,android,tiktok_ads,beginner,exam,medium,new,after_change,1,0
6364,2026-02-04 14:27:47,Netherlands,android,referral,beginner,travel,high,new,after_change,0,0
6365,2026-02-12 09:53:08,Italy,android,referral,beginner,work,high,new,after_change,0,0
6366,2026-02-07 21:08:54,Germany,ios,paid_search,elementary,work,high,new,after_change,0,0
6367,2026-02-12 13:32:46,Poland,ios,organic,beginner,work,high,new,after_change,1,0
6368,2026-02-03 10:23:20,Netherlands,ios,paid_search,intermediate,travel,low,new,after_change,0,0
6369,2026-02-01 08:48:43,Poland,android,organic,intermediate,self_development,medium,new,after_change,0,0
6370,2026-02-01 19:23:05,Germany,android,paid_search,intermediate,travel,high,new,after_change,0,0
6371,2026-02-14 20:56:13,Spain,android,instagram_ads,intermediate,work,medium,new,after_change,0,0
6372,2026-02-02 03:03:47,Germany,android,tiktok_ads,beginner,exam,medium,new,after_change,0,0
6373,2026-02-14 03:37:21,Italy,ios,organic,intermediate,travel,medium,new,after_change,1,0
6374,2026-02-11 04:16:32,Germany,ios,organic,beginner,work,medium,new,after_change,0,0
6375,2026-02-03 01:04:08,Germany,android,referral,beginner,travel,high,new,after_change,1,0
6376,2026-02-13 02:19:44,Italy,android,blog,beginner,travel,medium,new,after_change,0,0
6377,2026-02-03 00:27:16,Spain,ios,tiktok_ads,beginner,self_development,medium,new,after_change,0,0
6378,2026-02-03 00:08:54,Netherlands,android,instagram_ads,beginner,work,low,new,after_change,0,0
6379,2026-02-09 01:22:31,Spain,android,tiktok_ads,beginner,work,medium,new,after_change,1,1
6380,2026-02-05 00:52:30,Netherlands,android,organic,intermediate,travel,medium,new,after_change,0,0
6381,2026-02-05 01:43:00,Germany,android,referral,beginner,work,medium,new,after_change,0,0
6382,2026-02-03 17:31:47,Brazil,ios,organic,intermediate,travel,medium,new,after_change,1,0
6383,2026-02-09 12:10:49,Brazil,ios,tiktok_ads,intermediate,travel,medium,new,after_change,0,0
6384,2026-02-01 09:01:24,Spain,ios,organic,intermediate,work,medium,new,after_change,0,0
6385,2026-02-04 10:20:41,Germany,ios,tiktok_ads,elementary,exam,low,new,after_change,0,0
6386,2026-02-08 17:57:10,Germany,android,tiktok_ads,intermediate,travel,medium,new,after_change,0,0
6387,2026-02-07 19:28:44,Poland,android,tiktok_ads,beginner,travel,high,new,after_change,0,0
6388,2026-02-10 19:10:25,Germany,android,paid_search,elementary,exam,medium,new,after_change,0,0
6389,2026-02-04 00:39:27,Spain,ios,instagram_ads,beginner,travel,high,new,after_change,1,0
6390,2026-02-10 01:41:12,Spain,ios,instagram_ads,beginner,travel,medium,new,after_change,0,0
6391,2026-02-11 15:20:26,Brazil,android,tiktok_ads,beginner,self_development,low,new,after_change,0,0
6392,2026-02-06 10:23:09,Poland,ios,instagram_ads,elementary,travel,high,new,after_change,0,0
6393,2026-02-04 14:17:17,Spain,ios,instagram_ads,intermediate,exam,high,new,after_change,0,0
6394,2026-02-08 18:29:00,Poland,ios,tiktok_ads,beginner,self_development,high,new,after_change,0,0
6395,2026-02-09 02:29:50,Netherlands,ios,organic,intermediate,work,medium,new,after_change,0,0
6396,2026-02-02 07:37:02,Poland,ios,tiktok_ads,beginner,work,medium,new,after_change,0,0
6397,2026-02-08 21:52:40,Poland,ios,organic,elementary,work,medium,new,after_change,0,0
6398,2026-02-03 03:50:45,Germany,android,tiktok_ads,beginner,travel,medium,new,after_change,0,0
6399,2026-02-08 23:07:31,Italy,ios,paid_search,intermediate,travel,low,new,after_change,1,0
6400,2026-02-14 01:04:58,Poland,android,referral,elementary,self_development,low,new,after_change,0,0
6401,2026-02-08 12:27:22,Brazil,android,organic,beginner,travel,medium,new,after_change,0,0
6402,2026-02-11 15:51:59,Germany,android,instagram_ads,intermediate,self_development,medium,new,after_change,0,0
6403,2026-02-05 08:03:38,Germany,android,organic,beginner,work,medium,new,after_change,0,0
6404,2026-02-13 22:02:25,Netherlands,ios,referral,intermediate,exam,medium,new,after_change,0,0
6405,2026-02-12 09:05:12,Spain,ios,organic,beginner,work,medium,new,after_change,1,0
6406,2026-02-13 20:00:16,Netherlands,android,instagram_ads,beginner,work,medium,new,after_change,0,0
6407,2026-02-11 09:10:35,Spain,android,organic,beginner,work,high,new,after_change,0,0
6408,2026-02-10 02:11:45,Brazil,ios,referral,elementary,work,high,new,after_change,1,1
6409,2026-02-08 08:24:02,Germany,android,paid_search,elementary,self_development,medium,new,after_change,1,0
6410,2026-02-13 23:53:17,Germany,android,instagram_ads,elementary,self_development,high,new,after_change,0,0
6411,2026-02-12 20:59:33,Germany,android,organic,beginner,travel,medium,new,after_change,0,0
6412,2026-02-06 20:00:45,Poland,android,paid_search,beginner,travel,high,new,after_change,0,0
6413,2026-02-02 04:46:44,Brazil,android,organic,elementary,self_development,low,new,after_change,0,0
6414,2026-02-01 01:12:54,Italy,android,instagram_ads,beginner,travel,medium,new,after_change,0,0
6415,2026-02-04 06:27:00,Poland,android,organic,beginner,self_development,high,new,after_change,0,0
6416,2026-02-01 21:01:26,Poland,android,blog,elementary,travel,low,new,after_change,0,0
6417,2026-02-03 23:03:52,Brazil,android,paid_search,elementary,travel,high,new,after_change,0,0
6418,2026-02-02 12:47:15,Poland,ios,instagram_ads,elementary,travel,low,new,after_change,0,0
6419,2026-02-14 17:38:00,Italy,android,paid_search,beginner,travel,low,new,after_change,0,0
6420,2026-02-02 08:02:19,Poland,android,paid_search,intermediate,exam,medium,new,after_change,0,0
6421,2026-02-09 18:38:07,Germany,android,referral,intermediate,work,low,new,after_change,0,0
6422,2026-02-05 22:10:19,Netherlands,ios,tiktok_ads,elementary,self_development,low,new,after_change,0,0
6423,2026-02-03 10:32:11,Germany,android,tiktok_ads,intermediate,work,medium,new,after_change,0,0
6424,2026-02-10 19:37:37,Germany,ios,tiktok_ads,elementary,exam,high,new,after_change,0,0
6425,2026-02-14 14:06:23,Netherlands,android,organic,intermediate,exam,high,new,after_change,1,0
6426,2026-02-12 01:39:28,Poland,ios,blog,beginner,work,high,new,after_change,0,0
6427,2026-02-14 15:40:49,Germany,android,instagram_ads,beginner,self_development,medium,new,after_change,0,0
6428,2026-02-09 06:18:41,Germany,android,referral,intermediate,work,high,new,after_change,1,0
6429,2026-02-10 10:19:15,Italy,ios,tiktok_ads,intermediate,work,medium,new,after_change,0,0
6430,2026-02-03 01:12:09,Germany,android,paid_search,beginner,work,high,new,after_change,0,0
6431,2026-02-12 22:24:42,Germany,android,instagram_ads,intermediate,work,low,new,after_change,0,0
6432,2026-02-11 11:17:41,Poland,ios,blog,elementary,travel,high,new,after_change,1,1
6433,2026-02-04 13:21:07,Poland,ios,organic,beginner,work,medium,new,after_change,0,0
6434,2026-02-05 23:12:48,Brazil,ios,paid_search,intermediate,self_development,high,new,after_change,0,0
6435,2026-02-09 13:15:32,Brazil,android,instagram_ads,elementary,self_development,medium,new,after_change,0,0
6436,2026-02-01 04:21:56,Spain,android,paid_search,intermediate,self_development,medium,new,after_change,0,0
6437,2026-02-12 10:49:07,Germany,ios,paid_search,intermediate,exam,medium,new,after_change,0,0
6438,2026-02-04 22:16:39,Poland,ios,tiktok_ads,beginner,exam,high,new,after_change,0,0
6439,2026-02-02 01:11:32,Poland,android,blog,intermediate,self_development,medium,new,after_change,0,0
6440,2026-02-05 15:04:54,Spain,ios,instagram_ads,beginner,work,medium,new,after_change,0,0
6441,2026-02-12 16:49:05,Germany,android,blog,intermediate,self_development,low,new,after_change,0,0
6442,2026-02-04 20:08:47,Germany,ios,organic,elementary,work,high,new,after_change,0,0
6443,2026-02-08 13:10:05,Germany,android,organic,elementary,work,high,new,after_change,0,0
6444,2026-02-12 08:47:18,Spain,android,organic,intermediate,work,low,new,after_change,0,0
6445,2026-02-01 11:19:36,Germany,android,paid_search,elementary,travel,medium,new,after_change,1,0
6446,2026-02-11 15:20:06,Poland,ios,instagram_ads,beginner,travel,medium,new,after_change,0,0
6447,2026-02-05 01:00:02,Germany,android,organic,elementary,self_development,high,new,after_change,0,0
6448,2026-02-10 17:42:19,Netherlands,android,paid_search,elementary,work,medium,new,after_change,0,0
6449,2026-02-03 15:11:56,Brazil,android,tiktok_ads,beginner,travel,medium,new,after_change,0,0
6450,2026-02-02 22:42:20,Poland,ios,tiktok_ads,beginner,self_development,low,new,after_change,0,0
6451,2026-02-12 00:52:05,Italy,ios,instagram_ads,elementary,self_development,medium,new,after_change,0,0
6452,2026-02-12 07:25:55,Spain,android,instagram_ads,intermediate,exam,medium,new,after_change,1,0
6453,2026-02-14 17:43:31,Germany,android,blog,elementary,travel,medium,new,after_change,1,0
6454,2026-02-10 11:31:52,Poland,android,tiktok_ads,intermediate,travel,high,new,after_change,0,0
6455,2026-02-07 12:32:07,Germany,android,blog,elementary,self_development,high,new,after_change,0,0
6456,2026-02-03 17:27:55,Germany,android,blog,intermediate,travel,medium,new,after_change,0,0
6457,2026-02-05 03:11:35,Germany,android,referral,elementary,travel,medium,new,after_change,1,0
6458,2026-02-10 01:45:34,Italy,android,organic,beginner,travel,medium,new,after_change,0,0
6459,2026-02-05 20:17:26,Germany,ios,instagram_ads,beginner,exam,low,new,after_change,0,0
6460,2026-02-07 18:27:35,Brazil,ios,paid_search,intermediate,work,high,new,after_change,0,0
6461,2026-02-03 08:28:10,Spain,android,organic,intermediate,self_development,low,new,after_change,0,0
6462,2026-02-07 03:37:17,Netherlands,ios,instagram_ads,beginner,self_development,low,new,after_change,0,0
6463,2026-02-04 07:57:31,Spain,android,organic,intermediate,self_development,medium,new,after_change,0,0
6464,2026-02-02 13:40:24,Poland,ios,instagram_ads,intermediate,travel,medium,new,after_change,0,0
6465,2026-02-02 20:20:04,Poland,ios,referral,beginner,work,low,new,after_change,0,0
6466,2026-02-08 06:09:00,Spain,android,paid_search,elementary,exam,low,new,after_change,0,0
6467,2026-02-06 03:07:03,Spain,android,blog,elementary,self_development,medium,new,after_change,0,0
6468,2026-02-02 09:34:37,Poland,android,tiktok_ads,beginner,work,medium,new,after_change,0,0
6469,2026-02-08 04:48:15,Poland,ios,referral,intermediate,work,medium,new,after_change,0,0
6470,2026-02-03 07:11:20,Spain,ios,organic,beginner,exam,high,new,after_change,0,0
6471,2026-02-01 05:11:21,Spain,android,blog,elementary,exam,high,new,after_change,0,0
6472,2026-02-02 20:32:08,Germany,android,organic,beginner,travel,medium,new,after_change,0,0
6473,2026-02-07 06:42:14,Germany,ios,referral,elementary,work,medium,new,after_change,1,0
6474,2026-02-14 08:34:49,Germany,android,organic,beginner,work,medium,new,after_change,0,0
6475,2026-02-04 09:12:06,Germany,ios,organic,elementary,work,low,new,after_change,0,0
6476,2026-02-04 23:42:52,Germany,android,paid_search,beginner,travel,low,new,after_change,0,0
6477,2026-02-04 09:31:55,Poland,ios,tiktok_ads,beginner,exam,high,new,after_change,0,0
6478,2026-02-05 23:20:55,Poland,android,referral,intermediate,travel,high,new,after_change,0,0
6479,2026-02-11 01:01:18,Poland,ios,tiktok_ads,beginner,travel,medium,new,after_change,0,0
6480,2026-02-05 12:13:08,Netherlands,android,tiktok_ads,beginner,work,medium,new,after_change,0,0
6481,2026-02-10 04:56:34,Netherlands,android,paid_search,beginner,travel,low,new,after_change,0,0
6482,2026-02-13 13:48:43,Germany,ios,blog,elementary,exam,medium,new,after_change,0,0
6483,2026-02-14 05:55:01,Netherlands,ios,paid_search,beginner,work,high,new,after_change,0,0
6484,2026-02-08 21:09:23,Spain,android,blog,elementary,work,high,new,after_change,0,0
6485,2026-02-10 23:38:54,Brazil,android,referral,elementary,travel,medium,new,after_change,0,0
6486,2026-02-13 20:50:15,Italy,android,paid_search,beginner,travel,medium,new,after_change,0,0
6487,2026-02-12 00:19:42,Poland,android,paid_search,beginner,exam,high,new,after_change,1,0
6488,2026-02-05 04:46:29,Germany,ios,tiktok_ads,beginner,travel,high,new,after_change,0,0
6489,2026-02-02 20:21:41,Poland,android,blog,intermediate,travel,medium,new,after_change,0,0
6490,2026-02-02 14:35:04,Germany,ios,tiktok_ads,beginner,self_development,medium,new,after_change,0,0
6491,2026-02-13 08:22:10,Germany,android,referral,elementary,travel,high,new,after_change,0,0
6492,2026-02-08 18:53:21,Germany,android,blog,intermediate,work,medium,new,after_change,0,0
6493,2026-02-05 03:34:20,Germany,android,paid_search,beginner,travel,medium,new,after_change,0,0
6494,2026-02-05 20:06:01,Netherlands,ios,instagram_ads,beginner,travel,low,new,after_change,0,0
6495,2026-02-04 22:38:42,Spain,ios,instagram_ads,elementary,self_development,high,new,after_change,1,1
6496,2026-02-12 05:26:26,Germany,android,organic,intermediate,self_development,high,new,after_change,0,0
6497,2026-02-09 13:46:09,Italy,ios,referral,beginner,travel,low,new,after_change,0,0
6498,2026-02-13 07:29:10,Brazil,android,paid_search,elementary,travel,medium,new,after_change,0,0
6499,2026-02-05 05:23:44,Spain,android,tiktok_ads,elementary,work,low,new,after_change,0,0
6500,2026-02-07 14:47:04,Brazil,ios,instagram_ads,beginner,exam,medium,new,after_change,0,0
6501,2026-02-02 16:54:10,Brazil,ios,referral,elementary,work,high,new,after_change,0,0
6502,2026-02-14 14:22:35,Brazil,android,instagram_ads,elementary,travel,medium,new,after_change,0,0
6503,2026-02-08 03:59:10,Netherlands,android,instagram_ads,intermediate,self_development,high,new,after_change,0,0
6504,2026-02-08 17:48:44,Italy,ios,organic,elementary,self_development,medium,new,after_change,0,0
6505,2026-02-06 18:59:31,Spain,ios,referral,elementary,exam,high,new,after_change,1,0
6506,2026-02-04 19:01:45,Brazil,ios,paid_search,elementary,self_development,low,new,after_change,0,0
6507,2026-02-14 06:39:51,Germany,android,instagram_ads,beginner,travel,medium,new,after_change,0,0
6508,2026-02-07 20:17:44,Poland,android,referral,elementary,travel,medium,new,after_change,0,0
6509,2026-02-10 10:43:23,Spain,android,instagram_ads,beginner,travel,medium,new,after_change,0,0
6510,2026-02-01 12:32:10,Germany,android,paid_search,elementary,travel,low,new,after_change,0,0
6511,2026-02-04 20:42:45,Italy,android,paid_search,elementary,travel,low,new,after_change,0,0
6512,2026-02-12 06:08:39,Netherlands,android,instagram_ads,intermediate,self_development,low,new,after_change,0,0
6513,2026-02-02 05:30:45,Germany,ios,paid_search,elementary,self_development,low,new,after_change,0,0
6514,2026-02-02 10:04:55,Germany,android,paid_search,beginner,work,medium,new,after_change,0,0
6515,2026-02-12 08:06:20,Spain,android,organic,elementary,exam,high,new,after_change,1,0
6516,2026-02-05 07:44:22,Italy,android,paid_search,beginner,travel,high,new,after_change,0,0
6517,2026-02-04 20:01:23,Spain,android,instagram_ads,beginner,travel,low,new,after_change,0,0
6518,2026-02-08 21:56:46,Germany,ios,instagram_ads,beginner,work,low,new,after_change,0,0
6519,2026-02-03 17:29:37,Brazil,android,instagram_ads,beginner,exam,high,new,after_change,0,0
6520,2026-02-01 14:26:22,Spain,android,instagram_ads,intermediate,exam,high,new,after_change,0,0
6521,2026-02-01 01:29:42,Germany,android,paid_search,intermediate,exam,medium,new,after_change,1,0
6522,2026-02-02 02:39:01,Poland,android,blog,elementary,self_development,medium,new,after_change,0,0
6523,2026-02-03 05:15:59,Germany,android,instagram_ads,beginner,travel,medium,new,after_change,1,0
6524,2026-02-10 17:53:42,Italy,android,referral,beginner,travel,low,new,after_change,0,0
6525,2026-02-05 04:06:41,Poland,android,instagram_ads,beginner,travel,medium,new,after_change,1,0
6526,2026-02-02 00:07:01,Germany,ios,paid_search,intermediate,self_development,medium,new,after_change,0,0
6527,2026-02-01 04:50:47,Poland,android,tiktok_ads,beginner,work,medium,new,after_change,0,0
6528,2026-02-07 16:17:59,Poland,android,organic,intermediate,work,medium,new,after_change,1,0
6529,2026-02-12 18:16:58,Netherlands,android,blog,beginner,self_development,medium,new,after_change,0,0
6530,2026-02-05 17:48:06,Brazil,android,instagram_ads,elementary,work,medium,new,after_change,0,0
6531,2026-02-01 21:27:14,Germany,ios,organic,elementary,work,low,new,after_change,0,0
6532,2026-02-04 04:38:04,Germany,android,paid_search,beginner,travel,low,new,after_change,0,0
6533,2026-02-07 23:47:14,Poland,ios,tiktok_ads,elementary,work,medium,new,after_change,0,0
6534,2026-02-03 15:25:46,Germany,android,organic,elementary,exam,high,new,after_change,0,0
6535,2026-02-14 16:46:07,Germany,ios,paid_search,beginner,self_development,low,new,after_change,0,0
6536,2026-02-11 16:30:22,Brazil,ios,blog,beginner,travel,medium,new,after_change,1,1
6537,2026-02-05 19:46:42,Germany,ios,paid_search,elementary,exam,medium,new,after_change,1,1
6538,2026-02-14 07:43:05,Poland,ios,organic,intermediate,travel,medium,new,after_change,0,0
6539,2026-02-05 13:12:25,Poland,ios,organic,intermediate,self_development,medium,new,after_change,0,0
6540,2026-02-02 23:06:01,Poland,android,instagram_ads,beginner,travel,low,new,after_change,0,0
6541,2026-02-14 03:15:48,Germany,ios,instagram_ads,elementary,travel,medium,new,after_change,0,0
6542,2026-02-14 10:27:10,Spain,ios,tiktok_ads,elementary,work,medium,new,after_change,0,0
6543,2026-02-05 09:03:09,Poland,ios,blog,intermediate,self_development,low,new,after_change,0,0
6544,2026-02-09 07:50:24,Spain,ios,organic,beginner,travel,high,new,after_change,1,1
6545,2026-02-03 10:13:34,Netherlands,ios,organic,intermediate,travel,medium,new,after_change,0,0
6546,2026-02-09 23:35:52,Netherlands,android,organic,intermediate,travel,medium,new,after_change,1,0
6547,2026-02-10 15:52:47,Spain,android,paid_search,elementary,self_development,medium,new,after_change,0,0
6548,2026-02-10 22:32:06,Germany,ios,organic,beginner,work,high,new,after_change,1,0
6549,2026-02-08 23:05:42,Netherlands,android,paid_search,beginner,self_development,high,new,after_change,1,0
6550,2026-02-10 20:35:02,Germany,ios,referral,beginner,travel,medium,new,after_change,0,0
6551,2026-02-08 18:29:47,Poland,android,organic,intermediate,work,medium,new,after_change,0,0
6552,2026-02-12 11:27:23,Brazil,android,blog,elementary,work,low,new,after_change,0,0
6553,2026-02-03 12:20:28,Germany,ios,blog,intermediate,travel,high,new,after_change,1,1
6554,2026-02-07 18:26:43,Poland,ios,instagram_ads,beginner,work,high,new,after_change,0,0
6555,2026-02-06 19:54:31,Spain,android,referral,intermediate,work,medium,new,after_change,0,0
6556,2026-02-08 11:12:30,Germany,ios,tiktok_ads,intermediate,travel,high,new,after_change,0,0
6557,2026-02-02 23:44:23,Italy,ios,paid_search,beginner,work,high,new,after_change,0,0
6558,2026-02-05 12:48:21,Poland,android,instagram_ads,beginner,exam,medium,new,after_change,0,0
6559,2026-02-14 08:35:28,Netherlands,android,organic,elementary,work,medium,new,after_change,1,0
6560,2026-02-02 11:21:59,Poland,ios,instagram_ads,elementary,work,medium,new,after_change,0,0
6561,2026-02-09 21:27:47,Brazil,android,referral,beginner,self_development,low,new,after_change,0,0
6562,2026-02-10 07:19:08,Brazil,ios,instagram_ads,elementary,exam,medium,new,after_change,1,1
6563,2026-02-07 15:26:14,Germany,ios,paid_search,beginner,exam,high,new,after_change,0,0
6564,2026-02-01 11:17:34,Germany,android,tiktok_ads,elementary,travel,high,new,after_change,0,0
6565,2026-02-01 11:32:37,Spain,android,blog,intermediate,self_development,low,new,after_change,0,0
6566,2026-02-04 20:36:48,Brazil,android,organic,beginner,travel,high,new,after_change,1,1
6567,2026-02-02 10:26:40,Poland,android,paid_search,beginner,travel,medium,new,after_change,0,0
6568,2026-02-02 07:39:40,Brazil,android,organic,elementary,work,high,new,after_change,0,0
6569,2026-02-03 05:48:02,Netherlands,android,blog,elementary,self_development,medium,new,after_change,0,0
6570,2026-02-03 16:05:03,Poland,android,instagram_ads,beginner,travel,high,new,after_change,0,0
6571,2026-02-12 17:43:40,Italy,ios,organic,elementary,work,high,new,after_change,0,0
6572,2026-02-09 22:36:48,Spain,android,instagram_ads,elementary,travel,medium,new,after_change,0,0
6573,2026-02-01 10:13:03,Italy,ios,instagram_ads,intermediate,travel,medium,new,after_change,1,0
6574,2026-02-09 19:10:05,Poland,android,organic,elementary,work,medium,new,after_change,0,0
6575,2026-02-02 21:56:02,Germany,ios,referral,beginner,travel,medium,new,after_change,0,0
6576,2026-02-06 21:28:28,Spain,android,tiktok_ads,beginner,self_development,low,new,after_change,0,0
6577,2026-02-01 12:46:59,Germany,android,organic,beginner,travel,high,new,after_change,0,0
6578,2026-02-02 06:17:52,Netherlands,android,blog,beginner,work,medium,new,after_change,0,0
6579,2026-02-02 20:33:07,Brazil,ios,organic,beginner,travel,high,new,after_change,1,0
6580,2026-02-07 01:36:49,Brazil,android,organic,intermediate,travel,medium,new,after_change,1,0
6581,2026-02-07 11:35:42,Poland,android,paid_search,intermediate,work,medium,new,after_change,0,0
6582,2026-02-05 22:31:20,Spain,android,organic,beginner,work,low,new,after_change,0,0
6583,2026-02-09 16:22:36,Spain,android,instagram_ads,intermediate,travel,medium,new,after_change,0,0
6584,2026-02-11 02:04:27,Poland,ios,paid_search,elementary,travel,high,new,after_change,0,0
6585,2026-02-11 04:51:15,Italy,ios,organic,elementary,travel,low,new,after_change,0,0
6586,2026-02-09 02:33:10,Poland,android,blog,intermediate,self_development,high,new,after_change,0,0
6587,2026-02-08 15:18:24,Germany,ios,paid_search,beginner,self_development,high,new,after_change,1,0
6588,2026-02-07 21:09:57,Germany,android,paid_search,elementary,travel,low,new,after_change,0,0
6589,2026-02-04 07:56:45,Germany,android,paid_search,beginner,travel,medium,new,after_change,0,0
6590,2026-02-07 19:37:33,Spain,ios,referral,intermediate,work,low,new,after_change,0,0
6591,2026-02-01 03:23:34,Germany,ios,organic,beginner,exam,high,new,after_change,0,0
6592,2026-02-14 12:40:32,Italy,ios,organic,elementary,travel,high,new,after_change,0,0
6593,2026-02-06 04:21:05,Netherlands,android,referral,beginner,travel,medium,new,after_change,0,0
6594,2026-02-11 14:06:53,Spain,android,organic,beginner,work,high,new,after_change,0,0
6595,2026-02-14 09:27:09,Germany,ios,referral,beginner,exam,medium,new,after_change,0,0
6596,2026-02-07 22:59:06,Spain,android,instagram_ads,elementary,work,high,new,after_change,0,0
6597,2026-02-13 01:34:26,Brazil,ios,referral,beginner,exam,high,new,after_change,0,0
6598,2026-02-07 17:01:07,Poland,android,organic,beginner,travel,medium,new,after_change,0,0
6599,2026-02-02 20:26:56,Germany,android,blog,beginner,work,high,new,after_change,0,0
6600,2026-02-01 08:53:49,Poland,ios,paid_search,beginner,exam,high,new,after_change,1,1
6601,2026-02-02 21:34:08,Germany,ios,organic,beginner,exam,high,new,after_change,1,0
6602,2026-02-14 04:40:59,Germany,android,tiktok_ads,elementary,travel,high,new,after_change,0,0
6603,2026-02-07 15:38:11,Italy,ios,organic,beginner,work,medium,new,after_change,0,0
6604,2026-02-05 11:14:32,Germany,ios,paid_search,intermediate,travel,medium,new,after_change,1,0
6605,2026-02-07 05:52:35,Germany,android,instagram_ads,elementary,self_development,medium,new,after_change,0,0
6606,2026-02-04 13:59:43,Netherlands,android,organic,beginner,travel,medium,new,after_change,1,1
6607,2026-02-13 04:30:20,Spain,android,organic,intermediate,self_development,high,new,after_change,0,0
6608,2026-02-14 23:48:05,Germany,android,instagram_ads,beginner,self_development,high,new,after_change,0,0
6609,2026-02-02 04:31:54,Germany,android,paid_search,intermediate,work,low,new,after_change,0,0
6610,2026-02-11 01:28:47,Germany,ios,instagram_ads,beginner,self_development,high,new,after_change,0,0
6611,2026-02-05 16:45:41,Brazil,ios,tiktok_ads,beginner,travel,low,new,after_change,0,0
6612,2026-02-01 15:54:51,Germany,android,paid_search,intermediate,travel,high,new,after_change,0,0
6613,2026-02-13 21:51:45,Poland,ios,paid_search,elementary,work,medium,new,after_change,0,0
6614,2026-02-01 20:47:36,Poland,android,paid_search,intermediate,exam,medium,new,after_change,0,0
6615,2026-02-03 21:10:59,Germany,ios,paid_search,beginner,self_development,medium,new,after_change,0,0
6616,2026-02-01 08:34:06,Spain,ios,organic,elementary,work,medium,new,after_change,0,0
6617,2026-02-07 14:21:04,Germany,android,instagram_ads,beginner,travel,low,new,after_change,0,0
6618,2026-02-09 09:28:19,Spain,android,organic,beginner,travel,medium,new,after_change,0,0
6619,2026-02-05 11:44:46,Germany,ios,tiktok_ads,elementary,work,medium,new,after_change,0,0
6620,2026-02-02 00:02:44,Poland,android,organic,beginner,exam,low,new,after_change,1,1
6621,2026-02-02 15:01:41,Spain,ios,organic,elementary,work,high,new,after_change,0,0
6622,2026-02-14 01:37:06,Brazil,ios,paid_search,beginner,self_development,medium,new,after_change,0,0
6623,2026-02-12 06:47:17,Netherlands,android,paid_search,elementary,travel,low,new,after_change,0,0
6624,2026-02-14 02:48:02,Poland,android,tiktok_ads,beginner,work,low,new,after_change,0,0
6625,2026-02-08 10:21:00,Spain,ios,tiktok_ads,beginner,travel,high,new,after_change,0,0
6626,2026-02-08 15:28:26,Germany,ios,blog,elementary,exam,low,new,after_change,0,0
6627,2026-02-12 00:05:41,Italy,android,paid_search,elementary,self_development,high,new,after_change,0,0
6628,2026-02-09 15:11:26,Spain,android,organic,intermediate,work,medium,new,after_change,0,0
6629,2026-02-07 02:38:38,Netherlands,ios,referral,beginner,work,medium,new,after_change,0,0
6630,2026-02-05 02:04:35,Netherlands,ios,tiktok_ads,elementary,travel,medium,new,after_change,0,0
6631,2026-02-07 19:07:49,Brazil,ios,organic,beginner,self_development,medium,new,after_change,0,0
6632,2026-02-01 21:29:41,Germany,android,organic,elementary,exam,high,new,after_change,0,0
6633,2026-02-03 16:39:45,Germany,android,instagram_ads,beginner,self_development,medium,new,after_change,0,0
6634,2026-02-11 07:47:12,Brazil,ios,paid_search,beginner,travel,high,new,after_change,0,0
6635,2026-02-13 03:39:58,Brazil,ios,instagram_ads,elementary,travel,high,new,after_change,0,0
6636,2026-02-02 10:12:00,Poland,ios,organic,beginner,work,medium,new,after_change,0,0
6637,2026-02-02 08:33:38,Poland,android,blog,beginner,work,medium,new,after_change,0,0
6638,2026-02-02 04:44:50,Italy,android,instagram_ads,intermediate,work,medium,new,after_change,1,0
6639,2026-02-12 01:58:12,Italy,android,tiktok_ads,intermediate,work,medium,new,after_change,0,0
6640,2026-02-05 08:34:15,Poland,android,organic,elementary,work,high,new,after_change,0,0
6641,2026-02-05 13:47:34,Germany,ios,instagram_ads,beginner,work,low,new,after_change,0,0
6642,2026-02-01 04:11:18,Spain,android,referral,beginner,travel,medium,new,after_change,0,0
6643,2026-02-14 14:47:36,Netherlands,ios,organic,beginner,exam,high,new,after_change,0,0
6644,2026-02-07 01:50:09,Netherlands,ios,instagram_ads,elementary,self_development,high,new,after_change,0,0
6645,2026-02-12 03:56:31,Germany,android,organic,intermediate,work,low,new,after_change,0,0
6646,2026-02-10 21:46:50,Netherlands,android,instagram_ads,beginner,self_development,medium,new,after_change,0,0
6647,2026-02-02 23:38:11,Spain,ios,referral,beginner,self_development,high,new,after_change,0,0
6648,2026-02-12 05:15:11,Spain,android,tiktok_ads,beginner,work,low,new,after_change,0,0
6649,2026-02-08 16:54:07,Poland,android,tiktok_ads,elementary,self_development,medium,new,after_change,0,0
6650,2026-02-09 11:02:50,Spain,android,organic,beginner,work,medium,new,after_change,0,0
6651,2026-02-03 19:18:22,Brazil,android,referral,elementary,travel,high,new,after_change,0,0
6652,2026-02-12 20:32:59,Brazil,ios,instagram_ads,elementary,travel,medium,new,after_change,0,0
6653,2026-02-14 01:02:24,Brazil,android,organic,beginner,work,high,new,after_change,0,0
6654,2026-02-06 16:35:05,Germany,ios,referral,intermediate,travel,high,new,after_change,0,0
6655,2026-02-02 07:04:20,Netherlands,ios,organic,intermediate,self_development,low,new,after_change,0,0
6656,2026-02-12 21:11:14,Spain,ios,organic,elementary,self_development,high,new,after_change,0,0
6657,2026-02-13 10:09:50,Netherlands,android,referral,beginner,work,high,new,after_change,1,1
6658,2026-02-08 02:10:30,Germany,android,organic,beginner,work,medium,new,after_change,1,0
6659,2026-02-09 02:35:38,Italy,android,organic,beginner,self_development,medium,new,after_change,0,0
6660,2026-02-04 02:56:24,Poland,android,organic,elementary,exam,high,new,after_change,1,0
6661,2026-02-01 22:40:15,Spain,android,referral,beginner,travel,high,new,after_change,0,0
6662,2026-02-14 05:13:58,Spain,android,organic,intermediate,self_development,high,new,after_change,1,1
6663,2026-02-07 18:16:25,Spain,android,paid_search,beginner,work,low,new,after_change,0,0
6664,2026-02-04 20:23:24,Poland,ios,organic,beginner,travel,medium,new,after_change,0,0
6665,2026-02-10 16:55:34,Netherlands,ios,paid_search,intermediate,travel,medium,new,after_change,1,1
6666,2026-02-01 08:48:13,Poland,android,paid_search,elementary,self_development,medium,new,after_change,0,0
6667,2026-02-02 02:51:35,Italy,android,referral,beginner,travel,low,new,after_change,0,0
6668,2026-02-04 09:32:18,Brazil,ios,tiktok_ads,intermediate,self_development,high,new,after_change,0,0
6669,2026-02-07 07:25:05,Netherlands,android,referral,elementary,self_development,low,new,after_change,0,0
6670,2026-02-06 03:12:25,Brazil,ios,tiktok_ads,elementary,travel,high,new,after_change,0,0
6671,2026-02-03 14:56:54,Netherlands,ios,paid_search,beginner,work,low,new,after_change,0,0
6672,2026-02-05 22:03:12,Brazil,ios,organic,elementary,work,medium,new,after_change,0,0
6673,2026-02-05 16:11:39,Poland,ios,instagram_ads,elementary,travel,medium,new,after_change,1,1
6674,2026-02-08 08:17:17,Germany,ios,paid_search,elementary,work,medium,new,after_change,1,0
6675,2026-02-08 21:04:52,Germany,android,tiktok_ads,beginner,self_development,medium,new,after_change,0,0
6676,2026-02-13 08:43:50,Spain,android,organic,intermediate,exam,medium,new,after_change,0,0
6677,2026-02-12 07:04:39,Italy,ios,tiktok_ads,elementary,work,medium,new,after_change,0,0
6678,2026-02-05 02:13:32,Brazil,ios,paid_search,intermediate,self_development,medium,new,after_change,1,0
6679,2026-02-13 15:17:46,Spain,android,instagram_ads,beginner,self_development,high,new,after_change,0,0
6680,2026-02-08 06:58:44,Spain,ios,blog,elementary,self_development,low,new,after_change,0,0
6681,2026-02-03 15:03:34,Brazil,android,organic,intermediate,travel,high,new,after_change,0,0
6682,2026-02-05 18:17:12,Poland,android,organic,elementary,travel,medium,new,after_change,0,0
6683,2026-02-11 09:13:55,Italy,android,organic,beginner,exam,low,new,after_change,1,1
6684,2026-02-12 12:06:56,Poland,ios,paid_search,elementary,travel,medium,new,after_change,0,0
6685,2026-02-06 05:42:20,Poland,android,instagram_ads,beginner,work,medium,new,after_change,0,0
6686,2026-02-03 04:57:14,Germany,android,blog,beginner,self_development,medium,new,after_change,0,0
6687,2026-02-03 16:28:26,Germany,android,referral,beginner,self_development,medium,new,after_change,0,0
6688,2026-02-02 10:46:46,Netherlands,android,tiktok_ads,beginner,work,high,new,after_change,0,0
6689,2026-02-10 18:46:33,Netherlands,android,tiktok_ads,beginner,self_development,low,new,after_change,0,0
6690,2026-02-08 01:00:23,Germany,ios,paid_search,elementary,work,low,new,after_change,0,0
6691,2026-02-07 07:35:50,Poland,android,blog,elementary,exam,medium,new,after_change,0,0
6692,2026-02-10 09:45:15,Germany,android,instagram_ads,beginner,travel,low,new,after_change,0,0
6693,2026-02-12 14:25:54,Germany,android,organic,elementary,travel,low,new,after_change,0,0
6694,2026-02-12 03:17:47,Spain,android,blog,elementary,self_development,medium,new,after_change,0,0
6695,2026-02-02 22:04:50,Poland,android,instagram_ads,intermediate,work,medium,new,after_change,0,0
6696,2026-02-09 06:06:50,Poland,ios,organic,intermediate,self_development,medium,new,after_change,0,0
6697,2026-02-13 08:31:28,Brazil,ios,tiktok_ads,intermediate,travel,high,new,after_change,0,0
6698,2026-02-11 20:00:48,Poland,android,organic,intermediate,travel,high,new,after_change,1,0
6699,2026-02-05 14:40:57,Poland,ios,organic,elementary,travel,high,new,after_change,1,0
6700,2026-02-06 11:57:02,Spain,ios,paid_search,beginner,exam,medium,new,after_change,0,0
6701,2026-02-13 11:06:21,Poland,android,instagram_ads,intermediate,exam,medium,new,after_change,0,0
6702,2026-02-01 11:02:36,Germany,android,paid_search,elementary,work,high,new,after_change,1,0
6703,2026-02-08 08:32:27,Brazil,android,organic,beginner,travel,high,new,after_change,0,0
6704,2026-02-02 15:00:33,Germany,ios,paid_search,beginner,travel,medium,new,after_change,0,0
6705,2026-02-13 12:34:53,Spain,ios,organic,elementary,travel,medium,new,after_change,0,0
6706,2026-02-01 13:00:38,Brazil,android,instagram_ads,beginner,travel,low,new,after_change,0,0
6707,2026-02-01 07:51:33,Germany,android,instagram_ads,intermediate,self_development,high,new,after_change,0,0
6708,2026-02-05 14:31:30,Brazil,ios,organic,beginner,travel,medium,new,after_change,0,0
6709,2026-02-03 19:15:20,Netherlands,android,organic,beginner,travel,high,new,after_change,0,0
6710,2026-02-07 22:29:06,Netherlands,android,paid_search,beginner,self_development,low,new,after_change,1,0
6711,2026-02-05 04:39:18,Germany,android,instagram_ads,elementary,self_development,low,new,after_change,0,0
6712,2026-02-05 23:43:21,Germany,android,referral,elementary,exam,medium,new,after_change,0,0
6713,2026-02-08 21:48:49,Spain,ios,organic,elementary,travel,high,new,after_change,0,0
6714,2026-02-08 20:21:41,Poland,android,organic,beginner,work,high,new,after_change,0,0
6715,2026-02-14 02:08:12,Poland,android,organic,intermediate,travel,high,new,after_change,0,0
6716,2026-02-07 17:29:04,Spain,ios,instagram_ads,beginner,travel,medium,new,after_change,0,0
6717,2026-02-08 21:34:54,Poland,ios,paid_search,beginner,exam,high,new,after_change,1,0
6718,2026-02-10 11:47:19,Brazil,android,tiktok_ads,beginner,self_development,high,new,after_change,0,0
6719,2026-02-03 10:32:31,Italy,android,tiktok_ads,beginner,travel,medium,new,after_change,0,0
6720,2026-02-10 08:05:57,Germany,android,organic,elementary,exam,low,new,after_change,0,0
6721,2026-02-13 01:36:08,Brazil,ios,paid_search,elementary,exam,high,new,after_change,0,0
6722,2026-02-05 10:52:10,Netherlands,ios,blog,beginner,work,high,new,after_change,0,0
6723,2026-02-03 11:55:20,Spain,android,paid_search,intermediate,travel,high,new,after_change,1,0
6724,2026-02-05 20:19:41,Germany,ios,instagram_ads,beginner,self_development,high,new,after_change,0,0
6725,2026-02-04 20:24:47,Germany,ios,instagram_ads,beginner,travel,high,new,after_change,0,0
6726,2026-02-09 04:36:34,Brazil,android,paid_search,elementary,travel,low,new,after_change,1,0
6727,2026-02-13 02:12:54,Netherlands,android,referral,elementary,travel,low,new,after_change,0,0
6728,2026-02-09 08:24:04,Poland,android,organic,intermediate,exam,high,new,after_change,0,0
6729,2026-02-02 18:10:18,Germany,ios,organic,beginner,self_development,high,new,after_change,1,0
6730,2026-02-05 09:44:21,Poland,android,instagram_ads,beginner,travel,high,new,after_change,0,0
6731,2026-02-10 15:36:35,Spain,android,blog,intermediate,travel,high,new,after_change,0,0
6732,2026-02-05 14:59:12,Italy,android,organic,elementary,self_development,low,new,after_change,0,0
6733,2026-02-09 05:01:38,Germany,ios,instagram_ads,elementary,exam,medium,new,after_change,0,0
6734,2026-02-10 17:11:56,Poland,android,organic,beginner,self_development,medium,new,after_change,0,0
6735,2026-02-05 14:36:01,Italy,android,instagram_ads,beginner,exam,high,new,after_change,0,0
6736,2026-02-10 01:31:48,Poland,ios,paid_search,intermediate,self_development,high,new,after_change,0,0
6737,2026-02-06 13:46:01,Poland,ios,paid_search,intermediate,work,high,new,after_change,1,0
6738,2026-02-02 21:22:37,Spain,ios,blog,intermediate,travel,medium,new,after_change,0,0
6739,2026-02-06 05:03:11,Poland,android,tiktok_ads,intermediate,work,medium,new,after_change,0,0
6740,2026-02-07 04:11:24,Brazil,ios,organic,elementary,work,high,new,after_change,0,0
6741,2026-02-01 00:48:07,Spain,android,blog,elementary,work,high,new,after_change,0,0
6742,2026-02-13 11:56:57,Italy,ios,paid_search,beginner,work,low,new,after_change,1,1
6743,2026-02-08 09:22:15,Spain,android,tiktok_ads,elementary,travel,medium,new,after_change,0,0
6744,2026-02-01 12:11:55,Spain,android,tiktok_ads,elementary,exam,high,new,after_change,0,0
6745,2026-02-13 03:38:43,Italy,android,referral,elementary,work,medium,new,after_change,0,0
6746,2026-02-12 23:20:06,Spain,android,paid_search,beginner,self_development,low,new,after_change,0,0
6747,2026-02-01 04:02:54,Germany,android,tiktok_ads,beginner,travel,medium,new,after_change,1,0
6748,2026-02-03 06:49:40,Spain,android,instagram_ads,intermediate,work,medium,new,after_change,0,0
6749,2026-02-06 02:14:05,Poland,android,paid_search,intermediate,work,low,new,after_change,0,0
6750,2026-02-08 02:26:07,Poland,android,blog,beginner,travel,medium,new,after_change,0,0
6751,2026-02-11 03:51:23,Germany,android,paid_search,beginner,work,low,new,after_change,1,0
6752,2026-02-06 22:34:37,Netherlands,android,organic,intermediate,work,medium,new,after_change,0,0
6753,2026-02-09 13:32:13,Brazil,ios,tiktok_ads,elementary,self_development,high,new,after_change,0,0
6754,2026-02-01 03:24:12,Netherlands,android,organic,elementary,travel,medium,new,after_change,0,0
6755,2026-02-10 05:16:09,Netherlands,android,referral,intermediate,self_development,high,new,after_change,0,0
6756,2026-02-13 19:34:24,Italy,android,paid_search,elementary,travel,high,new,after_change,0,0
6757,2026-02-08 08:48:21,Spain,android,paid_search,elementary,work,medium,new,after_change,0,0
6758,2026-02-07 08:51:17,Spain,android,tiktok_ads,elementary,exam,medium,new,after_change,0,0
6759,2026-02-05 03:49:54,Netherlands,android,referral,elementary,travel,high,new,after_change,0,0
6760,2026-02-14 08:38:02,Spain,ios,tiktok_ads,beginner,travel,low,new,after_change,0,0
6761,2026-02-01 11:09:22,Brazil,android,organic,beginner,travel,high,new,after_change,1,0
6762,2026-02-05 00:20:45,Germany,ios,paid_search,elementary,work,high,new,after_change,0,0
6763,2026-02-02 22:36:21,Germany,ios,tiktok_ads,beginner,work,medium,new,after_change,0,0
6764,2026-02-13 03:04:07,Italy,android,blog,intermediate,self_development,medium,new,after_change,0,0
6765,2026-02-07 18:09:19,Germany,ios,tiktok_ads,beginner,travel,medium,new,after_change,0,0
6766,2026-02-13 21:55:22,Netherlands,ios,instagram_ads,elementary,self_development,medium,new,after_change,0,0
6767,2026-02-10 07:29:35,Poland,ios,paid_search,beginner,self_development,low,new,after_change,0,0
6768,2026-02-08 19:05:44,Germany,android,instagram_ads,beginner,travel,high,new,after_change,0,0
6769,2026-02-08 05:52:14,Germany,android,paid_search,beginner,self_development,medium,new,after_change,1,0
6770,2026-02-03 20:05:59,Spain,android,organic,elementary,self_development,medium,new,after_change,0,0
6771,2026-02-08 20:50:53,Brazil,ios,organic,beginner,travel,low,new,after_change,0,0
6772,2026-02-10 14:14:35,Spain,ios,instagram_ads,beginner,work,medium,new,after_change,0,0
6773,2026-02-14 12:21:19,Netherlands,ios,instagram_ads,intermediate,self_development,high,new,after_change,1,0
6774,2026-02-08 16:27:23,Germany,ios,organic,elementary,exam,medium,new,after_change,0,0
6775,2026-02-14 03:26:56,Germany,ios,referral,elementary,self_development,medium,new,after_change,0,0
6776,2026-02-14 05:21:43,Germany,ios,organic,elementary,work,low,new,after_change,1,0
6777,2026-02-08 07:34:40,Spain,android,tiktok_ads,elementary,travel,high,new,after_change,0,0
6778,2026-02-07 03:35:43,Spain,android,referral,beginner,exam,low,new,after_change,0,0
6779,2026-02-02 23:56:53,Italy,ios,referral,beginner,work,low,new,after_change,0,0
6780,2026-02-04 18:13:14,Germany,android,referral,beginner,exam,low,new,after_change,1,0
6781,2026-02-13 07:22:31,Brazil,android,referral,beginner,work,low,new,after_change,1,0
6782,2026-02-02 22:27:51,Brazil,android,instagram_ads,elementary,work,high,new,after_change,0,0
6783,2026-02-06 13:24:41,Netherlands,android,instagram_ads,intermediate,self_development,low,new,after_change,0,0
6784,2026-02-10 18:44:27,Netherlands,android,referral,elementary,exam,medium,new,after_change,0,0
6785,2026-02-04 08:50:56,Germany,android,paid_search,beginner,exam,medium,new,after_change,0,0
6786,2026-02-14 15:18:02,Netherlands,ios,tiktok_ads,intermediate,self_development,medium,new,after_change,0,0
6787,2026-02-10 02:13:35,Spain,android,organic,beginner,travel,high,new,after_change,0,0
6788,2026-02-01 09:31:24,Poland,android,instagram_ads,beginner,exam,medium,new,after_change,1,0
6789,2026-02-04 11:02:59,Germany,android,organic,beginner,work,high,new,after_change,0,0
6790,2026-02-11 08:47:22,Poland,android,tiktok_ads,intermediate,work,low,new,after_change,0,0
6791,2026-02-13 02:01:56,Netherlands,android,paid_search,elementary,self_development,medium,new,after_change,0,0
6792,2026-02-13 23:26:54,Netherlands,android,organic,elementary,self_development,medium,new,after_change,1,0
6793,2026-02-12 21:59:35,Germany,android,paid_search,elementary,work,high,new,after_change,0,0
6794,2026-02-02 01:07:35,Netherlands,ios,tiktok_ads,elementary,self_development,high,new,after_change,0,0
6795,2026-02-11 05:10:29,Poland,ios,blog,beginner,work,high,new,after_change,0,0
6796,2026-02-02 13:01:01,Brazil,android,organic,elementary,exam,high,new,after_change,0,0
6797,2026-02-02 01:43:16,Spain,android,organic,beginner,self_development,medium,new,after_change,0,0
6798,2026-02-10 16:29:51,Germany,ios,tiktok_ads,beginner,exam,medium,new,after_change,1,0
6799,2026-02-07 16:39:49,Spain,ios,instagram_ads,elementary,exam,low,new,after_change,0,0
6800,2026-02-10 01:42:56,Poland,android,paid_search,beginner,self_development,medium,new,after_change,0,0
6801,2026-02-12 22:05:56,Spain,android,tiktok_ads,intermediate,travel,medium,new,after_change,0,0
6802,2026-02-01 23:07:33,Poland,android,referral,beginner,exam,high,new,after_change,0,0
6803,2026-02-08 09:15:01,Poland,ios,paid_search,beginner,exam,low,new,after_change,0,0
6804,2026-02-12 16:21:57,Netherlands,ios,instagram_ads,beginner,work,high,new,after_change,0,0
6805,2026-02-07 03:56:18,Netherlands,android,organic,elementary,self_development,medium,new,after_change,0,0
6806,2026-02-08 07:52:13,Netherlands,ios,blog,beginner,work,medium,new,after_change,1,0
6807,2026-02-07 23:16:43,Brazil,android,referral,intermediate,travel,high,new,after_change,0,0
6808,2026-02-13 16:49:05,Germany,android,instagram_ads,beginner,self_development,medium,new,after_change,0,0
6809,2026-02-01 16:45:51,Poland,ios,blog,beginner,travel,low,new,after_change,0,0
6810,2026-02-13 07:00:17,Italy,android,organic,beginner,exam,medium,new,after_change,1,0
6811,2026-02-12 10:18:16,Brazil,ios,tiktok_ads,intermediate,self_development,medium,new,after_change,0,0
6812,2026-02-12 09:00:09,Italy,android,tiktok_ads,beginner,self_development,medium,new,after_change,0,0
6813,2026-02-06 18:31:42,Italy,android,referral,beginner,exam,high,new,after_change,0,0
6814,2026-02-08 05:20:31,Brazil,android,tiktok_ads,beginner,self_development,high,new,after_change,0,0
6815,2026-02-06 03:58:42,Poland,android,organic,elementary,work,low,new,after_change,0,0
6816,2026-02-04 12:34:29,Netherlands,ios,organic,beginner,travel,medium,new,after_change,1,0
6817,2026-02-13 06:08:45,Germany,android,organic,beginner,exam,high,new,after_change,1,0
6818,2026-02-08 02:00:27,Germany,ios,referral,elementary,exam,medium,new,after_change,0,0
6819,2026-02-11 03:02:39,Brazil,android,paid_search,intermediate,self_development,medium,new,after_change,0,0
6820,2026-02-02 09:52:21,Poland,ios,instagram_ads,beginner,work,medium,new,after_change,0,0
6821,2026-02-12 01:04:45,Spain,android,organic,beginner,travel,high,new,after_change,0,0
6822,2026-02-10 05:22:20,Poland,ios,instagram_ads,beginner,travel,medium,new,after_change,0,0
6823,2026-02-14 23:11:49,Netherlands,ios,paid_search,intermediate,work,low,new,after_change,0,0
6824,2026-02-02 21:00:58,Netherlands,ios,instagram_ads,elementary,self_development,high,new,after_change,1,0
6825,2026-02-08 13:27:12,Spain,ios,paid_search,beginner,work,medium,new,after_change,0,0
6826,2026-02-08 03:45:14,Brazil,ios,organic,elementary,travel,medium,new,after_change,0,0
6827,2026-02-08 12:54:08,Germany,ios,organic,beginner,travel,high,new,after_change,0,0
6828,2026-02-01 18:16:20,Germany,android,blog,beginner,work,low,new,after_change,0,0
6829,2026-02-07 14:58:08,Germany,android,instagram_ads,intermediate,work,medium,new,after_change,1,1
6830,2026-02-05 04:38:10,Germany,ios,tiktok_ads,beginner,self_development,medium,new,after_change,0,0
6831,2026-02-09 15:25:50,Germany,android,blog,beginner,self_development,high,new,after_change,0,0
6832,2026-02-04 05:58:44,Netherlands,android,instagram_ads,elementary,work,high,new,after_change,0,0
6833,2026-02-07 02:10:39,Brazil,ios,instagram_ads,elementary,work,low,new,after_change,0,0
6834,2026-02-09 16:19:50,Germany,ios,instagram_ads,beginner,travel,high,new,after_change,0,0
6835,2026-02-01 21:31:09,Poland,android,organic,elementary,work,medium,new,after_change,0,0
6836,2026-02-12 00:21:37,Brazil,android,paid_search,elementary,exam,medium,new,after_change,0,0
6837,2026-02-11 00:29:12,Italy,android,referral,intermediate,work,high,new,after_change,0,0
6838,2026-02-01 19:15:13,Netherlands,android,paid_search,beginner,work,medium,new,after_change,1,1
6839,2026-02-01 21:45:04,Germany,android,organic,beginner,self_development,medium,new,after_change,0,0
6840,2026-02-12 21:41:43,Italy,android,referral,intermediate,exam,low,new,after_change,0,0
6841,2026-02-04 23:11:56,Poland,android,organic,elementary,work,high,new,after_change,1,0
6842,2026-02-13 01:13:04,Netherlands,android,tiktok_ads,beginner,work,high,new,after_change,0,0
6843,2026-02-07 23:44:56,Brazil,android,tiktok_ads,elementary,work,high,new,after_change,0,0
6844,2026-02-05 19:00:08,Brazil,android,paid_search,beginner,travel,high,new,after_change,1,0
6845,2026-02-04 19:54:58,Brazil,android,organic,intermediate,self_development,low,new,after_change,0,0
6846,2026-02-10 05:25:31,Poland,ios,paid_search,elementary,travel,medium,new,after_change,0,0
6847,2026-02-02 12:52:05,Brazil,ios,tiktok_ads,intermediate,travel,high,new,after_change,0,0
6848,2026-02-06 15:16:40,Germany,ios,referral,elementary,work,high,new,after_change,1,1
6849,2026-02-05 20:12:27,Germany,ios,referral,intermediate,work,medium,new,after_change,1,0
6850,2026-02-03 03:48:29,Germany,android,organic,beginner,work,high,new,after_change,0,0
6851,2026-02-05 22:32:54,Germany,android,organic,beginner,self_development,high,new,after_change,1,0
6852,2026-02-08 09:37:50,Spain,ios,instagram_ads,beginner,travel,medium,new,after_change,0,0
6853,2026-02-10 11:39:40,Italy,ios,tiktok_ads,intermediate,travel,medium,new,after_change,0,0
6854,2026-02-02 05:01:00,Germany,ios,organic,elementary,travel,high,new,after_change,0,0
6855,2026-02-13 05:07:32,Spain,android,organic,beginner,travel,medium,new,after_change,0,0
6856,2026-02-13 07:09:59,Germany,android,organic,beginner,self_development,medium,new,after_change,0,0
6857,2026-02-10 16:30:15,Brazil,ios,paid_search,elementary,work,medium,new,after_change,0,0
6858,2026-02-13 22:33:40,Netherlands,ios,tiktok_ads,elementary,travel,high,new,after_change,0,0
6859,2026-02-06 23:47:23,Brazil,android,blog,elementary,exam,low,new,after_change,0,0
6860,2026-02-12 12:03:43,Italy,android,organic,elementary,self_development,medium,new,after_change,1,0
6861,2026-02-11 04:21:42,Italy,android,instagram_ads,beginner,self_development,medium,new,after_change,0,0
6862,2026-02-08 21:00:34,Poland,ios,paid_search,elementary,work,medium,new,after_change,0,0
6863,2026-02-03 12:18:49,Poland,ios,paid_search,beginner,exam,medium,new,after_change,0,0
6864,2026-02-08 19:21:11,Spain,android,organic,beginner,travel,low,new,after_change,0,0
6865,2026-02-13 14:51:12,Brazil,ios,paid_search,beginner,self_development,medium,new,after_change,0,0
6866,2026-02-14 18:49:41,Spain,android,paid_search,intermediate,self_development,high,new,after_change,0,0
6867,2026-02-07 06:33:01,Poland,android,tiktok_ads,beginner,exam,high,new,after_change,0,0
6868,2026-02-04 11:17:41,Germany,ios,tiktok_ads,beginner,exam,medium,new,after_change,0,0
6869,2026-02-11 11:09:45,Germany,android,tiktok_ads,elementary,exam,high,new,after_change,1,0
6870,2026-02-02 01:31:07,Germany,android,instagram_ads,beginner,work,medium,new,after_change,0,0
6871,2026-02-03 02:46:02,Netherlands,android,paid_search,intermediate,work,medium,new,after_change,1,1
6872,2026-02-08 20:48:43,Netherlands,ios,organic,elementary,exam,medium,new,after_change,0,0
6873,2026-02-14 20:42:29,Germany,android,organic,elementary,self_development,low,new,after_change,0,0
6874,2026-02-05 14:28:19,Brazil,ios,organic,beginner,exam,low,new,after_change,0,0
6875,2026-02-07 04:57:24,Spain,android,organic,beginner,travel,medium,new,after_change,0,0
6876,2026-02-05 12:18:20,Poland,android,blog,beginner,work,medium,new,after_change,0,0
6877,2026-02-07 04:00:34,Germany,ios,blog,elementary,work,high,new,after_change,1,0
6878,2026-02-01 02:22:50,Germany,android,tiktok_ads,beginner,travel,low,new,after_change,0,0
6879,2026-02-09 07:49:36,Netherlands,android,instagram_ads,intermediate,work,high,new,after_change,1,1
6880,2026-02-09 08:20:11,Netherlands,android,tiktok_ads,intermediate,travel,medium,new,after_change,0,0
6881,2026-02-05 10:01:45,Poland,ios,instagram_ads,elementary,work,medium,new,after_change,0,0
6882,2026-02-04 16:42:55,Netherlands,android,tiktok_ads,beginner,travel,medium,new,after_change,0,0
6883,2026-02-11 15:53:57,Italy,android,organic,elementary,work,high,new,after_change,0,0
6884,2026-02-03 15:07:13,Spain,ios,blog,beginner,self_development,medium,new,after_change,0,0
6885,2026-02-01 15:48:52,Spain,ios,tiktok_ads,intermediate,travel,medium,new,after_change,0,0
6886,2026-02-01 13:35:06,Italy,android,organic,beginner,travel,high,new,after_change,1,0
6887,2026-02-13 08:16:09,Germany,android,instagram_ads,elementary,work,low,new,after_change,0,0
6888,2026-02-06 02:25:31,Poland,android,referral,beginner,work,medium,new,after_change,0,0
6889,2026-02-02 10:12:56,Germany,android,blog,elementary,self_development,medium,new,after_change,1,1
6890,2026-02-13 07:20:00,Brazil,ios,paid_search,beginner,exam,high,new,after_change,0,0
6891,2026-02-03 01:56:14,Germany,android,instagram_ads,beginner,self_development,high,new,after_change,0,0
6892,2026-02-05 17:07:17,Netherlands,android,paid_search,beginner,travel,high,new,after_change,1,0
6893,2026-02-01 06:57:03,Poland,ios,paid_search,beginner,travel,medium,new,after_change,0,0
6894,2026-02-10 12:10:08,Germany,android,organic,beginner,self_development,high,new,after_change,0,0
6895,2026-02-10 18:57:54,Germany,android,organic,intermediate,travel,low,new,after_change,1,1
6896,2026-02-11 14:11:59,Spain,ios,paid_search,beginner,work,high,new,after_change,0,0
6897,2026-02-04 16:22:57,Germany,android,instagram_ads,elementary,work,high,new,after_change,0,0
6898,2026-02-05 14:14:30,Spain,android,referral,beginner,self_development,low,new,after_change,0,0
6899,2026-02-14 03:12:29,Italy,android,instagram_ads,elementary,work,low,new,after_change,0,0
6900,2026-02-12 12:04:16,Germany,ios,paid_search,intermediate,self_development,low,new,after_change,0,0
6901,2026-02-01 12:29:05,Spain,ios,instagram_ads,beginner,work,high,new,after_change,0,0
6902,2026-02-10 16:28:17,Brazil,android,referral,intermediate,travel,high,new,after_change,0,0
6903,2026-02-12 09:04:50,Spain,android,instagram_ads,elementary,travel,medium,new,after_change,0,0
6904,2026-02-08 19:54:19,Germany,ios,instagram_ads,elementary,work,low,new,after_change,0,0
6905,2026-02-09 23:00:31,Poland,android,organic,beginner,travel,medium,new,after_change,0,0
6906,2026-02-01 00:20:00,Netherlands,ios,organic,intermediate,work,low,new,after_change,1,1
6907,2026-02-01 10:05:51,Poland,android,blog,intermediate,work,low,new,after_change,0,0
6908,2026-02-01 11:47:25,Spain,android,paid_search,beginner,work,medium,new,after_change,0,0
6909,2026-02-03 05:24:58,Netherlands,ios,paid_search,beginner,work,medium,new,after_change,0,0
6910,2026-02-14 20:55:51,Italy,android,organic,beginner,self_development,high,new,after_change,0,0
6911,2026-02-09 21:08:33,Poland,android,instagram_ads,beginner,travel,medium,new,after_change,0,0
6912,2026-02-11 22:50:50,Italy,android,tiktok_ads,beginner,self_development,high,new,after_change,0,0
6913,2026-02-05 03:18:59,Germany,android,tiktok_ads,intermediate,exam,high,new,after_change,0,0
6914,2026-02-14 03:01:18,Italy,ios,referral,intermediate,self_development,high,new,after_change,1,0
6915,2026-02-03 18:50:07,Poland,ios,paid_search,beginner,exam,medium,new,after_change,0,0
6916,2026-02-13 15:10:25,Poland,android,paid_search,beginner,travel,low,new,after_change,0,0
6917,2026-02-01 10:20:48,Netherlands,android,blog,elementary,self_development,high,new,after_change,0,0
6918,2026-02-01 06:52:07,Italy,ios,instagram_ads,intermediate,self_development,medium,new,after_change,0,0
6919,2026-02-02 02:30:34,Brazil,android,referral,elementary,self_development,medium,new,after_change,0,0
6920,2026-02-12 02:03:38,Poland,ios,instagram_ads,intermediate,self_development,high,new,after_change,0,0
6921,2026-02-04 14:31:08,Netherlands,ios,organic,elementary,travel,medium,new,after_change,0,0
6922,2026-02-07 07:35:05,Poland,android,blog,elementary,self_development,high,new,after_change,1,1
6923,2026-02-07 14:21:40,Poland,android,paid_search,beginner,self_development,medium,new,after_change,0,0
6924,2026-02-12 01:17:29,Germany,android,tiktok_ads,intermediate,self_development,low,new,after_change,0,0
6925,2026-02-05 21:10:28,Spain,ios,paid_search,elementary,exam,medium,new,after_change,0,0
6926,2026-02-01 02:15:23,Spain,ios,instagram_ads,elementary,self_development,medium,new,after_change,0,0
6927,2026-02-06 09:51:22,Poland,ios,instagram_ads,elementary,exam,medium,new,after_change,1,1
6928,2026-02-05 00:50:05,Poland,android,paid_search,beginner,work,low,new,after_change,0,0
6929,2026-02-11 05:34:32,Poland,android,blog,beginner,self_development,medium,new,after_change,0,0
6930,2026-02-11 12:26:41,Poland,ios,organic,intermediate,travel,high,new,after_change,0,0
6931,2026-02-02 06:53:52,Netherlands,android,paid_search,beginner,self_development,high,new,after_change,0,0
6932,2026-02-12 02:27:17,Germany,android,organic,beginner,work,high,new,after_change,1,0
6933,2026-02-01 23:41:06,Netherlands,ios,tiktok_ads,elementary,travel,high,new,after_change,0,0
6934,2026-02-09 16:13:26,Italy,ios,instagram_ads,beginner,work,medium,new,after_change,0,0
6935,2026-02-06 10:47:57,Netherlands,android,instagram_ads,elementary,exam,medium,new,after_change,0,0
6936,2026-02-05 05:13:19,Italy,ios,tiktok_ads,elementary,travel,medium,new,after_change,0,0
6937,2026-02-07 18:21:01,Italy,ios,tiktok_ads,elementary,self_development,high,new,after_change,0,0
6938,2026-02-05 08:16:54,Spain,ios,blog,intermediate,work,low,new,after_change,0,0
6939,2026-02-12 02:44:17,Poland,android,referral,beginner,exam,high,new,after_change,0,0
6940,2026-02-14 12:49:57,Brazil,android,paid_search,intermediate,travel,medium,new,after_change,0,0
6941,2026-02-12 10:06:30,Brazil,android,tiktok_ads,elementary,travel,medium,new,after_change,0,0
6942,2026-02-07 03:34:31,Germany,ios,organic,intermediate,travel,medium,new,after_change,0,0
6943,2026-02-08 01:06:13,Germany,android,organic,intermediate,travel,high,new,after_change,0,0
6944,2026-02-07 06:14:03,Germany,ios,instagram_ads,beginner,self_development,medium,new,after_change,1,0
6945,2026-02-12 02:37:46,Netherlands,android,instagram_ads,elementary,work,low,new,after_change,0,0
6946,2026-02-08 17:35:01,Germany,android,instagram_ads,beginner,self_development,low,new,after_change,1,0
6947,2026-02-07 13:17:24,Spain,android,instagram_ads,elementary,exam,high,new,after_change,1,0
6948,2026-02-06 17:35:34,Brazil,ios,tiktok_ads,beginner,travel,medium,new,after_change,1,0
6949,2026-02-06 06:00:55,Spain,android,blog,beginner,self_development,low,new,after_change,0,0
6950,2026-02-08 17:41:51,Poland,ios,organic,intermediate,self_development,high,new,after_change,0,0
6951,2026-02-10 15:30:08,Brazil,ios,paid_search,intermediate,travel,medium,new,after_change,0,0
6952,2026-02-07 01:15:52,Germany,android,organic,elementary,work,low,new,after_change,0,0
6953,2026-02-12 07:02:17,Italy,ios,organic,beginner,work,high,new,after_change,1,1
6954,2026-02-12 13:46:34,Poland,ios,blog,intermediate,work,high,new,after_change,0,0
6955,2026-02-07 00:10:13,Netherlands,android,organic,intermediate,work,medium,new,after_change,0,0
6956,2026-02-13 17:26:28,Poland,android,organic,beginner,work,high,new,after_change,1,0
6957,2026-02-03 10:08:30,Germany,android,paid_search,beginner,work,medium,new,after_change,0,0
6958,2026-02-14 01:11:20,Poland,ios,paid_search,intermediate,work,high,new,after_change,1,0
6959,2026-02-05 02:49:03,Germany,android,instagram_ads,beginner,work,medium,new,after_change,0,0
6960,2026-02-08 21:36:12,Brazil,ios,blog,elementary,exam,high,new,after_change,0,0
6961,2026-02-04 23:17:03,Germany,android,tiktok_ads,elementary,travel,high,new,after_change,0,0
6962,2026-02-07 04:33:42,Poland,ios,paid_search,elementary,travel,medium,new,after_change,0,0
6963,2026-02-05 18:15:38,Germany,ios,tiktok_ads,beginner,work,high,new,after_change,0,0
6964,2026-02-10 20:57:38,Germany,android,referral,elementary,work,low,new,after_change,0,0
6965,2026-02-02 03:16:46,Germany,ios,organic,elementary,work,medium,new,after_change,1,1
6966,2026-02-12 17:40:36,Poland,android,tiktok_ads,intermediate,exam,high,new,after_change,0,0
6967,2026-02-13 15:41:31,Spain,ios,instagram_ads,elementary,travel,medium,new,after_change,0,0
6968,2026-02-08 21:09:43,Brazil,ios,tiktok_ads,intermediate,exam,medium,new,after_change,0,0
6969,2026-02-08 15:53:03,Spain,ios,organic,beginner,work,low,new,after_change,0,0
6970,2026-02-10 19:11:37,Poland,ios,tiktok_ads,beginner,work,high,new,after_change,0,0
6971,2026-02-03 18:53:20,Germany,ios,referral,intermediate,work,medium,new,after_change,0,0
6972,2026-02-11 11:54:32,Italy,ios,tiktok_ads,beginner,exam,high,new,after_change,1,0
6973,2026-02-04 01:28:26,Spain,ios,organic,beginner,exam,medium,new,after_change,0,0
6974,2026-02-10 11:16:05,Germany,android,organic,beginner,self_development,medium,new,after_change,0,0
6975,2026-02-05 06:40:27,Germany,android,tiktok_ads,elementary,work,high,new,after_change,0,0
6976,2026-02-11 10:42:03,Germany,ios,tiktok_ads,elementary,self_development,medium,new,after_change,0,0
6977,2026-02-12 01:47:42,Brazil,ios,blog,intermediate,self_development,low,new,after_change,0,0
6978,2026-02-03 22:06:17,Germany,ios,instagram_ads,beginner,work,low,new,after_change,0,0
6979,2026-02-09 15:27:28,Italy,ios,organic,beginner,self_development,high,new,after_change,0,0
6980,2026-02-07 23:27:13,Brazil,android,tiktok_ads,beginner,work,high,new,after_change,0,0
6981,2026-02-05 02:47:51,Germany,ios,tiktok_ads,intermediate,self_development,medium,new,after_change,0,0
6982,2026-02-09 05:39:29,Brazil,android,instagram_ads,elementary,self_development,high,new,after_change,0,0
6983,2026-02-14 21:32:05,Germany,android,tiktok_ads,beginner,work,medium,new,after_change,0,0
6984,2026-02-01 00:49:57,Germany,ios,paid_search,beginner,work,medium,new,after_change,1,1
6985,2026-02-14 09:30:37,Spain,ios,organic,beginner,exam,high,new,after_change,0,0
6986,2026-02-12 23:36:12,Germany,ios,organic,elementary,work,medium,new,after_change,1,0
6987,2026-02-08 09:52:10,Germany,ios,paid_search,elementary,exam,high,new,after_change,1,0
6988,2026-02-09 12:58:05,Italy,android,tiktok_ads,elementary,work,medium,new,after_change,0,0
6989,2026-02-06 04:02:53,Netherlands,ios,paid_search,elementary,work,medium,new,after_change,0,0
6990,2026-02-02 19:23:23,Italy,ios,referral,beginner,work,low,new,after_change,1,1
6991,2026-02-09 00:00:57,Germany,ios,organic,elementary,self_development,medium,new,after_change,0,0
6992,2026-02-12 10:17:45,Poland,android,tiktok_ads,elementary,exam,medium,new,after_change,0,0
6993,2026-02-04 05:39:09,Spain,ios,instagram_ads,beginner,exam,medium,new,after_change,1,1
6994,2026-02-11 00:55:52,Germany,android,organic,elementary,self_development,medium,new,after_change,1,0
6995,2026-02-11 11:20:43,Poland,ios,instagram_ads,intermediate,self_development,medium,new,after_change,0,0
6996,2026-02-11 14:47:19,Germany,ios,blog,elementary,work,medium,new,after_change,0,0
6997,2026-02-05 18:14:24,Spain,android,blog,elementary,travel,high,new,after_change,0,0
6998,2026-02-06 11:43:34,Poland,android,paid_search,elementary,work,medium,new,after_change,0,0
6999,2026-02-06 19:50:50,Netherlands,ios,instagram_ads,beginner,work,medium,new,after_change,0,0
7000,2026-02-12 23:00:43,Brazil,android,organic,beginner,travel,medium,new,after_change,0,0
7001,2026-02-13 14:33:04,Spain,ios,instagram_ads,elementary,self_development,low,new,after_change,1,0
7002,2026-02-06 19:06:47,Germany,ios,paid_search,beginner,travel,medium,new,after_change,1,0
7003,2026-02-14 13:54:44,Italy,ios,blog,elementary,work,high,new,after_change,0,0
7004,2026-02-08 23:41:27,Germany,android,tiktok_ads,elementary,exam,high,new,after_change,0,0
7005,2026-02-06 09:22:45,Germany,android,organic,beginner,exam,high,new,after_change,0,0
7006,2026-02-01 00:12:56,Germany,android,blog,intermediate,work,high,new,after_change,0,0
7007,2026-02-09 13:19:17,Italy,android,tiktok_ads,intermediate,self_development,high,new,after_change,0,0
7008,2026-02-10 00:40:38,Poland,android,organic,beginner,self_development,low,new,after_change,0,0
7009,2026-02-14 13:22:35,Brazil,android,referral,elementary,travel,medium,new,after_change,1,1
7010,2026-02-11 01:18:25,Italy,android,instagram_ads,beginner,self_development,low,new,after_change,0,0
7011,2026-02-01 09:58:13,Germany,android,paid_search,intermediate,work,medium,new,after_change,0,0
7012,2026-02-08 22:32:55,Italy,android,organic,elementary,work,medium,new,after_change,1,0
7013,2026-02-11 09:34:24,Germany,ios,paid_search,elementary,self_development,medium,new,after_change,0,0
7014,2026-02-07 22:50:37,Spain,ios,organic,intermediate,self_development,medium,new,after_change,0,0
7015,2026-02-07 00:15:43,Germany,android,referral,elementary,exam,medium,new,after_change,0,0
7016,2026-02-12 08:08:19,Italy,ios,paid_search,intermediate,work,medium,new,after_change,1,0
7017,2026-02-09 13:25:15,Italy,ios,instagram_ads,beginner,travel,low,new,after_change,0,0
7018,2026-02-10 12:56:28,Netherlands,android,blog,beginner,work,medium,new,after_change,0,0
7019,2026-02-07 11:56:20,Germany,android,blog,beginner,work,medium,new,after_change,1,1
7020,2026-02-04 21:25:58,Germany,ios,referral,intermediate,work,low,new,after_change,0,0
7021,2026-02-08 06:24:52,Brazil,ios,referral,beginner,self_development,medium,new,after_change,0,0
7022,2026-02-14 10:14:55,Spain,android,blog,beginner,work,medium,new,after_change,0,0
7023,2026-02-09 10:29:49,Germany,android,referral,intermediate,exam,low,new,after_change,0,0
7024,2026-02-10 21:38:30,Netherlands,android,instagram_ads,beginner,exam,medium,new,after_change,0,0
7025,2026-02-02 17:42:31,Netherlands,ios,organic,elementary,exam,medium,new,after_change,1,1
7026,2026-02-14 19:56:50,Italy,ios,organic,beginner,self_development,medium,new,after_change,0,0
7027,2026-02-04 10:13:12,Brazil,ios,paid_search,beginner,self_development,medium,new,after_change,0,0
7028,2026-02-14 14:20:37,Spain,android,paid_search,beginner,travel,high,new,after_change,0,0
7029,2026-02-07 05:46:32,Brazil,android,paid_search,intermediate,self_development,medium,new,after_change,0,0
7030,2026-02-13 20:45:13,Germany,android,organic,beginner,self_development,low,new,after_change,1,1
7031,2026-02-13 11:38:55,Netherlands,ios,instagram_ads,beginner,travel,medium,new,after_change,0,0
7032,2026-02-11 13:48:17,Poland,android,paid_search,elementary,work,low,new,after_change,0,0
7033,2026-02-13 19:54:46,Germany,ios,paid_search,beginner,work,low,new,after_change,0,0
7034,2026-02-09 12:46:05,Spain,ios,instagram_ads,elementary,work,medium,new,after_change,0,0
7035,2026-02-12 21:11:17,Poland,android,paid_search,elementary,self_development,medium,new,after_change,0,0
7036,2026-02-03 09:50:57,Brazil,android,instagram_ads,intermediate,self_development,medium,new,after_change,1,0
7037,2026-02-01 23:36:55,Brazil,android,organic,intermediate,travel,low,new,after_change,0,0
7038,2026-02-08 14:33:57,Poland,android,tiktok_ads,beginner,travel,medium,new,after_change,0,0
7039,2026-02-12 08:06:31,Brazil,android,referral,elementary,travel,high,new,after_change,0,0
7040,2026-02-11 17:09:59,Germany,ios,organic,elementary,self_development,high,new,after_change,0,0
7041,2026-02-08 09:22:22,Poland,ios,referral,beginner,travel,medium,new,after_change,0,0
7042,2026-02-08 07:00:28,Italy,ios,referral,elementary,exam,medium,new,after_change,0,0
7043,2026-02-09 12:54:28,Germany,ios,blog,intermediate,exam,medium,new,after_change,0,0
7044,2026-02-13 03:43:42,Germany,android,referral,elementary,travel,medium,new,after_change,0,0
7045,2026-02-12 18:51:01,Poland,ios,instagram_ads,elementary,travel,medium,new,after_change,0,0
7046,2026-02-02 12:50:39,Netherlands,ios,organic,beginner,self_development,high,new,after_change,0,0
7047,2026-02-09 08:10:08,Spain,ios,organic,elementary,work,medium,new,after_change,1,1
7048,2026-02-06 07:59:45,Brazil,android,organic,elementary,work,medium,new,after_change,0,0
7049,2026-02-12 04:36:09,Poland,android,paid_search,beginner,work,medium,new,after_change,0,0
7050,2026-02-08 02:00:14,Brazil,android,blog,intermediate,travel,medium,new,after_change,0,0
7051,2026-02-14 21:05:28,Germany,ios,organic,intermediate,work,medium,new,after_change,1,1
7052,2026-02-07 01:15:40,Germany,android,instagram_ads,intermediate,travel,medium,new,after_change,0,0
7053,2026-02-10 12:10:52,Spain,ios,blog,elementary,travel,medium,new,after_change,0,0
7054,2026-02-02 12:29:06,Italy,android,organic,elementary,travel,medium,new,after_change,0,0
7055,2026-02-14 01:16:22,Brazil,ios,organic,beginner,exam,low,new,after_change,1,0
7056,2026-02-03 03:35:07,Spain,android,paid_search,intermediate,travel,medium,new,after_change,0,0
7057,2026-02-06 07:07:58,Italy,android,organic,beginner,travel,low,new,after_change,0,0
7058,2026-02-12 17:26:21,Spain,android,instagram_ads,beginner,self_development,medium,new,after_change,0,0
7059,2026-02-14 13:03:10,Brazil,android,paid_search,beginner,work,medium,new,after_change,0,0
7060,2026-02-07 18:45:11,Germany,ios,instagram_ads,intermediate,self_development,low,new,after_change,1,1
7061,2026-02-07 18:51:58,Poland,ios,organic,beginner,self_development,high,new,after_change,0,0
7062,2026-02-01 16:22:14,Poland,ios,tiktok_ads,elementary,work,high,new,after_change,1,0
7063,2026-02-14 16:54:05,Poland,ios,organic,elementary,work,high,new,after_change,1,1
7064,2026-02-01 05:32:27,Spain,android,instagram_ads,beginner,self_development,medium,new,after_change,0,0
7065,2026-02-01 08:45:53,Spain,android,organic,intermediate,work,medium,new,after_change,0,0
7066,2026-02-07 15:05:15,Germany,android,referral,intermediate,travel,high,new,after_change,1,1
7067,2026-02-01 01:13:14,Italy,android,instagram_ads,beginner,travel,low,new,after_change,0,0
7068,2026-02-03 07:13:52,Germany,ios,organic,beginner,self_development,medium,new,after_change,0,0
7069,2026-02-09 18:54:50,Netherlands,ios,instagram_ads,elementary,travel,low,new,after_change,0,0
7070,2026-02-10 20:55:20,Poland,ios,paid_search,beginner,self_development,medium,new,after_change,0,0
7071,2026-02-05 04:11:10,Germany,ios,referral,beginner,work,medium,new,after_change,0,0
7072,2026-02-12 03:13:43,Spain,android,blog,intermediate,work,low,new,after_change,0,0
7073,2026-02-09 12:11:32,Germany,android,organic,beginner,work,low,new,after_change,0,0
7074,2026-02-04 04:42:27,Brazil,android,instagram_ads,elementary,work,medium,new,after_change,0,0
7075,2026-02-10 23:22:51,Italy,android,paid_search,beginner,work,high,new,after_change,0,0
7076,2026-02-09 06:58:17,Spain,android,tiktok_ads,beginner,exam,high,new,after_change,0,0
7077,2026-02-12 08:52:11,Italy,android,organic,beginner,exam,high,new,after_change,0,0
7078,2026-02-03 03:53:36,Germany,android,instagram_ads,beginner,work,high,new,after_change,0,0
7079,2026-02-04 05:34:01,Spain,android,referral,elementary,work,medium,new,after_change,0,0
7080,2026-02-05 06:00:13,Italy,android,paid_search,intermediate,exam,medium,new,after_change,0,0
7081,2026-02-05 18:42:55,Poland,ios,referral,elementary,work,medium,new,after_change,1,1
7082,2026-02-13 10:38:07,Spain,android,organic,intermediate,self_development,low,new,after_change,0,0
7083,2026-02-11 06:08:02,Netherlands,ios,blog,beginner,travel,medium,new,after_change,1,1
7084,2026-02-08 14:49:01,Italy,ios,referral,elementary,self_development,low,new,after_change,0,0
7085,2026-02-08 13:35:32,Poland,android,paid_search,intermediate,work,low,new,after_change,1,0
7086,2026-02-13 09:39:30,Netherlands,ios,organic,elementary,work,medium,new,after_change,0,0
7087,2026-02-07 06:07:23,Germany,ios,instagram_ads,intermediate,work,low,new,after_change,0,0
7088,2026-02-04 03:40:59,Germany,ios,tiktok_ads,elementary,work,low,new,after_change,0,0
7089,2026-02-02 21:59:53,Netherlands,android,organic,intermediate,travel,medium,new,after_change,0,0
7090,2026-02-05 14:53:17,Brazil,android,blog,beginner,work,medium,new,after_change,1,0
7091,2026-02-10 03:30:23,Germany,android,tiktok_ads,beginner,work,medium,new,after_change,0,0
7092,2026-02-07 14:14:23,Spain,android,blog,beginner,travel,medium,new,after_change,0,0
7093,2026-02-06 21:43:08,Spain,ios,paid_search,intermediate,travel,low,new,after_change,0,0
7094,2026-02-07 17:18:24,Brazil,android,paid_search,beginner,self_development,high,new,after_change,0,0
7095,2026-02-14 15:33:28,Spain,android,organic,beginner,self_development,medium,new,after_change,0,0
7096,2026-02-14 23:12:34,Spain,ios,paid_search,intermediate,work,low,new,after_change,0,0
7097,2026-02-03 06:11:39,Germany,android,organic,elementary,travel,low,new,after_change,0,0
7098,2026-02-02 14:27:13,Poland,android,organic,beginner,work,high,new,after_change,0,0
7099,2026-02-04 10:05:15,Netherlands,ios,tiktok_ads,beginner,self_development,medium,new,after_change,0,0
7100,2026-02-12 22:15:36,Germany,android,organic,elementary,self_development,high,new,after_change,0,0
7101,2026-02-07 10:23:49,Spain,ios,organic,intermediate,self_development,medium,new,after_change,0,0
7102,2026-02-13 02:11:49,Spain,android,instagram_ads,elementary,exam,low,new,after_change,0,0
7103,2026-02-10 01:18:30,Netherlands,android,tiktok_ads,beginner,exam,medium,new,after_change,0,0
7104,2026-02-08 17:52:29,Netherlands,ios,referral,elementary,travel,low,new,after_change,0,0
7105,2026-02-04 22:35:20,Netherlands,android,instagram_ads,beginner,work,high,new,after_change,1,1
7106,2026-02-05 19:35:47,Netherlands,android,organic,intermediate,self_development,medium,new,after_change,1,1
7107,2026-02-03 01:37:59,Germany,ios,instagram_ads,elementary,travel,medium,new,after_change,0,0
7108,2026-02-08 06:27:35,Spain,android,instagram_ads,intermediate,travel,high,new,after_change,0,0
7109,2026-02-04 22:12:19,Germany,android,paid_search,beginner,self_development,low,new,after_change,0,0
7110,2026-02-05 02:16:08,Brazil,android,organic,beginner,self_development,high,new,after_change,0,0
7111,2026-02-01 13:17:15,Spain,android,blog,elementary,travel,low,new,after_change,0,0
7112,2026-02-12 04:30:00,Poland,ios,organic,elementary,work,high,new,after_change,0,0
7113,2026-02-14 03:35:30,Germany,ios,paid_search,beginner,travel,low,new,after_change,0,0
7114,2026-02-07 23:25:18,Netherlands,android,organic,elementary,travel,low,new,after_change,0,0
7115,2026-02-08 12:06:24,Spain,ios,referral,beginner,travel,low,new,after_change,0,0
7116,2026-02-13 23:04:58,Spain,android,instagram_ads,elementary,exam,medium,new,after_change,0,0
7117,2026-02-08 03:51:29,Poland,android,blog,elementary,travel,medium,new,after_change,0,0
7118,2026-02-09 17:13:27,Germany,android,referral,beginner,self_development,medium,new,after_change,1,0
7119,2026-02-06 23:50:24,Spain,android,tiktok_ads,elementary,travel,medium,new,after_change,0,0
7120,2026-02-08 04:48:40,Spain,android,organic,beginner,travel,high,new,after_change,0,0
7121,2026-02-08 07:20:46,Poland,android,paid_search,elementary,travel,high,new,after_change,0,0
7122,2026-02-10 22:55:09,Germany,android,referral,intermediate,exam,medium,new,after_change,0,0
7123,2026-02-09 11:00:25,Italy,ios,blog,intermediate,self_development,medium,new,after_change,0,0
7124,2026-02-08 01:19:17,Italy,android,referral,beginner,work,low,new,after_change,0,0
7125,2026-02-02 01:28:58,Poland,ios,blog,elementary,work,medium,new,after_change,0,0
7126,2026-02-13 15:54:50,Spain,ios,tiktok_ads,elementary,travel,medium,new,after_change,0,0
7127,2026-02-13 10:27:41,Netherlands,ios,instagram_ads,intermediate,travel,medium,new,after_change,0,0
7128,2026-02-03 13:58:25,Germany,android,instagram_ads,beginner,travel,low,new,after_change,0,0
7129,2026-02-05 02:33:09,Poland,android,instagram_ads,elementary,travel,high,new,after_change,0,0
7130,2026-02-14 15:02:42,Brazil,android,organic,beginner,self_development,medium,new,after_change,0,0
7131,2026-02-05 11:52:36,Germany,ios,paid_search,intermediate,exam,high,new,after_change,1,1
7132,2026-02-12 08:53:45,Spain,ios,organic,intermediate,self_development,high,new,after_change,0,0
7133,2026-02-12 00:00:41,Poland,ios,organic,beginner,self_development,medium,new,after_change,0,0
7134,2026-02-13 01:12:23,Poland,ios,paid_search,elementary,self_development,medium,new,after_change,0,0
7135,2026-02-01 05:22:34,Brazil,ios,tiktok_ads,beginner,work,medium,new,after_change,0,0
7136,2026-02-07 18:15:25,Brazil,android,instagram_ads,beginner,travel,low,new,after_change,0,0
7137,2026-02-08 22:00:42,Poland,ios,instagram_ads,beginner,travel,low,new,after_change,0,0
7138,2026-02-12 17:17:58,Poland,android,tiktok_ads,intermediate,travel,medium,new,after_change,0,0
7139,2026-02-04 03:25:15,Poland,ios,paid_search,beginner,travel,high,new,after_change,0,0
7140,2026-02-05 07:04:33,Spain,android,paid_search,elementary,travel,high,new,after_change,0,0
7141,2026-02-03 12:26:47,Netherlands,android,instagram_ads,intermediate,exam,high,new,after_change,0,0
7142,2026-02-11 16:00:52,Poland,android,organic,beginner,work,high,new,after_change,0,0
7143,2026-02-14 23:37:16,Germany,ios,instagram_ads,elementary,work,medium,new,after_change,0,0
7144,2026-02-02 23:11:28,Spain,android,tiktok_ads,intermediate,work,medium,new,after_change,0,0
7145,2026-02-04 06:19:36,Germany,ios,paid_search,intermediate,travel,high,new,after_change,0,0
7146,2026-02-05 07:10:09,Spain,android,referral,beginner,travel,high,new,after_change,0,0
7147,2026-02-13 10:42:50,Poland,ios,paid_search,beginner,work,high,new,after_change,0,0
7148,2026-02-07 05:45:58,Germany,android,instagram_ads,elementary,self_development,high,new,after_change,0,0
7149,2026-02-04 22:43:48,Brazil,android,referral,beginner,exam,high,new,after_change,0,0
7150,2026-02-05 12:17:57,Germany,android,tiktok_ads,elementary,self_development,high,new,after_change,0,0
7151,2026-02-09 08:58:05,Italy,android,instagram_ads,beginner,work,medium,new,after_change,1,0
7152,2026-02-06 10:02:15,Poland,ios,instagram_ads,intermediate,self_development,medium,new,after_change,0,0
7153,2026-02-02 23:10:39,Brazil,android,organic,beginner,exam,medium,new,after_change,0,0
7154,2026-02-12 11:33:18,Poland,ios,tiktok_ads,beginner,self_development,high,new,after_change,0,0
7155,2026-02-06 21:52:13,Germany,ios,instagram_ads,elementary,travel,medium,new,after_change,0,0
7156,2026-02-04 14:14:35,Poland,ios,organic,beginner,self_development,medium,new,after_change,1,0
7157,2026-02-11 04:45:13,Poland,ios,organic,elementary,work,medium,new,after_change,0,0
7158,2026-02-11 10:24:52,Germany,ios,blog,intermediate,work,high,new,after_change,0,0
7159,2026-02-03 04:05:32,Italy,android,organic,elementary,work,low,new,after_change,0,0
7160,2026-02-02 00:46:02,Germany,ios,referral,beginner,work,high,new,after_change,0,0
7161,2026-02-01 15:15:32,Netherlands,android,paid_search,intermediate,self_development,low,new,after_change,0,0
7162,2026-02-11 17:17:18,Germany,ios,paid_search,beginner,self_development,medium,new,after_change,0,0
7163,2026-02-09 18:14:56,Poland,android,instagram_ads,beginner,exam,high,new,after_change,0,0
7164,2026-02-12 02:07:11,Germany,ios,instagram_ads,beginner,travel,high,new,after_change,0,0
7165,2026-02-09 18:28:21,Germany,ios,instagram_ads,elementary,work,high,new,after_change,0,0
7166,2026-02-06 14:58:14,Brazil,android,paid_search,beginner,work,medium,new,after_change,0,0
7167,2026-02-09 06:05:28,Italy,android,instagram_ads,beginner,exam,low,new,after_change,0,0
7168,2026-02-11 02:45:09,Germany,android,tiktok_ads,beginner,travel,low,new,after_change,0,0
7169,2026-02-06 14:00:42,Netherlands,ios,paid_search,beginner,exam,low,new,after_change,1,0
7170,2026-02-13 19:29:11,Brazil,android,instagram_ads,elementary,work,medium,new,after_change,0,0
7171,2026-02-13 14:16:03,Poland,android,paid_search,elementary,travel,medium,new,after_change,1,0
7172,2026-02-12 05:02:22,Spain,android,paid_search,elementary,travel,medium,new,after_change,0,0
7173,2026-02-14 21:24:05,Brazil,ios,paid_search,beginner,travel,high,new,after_change,0,0
7174,2026-02-06 11:11:24,Italy,ios,organic,intermediate,self_development,medium,new,after_change,0,0
7175,2026-02-02 14:20:22,Spain,ios,tiktok_ads,beginner,work,high,new,after_change,1,1
7176,2026-02-07 18:41:44,Spain,android,blog,beginner,work,medium,new,after_change,0,0
7177,2026-02-11 10:37:08,Italy,ios,organic,beginner,travel,low,new,after_change,0,0
7178,2026-02-11 21:51:50,Spain,ios,organic,intermediate,self_development,high,new,after_change,1,0
7179,2026-02-06 10:32:33,Spain,android,blog,elementary,travel,high,new,after_change,0,0
7180,2026-02-05 02:18:42,Spain,android,paid_search,beginner,work,high,new,after_change,0,0
7181,2026-02-07 05:40:43,Poland,android,paid_search,beginner,exam,medium,new,after_change,0,0
7182,2026-02-12 06:06:16,Italy,android,tiktok_ads,elementary,travel,medium,new,after_change,0,0
7183,2026-02-01 20:21:37,Netherlands,ios,paid_search,beginner,self_development,medium,new,after_change,1,0
7184,2026-02-05 14:13:54,Netherlands,android,instagram_ads,elementary,self_development,medium,new,after_change,0,0
7185,2026-02-04 05:14:22,Spain,ios,blog,beginner,work,high,new,after_change,1,0
7186,2026-02-12 06:48:46,Germany,ios,instagram_ads,beginner,work,low,new,after_change,0,0
7187,2026-02-07 13:48:18,Germany,android,tiktok_ads,elementary,travel,high,new,after_change,0,0
7188,2026-02-02 05:09:53,Germany,ios,organic,elementary,exam,medium,new,after_change,1,1
7189,2026-02-04 15:57:37,Germany,android,paid_search,beginner,work,medium,new,after_change,0,0
7190,2026-02-01 14:55:02,Netherlands,android,referral,beginner,self_development,high,new,after_change,0,0
7191,2026-02-07 15:47:12,Germany,ios,blog,intermediate,exam,medium,new,after_change,1,0
7192,2026-02-14 23:13:08,Germany,ios,referral,intermediate,work,high,new,after_change,0,0
7193,2026-02-08 22:35:23,Spain,ios,organic,elementary,travel,medium,new,after_change,0,0
7194,2026-02-13 04:08:15,Germany,ios,referral,intermediate,work,medium,new,after_change,0,0
7195,2026-02-11 09:30:39,Germany,android,organic,beginner,work,high,new,after_change,0,0
7196,2026-02-13 08:38:12,Germany,android,instagram_ads,beginner,self_development,medium,new,after_change,0,0
7197,2026-02-05 08:30:04,Germany,ios,tiktok_ads,beginner,exam,high,new,after_change,0,0
7198,2026-02-14 07:37:48,Brazil,ios,paid_search,beginner,exam,high,new,after_change,0,0
7199,2026-02-04 08:11:01,Poland,android,instagram_ads,intermediate,travel,medium,new,after_change,0,0
7200,2026-02-07 03:16:27,Poland,android,tiktok_ads,beginner,work,high,new,after_change,0,0
7201,2026-02-10 12:54:28,Poland,android,referral,elementary,work,high,new,after_change,0,0
7202,2026-02-05 00:22:36,Netherlands,ios,organic,beginner,self_development,high,new,after_change,1,1
7203,2026-02-04 16:51:26,Italy,android,organic,intermediate,exam,medium,new,after_change,1,0
7204,2026-02-02 19:41:18,Brazil,ios,instagram_ads,intermediate,travel,low,new,after_change,0,0
7205,2026-02-01 01:24:42,Netherlands,android,organic,elementary,self_development,low,new,after_change,0,0
7206,2026-02-08 00:24:22,Spain,ios,organic,beginner,travel,low,new,after_change,0,0
7207,2026-02-14 19:33:02,Spain,android,organic,intermediate,exam,medium,new,after_change,0,0
7208,2026-02-04 01:56:10,Spain,ios,organic,intermediate,self_development,medium,new,after_change,0,0
7209,2026-02-07 03:53:37,Germany,android,instagram_ads,elementary,exam,high,new,after_change,0,0
7210,2026-02-14 02:20:42,Poland,ios,blog,elementary,self_development,low,new,after_change,0,0
7211,2026-02-11 19:29:48,Germany,android,referral,beginner,self_development,medium,new,after_change,0,0
7212,2026-02-01 01:20:42,Netherlands,ios,instagram_ads,elementary,travel,medium,new,after_change,0,0
7213,2026-02-08 00:12:01,Poland,android,organic,intermediate,exam,low,new,after_change,0,0
7214,2026-02-03 00:06:50,Brazil,ios,tiktok_ads,beginner,exam,low,new,after_change,0,0
7215,2026-02-04 10:59:54,Germany,android,instagram_ads,beginner,work,high,new,after_change,0,0
7216,2026-02-04 10:48:57,Spain,android,referral,beginner,self_development,high,new,after_change,0,0
7217,2026-02-09 13:47:32,Spain,ios,instagram_ads,intermediate,self_development,medium,new,after_change,0,0
7218,2026-02-03 18:50:58,Italy,ios,tiktok_ads,elementary,work,low,new,after_change,0,0
7219,2026-02-04 12:37:37,Netherlands,ios,organic,intermediate,travel,medium,new,after_change,0,0
7220,2026-02-04 03:51:41,Poland,ios,referral,elementary,travel,high,new,after_change,0,0
7221,2026-02-05 23:54:48,Brazil,android,referral,beginner,travel,low,new,after_change,0,0
7222,2026-02-10 04:25:55,Poland,ios,paid_search,elementary,work,medium,new,after_change,1,1
7223,2026-02-06 14:23:19,Poland,ios,blog,beginner,exam,low,new,after_change,0,0
7224,2026-02-05 14:02:38,Germany,ios,organic,beginner,travel,low,new,after_change,1,0
7225,2026-02-08 05:54:52,Germany,ios,organic,beginner,work,low,new,after_change,0,0
7226,2026-02-09 14:38:53,Germany,ios,tiktok_ads,elementary,travel,low,new,after_change,0,0
7227,2026-02-01 05:09:38,Brazil,android,instagram_ads,beginner,self_development,medium,new,after_change,0,0
7228,2026-02-13 11:07:35,Poland,ios,organic,beginner,self_development,medium,new,after_change,1,1
7229,2026-02-13 19:55:14,Netherlands,android,organic,intermediate,travel,medium,new,after_change,0,0
7230,2026-02-09 10:27:32,Brazil,android,organic,beginner,travel,medium,new,after_change,0,0
7231,2026-02-09 01:03:59,Italy,ios,organic,intermediate,self_development,medium,new,after_change,0,0
7232,2026-02-10 17:21:46,Germany,android,instagram_ads,elementary,travel,high,new,after_change,0,0
7233,2026-02-07 04:07:50,Germany,android,organic,elementary,self_development,medium,new,after_change,1,0
7234,2026-02-06 02:48:32,Italy,android,instagram_ads,beginner,travel,high,new,after_change,0,0
7235,2026-02-05 22:30:14,Italy,ios,instagram_ads,beginner,work,medium,new,after_change,0,0
7236,2026-02-03 05:40:19,Netherlands,android,tiktok_ads,elementary,exam,medium,new,after_change,0,0
7237,2026-02-12 18:37:57,Germany,ios,blog,intermediate,work,high,new,after_change,1,1
7238,2026-02-05 11:42:58,Italy,android,organic,elementary,self_development,low,new,after_change,0,0
7239,2026-02-04 23:33:31,Poland,ios,organic,beginner,self_development,low,new,after_change,0,0
7240,2026-02-14 11:59:56,Netherlands,android,organic,elementary,work,high,new,after_change,0,0
7241,2026-02-08 02:15:12,Germany,android,paid_search,intermediate,work,low,new,after_change,0,0
7242,2026-02-09 16:55:43,Brazil,ios,instagram_ads,elementary,exam,high,new,after_change,0,0
7243,2026-02-04 10:28:10,Poland,ios,organic,beginner,self_development,medium,new,after_change,1,1
7244,2026-02-04 21:14:37,Poland,android,tiktok_ads,beginner,travel,low,new,after_change,0,0
7245,2026-02-11 04:43:18,Brazil,ios,blog,intermediate,work,high,new,after_change,1,0
7246,2026-02-07 07:30:27,Brazil,ios,organic,beginner,work,low,new,after_change,0,0
7247,2026-02-03 01:38:32,Netherlands,ios,organic,beginner,travel,medium,new,after_change,0,0
7248,2026-02-12 16:43:56,Brazil,android,tiktok_ads,elementary,self_development,low,new,after_change,0,0
7249,2026-02-06 15:19:40,Spain,android,referral,elementary,self_development,high,new,after_change,1,1
7250,2026-02-10 08:35:49,Germany,android,organic,beginner,self_development,high,new,after_change,1,1
7251,2026-02-05 18:40:05,Germany,android,instagram_ads,elementary,exam,medium,new,after_change,0,0
7252,2026-02-08 20:22:45,Poland,android,organic,intermediate,self_development,medium,new,after_change,1,1
7253,2026-02-11 20:36:42,Germany,android,tiktok_ads,intermediate,travel,low,new,after_change,0,0
7254,2026-02-13 09:24:53,Germany,android,tiktok_ads,beginner,travel,medium,new,after_change,0,0
7255,2026-02-03 21:40:03,Italy,android,organic,intermediate,work,high,new,after_change,1,1
7256,2026-02-10 09:56:22,Poland,android,paid_search,elementary,work,medium,new,after_change,1,1
7257,2026-02-13 19:19:07,Germany,ios,instagram_ads,beginner,self_development,medium,new,after_change,0,0
7258,2026-02-09 23:57:25,Spain,ios,instagram_ads,beginner,self_development,high,new,after_change,0,0
7259,2026-02-03 00:04:41,Poland,ios,referral,intermediate,work,medium,new,after_change,0,0
7260,2026-02-03 15:45:43,Spain,android,instagram_ads,beginner,travel,medium,new,after_change,0,0
7261,2026-02-03 20:08:29,Brazil,android,referral,beginner,travel,medium,new,after_change,0,0
7262,2026-02-02 11:44:47,Brazil,android,tiktok_ads,elementary,work,high,new,after_change,0,0
7263,2026-02-11 13:15:15,Germany,android,tiktok_ads,elementary,exam,high,new,after_change,0,0
7264,2026-02-14 12:17:15,Poland,android,organic,beginner,self_development,medium,new,after_change,0,0
7265,2026-02-08 05:40:17,Germany,android,paid_search,elementary,travel,medium,new,after_change,0,0
7266,2026-02-09 09:12:59,Brazil,android,instagram_ads,elementary,self_development,medium,new,after_change,0,0
7267,2026-02-11 19:57:47,Germany,ios,organic,intermediate,exam,high,new,after_change,1,0
7268,2026-02-06 19:40:10,Germany,android,organic,elementary,work,medium,new,after_change,0,0
7269,2026-02-07 14:44:44,Germany,ios,organic,beginner,travel,high,new,after_change,0,0
7270,2026-02-09 05:54:39,Poland,ios,blog,intermediate,travel,medium,new,after_change,1,0
7271,2026-02-05 06:21:36,Germany,ios,tiktok_ads,elementary,exam,high,new,after_change,0,0
7272,2026-02-01 20:46:07,Germany,ios,referral,beginner,self_development,medium,new,after_change,0,0
7273,2026-02-08 22:46:18,Germany,ios,blog,beginner,exam,medium,new,after_change,0,0
7274,2026-02-12 12:14:05,Poland,ios,tiktok_ads,elementary,self_development,medium,new,after_change,1,0
7275,2026-02-02 00:36:16,Brazil,android,instagram_ads,beginner,work,high,new,after_change,0,0
7276,2026-02-04 00:47:34,Italy,ios,instagram_ads,elementary,travel,low,new,after_change,0,0
7277,2026-02-04 16:21:55,Netherlands,android,tiktok_ads,beginner,travel,high,new,after_change,0,0
7278,2026-02-12 06:19:38,Brazil,ios,referral,elementary,self_development,medium,new,after_change,0,0
7279,2026-02-08 01:32:43,Netherlands,android,referral,beginner,work,medium,new,after_change,1,1
7280,2026-02-08 11:33:04,Germany,android,instagram_ads,elementary,self_development,low,new,after_change,0,0
7281,2026-02-10 00:48:30,Italy,android,referral,elementary,work,low,new,after_change,0,0
7282,2026-02-04 20:55:41,Italy,android,instagram_ads,beginner,travel,high,new,after_change,0,0
7283,2026-02-10 23:45:04,Germany,android,paid_search,intermediate,exam,low,new,after_change,0,0
7284,2026-02-01 10:09:01,Netherlands,ios,paid_search,elementary,exam,high,new,after_change,0,0
7285,2026-02-02 14:12:34,Germany,ios,organic,elementary,exam,medium,new,after_change,1,1
7286,2026-02-12 10:07:12,Brazil,android,organic,beginner,travel,high,new,after_change,0,0
7287,2026-02-10 05:09:25,Poland,ios,tiktok_ads,elementary,travel,medium,new,after_change,0,0
7288,2026-02-03 11:17:26,Italy,ios,organic,intermediate,work,low,new,after_change,0,0
7289,2026-02-07 03:25:17,Spain,android,blog,beginner,work,low,new,after_change,0,0
7290,2026-02-01 17:24:23,Netherlands,ios,organic,intermediate,travel,medium,new,after_change,0,0
7291,2026-02-10 09:44:28,Poland,android,organic,beginner,work,medium,new,after_change,0,0
7292,2026-02-11 13:58:29,Germany,ios,instagram_ads,intermediate,exam,low,new,after_change,0,0
7293,2026-02-04 21:32:32,Netherlands,ios,organic,elementary,work,medium,new,after_change,0,0
7294,2026-02-05 21:36:52,Netherlands,ios,organic,beginner,travel,low,new,after_change,0,0
7295,2026-02-04 07:34:14,Poland,android,organic,elementary,self_development,medium,new,after_change,1,1
7296,2026-02-06 10:48:58,Italy,android,instagram_ads,beginner,travel,high,new,after_change,0,0
7297,2026-02-04 19:29:50,Germany,android,paid_search,intermediate,travel,medium,new,after_change,0,0
7298,2026-02-04 11:00:52,Germany,ios,instagram_ads,intermediate,travel,medium,new,after_change,0,0
7299,2026-02-07 00:32:57,Germany,ios,organic,elementary,travel,low,new,after_change,0,0
7300,2026-02-13 00:41:02,Germany,android,organic,beginner,exam,high,new,after_change,0,0
7301,2026-02-11 16:16:42,Brazil,ios,organic,intermediate,travel,high,new,after_change,0,0
7302,2026-02-05 03:54:09,Poland,ios,organic,intermediate,travel,high,new,after_change,0,0
7303,2026-02-14 04:47:46,Brazil,android,referral,elementary,travel,medium,new,after_change,0,0
7304,2026-02-03 22:37:28,Netherlands,android,paid_search,beginner,travel,medium,new,after_change,0,0
7305,2026-02-13 18:00:31,Spain,ios,instagram_ads,elementary,work,high,new,after_change,0,0
7306,2026-02-05 07:54:28,Spain,ios,referral,beginner,travel,low,new,after_change,0,0
7307,2026-02-08 13:31:43,Poland,android,organic,intermediate,work,medium,new,after_change,0,0
7308,2026-02-03 20:15:29,Netherlands,android,referral,beginner,self_development,low,new,after_change,0,0
7309,2026-02-11 16:02:25,Spain,android,tiktok_ads,beginner,work,high,new,after_change,1,0
7310,2026-02-05 10:43:55,Italy,android,tiktok_ads,beginner,travel,high,new,after_change,0,0
7311,2026-02-13 05:11:01,Brazil,android,referral,beginner,work,medium,new,after_change,0,0
7312,2026-02-02 03:51:59,Germany,android,organic,elementary,travel,high,new,after_change,0,0
7313,2026-02-08 00:40:21,Brazil,android,instagram_ads,intermediate,travel,low,new,after_change,0,0
7314,2026-02-03 05:15:57,Netherlands,android,instagram_ads,intermediate,work,low,new,after_change,0,0
7315,2026-02-13 10:41:22,Spain,ios,tiktok_ads,beginner,travel,medium,new,after_change,0,0
7316,2026-02-06 20:07:47,Poland,android,organic,beginner,travel,low,new,after_change,1,0
7317,2026-02-10 10:37:23,Brazil,android,organic,beginner,travel,low,new,after_change,0,0
7318,2026-02-13 07:30:03,Brazil,ios,blog,intermediate,work,medium,new,after_change,0,0
7319,2026-02-08 11:58:26,Poland,android,instagram_ads,intermediate,travel,high,new,after_change,0,0
7320,2026-02-01 19:14:58,Brazil,android,organic,beginner,travel,high,new,after_change,1,0
7321,2026-02-04 02:09:45,Spain,ios,organic,beginner,self_development,high,new,after_change,0,0
7322,2026-02-03 23:27:31,Germany,android,instagram_ads,intermediate,exam,low,new,after_change,0,0
7323,2026-02-13 19:09:55,Spain,ios,organic,elementary,exam,medium,new,after_change,0,0
7324,2026-02-13 17:12:14,Spain,android,organic,beginner,work,low,new,after_change,0,0
7325,2026-02-07 16:15:30,Germany,android,blog,beginner,work,medium,new,after_change,0,0
7326,2026-02-13 11:02:41,Netherlands,android,organic,beginner,exam,low,new,after_change,1,1
7327,2026-02-04 10:39:40,Germany,android,organic,beginner,work,high,new,after_change,0,0
7328,2026-02-10 12:17:43,Germany,android,tiktok_ads,elementary,self_development,medium,new,after_change,0,0
7329,2026-02-06 11:41:23,Brazil,android,organic,elementary,self_development,high,new,after_change,0,0
7330,2026-02-04 08:47:56,Germany,android,organic,beginner,travel,medium,new,after_change,1,0
7331,2026-02-04 12:00:13,Netherlands,ios,instagram_ads,elementary,work,medium,new,after_change,0,0
7332,2026-02-06 21:03:22,Netherlands,android,tiktok_ads,beginner,travel,medium,new,after_change,1,0
7333,2026-02-05 18:07:30,Spain,android,paid_search,beginner,work,medium,new,after_change,0,0
7334,2026-02-03 22:58:12,Germany,android,referral,beginner,self_development,high,new,after_change,1,1
7335,2026-02-05 16:16:22,Brazil,ios,referral,beginner,work,low,new,after_change,0,0
7336,2026-02-02 19:12:20,Germany,ios,instagram_ads,intermediate,work,medium,new,after_change,0,0
7337,2026-02-14 13:48:33,Brazil,ios,instagram_ads,beginner,work,medium,new,after_change,0,0
7338,2026-02-06 07:40:46,Poland,ios,referral,beginner,exam,medium,new,after_change,0,0
7339,2026-02-02 12:04:49,Netherlands,ios,organic,elementary,work,high,new,after_change,1,0
7340,2026-02-09 01:28:33,Brazil,ios,instagram_ads,beginner,work,medium,new,after_change,0,0
7341,2026-02-13 08:43:42,Italy,android,organic,beginner,exam,high,new,after_change,0,0
7342,2026-02-06 00:56:14,Germany,ios,organic,beginner,exam,low,new,after_change,0,0
7343,2026-02-12 20:00:04,Italy,android,blog,beginner,exam,low,new,after_change,0,0
7344,2026-02-09 13:14:13,Poland,ios,organic,beginner,exam,low,new,after_change,0,0
7345,2026-02-11 08:23:18,Spain,android,paid_search,elementary,exam,medium,new,after_change,0,0
7346,2026-02-05 03:32:29,Germany,android,organic,beginner,self_development,high,new,after_change,0,0
7347,2026-02-01 12:24:36,Germany,android,instagram_ads,beginner,exam,medium,new,after_change,0,0
7348,2026-02-05 20:12:20,Italy,android,referral,elementary,work,medium,new,after_change,0,0
7349,2026-02-13 22:37:03,Germany,android,paid_search,beginner,self_development,medium,new,after_change,0,0
7350,2026-02-12 01:39:58,Poland,ios,referral,beginner,self_development,medium,new,after_change,0,0
7351,2026-02-11 23:28:41,Brazil,android,paid_search,beginner,work,medium,new,after_change,0,0
7352,2026-02-13 07:06:49,Brazil,ios,blog,beginner,self_development,medium,new,after_change,0,0
7353,2026-02-06 05:25:02,Netherlands,android,referral,elementary,self_development,medium,new,after_change,0,0
7354,2026-02-05 12:12:12,Germany,android,organic,beginner,travel,high,new,after_change,0,0
7355,2026-02-13 22:51:55,Spain,ios,referral,beginner,work,medium,new,after_change,1,1
7356,2026-02-09 00:01:45,Italy,android,organic,elementary,work,medium,new,after_change,0,0
7357,2026-02-05 04:06:51,Germany,ios,instagram_ads,intermediate,exam,medium,new,after_change,0,0
7358,2026-02-04 21:27:45,Italy,android,organic,elementary,self_development,high,new,after_change,0,0
7359,2026-02-13 06:45:56,Italy,android,paid_search,beginner,travel,low,new,after_change,0,0
7360,2026-02-01 17:55:13,Germany,android,blog,beginner,self_development,low,new,after_change,1,0
7361,2026-02-01 20:43:44,Brazil,android,tiktok_ads,beginner,self_development,high,new,after_change,0,0
7362,2026-02-11 07:55:12,Germany,ios,instagram_ads,beginner,exam,low,new,after_change,0,0
7363,2026-02-01 00:27:13,Netherlands,android,blog,beginner,work,low,new,after_change,0,0
7364,2026-02-03 09:27:25,Italy,android,paid_search,elementary,work,low,new,after_change,0,0
7365,2026-02-14 20:51:09,Italy,ios,organic,intermediate,travel,low,new,after_change,0,0
7366,2026-02-06 23:02:21,Italy,ios,referral,intermediate,travel,medium,new,after_change,0,0
7367,2026-02-11 04:29:41,Germany,ios,organic,beginner,work,high,new,after_change,1,0
7368,2026-02-07 19:38:50,Brazil,android,referral,elementary,travel,high,new,after_change,1,0
7369,2026-02-02 06:25:55,Germany,android,organic,beginner,exam,high,new,after_change,1,0
7370,2026-02-03 13:58:56,Italy,ios,paid_search,intermediate,self_development,medium,new,after_change,0,0
7371,2026-02-11 15:43:45,Germany,ios,paid_search,elementary,travel,high,new,after_change,1,1
7372,2026-02-02 07:46:14,Germany,android,paid_search,elementary,exam,high,new,after_change,0,0
7373,2026-02-09 07:47:28,Germany,ios,organic,beginner,travel,medium,new,after_change,1,1
7374,2026-02-05 20:55:56,Germany,ios,organic,elementary,work,high,new,after_change,1,1
7375,2026-02-06 04:25:11,Germany,android,organic,elementary,travel,high,new,after_change,0,0
7376,2026-02-14 07:58:05,Germany,ios,referral,elementary,travel,medium,new,after_change,0,0
7377,2026-02-09 11:35:39,Poland,android,instagram_ads,elementary,self_development,medium,new,after_change,0,0
7378,2026-02-09 14:41:08,Poland,ios,organic,beginner,work,medium,new,after_change,0,0
7379,2026-02-05 21:43:11,Germany,android,organic,elementary,travel,medium,new,after_change,1,1
7380,2026-02-06 08:09:13,Poland,ios,paid_search,beginner,travel,medium,new,after_change,1,1
7381,2026-02-10 14:25:08,Spain,ios,paid_search,beginner,self_development,high,new,after_change,0,0
7382,2026-02-01 13:04:26,Poland,android,instagram_ads,elementary,work,medium,new,after_change,0,0
7383,2026-02-04 07:44:00,Spain,android,organic,beginner,self_development,medium,new,after_change,0,0
7384,2026-02-09 09:41:30,Brazil,android,blog,beginner,work,low,new,after_change,0,0
7385,2026-02-09 17:30:29,Spain,ios,paid_search,beginner,work,high,new,after_change,0,0
7386,2026-02-02 06:59:54,Germany,android,paid_search,elementary,work,low,new,after_change,0,0
7387,2026-02-12 00:42:34,Netherlands,android,tiktok_ads,intermediate,self_development,high,new,after_change,0,0
7388,2026-02-08 14:17:41,Poland,ios,paid_search,elementary,self_development,medium,new,after_change,1,0
7389,2026-02-04 07:52:18,Poland,android,organic,elementary,travel,medium,new,after_change,0,0
7390,2026-02-11 12:39:19,Spain,ios,paid_search,beginner,work,medium,new,after_change,0,0
7391,2026-02-14 20:56:04,Brazil,android,instagram_ads,beginner,travel,low,new,after_change,0,0
7392,2026-02-06 22:19:28,Poland,android,referral,beginner,self_development,medium,new,after_change,1,0
7393,2026-02-04 23:14:16,Germany,ios,paid_search,beginner,exam,medium,new,after_change,1,1
7394,2026-02-05 04:36:08,Germany,android,referral,intermediate,travel,low,new,after_change,0,0
7395,2026-02-09 07:06:53,Spain,ios,instagram_ads,beginner,work,high,new,after_change,0,0
7396,2026-02-01 15:55:15,Germany,android,tiktok_ads,beginner,work,medium,new,after_change,1,1
7397,2026-02-07 18:25:55,Spain,android,organic,elementary,self_development,medium,new,after_change,0,0
7398,2026-02-01 08:19:31,Germany,android,referral,elementary,work,medium,new,after_change,1,1
7399,2026-02-01 12:57:46,Netherlands,ios,organic,elementary,travel,low,new,after_change,1,0
7400,2026-02-07 00:29:20,Netherlands,ios,paid_search,beginner,exam,medium,new,after_change,0,0
7401,2026-02-11 10:29:33,Poland,android,instagram_ads,intermediate,travel,high,new,after_change,0,0
7402,2026-02-13 08:48:14,Netherlands,android,blog,beginner,exam,medium,new,after_change,1,1
7403,2026-02-02 05:26:43,Spain,android,paid_search,beginner,work,low,new,after_change,0,0
7404,2026-02-04 10:00:18,Italy,ios,organic,intermediate,self_development,high,new,after_change,1,0
7405,2026-02-06 21:40:41,Poland,android,blog,intermediate,work,high,new,after_change,0,0
7406,2026-02-09 00:52:57,Brazil,android,referral,intermediate,travel,high,new,after_change,1,0
7407,2026-02-14 19:38:55,Germany,android,tiktok_ads,elementary,self_development,high,new,after_change,0,0
7408,2026-02-10 13:55:36,Netherlands,ios,paid_search,intermediate,self_development,high,new,after_change,1,0
7409,2026-02-08 12:53:21,Netherlands,android,paid_search,beginner,work,medium,new,after_change,0,0
7410,2026-02-01 20:26:19,Netherlands,ios,blog,intermediate,exam,high,new,after_change,0,0
7411,2026-02-02 03:09:13,Poland,android,organic,elementary,work,low,new,after_change,0,0
7412,2026-02-03 03:26:30,Italy,android,tiktok_ads,beginner,work,medium,new,after_change,1,0
7413,2026-02-10 06:01:30,Italy,android,instagram_ads,beginner,travel,medium,new,after_change,0,0
7414,2026-02-05 15:18:32,Netherlands,ios,blog,elementary,work,high,new,after_change,0,0
7415,2026-02-04 08:57:24,Italy,android,instagram_ads,beginner,travel,high,new,after_change,0,0
7416,2026-02-10 09:09:04,Italy,android,paid_search,intermediate,self_development,high,new,after_change,0,0
7417,2026-02-12 09:57:46,Germany,ios,referral,intermediate,self_development,medium,new,after_change,0,0
7418,2026-02-07 03:30:56,Netherlands,ios,blog,elementary,travel,medium,new,after_change,0,0
7419,2026-02-13 08:18:09,Germany,ios,blog,beginner,exam,medium,new,after_change,0,0
7420,2026-02-11 06:41:22,Spain,android,paid_search,elementary,travel,medium,new,after_change,0,0
7421,2026-02-11 00:39:55,Spain,ios,paid_search,elementary,travel,medium,new,after_change,0,0
7422,2026-02-13 03:30:46,Brazil,ios,tiktok_ads,beginner,travel,low,new,after_change,0,0
7423,2026-02-03 13:45:34,Germany,android,instagram_ads,beginner,work,high,new,after_change,0,0
7424,2026-02-11 14:48:47,Germany,android,organic,elementary,self_development,high,new,after_change,0,0
7425,2026-02-14 09:47:58,Germany,android,organic,beginner,work,medium,new,after_change,0,0
7426,2026-02-14 21:23:42,Netherlands,android,organic,beginner,self_development,low,new,after_change,0,0
7427,2026-02-09 02:13:21,Italy,android,organic,beginner,work,low,new,after_change,0,0
7428,2026-02-11 13:27:55,Italy,android,paid_search,beginner,travel,medium,new,after_change,0,0
7429,2026-02-13 10:34:18,Brazil,android,blog,elementary,work,high,new,after_change,0,0
7430,2026-02-12 22:19:55,Germany,ios,tiktok_ads,beginner,exam,medium,new,after_change,0,0
7431,2026-02-13 13:39:29,Poland,android,organic,elementary,work,high,new,after_change,0,0
7432,2026-02-12 15:40:30,Germany,android,instagram_ads,intermediate,work,high,new,after_change,0,0
7433,2026-02-06 08:07:13,Italy,android,paid_search,elementary,travel,high,new,after_change,1,0
7434,2026-02-11 05:22:09,Poland,ios,tiktok_ads,elementary,exam,low,new,after_change,1,1
7435,2026-02-06 17:54:25,Brazil,ios,referral,beginner,work,medium,new,after_change,1,0
7436,2026-02-12 05:24:19,Germany,ios,organic,beginner,self_development,high,new,after_change,1,0
7437,2026-02-12 08:14:30,Germany,ios,blog,elementary,work,high,new,after_change,1,0
7438,2026-02-14 02:03:12,Brazil,ios,organic,intermediate,travel,low,new,after_change,0,0
7439,2026-02-09 05:40:31,Spain,ios,tiktok_ads,intermediate,self_development,medium,new,after_change,0,0
7440,2026-02-07 15:40:10,Poland,ios,blog,beginner,travel,high,new,after_change,0,0
7441,2026-02-03 07:37:22,Netherlands,android,tiktok_ads,beginner,travel,low,new,after_change,0,0
7442,2026-02-09 22:27:51,Spain,android,organic,elementary,exam,medium,new,after_change,0,0
7443,2026-02-08 22:18:43,Germany,android,organic,intermediate,travel,medium,new,after_change,1,1
7444,2026-02-08 05:01:11,Brazil,android,organic,intermediate,work,medium,new,after_change,0,0
7445,2026-02-10 11:14:42,Germany,ios,organic,intermediate,work,medium,new,after_change,0,0
7446,2026-02-12 21:56:54,Netherlands,ios,organic,beginner,self_development,high,new,after_change,1,1
7447,2026-02-03 01:57:13,Netherlands,android,organic,intermediate,work,high,new,after_change,1,1
7448,2026-02-07 00:56:12,Poland,ios,instagram_ads,beginner,exam,medium,new,after_change,1,0
7449,2026-02-11 02:41:39,Brazil,android,organic,beginner,self_development,medium,new,after_change,0,0
7450,2026-02-12 11:25:41,Germany,ios,paid_search,elementary,exam,low,new,after_change,0,0
7451,2026-02-11 21:32:19,Poland,ios,tiktok_ads,beginner,travel,low,new,after_change,0,0
7452,2026-02-12 04:34:59,Netherlands,ios,organic,beginner,self_development,medium,new,after_change,0,0
7453,2026-02-12 23:17:33,Poland,android,tiktok_ads,beginner,self_development,medium,new,after_change,0,0
7454,2026-02-14 11:11:37,Brazil,ios,tiktok_ads,beginner,work,medium,new,after_change,0,0
7455,2026-02-09 12:18:35,Poland,android,instagram_ads,beginner,exam,high,new,after_change,0,0
7456,2026-02-04 11:38:14,Germany,ios,instagram_ads,elementary,work,medium,new,after_change,0,0
7457,2026-02-08 21:21:00,Spain,ios,tiktok_ads,beginner,travel,medium,new,after_change,0,0
7458,2026-02-10 22:25:55,Poland,ios,instagram_ads,elementary,exam,medium,new,after_change,0,0
7459,2026-02-02 09:50:09,Germany,android,instagram_ads,elementary,work,low,new,after_change,0,0
7460,2026-02-11 14:19:29,Poland,android,referral,beginner,work,high,new,after_change,0,0
7461,2026-02-08 14:51:17,Spain,android,referral,intermediate,work,medium,new,after_change,0,0
7462,2026-02-14 02:35:22,Germany,android,paid_search,beginner,work,low,new,after_change,0,0
7463,2026-02-03 23:10:24,Germany,android,paid_search,intermediate,self_development,medium,new,after_change,0,0
7464,2026-02-13 16:43:09,Poland,ios,referral,intermediate,self_development,high,new,after_change,0,0
7465,2026-02-07 06:31:46,Poland,android,instagram_ads,intermediate,exam,medium,new,after_change,0,0
7466,2026-02-09 00:42:16,Spain,android,tiktok_ads,elementary,self_development,low,new,after_change,0,0
7467,2026-02-10 05:45:39,Germany,ios,organic,elementary,travel,high,new,after_change,0,0
7468,2026-02-09 02:35:43,Germany,ios,organic,beginner,travel,medium,new,after_change,0,0
7469,2026-02-13 15:41:14,Germany,android,instagram_ads,intermediate,self_development,medium,new,after_change,0,0
7470,2026-02-03 08:12:35,Poland,ios,referral,beginner,exam,high,new,after_change,0,0
7471,2026-02-11 05:14:19,Germany,ios,paid_search,elementary,self_development,medium,new,after_change,0,0
7472,2026-02-14 15:35:14,Germany,ios,blog,elementary,exam,medium,new,after_change,0,0
7473,2026-02-04 01:57:35,Germany,ios,tiktok_ads,elementary,travel,medium,new,after_change,0,0
7474,2026-02-04 13:41:09,Netherlands,android,referral,elementary,exam,medium,new,after_change,0,0
7475,2026-02-07 15:36:13,Netherlands,android,referral,beginner,travel,high,new,after_change,0,0
7476,2026-02-11 03:30:40,Netherlands,android,paid_search,beginner,work,high,new,after_change,0,0
7477,2026-02-14 10:13:02,Brazil,android,paid_search,elementary,exam,medium,new,after_change,0,0
7478,2026-02-12 03:23:13,Italy,ios,organic,intermediate,exam,high,new,after_change,0,0
7479,2026-02-12 02:47:25,Brazil,android,paid_search,beginner,work,medium,new,after_change,0,0
7480,2026-02-07 04:14:54,Poland,android,organic,elementary,exam,medium,new,after_change,0,0
7481,2026-02-10 00:50:57,Netherlands,ios,tiktok_ads,elementary,self_development,medium,new,after_change,0,0
7482,2026-02-03 22:57:39,Germany,android,referral,beginner,travel,low,new,after_change,0,0
7483,2026-02-07 11:37:05,Poland,android,organic,beginner,travel,medium,new,after_change,0,0
7484,2026-02-03 15:29:26,Netherlands,android,instagram_ads,elementary,travel,low,new,after_change,0,0
7485,2026-02-01 09:06:48,Netherlands,ios,tiktok_ads,beginner,work,high,new,after_change,0,0
7486,2026-02-12 23:46:57,Germany,ios,tiktok_ads,intermediate,travel,low,new,after_change,1,1
7487,2026-02-12 06:23:20,Spain,android,blog,beginner,work,medium,new,after_change,0,0
7488,2026-02-08 03:36:51,Italy,android,organic,elementary,travel,low,new,after_change,0,0
7489,2026-02-01 04:52:13,Germany,android,organic,beginner,travel,medium,new,after_change,0,0
7490,2026-02-02 06:17:09,Germany,android,referral,elementary,work,low,new,after_change,0,0
7491,2026-02-02 13:33:16,Germany,ios,organic,beginner,self_development,medium,new,after_change,0,0
7492,2026-02-11 00:55:06,Brazil,android,referral,beginner,travel,medium,new,after_change,0,0
7493,2026-02-03 20:22:23,Poland,android,organic,elementary,travel,high,new,after_change,0,0
7494,2026-02-04 12:03:26,Netherlands,android,instagram_ads,elementary,work,medium,new,after_change,0,0
7495,2026-02-13 01:19:44,Italy,android,instagram_ads,elementary,self_development,medium,new,after_change,0,0
7496,2026-02-13 06:28:07,Brazil,ios,tiktok_ads,beginner,work,low,new,after_change,0,0
7497,2026-02-11 16:23:09,Spain,android,organic,beginner,self_development,medium,new,after_change,0,0
7498,2026-02-05 08:00:58,Germany,android,referral,beginner,travel,medium,new,after_change,0,0
7499,2026-02-09 02:51:32,Germany,ios,referral,beginner,travel,low,new,after_change,0,0
7500,2026-02-03 19:17:27,Poland,android,referral,beginner,work,low,new,after_change,0,0
7501,2026-02-13 00:15:22,Germany,ios,blog,beginner,exam,low,new,after_change,0,0
7502,2026-02-02 04:30:44,Germany,ios,referral,elementary,self_development,high,new,after_change,1,0
7503,2026-02-11 10:07:10,Italy,android,tiktok_ads,beginner,travel,low,new,after_change,0,0
7504,2026-02-08 03:52:28,Brazil,ios,instagram_ads,beginner,self_development,medium,new,after_change,1,1
7505,2026-02-11 14:30:38,Germany,android,referral,elementary,work,low,new,after_change,0,0
7506,2026-02-07 07:26:52,Poland,android,blog,elementary,work,medium,new,after_change,1,0
7507,2026-02-03 05:07:44,Brazil,android,tiktok_ads,elementary,self_development,medium,new,after_change,0,0
7508,2026-02-11 12:26:27,Poland,android,organic,beginner,work,high,new,after_change,1,1
7509,2026-02-09 20:02:34,Netherlands,android,organic,elementary,self_development,high,new,after_change,1,0
7510,2026-02-07 12:06:23,Germany,ios,referral,beginner,work,medium,new,after_change,0,0
7511,2026-02-06 05:14:09,Germany,android,blog,elementary,travel,high,new,after_change,0,0
7512,2026-02-05 19:31:19,Germany,ios,organic,intermediate,travel,medium,new,after_change,0,0
7513,2026-02-07 17:39:40,Poland,android,blog,elementary,self_development,high,new,after_change,0,0
7514,2026-02-04 15:54:57,Brazil,android,paid_search,intermediate,self_development,high,new,after_change,0,0
7515,2026-02-04 22:52:25,Poland,ios,paid_search,beginner,self_development,high,new,after_change,0,0
7516,2026-02-04 21:27:26,Brazil,android,blog,beginner,exam,high,new,after_change,0,0
7517,2026-02-01 04:15:37,Spain,android,blog,beginner,exam,high,new,after_change,0,0
7518,2026-02-13 23:45:24,Germany,ios,instagram_ads,beginner,travel,medium,new,after_change,1,0
7519,2026-02-04 07:28:52,Germany,ios,blog,beginner,exam,medium,new,after_change,1,0
7520,2026-02-03 07:27:59,Spain,ios,referral,intermediate,work,high,new,after_change,0,0
7521,2026-02-03 02:47:37,Brazil,android,referral,beginner,work,high,new,after_change,0,0
7522,2026-02-14 20:01:38,Italy,android,referral,intermediate,exam,low,new,after_change,0,0
7523,2026-02-07 16:11:08,Germany,ios,paid_search,intermediate,travel,high,new,after_change,0,0
7524,2026-02-05 13:50:41,Netherlands,android,organic,elementary,work,medium,new,after_change,0,0
7525,2026-02-06 15:42:28,Germany,android,organic,intermediate,self_development,medium,new,after_change,0,0
7526,2026-02-02 05:41:56,Poland,android,organic,beginner,self_development,high,new,after_change,1,1
7527,2026-02-05 09:23:31,Germany,android,organic,intermediate,work,low,new,after_change,0,0
7528,2026-02-04 11:33:35,Netherlands,ios,organic,elementary,work,medium,new,after_change,0,0
7529,2026-02-12 05:52:52,Germany,ios,paid_search,elementary,work,low,new,after_change,0,0
7530,2026-02-01 19:37:38,Germany,android,instagram_ads,elementary,travel,high,new,after_change,0,0
7531,2026-02-06 22:57:01,Brazil,android,organic,intermediate,travel,medium,new,after_change,0,0
7532,2026-02-12 01:27:00,Spain,android,paid_search,intermediate,self_development,medium,new,after_change,0,0
7533,2026-02-12 16:05:18,Brazil,ios,organic,beginner,travel,high,new,after_change,0,0
7534,2026-02-08 04:13:04,Spain,android,organic,beginner,work,low,new,after_change,0,0
7535,2026-02-04 02:46:08,Italy,ios,tiktok_ads,beginner,work,low,new,after_change,0,0
7536,2026-02-05 17:13:39,Spain,android,referral,intermediate,self_development,medium,new,after_change,0,0
7537,2026-02-04 02:41:23,Brazil,ios,tiktok_ads,beginner,exam,low,new,after_change,0,0
7538,2026-02-10 06:26:55,Poland,android,tiktok_ads,elementary,self_development,high,new,after_change,0,0
7539,2026-02-05 02:19:38,Netherlands,android,blog,beginner,exam,medium,new,after_change,0,0
7540,2026-02-09 19:53:50,Spain,ios,tiktok_ads,intermediate,travel,high,new,after_change,0,0
7541,2026-02-10 04:18:47,Brazil,android,organic,intermediate,work,low,new,after_change,0,0
7542,2026-02-14 03:47:49,Germany,android,organic,elementary,travel,medium,new,after_change,0,0
7543,2026-02-06 04:26:16,Brazil,ios,tiktok_ads,beginner,work,low,new,after_change,0,0
7544,2026-02-14 10:59:00,Spain,ios,tiktok_ads,intermediate,travel,high,new,after_change,0,0
7545,2026-02-06 14:38:26,Poland,android,referral,beginner,self_development,high,new,after_change,0,0
7546,2026-02-10 12:42:35,Poland,ios,organic,elementary,travel,medium,new,after_change,0,0
7547,2026-02-10 06:18:15,Germany,ios,blog,intermediate,travel,medium,new,after_change,0,0
7548,2026-02-12 10:47:10,Germany,android,instagram_ads,elementary,work,high,new,after_change,0,0
7549,2026-02-07 13:37:16,Spain,android,blog,intermediate,work,medium,new,after_change,0,0
7550,2026-02-12 02:15:17,Brazil,android,instagram_ads,beginner,travel,high,new,after_change,0,0
7551,2026-02-05 23:23:35,Spain,android,organic,elementary,self_development,medium,new,after_change,0,0
7552,2026-02-07 21:04:40,Netherlands,android,paid_search,intermediate,travel,low,new,after_change,0,0
7553,2026-02-07 23:53:25,Brazil,android,organic,elementary,exam,medium,new,after_change,0,0
7554,2026-02-10 20:41:52,Italy,ios,paid_search,intermediate,exam,medium,new,after_change,0,0
7555,2026-02-09 15:45:52,Spain,ios,referral,intermediate,travel,high,new,after_change,0,0
7556,2026-02-02 02:17:42,Germany,android,paid_search,beginner,travel,high,new,after_change,0,0
7557,2026-02-12 07:50:45,Spain,android,organic,beginner,work,high,new,after_change,1,0
7558,2026-02-11 14:41:42,Netherlands,ios,paid_search,elementary,self_development,low,new,after_change,1,0
7559,2026-02-02 11:07:46,Germany,android,instagram_ads,intermediate,exam,high,new,after_change,0,0
7560,2026-02-14 11:10:33,Germany,android,organic,intermediate,travel,low,new,after_change,0,0
7561,2026-02-10 06:00:07,Spain,android,organic,beginner,travel,medium,new,after_change,0,0
7562,2026-02-02 04:33:05,Poland,ios,referral,elementary,exam,low,new,after_change,0,0
7563,2026-02-07 21:06:32,Italy,ios,organic,elementary,work,high,new,after_change,0,0
7564,2026-02-12 16:56:05,Spain,android,blog,beginner,work,low,new,after_change,0,0
7565,2026-02-04 22:01:20,Germany,ios,organic,elementary,exam,low,new,after_change,0,0
7566,2026-02-14 01:28:52,Spain,ios,tiktok_ads,intermediate,self_development,medium,new,after_change,0,0
7567,2026-02-06 20:35:02,Spain,ios,tiktok_ads,elementary,self_development,low,new,after_change,0,0
7568,2026-02-04 03:59:58,Italy,android,organic,beginner,exam,high,new,after_change,0,0
7569,2026-02-05 23:46:02,Brazil,ios,tiktok_ads,elementary,self_development,high,new,after_change,1,0
7570,2026-02-08 08:20:11,Netherlands,android,paid_search,beginner,work,low,new,after_change,0,0
7571,2026-02-10 15:12:42,Italy,ios,paid_search,elementary,travel,high,new,after_change,0,0
7572,2026-02-13 23:45:37,Netherlands,ios,referral,intermediate,work,high,new,after_change,1,1
7573,2026-02-03 17:29:05,Germany,ios,blog,elementary,exam,medium,new,after_change,1,0
7574,2026-02-14 10:38:09,Netherlands,android,organic,intermediate,self_development,low,new,after_change,1,0
7575,2026-02-08 09:18:27,Spain,android,tiktok_ads,elementary,self_development,low,new,after_change,0,0
7576,2026-02-02 18:58:06,Spain,ios,organic,beginner,work,high,new,after_change,0,0
7577,2026-02-13 23:17:35,Italy,android,organic,elementary,work,medium,new,after_change,0,0
7578,2026-02-05 21:15:55,Germany,ios,organic,elementary,travel,medium,new,after_change,0,0
7579,2026-02-09 16:30:59,Brazil,android,tiktok_ads,beginner,exam,low,new,after_change,0,0
7580,2026-02-10 18:34:35,Germany,ios,tiktok_ads,beginner,exam,high,new,after_change,1,0
7581,2026-02-01 04:30:16,Germany,android,instagram_ads,elementary,exam,high,new,after_change,0,0
7582,2026-02-04 02:26:37,Netherlands,android,blog,beginner,travel,medium,new,after_change,0,0
7583,2026-02-10 14:38:57,Poland,android,tiktok_ads,beginner,work,high,new,after_change,0,0
7584,2026-02-05 13:07:22,Netherlands,ios,organic,beginner,travel,medium,new,after_change,1,0
7585,2026-02-01 03:08:07,Spain,android,organic,intermediate,work,medium,new,after_change,0,0
7586,2026-02-01 07:49:32,Germany,android,instagram_ads,beginner,travel,medium,new,after_change,0,0
7587,2026-02-12 13:41:09,Brazil,android,paid_search,elementary,self_development,medium,new,after_change,0,0
7588,2026-02-03 03:34:59,Brazil,ios,organic,beginner,self_development,low,new,after_change,0,0
7589,2026-02-02 09:44:33,Poland,android,organic,beginner,exam,medium,new,after_change,1,1
7590,2026-02-08 20:56:33,Netherlands,ios,paid_search,beginner,travel,low,new,after_change,0,0
7591,2026-02-02 15:57:45,Poland,android,instagram_ads,beginner,work,medium,new,after_change,0,0
7592,2026-02-10 03:26:17,Poland,ios,tiktok_ads,beginner,travel,medium,new,after_change,0,0
7593,2026-02-08 14:48:58,Spain,android,tiktok_ads,beginner,travel,medium,new,after_change,0,0
7594,2026-02-10 02:02:03,Netherlands,ios,blog,elementary,work,medium,new,after_change,0,0
7595,2026-02-07 21:10:44,Poland,ios,referral,beginner,work,high,new,after_change,0,0
7596,2026-02-11 21:31:44,Italy,ios,paid_search,beginner,self_development,medium,new,after_change,1,0
7597,2026-02-10 00:38:15,Spain,android,instagram_ads,beginner,self_development,low,new,after_change,0,0
7598,2026-02-06 19:32:04,Netherlands,android,organic,intermediate,self_development,medium,new,after_change,1,1
7599,2026-02-01 05:10:02,Spain,android,blog,beginner,travel,medium,new,after_change,1,0
7600,2026-02-04 19:53:34,Poland,android,instagram_ads,elementary,work,medium,new,after_change,0,0
7601,2026-02-02 20:09:38,Italy,android,organic,elementary,travel,medium,new,after_change,0,0
7602,2026-02-01 05:14:06,Italy,ios,tiktok_ads,beginner,exam,medium,new,after_change,0,0
7603,2026-02-04 19:47:07,Germany,android,instagram_ads,beginner,work,high,new,after_change,0,0
7604,2026-02-03 21:25:39,Germany,ios,blog,elementary,work,high,new,after_change,0,0
7605,2026-02-02 01:47:04,Poland,android,organic,intermediate,travel,low,new,after_change,0,0
7606,2026-02-05 08:57:44,Netherlands,ios,paid_search,intermediate,travel,high,new,after_change,1,0
7607,2026-02-08 02:12:21,Italy,android,blog,beginner,work,medium,new,after_change,0,0
7608,2026-02-03 11:52:39,Spain,android,instagram_ads,beginner,travel,medium,new,after_change,0,0
7609,2026-02-04 19:45:55,Poland,ios,paid_search,beginner,travel,high,new,after_change,0,0
7610,2026-02-01 06:46:06,Netherlands,android,instagram_ads,beginner,self_development,high,new,after_change,0,0
7611,2026-02-01 16:56:09,Germany,ios,tiktok_ads,intermediate,travel,low,new,after_change,0,0
7612,2026-02-03 04:54:08,Germany,ios,organic,beginner,travel,medium,new,after_change,0,0
7613,2026-02-07 08:10:56,Poland,android,paid_search,beginner,self_development,high,new,after_change,0,0
7614,2026-02-10 07:48:34,Germany,android,paid_search,beginner,self_development,high,new,after_change,0,0
7615,2026-02-12 00:52:54,Poland,android,organic,intermediate,work,high,new,after_change,0,0
7616,2026-02-09 19:32:26,Brazil,android,paid_search,elementary,self_development,medium,new,after_change,0,0
7617,2026-02-09 15:15:41,Brazil,android,paid_search,beginner,travel,low,new,after_change,0,0
7618,2026-02-14 02:23:22,Germany,ios,tiktok_ads,beginner,exam,high,new,after_change,0,0
7619,2026-02-04 13:53:43,Italy,android,instagram_ads,beginner,self_development,medium,new,after_change,0,0
7620,2026-02-12 04:11:04,Poland,android,paid_search,beginner,work,medium,new,after_change,0,0
7621,2026-02-14 02:47:19,Poland,ios,organic,intermediate,travel,high,new,after_change,0,0
7622,2026-02-08 22:45:57,Poland,ios,paid_search,elementary,work,medium,new,after_change,1,1
7623,2026-02-12 18:25:34,Netherlands,ios,organic,elementary,exam,medium,new,after_change,0,0
7624,2026-02-02 22:13:08,Italy,ios,blog,elementary,self_development,medium,new,after_change,0,0
7625,2026-02-13 07:16:15,Netherlands,ios,organic,elementary,work,low,new,after_change,1,0
7626,2026-02-08 21:31:41,Brazil,ios,referral,elementary,travel,medium,new,after_change,1,1
7627,2026-02-04 02:26:07,Germany,android,instagram_ads,beginner,exam,high,new,after_change,0,0
7628,2026-02-01 20:41:45,Spain,ios,referral,elementary,travel,medium,new,after_change,1,0
7629,2026-02-11 01:53:45,Poland,ios,referral,elementary,travel,high,new,after_change,0,0
7630,2026-02-07 00:46:38,Spain,android,referral,beginner,travel,high,new,after_change,1,0
7631,2026-02-05 08:09:40,Poland,android,instagram_ads,beginner,work,medium,new,after_change,0,0
7632,2026-02-06 11:07:36,Italy,ios,paid_search,intermediate,work,high,new,after_change,0,0
7633,2026-02-14 20:58:49,Spain,ios,tiktok_ads,intermediate,exam,medium,new,after_change,1,0
7634,2026-02-06 23:44:43,Germany,android,organic,beginner,travel,medium,new,after_change,1,0
7635,2026-02-02 02:28:07,Netherlands,ios,paid_search,beginner,work,low,new,after_change,0,0
7636,2026-02-04 22:01:17,Germany,ios,referral,elementary,exam,high,new,after_change,0,0
7637,2026-02-03 00:50:32,Poland,android,instagram_ads,elementary,work,medium,new,after_change,0,0
7638,2026-02-10 14:26:20,Brazil,ios,paid_search,elementary,self_development,medium,new,after_change,0,0
7639,2026-02-12 04:56:02,Brazil,android,referral,intermediate,self_development,low,new,after_change,0,0
7640,2026-02-12 18:33:26,Brazil,android,organic,intermediate,travel,medium,new,after_change,0,0
7641,2026-02-09 20:38:54,Brazil,ios,referral,beginner,self_development,low,new,after_change,1,1
7642,2026-02-11 18:13:18,Spain,android,tiktok_ads,beginner,self_development,medium,new,after_change,0,0
7643,2026-02-06 20:12:34,Spain,android,organic,beginner,work,high,new,after_change,0,0
7644,2026-02-09 18:55:28,Spain,android,organic,intermediate,self_development,medium,new,after_change,0,0
7645,2026-02-02 11:56:36,Italy,android,blog,elementary,work,medium,new,after_change,0,0
7646,2026-02-08 12:53:01,Germany,android,organic,intermediate,self_development,high,new,after_change,0,0
7647,2026-02-08 19:18:32,Spain,ios,blog,elementary,exam,high,new,after_change,1,0
7648,2026-02-01 10:26:39,Germany,ios,paid_search,elementary,self_development,high,new,after_change,1,1
7649,2026-02-08 16:13:54,Spain,ios,paid_search,beginner,travel,medium,new,after_change,0,0
7650,2026-02-11 02:54:20,Germany,android,tiktok_ads,beginner,exam,medium,new,after_change,0,0
7651,2026-02-06 03:30:37,Poland,ios,instagram_ads,intermediate,travel,medium,new,after_change,0,0
7652,2026-02-08 15:06:51,Germany,android,paid_search,elementary,self_development,medium,new,after_change,0,0
7653,2026-02-05 00:07:14,Netherlands,android,tiktok_ads,intermediate,travel,low,new,after_change,0,0
7654,2026-02-04 18:58:08,Germany,android,paid_search,beginner,work,low,new,after_change,0,0
7655,2026-02-02 19:30:35,Brazil,android,organic,elementary,self_development,high,new,after_change,1,0
7656,2026-02-05 14:09:17,Germany,ios,referral,elementary,work,high,new,after_change,0,0
7657,2026-02-12 05:52:24,Poland,ios,instagram_ads,beginner,exam,high,new,after_change,0,0
7658,2026-02-14 02:21:49,Italy,android,tiktok_ads,elementary,work,low,new,after_change,0,0
7659,2026-02-09 21:34:13,Germany,android,instagram_ads,intermediate,work,high,new,after_change,0,0
7660,2026-02-09 17:47:08,Italy,android,instagram_ads,beginner,self_development,medium,new,after_change,0,0
7661,2026-02-09 14:14:38,Spain,android,organic,elementary,self_development,high,new,after_change,0,0
7662,2026-02-07 15:54:23,Brazil,android,blog,elementary,work,medium,new,after_change,1,0
7663,2026-02-06 22:08:23,Poland,ios,paid_search,elementary,exam,high,new,after_change,0,0
7664,2026-02-09 16:37:46,Germany,ios,blog,intermediate,work,medium,new,after_change,1,0
7665,2026-02-11 23:33:31,Brazil,android,referral,beginner,self_development,medium,new,after_change,0,0
7666,2026-02-06 19:01:02,Germany,android,tiktok_ads,beginner,exam,low,new,after_change,0,0
7667,2026-02-08 22:08:22,Netherlands,android,instagram_ads,elementary,work,low,new,after_change,0,0
7668,2026-02-07 13:58:52,Spain,ios,organic,intermediate,work,low,new,after_change,0,0
7669,2026-02-04 23:55:56,Italy,android,paid_search,intermediate,travel,high,new,after_change,0,0
7670,2026-02-05 01:32:38,Germany,ios,tiktok_ads,elementary,self_development,high,new,after_change,0,0
7671,2026-02-02 02:28:01,Italy,ios,paid_search,beginner,travel,high,new,after_change,0,0
7672,2026-02-07 03:47:26,Germany,ios,organic,intermediate,travel,medium,new,after_change,0,0
7673,2026-02-10 23:23:06,Netherlands,android,instagram_ads,beginner,work,high,new,after_change,0,0
7674,2026-02-10 14:21:32,Spain,ios,organic,beginner,exam,high,new,after_change,0,0
7675,2026-02-14 19:11:03,Germany,ios,paid_search,beginner,exam,high,new,after_change,0,0
7676,2026-02-01 13:25:13,Germany,ios,instagram_ads,elementary,travel,high,new,after_change,0,0
7677,2026-02-11 15:34:51,Netherlands,ios,organic,beginner,travel,medium,new,after_change,0,0
7678,2026-02-12 03:07:45,Germany,android,organic,beginner,travel,medium,new,after_change,0,0
7679,2026-02-07 02:38:31,Brazil,android,organic,elementary,exam,high,new,after_change,0,0
7680,2026-02-04 23:04:52,Italy,android,instagram_ads,elementary,self_development,low,new,after_change,0,0
7681,2026-02-05 23:59:10,Spain,ios,blog,beginner,self_development,medium,new,after_change,0,0
7682,2026-02-10 13:20:24,Germany,android,organic,beginner,work,high,new,after_change,0,0
7683,2026-02-13 01:41:16,Germany,ios,tiktok_ads,elementary,work,low,new,after_change,0,0
7684,2026-02-09 23:57:20,Germany,android,organic,beginner,work,medium,new,after_change,1,1
7685,2026-02-08 04:46:01,Brazil,android,tiktok_ads,beginner,self_development,medium,new,after_change,0,0
7686,2026-02-10 03:16:58,Poland,android,organic,intermediate,exam,medium,new,after_change,1,0
7687,2026-02-01 23:43:13,Spain,android,referral,elementary,travel,medium,new,after_change,1,0
7688,2026-02-09 12:19:52,Germany,ios,tiktok_ads,beginner,travel,low,new,after_change,0,0
7689,2026-02-01 14:09:33,Netherlands,android,tiktok_ads,elementary,work,high,new,after_change,0,0
7690,2026-02-14 10:15:29,Spain,android,organic,elementary,work,high,new,after_change,1,0
7691,2026-02-13 10:46:24,Brazil,android,referral,elementary,self_development,medium,new,after_change,0,0
7692,2026-02-08 02:48:13,Italy,android,organic,elementary,travel,low,new,after_change,0,0
7693,2026-02-06 05:41:28,Spain,ios,instagram_ads,elementary,self_development,medium,new,after_change,1,1
7694,2026-02-11 06:03:33,Brazil,android,referral,beginner,self_development,low,new,after_change,0,0
7695,2026-02-09 22:13:39,Poland,android,tiktok_ads,beginner,work,high,new,after_change,1,0
7696,2026-02-10 21:01:51,Netherlands,android,referral,beginner,travel,low,new,after_change,1,0
7697,2026-02-08 05:14:07,Poland,ios,tiktok_ads,elementary,travel,high,new,after_change,0,0
7698,2026-02-04 07:23:09,Poland,ios,tiktok_ads,elementary,exam,high,new,after_change,0,0
7699,2026-02-02 00:36:45,Brazil,android,paid_search,intermediate,travel,medium,new,after_change,0,0
7700,2026-02-04 23:11:26,Brazil,ios,paid_search,beginner,self_development,high,new,after_change,0,0
7701,2026-02-08 09:44:37,Poland,ios,instagram_ads,elementary,self_development,high,new,after_change,0,0
7702,2026-02-06 22:28:11,Netherlands,ios,instagram_ads,elementary,self_development,medium,new,after_change,0,0
7703,2026-02-08 02:08:20,Netherlands,android,tiktok_ads,beginner,exam,medium,new,after_change,0,0
7704,2026-02-04 21:18:23,Spain,android,instagram_ads,intermediate,travel,low,new,after_change,0,0
7705,2026-02-14 03:07:27,Poland,android,tiktok_ads,beginner,exam,low,new,after_change,0,0
7706,2026-02-06 03:13:32,Germany,android,organic,elementary,work,low,new,after_change,0,0
7707,2026-02-12 20:18:30,Germany,ios,paid_search,intermediate,travel,medium,new,after_change,0,0
7708,2026-02-06 11:21:45,Spain,ios,blog,elementary,travel,high,new,after_change,1,1
7709,2026-02-07 05:02:42,Germany,ios,organic,elementary,work,low,new,after_change,1,0
7710,2026-02-09 10:53:54,Netherlands,android,organic,beginner,work,medium,new,after_change,1,0
7711,2026-02-04 16:24:45,Germany,android,tiktok_ads,elementary,travel,medium,new,after_change,0,0
7712,2026-02-04 01:52:58,Netherlands,ios,organic,beginner,work,medium,new,after_change,1,0
7713,2026-02-06 07:24:29,Brazil,ios,instagram_ads,elementary,self_development,medium,new,after_change,0,0
7714,2026-02-12 06:14:31,Germany,android,tiktok_ads,elementary,work,high,new,after_change,0,0
7715,2026-02-03 00:35:08,Germany,android,instagram_ads,beginner,travel,high,new,after_change,0,0
7716,2026-02-07 03:00:43,Brazil,android,blog,elementary,work,high,new,after_change,1,1
7717,2026-02-10 09:49:52,Poland,android,referral,beginner,work,high,new,after_change,0,0
7718,2026-02-10 21:17:52,Spain,ios,instagram_ads,elementary,self_development,medium,new,after_change,0,0
7719,2026-02-07 01:57:38,Germany,android,blog,beginner,work,low,new,after_change,0,0
7720,2026-02-02 03:21:52,Spain,ios,paid_search,elementary,travel,low,new,after_change,0,0
7721,2026-02-01 05:20:40,Germany,android,organic,beginner,travel,high,new,after_change,1,0
7722,2026-02-07 13:54:30,Germany,ios,tiktok_ads,beginner,travel,high,new,after_change,0,0
7723,2026-02-12 08:10:30,Italy,android,instagram_ads,elementary,exam,low,new,after_change,0,0
7724,2026-02-01 09:28:54,Germany,android,paid_search,beginner,travel,medium,new,after_change,1,0
7725,2026-02-13 10:11:34,Germany,android,paid_search,elementary,self_development,medium,new,after_change,0,0
7726,2026-02-10 11:06:20,Poland,ios,organic,intermediate,work,low,new,after_change,0,0
7727,2026-02-01 02:42:24,Netherlands,android,organic,beginner,exam,low,new,after_change,0,0
7728,2026-02-05 19:29:11,Spain,ios,paid_search,beginner,travel,high,new,after_change,0,0
7729,2026-02-04 02:05:18,Netherlands,android,blog,elementary,travel,medium,new,after_change,0,0
7730,2026-02-14 06:56:56,Italy,ios,referral,intermediate,work,medium,new,after_change,0,0
7731,2026-02-08 18:24:24,Germany,android,instagram_ads,beginner,work,low,new,after_change,0,0
7732,2026-02-05 12:54:20,Germany,ios,instagram_ads,beginner,work,medium,new,after_change,0,0
7733,2026-02-04 21:25:27,Poland,ios,organic,intermediate,exam,medium,new,after_change,0,0
7734,2026-02-08 21:26:19,Poland,android,instagram_ads,elementary,self_development,medium,new,after_change,0,0
7735,2026-02-01 01:42:42,Italy,android,instagram_ads,intermediate,work,medium,new,after_change,0,0
7736,2026-02-04 14:28:56,Spain,ios,referral,beginner,travel,medium,new,after_change,0,0
7737,2026-02-03 07:34:39,Italy,ios,paid_search,beginner,travel,high,new,after_change,0,0
7738,2026-02-09 16:21:28,Spain,ios,blog,elementary,self_development,low,new,after_change,0,0
7739,2026-02-10 08:51:33,Poland,ios,referral,beginner,travel,medium,new,after_change,0,0
7740,2026-02-07 12:55:34,Italy,android,organic,elementary,travel,low,new,after_change,0,0
7741,2026-02-02 23:02:59,Germany,android,blog,beginner,self_development,low,new,after_change,0,0
7742,2026-02-06 04:31:51,Germany,android,organic,elementary,travel,medium,new,after_change,0,0
7743,2026-02-12 19:12:52,Netherlands,android,blog,intermediate,exam,medium,new,after_change,0,0
7744,2026-02-03 20:26:22,Poland,android,tiktok_ads,intermediate,travel,low,new,after_change,0,0
7745,2026-02-03 06:53:29,Germany,android,paid_search,beginner,exam,medium,new,after_change,0,0
7746,2026-02-02 13:28:16,Poland,android,paid_search,beginner,travel,medium,new,after_change,0,0
7747,2026-02-12 10:24:58,Spain,android,instagram_ads,intermediate,self_development,low,new,after_change,0,0
7748,2026-02-02 16:16:45,Spain,ios,referral,elementary,travel,high,new,after_change,1,0
7749,2026-02-09 03:25:26,Spain,ios,referral,elementary,travel,medium,new,after_change,0,0
7750,2026-02-14 23:40:38,Italy,android,paid_search,intermediate,self_development,high,new,after_change,0,0
7751,2026-02-09 23:38:55,Germany,android,referral,beginner,work,medium,new,after_change,0,0
7752,2026-02-06 18:32:11,Brazil,ios,instagram_ads,beginner,work,low,new,after_change,0,0
7753,2026-02-03 21:29:37,Germany,android,paid_search,intermediate,work,high,new,after_change,0,0
7754,2026-02-01 00:38:54,Italy,ios,organic,elementary,work,high,new,after_change,0,0
7755,2026-02-03 04:16:09,Poland,android,referral,elementary,self_development,high,new,after_change,0,0
7756,2026-02-14 08:11:02,Germany,ios,instagram_ads,intermediate,exam,low,new,after_change,0,0
7757,2026-02-03 00:15:02,Spain,android,paid_search,beginner,work,high,new,after_change,0,0
7758,2026-02-01 06:42:47,Spain,android,tiktok_ads,intermediate,work,medium,new,after_change,0,0
7759,2026-02-12 10:12:00,Spain,ios,referral,beginner,work,medium,new,after_change,0,0
7760,2026-02-06 20:38:41,Poland,android,organic,intermediate,self_development,medium,new,after_change,0,0
7761,2026-02-05 23:57:02,Brazil,android,paid_search,beginner,travel,low,new,after_change,0,0
7762,2026-02-11 01:04:20,Spain,android,paid_search,beginner,work,medium,new,after_change,0,0
7763,2026-02-08 07:44:15,Poland,android,organic,elementary,travel,high,new,after_change,0,0
7764,2026-02-13 19:18:19,Brazil,ios,paid_search,intermediate,exam,low,new,after_change,1,0
7765,2026-02-07 13:06:47,Germany,android,tiktok_ads,elementary,self_development,medium,new,after_change,0,0
7766,2026-02-10 23:31:47,Germany,android,paid_search,elementary,exam,low,new,after_change,0,0
7767,2026-02-13 07:17:52,Spain,android,referral,intermediate,self_development,low,new,after_change,0,0
7768,2026-02-07 11:46:41,Netherlands,android,blog,elementary,self_development,high,new,after_change,0,0
7769,2026-02-04 23:31:06,Germany,android,organic,intermediate,self_development,high,new,after_change,1,1
7770,2026-02-14 15:24:45,Brazil,ios,paid_search,beginner,work,medium,new,after_change,0,0
7771,2026-02-04 04:12:09,Germany,ios,organic,beginner,travel,high,new,after_change,0,0
7772,2026-02-01 13:12:40,Netherlands,ios,tiktok_ads,beginner,work,medium,new,after_change,0,0
7773,2026-02-09 02:15:33,Germany,ios,instagram_ads,intermediate,self_development,low,new,after_change,0,0
7774,2026-02-14 19:35:44,Brazil,android,instagram_ads,beginner,work,medium,new,after_change,0,0
7775,2026-02-02 05:02:35,Germany,ios,referral,beginner,work,medium,new,after_change,0,0
7776,2026-02-12 21:23:44,Spain,android,referral,beginner,exam,high,new,after_change,0,0
7777,2026-02-12 15:01:31,Germany,android,instagram_ads,beginner,travel,medium,new,after_change,0,0
7778,2026-02-14 00:07:13,Brazil,ios,referral,elementary,exam,low,new,after_change,0,0
7779,2026-02-06 21:38:42,Poland,android,blog,beginner,exam,low,new,after_change,0,0
7780,2026-02-04 13:36:12,Germany,ios,tiktok_ads,intermediate,self_development,high,new,after_change,0,0
7781,2026-02-08 04:04:48,Poland,ios,organic,intermediate,exam,high,new,after_change,1,0
7782,2026-02-02 23:51:57,Netherlands,android,referral,elementary,travel,low,new,after_change,0,0
7783,2026-02-12 19:11:51,Brazil,ios,referral,beginner,work,low,new,after_change,0,0
7784,2026-02-10 06:52:26,Netherlands,ios,instagram_ads,intermediate,work,high,new,after_change,1,1
7785,2026-02-07 18:23:50,Spain,android,tiktok_ads,elementary,work,high,new,after_change,0,0
7786,2026-02-08 05:19:43,Poland,ios,paid_search,beginner,self_development,medium,new,after_change,1,0
7787,2026-02-10 23:16:22,Poland,ios,instagram_ads,beginner,work,high,new,after_change,0,0
7788,2026-02-08 07:47:03,Poland,android,referral,beginner,exam,medium,new,after_change,0,0
7789,2026-02-12 18:10:30,Germany,android,referral,elementary,exam,high,new,after_change,0,0
7790,2026-02-13 22:40:19,Netherlands,android,organic,beginner,exam,low,new,after_change,0,0
7791,2026-02-14 07:07:46,Germany,android,organic,intermediate,self_development,high,new,after_change,0,0
7792,2026-02-09 16:20:49,Brazil,ios,paid_search,elementary,travel,high,new,after_change,0,0
7793,2026-02-11 09:29:49,Germany,android,paid_search,beginner,travel,medium,new,after_change,0,0
7794,2026-02-05 08:31:02,Germany,ios,referral,beginner,travel,high,new,after_change,0,0
7795,2026-02-01 12:48:25,Netherlands,ios,organic,elementary,self_development,medium,new,after_change,0,0
7796,2026-02-06 14:25:20,Poland,android,tiktok_ads,beginner,self_development,high,new,after_change,0,0
7797,2026-02-13 04:53:41,Germany,android,instagram_ads,beginner,self_development,high,new,after_change,0,0
7798,2026-02-02 20:51:16,Brazil,ios,tiktok_ads,elementary,travel,low,new,after_change,0,0
7799,2026-02-08 15:21:34,Netherlands,ios,instagram_ads,beginner,self_development,medium,new,after_change,0,0
7800,2026-02-03 16:37:03,Italy,ios,referral,beginner,self_development,medium,new,after_change,0,0
7801,2026-02-07 00:14:07,Netherlands,android,paid_search,elementary,travel,high,new,after_change,1,0
7802,2026-02-03 00:09:56,Germany,ios,paid_search,elementary,work,low,new,after_change,0,0
7803,2026-02-11 06:52:27,Germany,android,tiktok_ads,beginner,self_development,low,new,after_change,0,0
7804,2026-02-12 08:15:28,Netherlands,ios,paid_search,elementary,work,medium,new,after_change,1,0
7805,2026-02-11 14:48:25,Germany,ios,paid_search,elementary,self_development,low,new,after_change,0,0
7806,2026-02-10 20:50:14,Italy,android,blog,beginner,work,low,new,after_change,0,0
7807,2026-02-04 07:00:40,Italy,android,tiktok_ads,intermediate,work,low,new,after_change,0,0
7808,2026-02-08 10:11:45,Italy,ios,organic,elementary,travel,low,new,after_change,0,0
7809,2026-02-02 11:12:28,Spain,android,tiktok_ads,intermediate,travel,medium,new,after_change,0,0
7810,2026-02-06 05:47:15,Poland,android,paid_search,beginner,exam,medium,new,after_change,0,0
7811,2026-02-08 01:57:13,Netherlands,android,paid_search,beginner,work,low,new,after_change,0,0
7812,2026-02-10 08:36:50,Germany,android,organic,elementary,work,medium,new,after_change,0,0
7813,2026-02-02 08:31:32,Germany,android,organic,intermediate,self_development,medium,new,after_change,0,0
7814,2026-02-12 09:08:10,Germany,android,paid_search,elementary,travel,high,new,after_change,0,0
7815,2026-02-07 10:11:31,Spain,android,instagram_ads,elementary,work,high,new,after_change,0,0
7816,2026-02-13 08:05:39,Italy,ios,paid_search,elementary,self_development,high,new,after_change,1,0
7817,2026-02-08 09:13:54,Poland,android,organic,beginner,self_development,high,new,after_change,0,0
7818,2026-02-08 15:47:50,Spain,android,organic,elementary,self_development,medium,new,after_change,1,0
7819,2026-02-10 16:42:38,Brazil,android,organic,elementary,work,medium,new,after_change,0,0
7820,2026-02-12 11:28:53,Germany,ios,instagram_ads,beginner,travel,low,new,after_change,0,0
7821,2026-02-03 04:57:43,Germany,android,paid_search,beginner,self_development,medium,new,after_change,0,0
7822,2026-02-08 03:47:55,Germany,android,instagram_ads,beginner,self_development,low,new,after_change,0,0
7823,2026-02-01 10:03:53,Netherlands,android,instagram_ads,beginner,exam,high,new,after_change,0,0
7824,2026-02-07 15:26:31,Netherlands,ios,paid_search,beginner,work,low,new,after_change,0,0
7825,2026-02-12 09:20:27,Poland,android,tiktok_ads,beginner,exam,high,new,after_change,0,0
7826,2026-02-13 02:47:06,Poland,android,tiktok_ads,elementary,exam,high,new,after_change,0,0
7827,2026-02-04 23:15:46,Germany,ios,tiktok_ads,elementary,self_development,medium,new,after_change,1,1
7828,2026-02-06 09:49:17,Poland,android,paid_search,beginner,travel,low,new,after_change,0,0
7829,2026-02-08 17:19:28,Germany,ios,paid_search,elementary,travel,high,new,after_change,1,0
7830,2026-02-06 13:01:35,Spain,android,instagram_ads,beginner,work,high,new,after_change,0,0
7831,2026-02-03 11:50:04,Brazil,android,blog,elementary,self_development,high,new,after_change,0,0
7832,2026-02-05 06:27:00,Germany,ios,paid_search,intermediate,self_development,medium,new,after_change,1,1
7833,2026-02-06 15:45:46,Germany,android,tiktok_ads,elementary,travel,medium,new,after_change,0,0
7834,2026-02-08 06:17:01,Germany,android,paid_search,elementary,work,high,new,after_change,0,0
7835,2026-02-13 21:21:57,Germany,ios,blog,elementary,exam,medium,new,after_change,0,0
7836,2026-02-08 15:04:10,Italy,android,paid_search,beginner,travel,medium,new,after_change,0,0
7837,2026-02-06 10:04:16,Spain,ios,instagram_ads,beginner,self_development,medium,new,after_change,0,0
7838,2026-02-10 05:54:53,Brazil,ios,instagram_ads,beginner,work,low,new,after_change,0,0
7839,2026-02-11 19:44:48,Italy,android,tiktok_ads,elementary,self_development,low,new,after_change,0,0
7840,2026-02-07 00:38:55,Brazil,ios,tiktok_ads,intermediate,work,high,new,after_change,1,0
7841,2026-02-07 20:23:35,Spain,android,tiktok_ads,elementary,self_development,medium,new,after_change,0,0
7842,2026-02-04 01:11:35,Italy,android,tiktok_ads,elementary,travel,low,new,after_change,0,0
7843,2026-02-13 02:34:07,Germany,android,instagram_ads,elementary,work,medium,new,after_change,0,0
7844,2026-02-13 03:15:32,Germany,android,organic,elementary,work,medium,new,after_change,0,0
7845,2026-02-03 10:46:11,Brazil,android,referral,beginner,travel,medium,new,after_change,0,0
7846,2026-02-05 20:15:22,Spain,android,paid_search,intermediate,work,low,new,after_change,0,0
7847,2026-02-04 19:22:28,Poland,android,organic,elementary,self_development,low,new,after_change,1,0
7848,2026-02-13 22:06:32,Germany,android,organic,elementary,work,high,new,after_change,1,0
7849,2026-02-01 21:54:55,Netherlands,android,instagram_ads,beginner,self_development,high,new,after_change,0,0
7850,2026-02-03 21:40:14,Poland,ios,paid_search,elementary,travel,medium,new,after_change,1,1
7851,2026-02-05 09:48:31,Italy,android,tiktok_ads,beginner,travel,high,new,after_change,0,0
7852,2026-02-08 20:10:45,Germany,android,instagram_ads,beginner,travel,low,new,after_change,0,0
7853,2026-02-04 11:39:24,Germany,ios,organic,elementary,self_development,high,new,after_change,0,0
7854,2026-02-08 12:18:09,Italy,ios,paid_search,intermediate,travel,medium,new,after_change,0,0
7855,2026-02-11 11:04:05,Netherlands,ios,referral,elementary,travel,low,new,after_change,0,0
7856,2026-02-12 14:25:32,Germany,ios,tiktok_ads,beginner,travel,low,new,after_change,0,0
7857,2026-02-02 09:17:05,Germany,android,referral,beginner,work,medium,new,after_change,0,0
7858,2026-02-02 22:39:14,Poland,android,organic,beginner,work,medium,new,after_change,0,0
7859,2026-02-02 07:59:06,Brazil,ios,blog,beginner,work,medium,new,after_change,0,0
7860,2026-02-13 17:44:20,Brazil,android,referral,beginner,self_development,low,new,after_change,0,0
7861,2026-02-10 03:06:18,Poland,android,instagram_ads,beginner,work,high,new,after_change,1,0
7862,2026-02-08 10:33:35,Germany,android,tiktok_ads,beginner,travel,medium,new,after_change,0,0
7863,2026-02-12 01:44:47,Germany,ios,paid_search,beginner,exam,medium,new,after_change,0,0
7864,2026-02-09 04:55:57,Netherlands,ios,tiktok_ads,beginner,travel,low,new,after_change,0,0
7865,2026-02-04 07:06:45,Italy,android,referral,intermediate,travel,medium,new,after_change,0,0
7866,2026-02-08 03:24:57,Germany,android,instagram_ads,intermediate,self_development,low,new,after_change,0,0
7867,2026-02-10 20:16:44,Netherlands,android,organic,intermediate,travel,medium,new,after_change,0,0
7868,2026-02-01 12:06:15,Germany,android,paid_search,beginner,self_development,medium,new,after_change,0,0
7869,2026-02-09 11:43:43,Germany,android,tiktok_ads,beginner,exam,low,new,after_change,0,0
7870,2026-02-07 23:01:20,Italy,android,tiktok_ads,elementary,self_development,high,new,after_change,0,0
7871,2026-02-01 23:21:14,Germany,android,instagram_ads,elementary,work,low,new,after_change,0,0
7872,2026-02-04 16:33:09,Germany,android,blog,elementary,exam,medium,new,after_change,0,0
7873,2026-02-07 06:42:28,Poland,android,organic,intermediate,work,medium,new,after_change,0,0
7874,2026-02-05 19:08:35,Spain,ios,organic,elementary,self_development,low,new,after_change,0,0
7875,2026-02-05 01:27:44,Spain,android,paid_search,intermediate,work,low,new,after_change,0,0
7876,2026-02-10 02:05:53,Poland,ios,referral,elementary,work,low,new,after_change,0,0
7877,2026-02-06 15:51:57,Germany,ios,tiktok_ads,beginner,work,medium,new,after_change,0,0
7878,2026-02-07 23:13:34,Netherlands,android,referral,beginner,travel,medium,new,after_change,0,0
7879,2026-02-12 04:14:02,Spain,ios,referral,elementary,travel,medium,new,after_change,0,0
7880,2026-02-02 07:19:16,Germany,android,paid_search,beginner,self_development,medium,new,after_change,0,0
7881,2026-02-06 00:55:41,Netherlands,android,paid_search,beginner,exam,high,new,after_change,0,0
7882,2026-02-02 00:32:30,Spain,ios,instagram_ads,elementary,exam,low,new,after_change,0,0
7883,2026-02-13 23:34:56,Poland,ios,paid_search,elementary,exam,medium,new,after_change,0,0
7884,2026-02-03 14:22:51,Italy,ios,instagram_ads,intermediate,travel,high,new,after_change,0,0
7885,2026-02-12 11:28:31,Poland,android,organic,beginner,travel,low,new,after_change,0,0
7886,2026-02-03 16:08:14,Spain,ios,paid_search,intermediate,exam,medium,new,after_change,0,0
7887,2026-02-05 12:52:58,Germany,ios,instagram_ads,beginner,exam,low,new,after_change,0,0
7888,2026-02-09 12:23:20,Italy,android,organic,intermediate,exam,high,new,after_change,0,0
7889,2026-02-12 15:20:30,Brazil,ios,blog,beginner,work,low,new,after_change,0,0
7890,2026-02-03 11:44:44,Poland,android,organic,elementary,work,medium,new,after_change,0,0
7891,2026-02-03 23:36:31,Poland,ios,blog,intermediate,exam,high,new,after_change,0,0
7892,2026-02-13 08:15:27,Germany,android,organic,beginner,work,medium,new,after_change,0,0
7893,2026-02-05 12:10:48,Germany,android,referral,intermediate,work,medium,new,after_change,0,0
7894,2026-02-03 22:28:46,Netherlands,android,instagram_ads,elementary,travel,high,new,after_change,1,0
7895,2026-02-11 09:49:24,Netherlands,ios,organic,beginner,travel,medium,new,after_change,1,0
7896,2026-02-02 06:37:12,Germany,ios,organic,elementary,self_development,medium,new,after_change,0,0
7897,2026-02-13 03:18:00,Netherlands,ios,paid_search,beginner,work,medium,new,after_change,1,0
7898,2026-02-13 06:15:02,Poland,ios,referral,elementary,self_development,medium,new,after_change,0,0
7899,2026-02-12 23:47:27,Spain,android,organic,beginner,exam,high,new,after_change,1,0
7900,2026-02-05 03:13:48,Germany,ios,organic,elementary,work,medium,new,after_change,0,0
7901,2026-02-02 14:22:27,Poland,ios,tiktok_ads,elementary,self_development,medium,new,after_change,0,0
7902,2026-02-06 22:56:31,Poland,ios,instagram_ads,beginner,travel,high,new,after_change,0,0
7903,2026-02-05 16:25:04,Italy,android,paid_search,beginner,travel,medium,new,after_change,0,0
7904,2026-02-14 10:13:58,Germany,android,organic,elementary,work,high,new,after_change,0,0
7905,2026-02-09 20:14:59,Italy,android,instagram_ads,beginner,exam,medium,new,after_change,0,0
7906,2026-02-14 05:18:29,Poland,android,organic,elementary,travel,low,new,after_change,0,0
7907,2026-02-11 12:17:39,Poland,ios,instagram_ads,intermediate,work,high,new,after_change,0,0
7908,2026-02-11 00:12:43,Spain,ios,paid_search,beginner,self_development,medium,new,after_change,0,0
7909,2026-02-02 13:34:48,Germany,ios,blog,elementary,self_development,high,new,after_change,1,0
7910,2026-02-01 23:09:48,Brazil,android,instagram_ads,intermediate,self_development,medium,new,after_change,0,0
7911,2026-02-01 15:37:15,Spain,ios,instagram_ads,intermediate,travel,low,new,after_change,0,0
7912,2026-02-09 07:21:44,Spain,ios,referral,beginner,self_development,medium,new,after_change,0,0
7913,2026-02-03 19:46:28,Italy,android,blog,intermediate,self_development,low,new,after_change,0,0
7914,2026-02-14 20:19:48,Germany,android,referral,beginner,travel,medium,new,after_change,0,0
7915,2026-02-02 20:34:28,Italy,ios,instagram_ads,elementary,travel,high,new,after_change,0,0
7916,2026-02-14 06:09:49,Brazil,android,referral,beginner,travel,medium,new,after_change,0,0
7917,2026-02-10 08:19:36,Poland,ios,organic,beginner,self_development,high,new,after_change,0,0
7918,2026-02-02 11:37:00,Spain,ios,tiktok_ads,elementary,exam,medium,new,after_change,0,0
7919,2026-02-01 19:38:25,Netherlands,ios,tiktok_ads,beginner,travel,high,new,after_change,1,1
7920,2026-02-06 13:02:42,Brazil,android,instagram_ads,beginner,travel,high,new,after_change,0,0
7921,2026-02-05 17:53:22,Italy,ios,referral,beginner,self_development,high,new,after_change,1,1
7922,2026-02-05 10:01:13,Germany,android,tiktok_ads,intermediate,exam,medium,new,after_change,0,0
7923,2026-02-08 09:35:47,Germany,android,tiktok_ads,elementary,self_development,low,new,after_change,0,0
7924,2026-02-02 19:35:19,Italy,android,blog,elementary,travel,medium,new,after_change,0,0
7925,2026-02-02 19:29:51,Germany,ios,tiktok_ads,beginner,self_development,high,new,after_change,0,0
7926,2026-02-10 17:27:08,Netherlands,ios,paid_search,intermediate,travel,low,new,after_change,0,0
7927,2026-02-14 20:44:37,Germany,android,organic,elementary,travel,high,new,after_change,0,0
7928,2026-02-04 20:00:46,Germany,ios,instagram_ads,beginner,self_development,high,new,after_change,1,0
7929,2026-02-14 01:07:41,Netherlands,android,organic,elementary,work,medium,new,after_change,0,0
7930,2026-02-05 19:52:29,Brazil,ios,tiktok_ads,beginner,work,medium,new,after_change,0,0
7931,2026-02-05 16:51:28,Brazil,android,referral,beginner,work,medium,new,after_change,1,0
7932,2026-02-02 06:21:38,Brazil,android,paid_search,beginner,exam,medium,new,after_change,1,0
7933,2026-02-06 22:14:15,Poland,android,blog,beginner,work,medium,new,after_change,0,0
7934,2026-02-07 23:19:01,Italy,android,tiktok_ads,beginner,work,medium,new,after_change,0,0
7935,2026-02-10 07:01:36,Germany,ios,blog,elementary,travel,medium,new,after_change,0,0
7936,2026-02-03 05:08:39,Spain,ios,organic,beginner,self_development,high,new,after_change,0,0
7937,2026-02-03 15:24:03,Spain,ios,instagram_ads,beginner,self_development,high,new,after_change,0,0
7938,2026-02-07 01:10:56,Poland,android,tiktok_ads,beginner,self_development,medium,new,after_change,0,0
7939,2026-02-01 23:24:06,Spain,ios,tiktok_ads,beginner,self_development,low,new,after_change,0,0
7940,2026-02-03 00:09:46,Netherlands,ios,blog,beginner,exam,medium,new,after_change,0,0
7941,2026-02-09 19:22:09,Brazil,ios,referral,beginner,travel,high,new,after_change,1,0
7942,2026-02-14 08:29:36,Netherlands,ios,organic,beginner,travel,high,new,after_change,1,0
7943,2026-02-09 00:30:55,Poland,android,paid_search,intermediate,self_development,medium,new,after_change,0,0
7944,2026-02-03 00:42:50,Brazil,android,tiktok_ads,beginner,work,low,new,after_change,0,0
7945,2026-02-14 20:58:22,Brazil,ios,organic,beginner,travel,low,new,after_change,0,0
7946,2026-02-08 07:21:14,Germany,ios,blog,elementary,travel,high,new,after_change,1,1
7947,2026-02-11 00:51:35,Brazil,android,tiktok_ads,elementary,self_development,medium,new,after_change,0,0
7948,2026-02-03 18:11:06,Germany,android,referral,beginner,travel,medium,new,after_change,0,0
7949,2026-02-09 02:21:16,Poland,android,blog,intermediate,work,medium,new,after_change,0,0
7950,2026-02-02 01:39:27,Spain,android,organic,elementary,exam,medium,new,after_change,0,0
7951,2026-02-09 18:14:56,Germany,android,paid_search,elementary,exam,medium,new,after_change,0,0
7952,2026-02-03 19:58:32,Germany,android,tiktok_ads,elementary,travel,medium,new,after_change,0,0
7953,2026-02-13 17:35:49,Brazil,android,referral,elementary,exam,medium,new,after_change,0,0
7954,2026-02-01 18:24:14,Italy,android,tiktok_ads,beginner,work,medium,new,after_change,0,0
7955,2026-02-10 03:17:00,Spain,android,organic,intermediate,travel,medium,new,after_change,0,0
7956,2026-02-02 22:50:15,Germany,android,tiktok_ads,beginner,exam,medium,new,after_change,0,0
7957,2026-02-10 14:52:22,Spain,ios,paid_search,beginner,self_development,high,new,after_change,0,0
7958,2026-02-07 21:48:38,Italy,ios,paid_search,beginner,self_development,medium,new,after_change,1,0
7959,2026-02-14 13:04:25,Poland,android,blog,elementary,travel,medium,new,after_change,0,0
7960,2026-02-10 03:00:36,Germany,android,organic,intermediate,travel,low,new,after_change,0,0
7961,2026-02-06 04:59:28,Netherlands,ios,organic,elementary,work,high,new,after_change,0,0
7962,2026-02-02 05:20:46,Poland,ios,paid_search,beginner,travel,medium,new,after_change,0,0
7963,2026-02-09 08:10:28,Poland,ios,referral,elementary,travel,medium,new,after_change,0,0
7964,2026-02-07 04:10:56,Brazil,ios,organic,intermediate,travel,medium,new,after_change,0,0
7965,2026-02-01 17:38:37,Poland,android,organic,beginner,travel,high,new,after_change,0,0
7966,2026-02-09 03:17:56,Netherlands,android,paid_search,beginner,work,medium,new,after_change,0,0
7967,2026-02-03 22:33:29,Germany,android,tiktok_ads,elementary,travel,medium,new,after_change,1,0
7968,2026-02-04 06:41:59,Germany,ios,organic,elementary,travel,high,new,after_change,1,0
7969,2026-02-01 03:00:36,Spain,android,referral,beginner,travel,high,new,after_change,0,0
7970,2026-02-06 05:01:06,Germany,ios,referral,beginner,work,medium,new,after_change,1,1
7971,2026-02-04 01:20:18,Spain,ios,instagram_ads,elementary,work,medium,new,after_change,0,0
7972,2026-02-02 00:08:11,Poland,android,organic,elementary,travel,low,new,after_change,0,0
7973,2026-02-07 01:55:23,Poland,ios,instagram_ads,beginner,work,medium,new,after_change,0,0
7974,2026-02-04 01:57:50,Germany,android,organic,elementary,travel,high,new,after_change,1,0
7975,2026-02-02 21:04:37,Germany,android,paid_search,intermediate,self_development,high,new,after_change,0,0
7976,2026-02-07 12:49:44,Netherlands,ios,tiktok_ads,beginner,work,high,new,after_change,0,0
7977,2026-02-01 21:14:54,Brazil,ios,organic,beginner,exam,medium,new,after_change,1,0
7978,2026-02-14 20:47:18,Germany,ios,organic,beginner,exam,medium,new,after_change,0,0
7979,2026-02-07 14:14:32,Poland,ios,organic,elementary,work,medium,new,after_change,0,0
7980,2026-02-14 22:44:42,Germany,android,organic,elementary,work,high,new,after_change,0,0
7981,2026-02-13 08:08:10,Germany,android,paid_search,intermediate,work,medium,new,after_change,0,0
7982,2026-02-14 17:09:10,Poland,android,paid_search,elementary,work,high,new,after_change,0,0
7983,2026-02-08 14:21:25,Netherlands,android,referral,beginner,travel,high,new,after_change,0,0
7984,2026-02-06 22:09:25,Spain,android,organic,beginner,travel,low,new,after_change,0,0
7985,2026-02-11 01:53:00,Netherlands,android,paid_search,beginner,work,low,new,after_change,0,0
7986,2026-02-02 03:06:30,Italy,ios,blog,elementary,work,medium,new,after_change,0,0
7987,2026-02-12 18:18:20,Germany,ios,instagram_ads,intermediate,travel,high,new,after_change,0,0
7988,2026-02-05 12:43:14,Netherlands,ios,referral,beginner,self_development,low,new,after_change,0,0
7989,2026-02-01 02:29:29,Germany,ios,instagram_ads,elementary,travel,medium,new,after_change,0,0
7990,2026-02-04 07:52:19,Brazil,android,organic,beginner,travel,high,new,after_change,0,0
7991,2026-02-04 09:25:10,Spain,ios,organic,elementary,exam,low,new,after_change,0,0
7992,2026-02-01 04:44:47,Spain,android,tiktok_ads,elementary,self_development,high,new,after_change,0,0
7993,2026-02-10 08:38:36,Germany,ios,referral,elementary,work,high,new,after_change,1,0
7994,2026-02-02 07:59:54,Poland,android,instagram_ads,intermediate,work,medium,new,after_change,0,0
7995,2026-02-12 20:29:22,Spain,ios,instagram_ads,intermediate,travel,high,new,after_change,1,0
7996,2026-02-07 08:16:20,Italy,ios,instagram_ads,elementary,self_development,medium,new,after_change,1,0
7997,2026-02-11 01:19:42,Spain,android,organic,intermediate,exam,medium,new,after_change,0,0
7998,2026-02-05 18:07:35,Poland,android,organic,elementary,travel,low,new,after_change,0,0
7999,2026-02-02 20:20:58,Brazil,android,blog,elementary,exam,medium,new,after_change,1,0
8000,2026-02-03 12:35:55,Spain,android,organic,beginner,travel,high,new,after_change,0,0
8001,2026-02-10 01:00:54,Poland,ios,paid_search,intermediate,work,medium,new,after_change,1,0
8002,2026-02-11 00:36:34,Poland,ios,tiktok_ads,intermediate,work,medium,new,after_change,0,0
8003,2026-02-04 17:53:23,Brazil,ios,paid_search,elementary,exam,medium,new,after_change,0,0
8004,2026-02-05 23:59:27,Spain,ios,blog,beginner,self_development,low,new,after_change,0,0
8005,2026-02-14 05:32:17,Brazil,android,organic,beginner,work,medium,new,after_change,0,0
8006,2026-02-12 22:13:39,Netherlands,android,referral,beginner,exam,low,new,after_change,1,1
8007,2026-02-06 18:46:52,Spain,ios,organic,intermediate,exam,medium,new,after_change,0,0
8008,2026-02-04 08:58:05,Poland,android,organic,beginner,travel,low,new,after_change,0,0
8009,2026-02-05 05:15:17,Spain,android,instagram_ads,elementary,exam,low,new,after_change,0,0
8010,2026-02-08 12:54:00,Brazil,ios,referral,beginner,self_development,high,new,after_change,0,0
8011,2026-02-08 22:26:18,Netherlands,ios,paid_search,elementary,work,medium,new,after_change,0,0
8012,2026-02-03 13:52:14,Italy,android,paid_search,elementary,work,medium,new,after_change,0,0
8013,2026-02-01 22:07:12,Germany,android,paid_search,intermediate,exam,medium,new,after_change,0,0
8014,2026-02-07 22:25:15,Germany,ios,organic,elementary,self_development,medium,new,after_change,0,0
8015,2026-02-12 03:56:46,Germany,android,referral,beginner,travel,low,new,after_change,0,0
8016,2026-02-03 03:13:43,Netherlands,ios,blog,beginner,travel,high,new,after_change,0,0
8017,2026-02-06 17:12:26,Brazil,android,tiktok_ads,intermediate,exam,low,new,after_change,0,0
8018,2026-02-03 06:17:25,Spain,android,paid_search,intermediate,travel,low,new,after_change,0,0
8019,2026-02-04 09:21:26,Germany,ios,instagram_ads,beginner,self_development,high,new,after_change,0,0
8020,2026-02-09 13:42:25,Italy,android,instagram_ads,beginner,travel,high,new,after_change,0,0
8021,2026-02-05 00:09:41,Brazil,android,organic,elementary,travel,medium,new,after_change,0,0
8022,2026-02-04 16:37:55,Netherlands,android,paid_search,elementary,self_development,high,new,after_change,0,0
8023,2026-02-14 22:32:36,Germany,android,tiktok_ads,elementary,travel,medium,new,after_change,0,0
8024,2026-02-03 09:54:55,Germany,android,referral,beginner,work,medium,new,after_change,0,0
8025,2026-02-03 15:36:01,Germany,ios,paid_search,intermediate,work,low,new,after_change,0,0
8026,2026-02-14 00:24:07,Spain,ios,referral,elementary,self_development,high,new,after_change,1,1
8027,2026-02-08 16:52:11,Brazil,android,tiktok_ads,elementary,travel,medium,new,after_change,0,0
8028,2026-02-01 14:26:56,Germany,android,blog,beginner,exam,low,new,after_change,0,0
8029,2026-02-06 22:47:09,Spain,ios,blog,beginner,self_development,medium,new,after_change,0,0
8030,2026-02-08 21:53:23,Germany,android,organic,beginner,work,high,new,after_change,1,1
8031,2026-02-04 13:04:20,Spain,android,paid_search,beginner,travel,high,new,after_change,1,0
8032,2026-02-08 16:12:59,Germany,ios,referral,intermediate,travel,medium,new,after_change,0,0
8033,2026-02-10 01:54:02,Germany,ios,referral,elementary,work,medium,new,after_change,0,0
8034,2026-02-04 12:12:16,Germany,android,organic,intermediate,work,high,new,after_change,0,0
8035,2026-02-12 08:57:59,Netherlands,ios,instagram_ads,elementary,work,medium,new,after_change,1,1
8036,2026-02-07 08:07:52,Italy,android,referral,beginner,work,medium,new,after_change,0,0
8037,2026-02-14 11:43:22,Netherlands,android,organic,elementary,exam,high,new,after_change,0,0
8038,2026-02-02 05:28:47,Germany,ios,paid_search,elementary,exam,medium,new,after_change,0,0
8039,2026-02-05 12:56:36,Italy,android,paid_search,intermediate,exam,medium,new,after_change,0,0
8040,2026-02-11 02:20:48,Italy,ios,paid_search,elementary,travel,medium,new,after_change,0,0
8041,2026-02-13 12:41:29,Brazil,android,instagram_ads,beginner,work,medium,new,after_change,0,0
8042,2026-02-04 02:29:24,Germany,ios,organic,elementary,self_development,high,new,after_change,0,0
8043,2026-02-14 17:21:50,Poland,android,referral,elementary,self_development,medium,new,after_change,0,0
8044,2026-02-03 16:58:38,Italy,android,organic,elementary,travel,medium,new,after_change,0,0
8045,2026-02-06 19:49:01,Poland,android,referral,beginner,travel,low,new,after_change,1,1
8046,2026-02-05 09:47:57,Netherlands,ios,organic,beginner,exam,medium,new,after_change,1,0
8047,2026-02-06 22:34:20,Netherlands,ios,referral,intermediate,work,high,new,after_change,1,0
8048,2026-02-13 15:11:46,Italy,android,paid_search,beginner,work,high,new,after_change,0,0
8049,2026-02-11 06:08:12,Germany,ios,tiktok_ads,elementary,travel,medium,new,after_change,0,0
8050,2026-02-12 03:36:46,Germany,ios,organic,beginner,work,low,new,after_change,0,0
8051,2026-02-04 13:20:38,Poland,android,instagram_ads,beginner,travel,medium,new,after_change,0,0
8052,2026-02-14 06:09:20,Germany,android,paid_search,beginner,travel,medium,new,after_change,0,0
8053,2026-02-07 02:20:26,Spain,android,organic,beginner,work,high,new,after_change,1,0
8054,2026-02-10 03:03:33,Spain,ios,tiktok_ads,beginner,self_development,high,new,after_change,0,0
8055,2026-02-10 18:26:01,Germany,android,organic,elementary,self_development,medium,new,after_change,0,0
8056,2026-02-10 06:44:29,Germany,android,blog,beginner,travel,high,new,after_change,1,0
8057,2026-02-09 10:12:13,Brazil,android,instagram_ads,beginner,travel,high,new,after_change,0,0
8058,2026-02-07 17:17:25,Spain,ios,organic,elementary,travel,high,new,after_change,0,0
8059,2026-02-10 01:36:26,Brazil,android,blog,elementary,self_development,low,new,after_change,0,0
8060,2026-02-13 16:08:33,Spain,ios,organic,beginner,travel,high,new,after_change,1,1
8061,2026-02-06 10:57:50,Italy,android,referral,elementary,self_development,high,new,after_change,0,0
8062,2026-02-08 03:39:16,Netherlands,android,paid_search,beginner,exam,medium,new,after_change,0,0
8063,2026-02-03 12:30:19,Italy,android,instagram_ads,elementary,self_development,medium,new,after_change,0,0
8064,2026-02-05 23:18:00,Spain,ios,referral,beginner,travel,medium,new,after_change,0,0
8065,2026-02-11 19:24:28,Germany,android,organic,beginner,exam,medium,new,after_change,0,0
8066,2026-02-09 23:09:57,Poland,android,tiktok_ads,beginner,travel,medium,new,after_change,0,0
8067,2026-02-03 22:56:42,Poland,ios,organic,intermediate,exam,medium,new,after_change,1,0
8068,2026-02-08 15:30:10,Germany,ios,tiktok_ads,beginner,exam,low,new,after_change,1,0
8069,2026-02-12 08:49:08,Netherlands,android,organic,elementary,self_development,high,new,after_change,0,0
8070,2026-02-02 17:40:14,Netherlands,android,organic,elementary,exam,medium,new,after_change,0,0
8071,2026-02-01 20:48:52,Germany,android,organic,beginner,self_development,medium,new,after_change,1,0
8072,2026-02-06 11:57:20,Brazil,ios,instagram_ads,beginner,work,medium,new,after_change,1,0
8073,2026-02-10 04:35:59,Germany,ios,blog,beginner,work,medium,new,after_change,1,0
8074,2026-02-05 09:16:38,Germany,ios,blog,beginner,travel,medium,new,after_change,0,0
8075,2026-02-12 11:52:01,Poland,android,tiktok_ads,intermediate,travel,high,new,after_change,0,0
8076,2026-02-12 20:32:10,Brazil,android,referral,beginner,travel,medium,new,after_change,1,0
8077,2026-02-08 10:55:35,Poland,android,referral,beginner,travel,medium,new,after_change,0,0
8078,2026-02-06 07:17:27,Poland,android,instagram_ads,beginner,travel,medium,new,after_change,0,0
8079,2026-02-01 14:00:59,Italy,ios,organic,elementary,travel,high,new,after_change,0,0
8080,2026-02-12 12:02:33,Spain,android,tiktok_ads,beginner,travel,medium,new,after_change,0,0
8081,2026-02-13 12:48:53,Spain,ios,organic,beginner,exam,medium,new,after_change,1,1
8082,2026-02-07 04:38:34,Spain,ios,referral,beginner,work,medium,new,after_change,0,0
8083,2026-02-08 05:32:00,Netherlands,ios,paid_search,intermediate,self_development,medium,new,after_change,1,1
8084,2026-02-11 13:10:34,Brazil,ios,paid_search,elementary,work,high,new,after_change,1,1
8085,2026-02-10 17:38:40,Poland,ios,referral,beginner,travel,low,new,after_change,0,0
8086,2026-02-02 21:27:17,Spain,android,organic,elementary,self_development,high,new,after_change,0,0
8087,2026-02-10 09:53:49,Germany,android,blog,elementary,self_development,medium,new,after_change,0,0
8088,2026-02-13 22:40:56,Poland,android,blog,elementary,work,low,new,after_change,0,0
8089,2026-02-11 12:13:49,Poland,ios,instagram_ads,intermediate,travel,high,new,after_change,1,1
8090,2026-02-07 17:28:05,Spain,android,tiktok_ads,beginner,self_development,medium,new,after_change,0,0
8091,2026-02-08 07:46:55,Netherlands,ios,organic,intermediate,self_development,medium,new,after_change,1,0
8092,2026-02-04 15:17:31,Brazil,ios,paid_search,intermediate,self_development,low,new,after_change,0,0
8093,2026-02-10 06:00:54,Poland,ios,referral,elementary,work,low,new,after_change,0,0
8094,2026-02-04 09:08:25,Spain,ios,organic,elementary,travel,medium,new,after_change,0,0
8095,2026-02-05 18:51:52,Brazil,android,paid_search,beginner,work,medium,new,after_change,0,0
8096,2026-02-04 17:03:57,Germany,android,paid_search,beginner,work,medium,new,after_change,1,0
8097,2026-02-05 16:40:03,Germany,ios,tiktok_ads,beginner,travel,high,new,after_change,0,0
8098,2026-02-06 03:13:09,Poland,android,tiktok_ads,intermediate,travel,high,new,after_change,1,1
8099,2026-02-02 03:52:49,Spain,ios,organic,beginner,self_development,low,new,after_change,0,0
8100,2026-02-11 01:05:11,Germany,ios,organic,elementary,travel,high,new,after_change,1,0
8101,2026-02-07 04:10:25,Germany,android,referral,beginner,travel,high,new,after_change,0,0
8102,2026-02-14 07:03:59,Spain,android,organic,beginner,work,high,new,after_change,0,0
8103,2026-02-03 12:46:39,Poland,android,paid_search,beginner,self_development,low,new,after_change,0,0
8104,2026-02-10 08:47:47,Spain,ios,organic,intermediate,self_development,high,new,after_change,0,0
8105,2026-02-03 12:12:25,Poland,android,tiktok_ads,beginner,travel,medium,new,after_change,0,0
8106,2026-02-08 15:50:52,Poland,ios,organic,beginner,exam,low,new,after_change,0,0
8107,2026-02-07 20:56:08,Spain,ios,paid_search,beginner,self_development,medium,new,after_change,0,0
8108,2026-02-07 06:43:43,Poland,ios,instagram_ads,elementary,exam,medium,new,after_change,0,0
8109,2026-02-10 03:59:00,Germany,ios,organic,elementary,travel,medium,new,after_change,0,0
8110,2026-02-12 14:16:24,Spain,ios,blog,beginner,exam,high,new,after_change,0,0
8111,2026-02-05 10:25:06,Germany,ios,referral,beginner,work,medium,new,after_change,0,0
8112,2026-02-12 21:29:05,Germany,android,tiktok_ads,beginner,work,low,new,after_change,0,0
8113,2026-02-03 14:06:36,Germany,ios,paid_search,beginner,work,medium,new,after_change,0,0
8114,2026-02-05 02:27:38,Germany,ios,organic,intermediate,travel,medium,new,after_change,0,0
8115,2026-02-05 08:23:06,Poland,android,instagram_ads,elementary,self_development,medium,new,after_change,0,0
8116,2026-02-14 08:20:57,Brazil,android,organic,beginner,work,medium,new,after_change,0,0
8117,2026-02-02 15:50:26,Italy,ios,tiktok_ads,elementary,travel,low,new,after_change,0,0
8118,2026-02-06 12:45:31,Brazil,ios,organic,beginner,work,medium,new,after_change,0,0
8119,2026-02-06 22:36:39,Netherlands,ios,tiktok_ads,beginner,exam,medium,new,after_change,0,0
8120,2026-02-12 04:49:34,Germany,android,paid_search,elementary,work,high,new,after_change,0,0
8121,2026-02-07 19:15:44,Brazil,ios,instagram_ads,elementary,self_development,medium,new,after_change,1,1
8122,2026-02-14 12:51:05,Spain,ios,organic,beginner,self_development,medium,new,after_change,0,0
8123,2026-02-11 08:44:51,Italy,android,paid_search,beginner,exam,medium,new,after_change,0,0
8124,2026-02-10 20:25:44,Italy,android,instagram_ads,beginner,work,medium,new,after_change,0,0
8125,2026-02-11 12:58:51,Germany,ios,instagram_ads,beginner,work,high,new,after_change,0,0
8126,2026-02-03 06:16:51,Netherlands,ios,blog,elementary,work,low,new,after_change,0,0
8127,2026-02-07 06:52:52,Netherlands,ios,paid_search,elementary,work,medium,new,after_change,0,0
8128,2026-02-09 04:56:31,Brazil,ios,organic,beginner,work,low,new,after_change,0,0
8129,2026-02-03 22:02:52,Germany,ios,instagram_ads,elementary,self_development,high,new,after_change,0,0
8130,2026-02-02 15:54:32,Netherlands,android,paid_search,intermediate,exam,medium,new,after_change,1,0
8131,2026-02-02 21:37:03,Poland,android,referral,beginner,travel,medium,new,after_change,0,0
8132,2026-02-12 01:09:06,Spain,android,organic,elementary,self_development,medium,new,after_change,0,0
8133,2026-02-10 04:42:43,Brazil,android,referral,beginner,self_development,high,new,after_change,0,0
8134,2026-02-04 22:31:18,Germany,android,tiktok_ads,elementary,travel,low,new,after_change,0,0
8135,2026-02-11 07:42:05,Italy,ios,organic,intermediate,self_development,high,new,after_change,0,0
8136,2026-02-10 17:35:31,Germany,android,paid_search,intermediate,work,high,new,after_change,0,0
8137,2026-02-12 10:20:40,Germany,ios,instagram_ads,beginner,travel,low,new,after_change,0,0
8138,2026-02-13 17:47:24,Spain,ios,instagram_ads,elementary,exam,medium,new,after_change,0,0
8139,2026-02-13 08:25:50,Poland,ios,paid_search,elementary,travel,low,new,after_change,0,0
8140,2026-02-03 12:49:09,Poland,android,instagram_ads,elementary,exam,low,new,after_change,0,0
8141,2026-02-11 18:28:14,Germany,android,tiktok_ads,intermediate,self_development,medium,new,after_change,1,0
8142,2026-02-06 12:00:00,Germany,android,instagram_ads,elementary,work,low,new,after_change,0,0
8143,2026-02-06 15:26:56,Poland,android,instagram_ads,beginner,work,high,new,after_change,0,0
8144,2026-02-10 01:25:54,Spain,android,referral,beginner,travel,low,new,after_change,0,0
8145,2026-02-09 10:20:06,Germany,ios,instagram_ads,elementary,work,medium,new,after_change,0,0
8146,2026-02-06 21:00:19,Italy,ios,paid_search,beginner,work,low,new,after_change,0,0
8147,2026-02-14 23:49:37,Germany,android,organic,elementary,self_development,medium,new,after_change,0,0
8148,2026-02-03 10:44:20,Brazil,android,organic,elementary,self_development,medium,new,after_change,0,0
8149,2026-02-02 08:33:46,Germany,ios,paid_search,intermediate,work,low,new,after_change,0,0
8150,2026-02-01 09:46:05,Poland,ios,paid_search,intermediate,work,high,new,after_change,0,0
8151,2026-02-12 09:35:03,Poland,android,tiktok_ads,beginner,work,medium,new,after_change,0,0
8152,2026-02-06 16:37:01,Spain,ios,organic,elementary,work,low,new,after_change,1,1
8153,2026-02-07 02:56:49,Netherlands,android,tiktok_ads,elementary,travel,low,new,after_change,0,0
8154,2026-02-10 02:08:03,Italy,android,organic,beginner,work,medium,new,after_change,0,0
8155,2026-02-07 02:17:34,Poland,android,organic,elementary,work,medium,new,after_change,0,0
8156,2026-02-09 00:51:31,Spain,ios,paid_search,elementary,exam,high,new,after_change,0,0
8157,2026-02-01 19:38:26,Brazil,android,instagram_ads,beginner,travel,medium,new,after_change,0,0
8158,2026-02-03 04:29:49,Italy,ios,organic,beginner,work,low,new,after_change,0,0
8159,2026-02-14 01:09:52,Germany,ios,organic,beginner,self_development,high,new,after_change,0,0
8160,2026-02-07 07:25:58,Germany,ios,instagram_ads,elementary,self_development,high,new,after_change,0,0
8161,2026-02-03 08:14:30,Germany,ios,paid_search,beginner,work,high,new,after_change,1,0
8162,2026-02-06 04:08:32,Poland,ios,paid_search,beginner,self_development,medium,new,after_change,1,0
8163,2026-02-05 16:29:19,Germany,android,paid_search,elementary,self_development,medium,new,after_change,1,0
8164,2026-02-04 20:07:55,Spain,ios,paid_search,beginner,self_development,high,new,after_change,0,0
8165,2026-02-05 02:39:13,Netherlands,ios,organic,beginner,self_development,medium,new,after_change,0,0
8166,2026-02-11 05:02:06,Germany,ios,paid_search,beginner,exam,high,new,after_change,0,0
8167,2026-02-02 11:52:25,Spain,android,instagram_ads,beginner,self_development,low,new,after_change,0,0
8168,2026-02-05 08:02:35,Brazil,ios,instagram_ads,beginner,travel,medium,new,after_change,1,0
8169,2026-02-07 13:13:53,Germany,android,blog,elementary,work,medium,new,after_change,0,0
8170,2026-02-08 13:29:15,Italy,ios,referral,beginner,self_development,low,new,after_change,0,0
8171,2026-02-13 07:50:59,Germany,android,organic,beginner,travel,high,new,after_change,0,0
8172,2026-02-13 22:12:11,Poland,android,organic,beginner,travel,low,new,after_change,0,0
8173,2026-02-05 03:55:50,Brazil,android,referral,beginner,work,high,new,after_change,1,0
8174,2026-02-08 13:11:48,Germany,android,paid_search,beginner,work,medium,new,after_change,0,0
8175,2026-02-01 07:30:40,Germany,android,instagram_ads,beginner,exam,high,new,after_change,0,0
8176,2026-02-09 15:19:10,Brazil,ios,tiktok_ads,beginner,work,low,new,after_change,0,0
8177,2026-02-03 03:22:30,Spain,ios,instagram_ads,elementary,travel,medium,new,after_change,0,0
8178,2026-02-02 00:36:38,Germany,android,organic,intermediate,self_development,high,new,after_change,1,0
8179,2026-02-10 09:41:53,Italy,android,organic,beginner,travel,medium,new,after_change,0,0
8180,2026-02-03 11:51:11,Brazil,android,organic,elementary,self_development,low,new,after_change,0,0
8181,2026-02-07 16:23:53,Italy,ios,organic,beginner,work,high,new,after_change,1,0
8182,2026-02-02 09:55:10,Germany,ios,organic,beginner,travel,medium,new,after_change,0,0
8183,2026-02-11 10:32:43,Germany,android,instagram_ads,beginner,work,high,new,after_change,0,0
8184,2026-02-11 16:58:37,Netherlands,android,paid_search,beginner,exam,high,new,after_change,0,0
8185,2026-02-09 01:08:07,Germany,ios,organic,elementary,self_development,low,new,after_change,1,0
8186,2026-02-12 16:52:10,Germany,ios,organic,beginner,work,medium,new,after_change,0,0
8187,2026-02-07 02:45:56,Germany,android,blog,intermediate,self_development,high,new,after_change,0,0
8188,2026-02-03 14:38:56,Germany,android,organic,elementary,work,low,new,after_change,0,0
8189,2026-02-03 02:50:53,Poland,android,paid_search,elementary,travel,low,new,after_change,0,0
8190,2026-02-04 01:40:31,Spain,ios,instagram_ads,beginner,work,low,new,after_change,0,0
8191,2026-02-03 19:18:11,Italy,ios,organic,beginner,exam,high,new,after_change,0,0
8192,2026-02-05 12:35:51,Germany,ios,organic,elementary,travel,medium,new,after_change,1,0
8193,2026-02-04 00:01:03,Spain,android,organic,beginner,travel,low,new,after_change,0,0
8194,2026-02-09 06:36:07,Spain,ios,blog,elementary,exam,high,new,after_change,1,0
8195,2026-02-03 01:50:58,Brazil,ios,instagram_ads,beginner,work,medium,new,after_change,0,0
8196,2026-02-09 16:55:24,Poland,ios,instagram_ads,elementary,self_development,low,new,after_change,0,0
8197,2026-02-05 16:15:27,Poland,ios,referral,elementary,travel,high,new,after_change,0,0
8198,2026-02-10 14:44:57,Germany,android,instagram_ads,beginner,work,medium,new,after_change,0,0
8199,2026-02-08 04:20:31,Spain,ios,paid_search,intermediate,work,low,new,after_change,0,0
8200,2026-02-13 16:08:41,Poland,android,instagram_ads,elementary,self_development,medium,new,after_change,0,0
8201,2026-02-07 03:47:55,Germany,android,instagram_ads,beginner,travel,low,new,after_change,1,0
8202,2026-02-05 03:08:00,Brazil,ios,paid_search,beginner,travel,low,new,after_change,0,0
8203,2026-02-09 05:56:38,Germany,android,tiktok_ads,elementary,travel,low,new,after_change,0,0
8204,2026-02-10 05:20:34,Spain,android,organic,elementary,self_development,medium,new,after_change,0,0
8205,2026-02-07 03:35:04,Spain,android,organic,intermediate,travel,high,new,after_change,0,0
8206,2026-02-08 20:04:00,Spain,android,paid_search,elementary,self_development,medium,new,after_change,0,0
8207,2026-02-07 14:12:39,Italy,android,organic,beginner,work,low,new,after_change,0,0
8208,2026-02-05 06:45:40,Brazil,android,blog,beginner,self_development,high,new,after_change,0,0
8209,2026-02-05 09:21:28,Italy,android,instagram_ads,elementary,travel,high,new,after_change,0,0
8210,2026-02-13 16:53:29,Poland,ios,organic,elementary,work,medium,new,after_change,0,0
8211,2026-02-10 10:54:44,Spain,android,instagram_ads,intermediate,self_development,medium,new,after_change,0,0
8212,2026-02-02 08:04:56,Brazil,android,referral,elementary,travel,low,new,after_change,0,0
8213,2026-02-14 11:15:31,Spain,ios,paid_search,intermediate,exam,low,new,after_change,0,0
8214,2026-02-10 23:13:56,Poland,ios,instagram_ads,elementary,self_development,high,new,after_change,0,0
8215,2026-02-01 16:51:19,Germany,android,tiktok_ads,elementary,travel,high,new,after_change,0,0
8216,2026-02-11 04:33:56,Italy,ios,organic,elementary,self_development,low,new,after_change,1,0
8217,2026-02-09 06:06:48,Netherlands,android,instagram_ads,elementary,travel,high,new,after_change,0,0
8218,2026-02-13 19:32:58,Netherlands,android,tiktok_ads,elementary,travel,high,new,after_change,0,0
8219,2026-02-07 20:25:43,Brazil,ios,referral,intermediate,travel,medium,new,after_change,0,0
8220,2026-02-08 06:14:35,Brazil,ios,referral,beginner,exam,high,new,after_change,0,0
8221,2026-02-05 09:44:35,Netherlands,android,blog,intermediate,travel,medium,new,after_change,0,0
8222,2026-02-05 12:03:54,Netherlands,ios,organic,elementary,work,high,new,after_change,1,1
8223,2026-02-09 15:37:17,Germany,android,referral,beginner,exam,medium,new,after_change,0,0
8224,2026-02-12 14:07:15,Netherlands,ios,tiktok_ads,beginner,travel,medium,new,after_change,0,0
8225,2026-02-13 11:15:54,Spain,ios,paid_search,beginner,travel,high,new,after_change,0,0
8226,2026-02-11 18:59:32,Netherlands,ios,blog,elementary,travel,medium,new,after_change,0,0
8227,2026-02-09 12:52:59,Brazil,ios,referral,beginner,travel,high,new,after_change,0,0
8228,2026-02-08 00:06:21,Germany,android,referral,beginner,work,medium,new,after_change,0,0
8229,2026-02-05 18:06:27,Poland,ios,organic,beginner,work,high,new,after_change,0,0
8230,2026-02-11 18:00:00,Brazil,ios,organic,beginner,self_development,low,new,after_change,0,0
8231,2026-02-05 10:53:48,Brazil,android,blog,intermediate,exam,low,new,after_change,1,1
8232,2026-02-04 18:00:22,Netherlands,android,blog,elementary,self_development,medium,new,after_change,0,0
8233,2026-02-13 03:36:10,Netherlands,ios,paid_search,beginner,self_development,low,new,after_change,0,0
8234,2026-02-09 06:04:26,Poland,android,paid_search,intermediate,self_development,medium,new,after_change,0,0
8235,2026-02-05 23:01:04,Germany,ios,instagram_ads,beginner,travel,high,new,after_change,0,0
8236,2026-02-13 02:42:05,Germany,android,organic,intermediate,travel,high,new,after_change,0,0
8237,2026-02-14 11:27:40,Netherlands,android,instagram_ads,intermediate,work,medium,new,after_change,0,0
8238,2026-02-05 10:50:34,Germany,android,blog,elementary,work,medium,new,after_change,0,0
8239,2026-02-08 07:11:45,Germany,android,paid_search,elementary,self_development,low,new,after_change,0,0
8240,2026-02-07 18:28:22,Germany,android,tiktok_ads,intermediate,work,low,new,after_change,0,0
8241,2026-02-10 19:45:14,Spain,ios,instagram_ads,beginner,self_development,medium,new,after_change,0,0
8242,2026-02-14 07:33:03,Italy,android,paid_search,beginner,travel,medium,new,after_change,0,0
8243,2026-02-08 16:18:20,Germany,android,paid_search,beginner,work,high,new,after_change,0,0
8244,2026-02-12 04:11:57,Spain,ios,instagram_ads,beginner,exam,high,new,after_change,1,0
8245,2026-02-09 08:07:21,Italy,android,tiktok_ads,beginner,travel,high,new,after_change,1,0
8246,2026-02-13 10:02:42,Italy,android,instagram_ads,intermediate,self_development,medium,new,after_change,0,0
8247,2026-02-06 15:56:29,Germany,android,blog,beginner,exam,high,new,after_change,0,0
8248,2026-02-06 09:26:34,Italy,ios,organic,beginner,travel,low,new,after_change,1,1
8249,2026-02-06 21:55:58,Germany,android,blog,beginner,work,low,new,after_change,0,0
8250,2026-02-14 22:49:32,Poland,ios,instagram_ads,beginner,exam,high,new,after_change,1,0
8251,2026-02-09 13:26:39,Germany,android,paid_search,intermediate,exam,medium,new,after_change,0,0
8252,2026-02-03 03:15:43,Spain,ios,organic,intermediate,work,medium,new,after_change,0,0
8253,2026-02-01 13:44:24,Germany,android,paid_search,elementary,exam,medium,new,after_change,1,1
8254,2026-02-08 06:18:24,Poland,ios,paid_search,elementary,travel,low,new,after_change,0,0
8255,2026-02-12 06:42:50,Germany,android,blog,intermediate,travel,medium,new,after_change,1,1
8256,2026-02-07 17:02:09,Brazil,ios,tiktok_ads,beginner,travel,medium,new,after_change,0,0
8257,2026-02-08 20:13:49,Netherlands,android,organic,beginner,work,high,new,after_change,0,0
8258,2026-02-12 04:16:23,Germany,android,paid_search,beginner,travel,high,new,after_change,1,0
8259,2026-02-08 05:29:30,Italy,ios,instagram_ads,beginner,exam,low,new,after_change,0,0
8260,2026-02-13 17:17:44,Spain,android,referral,intermediate,self_development,low,new,after_change,0,0
8261,2026-02-09 22:20:45,Germany,android,referral,elementary,self_development,medium,new,after_change,0,0
8262,2026-02-11 05:39:46,Germany,ios,organic,beginner,work,high,new,after_change,0,0
8263,2026-02-11 22:34:19,Spain,ios,organic,beginner,exam,medium,new,after_change,0,0
8264,2026-02-09 18:36:36,Germany,ios,organic,elementary,self_development,medium,new,after_change,0,0
8265,2026-02-01 16:49:20,Brazil,ios,instagram_ads,intermediate,work,medium,new,after_change,0,0
8266,2026-02-06 23:36:58,Netherlands,android,organic,intermediate,work,medium,new,after_change,1,1
8267,2026-02-02 23:32:21,Spain,android,organic,elementary,travel,low,new,after_change,0,0
8268,2026-02-08 03:28:10,Spain,android,referral,elementary,travel,low,new,after_change,0,0
8269,2026-02-03 00:06:13,Poland,android,paid_search,beginner,self_development,low,new,after_change,0,0
8270,2026-02-08 03:07:29,Spain,ios,blog,beginner,travel,low,new,after_change,0,0
8271,2026-02-05 19:31:47,Netherlands,android,tiktok_ads,beginner,travel,high,new,after_change,0,0
8272,2026-02-01 06:50:37,Italy,android,paid_search,elementary,exam,high,new,after_change,0,0
8273,2026-02-02 17:57:28,Germany,android,organic,intermediate,self_development,medium,new,after_change,0,0
8274,2026-02-08 01:01:24,Netherlands,android,instagram_ads,intermediate,travel,medium,new,after_change,1,0
8275,2026-02-02 02:28:58,Italy,ios,tiktok_ads,beginner,exam,low,new,after_change,0,0
8276,2026-02-12 23:36:22,Brazil,android,instagram_ads,beginner,work,high,new,after_change,0,0
8277,2026-02-11 14:55:18,Italy,android,blog,beginner,travel,high,new,after_change,0,0
8278,2026-02-10 22:18:57,Spain,android,tiktok_ads,elementary,work,medium,new,after_change,0,0
8279,2026-02-03 09:49:53,Brazil,ios,instagram_ads,intermediate,self_development,medium,new,after_change,0,0
8280,2026-02-12 03:21:29,Spain,android,organic,elementary,travel,medium,new,after_change,0,0
8281,2026-02-09 21:15:24,Germany,ios,paid_search,intermediate,travel,medium,new,after_change,1,0
8282,2026-02-06 11:12:10,Italy,android,instagram_ads,elementary,self_development,low,new,after_change,0,0
8283,2026-02-01 00:08:22,Germany,android,paid_search,elementary,self_development,medium,new,after_change,1,0
8284,2026-02-08 09:44:06,Italy,ios,referral,intermediate,work,high,new,after_change,1,0
8285,2026-02-12 03:25:28,Netherlands,ios,paid_search,elementary,travel,low,new,after_change,0,0
8286,2026-02-01 11:15:01,Italy,ios,organic,beginner,travel,medium,new,after_change,0,0
8287,2026-02-01 17:41:01,Italy,ios,referral,beginner,travel,medium,new,after_change,0,0
8288,2026-02-06 08:41:14,Brazil,ios,instagram_ads,beginner,travel,medium,new,after_change,0,0
8289,2026-02-08 03:53:19,Italy,ios,organic,beginner,exam,medium,new,after_change,0,0
8290,2026-02-07 15:24:13,Poland,ios,instagram_ads,elementary,travel,high,new,after_change,0,0
8291,2026-02-06 23:12:15,Brazil,android,tiktok_ads,elementary,travel,low,new,after_change,0,0
8292,2026-02-04 13:45:00,Netherlands,android,paid_search,beginner,exam,medium,new,after_change,0,0
8293,2026-02-01 20:06:51,Germany,ios,paid_search,beginner,travel,low,new,after_change,0,0
8294,2026-02-01 10:29:49,Germany,ios,tiktok_ads,beginner,travel,low,new,after_change,0,0
8295,2026-02-02 09:12:00,Germany,android,tiktok_ads,intermediate,work,high,new,after_change,0,0
8296,2026-02-10 15:58:37,Spain,ios,organic,beginner,travel,high,new,after_change,0,0
8297,2026-02-12 00:05:19,Germany,ios,organic,beginner,exam,medium,new,after_change,0,0
8298,2026-02-07 02:11:22,Brazil,android,tiktok_ads,elementary,travel,medium,new,after_change,0,0
8299,2026-02-02 02:00:45,Netherlands,android,organic,elementary,travel,high,new,after_change,0,0
8300,2026-02-06 19:40:04,Netherlands,ios,blog,beginner,work,medium,new,after_change,0,0
8301,2026-02-14 19:10:33,Italy,android,organic,elementary,exam,high,new,after_change,1,0
8302,2026-02-04 11:59:43,Italy,ios,tiktok_ads,beginner,travel,high,new,after_change,1,0
8303,2026-02-07 21:00:52,Italy,ios,blog,elementary,self_development,medium,new,after_change,0,0
8304,2026-02-08 12:42:39,Netherlands,ios,paid_search,elementary,self_development,high,new,after_change,1,1
8305,2026-02-05 14:51:31,Germany,android,instagram_ads,beginner,work,high,new,after_change,0,0
8306,2026-02-07 03:10:37,Italy,android,organic,beginner,travel,medium,new,after_change,1,0
8307,2026-02-07 14:30:16,Germany,android,instagram_ads,elementary,travel,high,new,after_change,1,0
8308,2026-02-07 15:15:31,Germany,android,blog,beginner,self_development,medium,new,after_change,0,0
8309,2026-02-11 01:08:27,Spain,android,blog,beginner,travel,medium,new,after_change,0,0
8310,2026-02-09 03:10:21,Brazil,ios,paid_search,beginner,travel,low,new,after_change,0,0
8311,2026-02-01 17:56:33,Netherlands,android,referral,beginner,work,medium,new,after_change,0,0
8312,2026-02-01 02:07:30,Germany,ios,referral,intermediate,travel,medium,new,after_change,1,0
8313,2026-02-06 17:59:37,Poland,android,paid_search,elementary,travel,medium,new,after_change,0,0
8314,2026-02-13 16:59:08,Germany,android,referral,intermediate,travel,low,new,after_change,1,0
8315,2026-02-01 12:23:47,Spain,android,organic,beginner,exam,high,new,after_change,0,0
8316,2026-02-01 23:53:07,Spain,ios,blog,elementary,travel,high,new,after_change,0,0
8317,2026-02-10 12:13:53,Spain,android,referral,beginner,self_development,high,new,after_change,0,0
8318,2026-02-07 07:30:38,Poland,ios,instagram_ads,beginner,work,high,new,after_change,0,0
8319,2026-02-04 05:29:32,Germany,ios,paid_search,beginner,travel,medium,new,after_change,0,0
8320,2026-02-03 21:40:38,Germany,android,blog,beginner,self_development,low,new,after_change,0,0
8321,2026-02-10 07:26:32,Germany,ios,organic,elementary,exam,medium,new,after_change,1,0
8322,2026-02-08 07:59:27,Poland,ios,instagram_ads,beginner,exam,high,new,after_change,1,0
8323,2026-02-09 22:26:42,Italy,android,instagram_ads,beginner,travel,low,new,after_change,0,0
8324,2026-02-04 22:09:26,Netherlands,ios,paid_search,elementary,exam,medium,new,after_change,1,0
8325,2026-02-08 08:51:38,Netherlands,ios,organic,beginner,self_development,medium,new,after_change,0,0
8326,2026-02-13 00:57:43,Italy,android,paid_search,intermediate,self_development,medium,new,after_change,0,0
8327,2026-02-05 10:22:21,Germany,ios,blog,intermediate,exam,medium,new,after_change,0,0
8328,2026-02-06 13:10:36,Germany,ios,referral,beginner,work,high,new,after_change,1,0
8329,2026-02-03 07:01:03,Brazil,android,referral,beginner,self_development,low,new,after_change,1,0
8330,2026-02-09 22:37:18,Germany,ios,instagram_ads,intermediate,travel,high,new,after_change,1,0
8331,2026-02-01 10:55:25,Brazil,android,tiktok_ads,intermediate,work,medium,new,after_change,0,0
8332,2026-02-04 11:37:24,Brazil,android,instagram_ads,intermediate,exam,high,new,after_change,0,0
8333,2026-02-10 23:35:17,Spain,android,tiktok_ads,beginner,work,medium,new,after_change,0,0
8334,2026-02-01 06:31:13,Brazil,ios,referral,elementary,travel,medium,new,after_change,0,0
8335,2026-02-14 20:20:01,Spain,ios,organic,beginner,travel,medium,new,after_change,0,0
8336,2026-02-06 15:47:45,Germany,android,blog,beginner,travel,high,new,after_change,0,0
8337,2026-02-06 13:57:50,Poland,ios,blog,beginner,self_development,medium,new,after_change,0,0
8338,2026-02-08 12:15:34,Poland,android,paid_search,elementary,exam,low,new,after_change,0,0
8339,2026-02-09 22:45:55,Germany,android,blog,elementary,self_development,high,new,after_change,1,1
8340,2026-02-07 10:24:28,Germany,android,referral,elementary,self_development,high,new,after_change,0,0
8341,2026-02-13 09:06:28,Germany,ios,organic,beginner,travel,medium,new,after_change,0,0
8342,2026-02-14 11:14:12,Germany,android,organic,intermediate,exam,medium,new,after_change,0,0
8343,2026-02-03 19:19:03,Germany,android,tiktok_ads,beginner,work,high,new,after_change,1,0
8344,2026-02-10 21:29:52,Germany,ios,referral,intermediate,self_development,medium,new,after_change,0,0
8345,2026-02-05 05:06:24,Poland,android,organic,elementary,exam,medium,new,after_change,0,0
8346,2026-02-14 22:32:42,Poland,ios,instagram_ads,beginner,self_development,high,new,after_change,0,0
8347,2026-02-04 13:06:51,Poland,android,instagram_ads,elementary,self_development,high,new,after_change,0,0
8348,2026-02-05 03:08:24,Netherlands,ios,paid_search,elementary,travel,high,new,after_change,1,1
8349,2026-02-10 23:59:02,Poland,ios,organic,beginner,exam,high,new,after_change,1,1
8350,2026-02-12 01:07:18,Poland,android,organic,beginner,travel,low,new,after_change,0,0
8351,2026-02-02 19:12:15,Italy,ios,referral,intermediate,work,high,new,after_change,0,0
8352,2026-02-08 18:40:03,Poland,ios,organic,intermediate,travel,high,new,after_change,0,0
8353,2026-02-05 20:08:46,Poland,ios,instagram_ads,elementary,work,low,new,after_change,0,0
8354,2026-02-09 13:33:05,Poland,android,tiktok_ads,beginner,self_development,medium,new,after_change,0,0
8355,2026-02-08 19:03:41,Brazil,ios,blog,beginner,travel,low,new,after_change,0,0
8356,2026-02-14 19:14:48,Germany,android,blog,beginner,travel,medium,new,after_change,1,0
8357,2026-02-14 01:42:43,Germany,android,blog,elementary,work,low,new,after_change,0,0
8358,2026-02-10 03:44:22,Spain,android,instagram_ads,beginner,travel,medium,new,after_change,1,0
8359,2026-02-10 12:17:00,Germany,ios,organic,beginner,travel,medium,new,after_change,0,0
8360,2026-02-13 14:00:08,Germany,ios,paid_search,intermediate,exam,high,new,after_change,0,0
8361,2026-02-03 13:39:09,Germany,android,instagram_ads,intermediate,exam,medium,new,after_change,0,0
8362,2026-02-11 03:51:07,Spain,android,organic,beginner,work,high,new,after_change,1,0
8363,2026-02-11 19:25:04,Italy,android,organic,beginner,travel,medium,new,after_change,0,0
8364,2026-02-02 18:48:06,Spain,android,paid_search,elementary,work,medium,new,after_change,0,0
8365,2026-02-13 08:07:12,Germany,android,paid_search,beginner,self_development,high,new,after_change,0,0
8366,2026-02-10 19:00:22,Spain,android,instagram_ads,beginner,work,high,new,after_change,0,0
8367,2026-02-05 20:38:12,Spain,android,blog,beginner,work,medium,new,after_change,0,0
8368,2026-02-07 18:43:48,Netherlands,android,paid_search,beginner,work,medium,new,after_change,0,0
8369,2026-02-07 20:30:18,Netherlands,ios,organic,elementary,travel,medium,new,after_change,1,1
8370,2026-02-13 20:42:58,Germany,ios,instagram_ads,beginner,travel,medium,new,after_change,0,0
8371,2026-02-14 13:39:58,Brazil,android,paid_search,elementary,exam,medium,new,after_change,0,0
8372,2026-02-12 07:05:46,Germany,android,blog,beginner,travel,medium,new,after_change,0,0
8373,2026-02-10 03:08:31,Netherlands,ios,paid_search,elementary,exam,medium,new,after_change,0,0
8374,2026-02-02 10:59:21,Italy,android,paid_search,elementary,work,high,new,after_change,0,0
8375,2026-02-13 19:22:50,Italy,android,tiktok_ads,intermediate,travel,medium,new,after_change,0,0
8376,2026-02-02 20:59:44,Germany,android,instagram_ads,beginner,work,high,new,after_change,0,0
8377,2026-02-03 08:02:51,Poland,ios,instagram_ads,elementary,travel,medium,new,after_change,0,0
8378,2026-02-01 23:23:21,Poland,ios,organic,intermediate,travel,medium,new,after_change,0,0
8379,2026-02-14 06:26:36,Poland,android,paid_search,beginner,work,high,new,after_change,0,0
8380,2026-02-07 21:43:49,Germany,android,organic,beginner,exam,low,new,after_change,0,0
8381,2026-02-04 07:17:07,Brazil,android,tiktok_ads,beginner,self_development,high,new,after_change,0,0
8382,2026-02-02 03:08:21,Germany,ios,organic,intermediate,self_development,high,new,after_change,0,0
8383,2026-02-06 18:25:45,Germany,ios,organic,beginner,work,medium,new,after_change,0,0
8384,2026-02-11 03:09:21,Netherlands,android,instagram_ads,beginner,travel,low,new,after_change,0,0
8385,2026-02-14 22:10:20,Spain,ios,instagram_ads,intermediate,travel,high,new,after_change,1,0
8386,2026-02-08 17:35:32,Germany,android,paid_search,beginner,travel,high,new,after_change,0,0
8387,2026-02-09 11:59:47,Poland,ios,blog,beginner,travel,medium,new,after_change,0,0
8388,2026-02-12 16:51:26,Brazil,ios,tiktok_ads,elementary,travel,medium,new,after_change,0,0
8389,2026-02-13 15:00:54,Italy,android,blog,beginner,exam,medium,new,after_change,0,0
8390,2026-02-04 22:00:40,Poland,ios,paid_search,beginner,work,low,new,after_change,0,0
8391,2026-02-14 21:16:35,Poland,ios,instagram_ads,beginner,travel,high,new,after_change,0,0
8392,2026-02-08 06:25:52,Poland,android,paid_search,elementary,exam,high,new,after_change,0,0
8393,2026-02-14 00:31:37,Germany,ios,paid_search,elementary,self_development,medium,new,after_change,0,0
8394,2026-02-02 15:28:23,Germany,ios,organic,beginner,travel,medium,new,after_change,0,0
8395,2026-02-02 08:44:08,Italy,android,organic,elementary,travel,medium,new,after_change,0,0
8396,2026-02-13 09:13:44,Germany,ios,referral,intermediate,work,low,new,after_change,0,0
8397,2026-02-10 09:58:59,Spain,android,referral,beginner,travel,low,new,after_change,1,1
8398,2026-02-03 10:48:06,Netherlands,ios,organic,intermediate,travel,high,new,after_change,1,1
8399,2026-02-13 12:41:36,Germany,ios,organic,intermediate,work,low,new,after_change,0,0
8400,2026-02-02 10:23:37,Germany,ios,organic,beginner,work,medium,new,after_change,1,1
8401,2026-02-10 13:15:08,Brazil,android,tiktok_ads,elementary,self_development,low,new,after_change,0,0
8402,2026-02-03 20:53:49,Spain,ios,organic,intermediate,travel,medium,new,after_change,0,0
8403,2026-02-01 23:43:15,Netherlands,android,tiktok_ads,elementary,self_development,low,new,after_change,0,0
8404,2026-02-12 06:53:37,Germany,ios,organic,elementary,travel,low,new,after_change,1,1
8405,2026-02-12 20:43:34,Brazil,ios,tiktok_ads,beginner,travel,medium,new,after_change,0,0
8406,2026-02-02 11:33:13,Germany,android,referral,intermediate,travel,medium,new,after_change,0,0
8407,2026-02-02 07:17:32,Netherlands,ios,organic,beginner,travel,medium,new,after_change,1,1
8408,2026-02-09 14:26:51,Germany,android,referral,elementary,self_development,medium,new,after_change,0,0
8409,2026-02-01 09:38:47,Germany,android,blog,intermediate,travel,high,new,after_change,0,0
8410,2026-02-11 10:43:00,Poland,android,instagram_ads,beginner,travel,high,new,after_change,0,0
8411,2026-02-13 19:39:41,Germany,android,paid_search,elementary,exam,medium,new,after_change,0,0
8412,2026-02-11 12:21:47,Poland,android,instagram_ads,elementary,travel,medium,new,after_change,0,0
8413,2026-02-04 05:30:39,Germany,ios,paid_search,intermediate,exam,medium,new,after_change,0,0
8414,2026-02-03 15:51:37,Germany,android,blog,beginner,self_development,medium,new,after_change,0,0
8415,2026-02-10 12:40:54,Spain,ios,instagram_ads,elementary,travel,high,new,after_change,1,1
8416,2026-02-01 20:42:20,Italy,ios,referral,beginner,travel,low,new,after_change,0,0
8417,2026-02-08 12:40:01,Spain,android,instagram_ads,beginner,work,medium,new,after_change,1,0
8418,2026-02-07 06:47:56,Germany,ios,paid_search,beginner,self_development,low,new,after_change,0,0
8419,2026-02-11 10:11:01,Brazil,android,instagram_ads,elementary,self_development,low,new,after_change,0,0
8420,2026-02-03 20:02:06,Spain,ios,referral,elementary,self_development,low,new,after_change,0,0
8421,2026-02-11 16:08:29,Poland,ios,paid_search,beginner,exam,medium,new,after_change,0,0
8422,2026-02-10 18:57:17,Italy,android,paid_search,beginner,work,medium,new,after_change,0,0
8423,2026-02-04 08:12:28,Brazil,android,blog,beginner,self_development,medium,new,after_change,0,0
8424,2026-02-05 23:50:55,Brazil,android,paid_search,intermediate,self_development,high,new,after_change,0,0
8425,2026-02-01 22:10:51,Spain,ios,referral,beginner,travel,low,new,after_change,0,0
8426,2026-02-07 06:58:58,Italy,ios,organic,elementary,exam,medium,new,after_change,1,0
8427,2026-02-04 15:33:42,Brazil,ios,referral,elementary,self_development,medium,new,after_change,0,0
8428,2026-02-02 14:07:51,Germany,android,instagram_ads,intermediate,self_development,medium,new,after_change,0,0
8429,2026-02-08 20:07:50,Italy,ios,organic,elementary,exam,medium,new,after_change,1,0
8430,2026-02-08 22:41:48,Italy,android,organic,beginner,exam,medium,new,after_change,0,0
8431,2026-02-02 04:52:38,Spain,ios,paid_search,beginner,self_development,high,new,after_change,1,0
8432,2026-02-03 14:20:10,Spain,android,tiktok_ads,beginner,travel,medium,new,after_change,0,0
8433,2026-02-02 03:45:13,Netherlands,android,paid_search,elementary,work,low,new,after_change,0,0
8434,2026-02-10 12:08:21,Poland,android,paid_search,beginner,self_development,medium,new,after_change,0,0
8435,2026-02-05 17:34:42,Brazil,ios,instagram_ads,beginner,exam,high,new,after_change,1,1
8436,2026-02-01 23:54:45,Spain,ios,blog,beginner,self_development,medium,new,after_change,0,0
8437,2026-02-03 16:21:24,Spain,ios,organic,beginner,travel,medium,new,after_change,0,0
8438,2026-02-14 15:54:02,Spain,android,tiktok_ads,beginner,travel,low,new,after_change,0,0
8439,2026-02-04 13:55:59,Germany,android,blog,beginner,travel,low,new,after_change,0,0
8440,2026-02-10 14:00:03,Poland,ios,instagram_ads,beginner,travel,high,new,after_change,1,0
8441,2026-02-07 13:23:42,Germany,ios,blog,elementary,exam,high,new,after_change,1,0
8442,2026-02-03 13:03:40,Spain,android,instagram_ads,beginner,work,high,new,after_change,0,0
8443,2026-02-05 07:16:53,Poland,ios,tiktok_ads,elementary,travel,high,new,after_change,0,0
8444,2026-02-01 04:44:08,Spain,ios,referral,elementary,exam,medium,new,after_change,0,0
8445,2026-02-11 10:59:16,Spain,ios,organic,elementary,exam,medium,new,after_change,0,0
8446,2026-02-05 16:22:46,Italy,ios,instagram_ads,beginner,travel,low,new,after_change,0,0
8447,2026-02-07 23:44:44,Germany,ios,instagram_ads,elementary,work,high,new,after_change,0,0
8448,2026-02-03 03:20:42,Italy,android,organic,beginner,exam,high,new,after_change,0,0
8449,2026-02-12 12:56:06,Germany,android,instagram_ads,beginner,travel,medium,new,after_change,0,0
8450,2026-02-04 01:23:10,Spain,android,referral,beginner,self_development,medium,new,after_change,0,0
8451,2026-02-08 22:16:16,Netherlands,ios,organic,intermediate,exam,high,new,after_change,1,1
8452,2026-02-13 05:14:38,Spain,ios,paid_search,beginner,exam,high,new,after_change,0,0
8453,2026-02-10 23:38:02,Brazil,android,organic,beginner,travel,medium,new,after_change,0,0
8454,2026-02-09 10:40:36,Germany,ios,organic,beginner,exam,high,new,after_change,0,0
8455,2026-02-13 10:22:51,Brazil,ios,instagram_ads,elementary,travel,medium,new,after_change,0,0
8456,2026-02-03 11:17:23,Germany,android,organic,beginner,self_development,low,new,after_change,0,0
8457,2026-02-14 11:45:13,Poland,android,paid_search,elementary,travel,high,new,after_change,0,0
8458,2026-02-08 19:02:15,Netherlands,ios,organic,beginner,travel,medium,new,after_change,0,0
8459,2026-02-06 17:42:42,Brazil,android,blog,beginner,exam,low,new,after_change,0,0
8460,2026-02-04 13:56:32,Germany,ios,referral,elementary,work,medium,new,after_change,0,0
8461,2026-02-11 10:17:41,Brazil,android,organic,beginner,travel,medium,new,after_change,1,1
8462,2026-02-14 16:00:12,Brazil,ios,organic,beginner,travel,high,new,after_change,0,0
8463,2026-02-10 15:52:40,Germany,android,paid_search,elementary,self_development,low,new,after_change,1,1
8464,2026-02-01 11:00:23,Netherlands,ios,organic,intermediate,work,medium,new,after_change,0,0
8465,2026-02-07 13:36:47,Germany,android,tiktok_ads,beginner,work,low,new,after_change,0,0
8466,2026-02-11 06:03:32,Germany,android,instagram_ads,elementary,travel,low,new,after_change,0,0
8467,2026-02-06 13:32:18,Poland,android,instagram_ads,beginner,work,low,new,after_change,0,0
8468,2026-02-11 19:43:37,Germany,android,referral,elementary,work,low,new,after_change,0,0
8469,2026-02-10 21:38:58,Germany,android,referral,elementary,travel,low,new,after_change,1,1
8470,2026-02-01 22:34:00,Netherlands,ios,paid_search,elementary,travel,low,new,after_change,0,0
8471,2026-02-08 19:28:37,Poland,ios,instagram_ads,beginner,exam,medium,new,after_change,0,0
8472,2026-02-03 09:44:53,Germany,android,paid_search,beginner,travel,high,new,after_change,0,0
8473,2026-02-07 19:28:13,Germany,android,instagram_ads,elementary,self_development,high,new,after_change,0,0
8474,2026-02-06 09:07:37,Brazil,ios,organic,elementary,travel,medium,new,after_change,0,0
8475,2026-02-12 07:07:05,Netherlands,ios,paid_search,elementary,travel,high,new,after_change,0,0
8476,2026-02-13 03:42:00,Brazil,ios,paid_search,beginner,travel,low,new,after_change,0,0
8477,2026-02-07 11:03:12,Netherlands,ios,organic,beginner,exam,low,new,after_change,0,0
8478,2026-02-08 12:25:55,Poland,ios,paid_search,elementary,travel,medium,new,after_change,1,0
8479,2026-02-09 18:21:58,Italy,android,tiktok_ads,beginner,travel,low,new,after_change,0,0
8480,2026-02-10 04:10:59,Spain,ios,paid_search,intermediate,travel,medium,new,after_change,0,0
8481,2026-02-09 21:29:01,Germany,android,blog,elementary,travel,medium,new,after_change,0,0
8482,2026-02-11 23:05:32,Germany,android,paid_search,elementary,travel,low,new,after_change,0,0
8483,2026-02-14 17:56:41,Germany,ios,blog,beginner,work,low,new,after_change,0,0
8484,2026-02-12 14:14:57,Spain,android,organic,beginner,exam,low,new,after_change,0,0
8485,2026-02-02 21:15:49,Poland,android,paid_search,intermediate,travel,medium,new,after_change,0,0
8486,2026-02-07 16:01:53,Spain,ios,organic,elementary,work,medium,new,after_change,1,0
8487,2026-02-07 10:59:39,Germany,android,organic,beginner,self_development,medium,new,after_change,1,0
8488,2026-02-08 02:57:16,Brazil,android,organic,intermediate,exam,medium,new,after_change,1,1
8489,2026-02-08 09:33:48,Italy,ios,instagram_ads,beginner,self_development,low,new,after_change,0,0
8490,2026-02-11 01:14:59,Germany,android,organic,elementary,travel,medium,new,after_change,1,1
8491,2026-02-06 21:27:40,Poland,ios,organic,beginner,work,low,new,after_change,0,0
8492,2026-02-04 16:28:58,Poland,ios,paid_search,intermediate,travel,high,new,after_change,0,0
8493,2026-02-07 09:45:00,Spain,android,tiktok_ads,intermediate,self_development,medium,new,after_change,0,0
8494,2026-02-12 23:06:30,Netherlands,ios,paid_search,beginner,self_development,medium,new,after_change,0,0
8495,2026-02-05 08:38:28,Spain,ios,organic,beginner,work,low,new,after_change,0,0
8496,2026-02-01 06:59:03,Germany,ios,organic,elementary,travel,medium,new,after_change,0,0
8497,2026-02-14 16:01:59,Spain,ios,tiktok_ads,beginner,work,high,new,after_change,0,0
8498,2026-02-03 17:46:45,Germany,ios,tiktok_ads,beginner,self_development,low,new,after_change,0,0
8499,2026-02-09 10:33:20,Poland,android,instagram_ads,elementary,work,high,new,after_change,0,0
8500,2026-02-12 04:52:01,Poland,ios,instagram_ads,beginner,self_development,medium,new,after_change,0,0
8501,2026-02-04 20:13:13,Spain,android,organic,intermediate,exam,medium,new,after_change,0,0
8502,2026-02-05 18:19:36,Brazil,ios,instagram_ads,elementary,travel,low,new,after_change,0,0
8503,2026-02-04 22:14:45,Germany,ios,tiktok_ads,beginner,self_development,high,new,after_change,0,0
8504,2026-02-03 02:20:37,Germany,android,referral,beginner,travel,medium,new,after_change,0,0
8505,2026-02-03 03:23:24,Netherlands,android,paid_search,intermediate,self_development,high,new,after_change,1,0
8506,2026-02-03 14:44:58,Germany,android,tiktok_ads,elementary,travel,medium,new,after_change,0,0
8507,2026-02-07 09:54:17,Poland,ios,instagram_ads,intermediate,work,medium,new,after_change,0,0
8508,2026-02-08 10:20:02,Germany,android,tiktok_ads,beginner,travel,medium,new,after_change,0,0
8509,2026-02-01 05:22:18,Poland,android,tiktok_ads,beginner,travel,low,new,after_change,0,0
8510,2026-02-12 20:19:01,Spain,android,tiktok_ads,elementary,self_development,medium,new,after_change,0,0
8511,2026-02-10 11:06:22,Spain,android,organic,beginner,exam,low,new,after_change,0,0
8512,2026-02-01 23:44:19,Poland,android,paid_search,beginner,self_development,low,new,after_change,0,0
8513,2026-02-12 19:09:11,Brazil,ios,paid_search,elementary,work,medium,new,after_change,0,0
8514,2026-02-01 10:14:29,Germany,ios,paid_search,beginner,travel,high,new,after_change,0,0
8515,2026-02-08 20:20:13,Poland,ios,instagram_ads,beginner,travel,high,new,after_change,0,0
8516,2026-02-07 12:17:47,Spain,ios,tiktok_ads,beginner,work,medium,new,after_change,1,0
8517,2026-02-08 00:43:08,Germany,ios,instagram_ads,beginner,work,high,new,after_change,0,0
8518,2026-02-14 09:16:44,Spain,ios,instagram_ads,beginner,work,high,new,after_change,0,0
8519,2026-02-13 23:29:34,Brazil,android,tiktok_ads,beginner,travel,high,new,after_change,1,0
8520,2026-02-04 21:44:50,Netherlands,android,paid_search,intermediate,self_development,medium,new,after_change,1,0
8521,2026-02-09 02:46:00,Poland,android,organic,beginner,travel,high,new,after_change,1,0
8522,2026-02-14 10:16:52,Brazil,ios,organic,beginner,exam,high,new,after_change,1,1
8523,2026-02-11 04:53:45,Germany,android,referral,intermediate,work,medium,new,after_change,0,0
8524,2026-02-13 10:15:39,Germany,android,organic,elementary,work,high,new,after_change,1,1
8525,2026-02-07 02:06:01,Germany,android,paid_search,beginner,exam,high,new,after_change,0,0
8526,2026-02-04 23:08:00,Poland,android,paid_search,intermediate,self_development,medium,new,after_change,0,0
8527,2026-02-08 03:34:50,Germany,ios,instagram_ads,intermediate,exam,low,new,after_change,0,0
8528,2026-02-12 10:29:40,Netherlands,android,blog,elementary,travel,medium,new,after_change,0,0
8529,2026-02-14 00:04:53,Netherlands,android,referral,elementary,travel,medium,new,after_change,1,0
8530,2026-02-10 14:27:05,Poland,android,organic,elementary,self_development,high,new,after_change,0,0
8531,2026-02-10 21:23:33,Germany,android,instagram_ads,intermediate,work,medium,new,after_change,0,0
8532,2026-02-08 03:58:20,Germany,android,organic,elementary,exam,high,new,after_change,0,0
8533,2026-02-05 11:23:14,Italy,android,referral,intermediate,work,medium,new,after_change,0,0
8534,2026-02-06 22:05:59,Brazil,android,paid_search,beginner,exam,medium,new,after_change,0,0
8535,2026-02-07 23:13:46,Brazil,android,organic,elementary,work,high,new,after_change,0,0
8536,2026-02-12 10:00:32,Poland,ios,instagram_ads,intermediate,work,low,new,after_change,0,0
8537,2026-02-08 18:35:51,Italy,ios,paid_search,beginner,self_development,medium,new,after_change,0,0
8538,2026-02-12 02:28:28,Germany,android,blog,beginner,work,high,new,after_change,1,0
8539,2026-02-01 09:11:36,Italy,android,organic,elementary,travel,medium,new,after_change,0,0
8540,2026-02-11 14:19:50,Germany,android,blog,elementary,work,high,new,after_change,0,0
8541,2026-02-08 02:22:28,Italy,ios,organic,elementary,travel,high,new,after_change,0,0
8542,2026-02-14 23:24:50,Germany,android,organic,intermediate,travel,medium,new,after_change,0,0
8543,2026-02-07 14:29:54,Germany,android,tiktok_ads,beginner,exam,low,new,after_change,0,0
8544,2026-02-07 16:46:48,Germany,android,instagram_ads,elementary,travel,low,new,after_change,0,0
8545,2026-02-02 18:49:50,Poland,android,referral,elementary,work,medium,new,after_change,0,0
8546,2026-02-12 07:07:34,Italy,ios,instagram_ads,beginner,work,low,new,after_change,0,0
8547,2026-02-10 19:42:46,Spain,android,instagram_ads,beginner,travel,medium,new,after_change,0,0
8548,2026-02-13 01:47:33,Spain,android,organic,elementary,travel,high,new,after_change,0,0
8549,2026-02-02 07:09:49,Germany,ios,blog,elementary,exam,medium,new,after_change,0,0
8550,2026-02-03 23:05:54,Germany,ios,tiktok_ads,elementary,self_development,medium,new,after_change,0,0
8551,2026-02-13 06:39:50,Poland,android,instagram_ads,elementary,travel,high,new,after_change,0,0
8552,2026-02-01 14:08:03,Germany,ios,referral,elementary,travel,medium,new,after_change,1,1
8553,2026-02-08 02:45:24,Italy,ios,organic,beginner,self_development,high,new,after_change,0,0
8554,2026-02-06 15:59:43,Italy,android,referral,beginner,self_development,medium,new,after_change,0,0
8555,2026-02-14 03:38:48,Germany,android,instagram_ads,elementary,self_development,medium,new,after_change,0,0
8556,2026-02-12 23:51:48,Brazil,android,referral,elementary,travel,medium,new,after_change,0,0
8557,2026-02-13 13:17:44,Italy,ios,tiktok_ads,intermediate,self_development,medium,new,after_change,1,1
8558,2026-02-05 01:08:19,Poland,ios,instagram_ads,beginner,self_development,high,new,after_change,0,0
8559,2026-02-09 05:24:09,Poland,ios,tiktok_ads,elementary,travel,medium,new,after_change,0,0
8560,2026-02-10 19:12:12,Germany,ios,tiktok_ads,intermediate,exam,high,new,after_change,0,0
8561,2026-02-14 13:04:10,Germany,android,organic,beginner,travel,high,new,after_change,0,0
8562,2026-02-01 02:28:08,Poland,ios,tiktok_ads,elementary,work,medium,new,after_change,0,0
8563,2026-02-14 16:16:51,Spain,ios,instagram_ads,intermediate,exam,medium,new,after_change,0,0
8564,2026-02-05 23:24:08,Netherlands,android,referral,beginner,travel,medium,new,after_change,1,0
8565,2026-02-02 19:06:00,Poland,ios,referral,elementary,self_development,high,new,after_change,0,0
8566,2026-02-09 14:48:48,Spain,ios,organic,elementary,self_development,low,new,after_change,0,0
8567,2026-02-11 22:35:54,Germany,android,organic,beginner,self_development,low,new,after_change,0,0
8568,2026-02-02 19:35:54,Spain,ios,organic,intermediate,travel,low,new,after_change,0,0
8569,2026-02-01 13:42:00,Poland,ios,tiktok_ads,beginner,exam,high,new,after_change,0,0
8570,2026-02-13 13:15:35,Spain,android,referral,beginner,self_development,high,new,after_change,1,0
8571,2026-02-14 01:43:33,Germany,android,tiktok_ads,beginner,travel,medium,new,after_change,0,0
8572,2026-02-03 04:30:29,Italy,android,referral,intermediate,exam,high,new,after_change,0,0
8573,2026-02-13 15:45:52,Netherlands,android,instagram_ads,beginner,travel,medium,new,after_change,1,1
8574,2026-02-13 17:41:26,Brazil,ios,instagram_ads,elementary,exam,medium,new,after_change,0,0
8575,2026-02-14 23:08:05,Poland,android,blog,beginner,exam,low,new,after_change,0,0
8576,2026-02-04 00:42:24,Spain,android,organic,elementary,self_development,medium,new,after_change,0,0
8577,2026-02-09 02:28:18,Italy,ios,paid_search,elementary,work,high,new,after_change,1,1
8578,2026-02-14 22:04:39,Poland,ios,paid_search,beginner,self_development,high,new,after_change,0,0
8579,2026-02-13 15:17:17,Spain,android,organic,beginner,travel,high,new,after_change,0,0
8580,2026-02-09 11:11:44,Spain,ios,instagram_ads,beginner,exam,high,new,after_change,0,0
8581,2026-02-03 18:13:55,Germany,ios,paid_search,beginner,self_development,high,new,after_change,1,1
8582,2026-02-02 04:20:23,Netherlands,ios,instagram_ads,beginner,exam,high,new,after_change,0,0
8583,2026-02-04 15:04:49,Netherlands,android,organic,elementary,self_development,high,new,after_change,1,1
8584,2026-02-01 21:55:59,Brazil,ios,paid_search,beginner,exam,high,new,after_change,0,0
8585,2026-02-03 17:36:31,Italy,android,organic,beginner,work,low,new,after_change,0,0
8586,2026-02-02 01:10:25,Brazil,ios,referral,elementary,self_development,medium,new,after_change,0,0
8587,2026-02-11 16:06:34,Poland,android,instagram_ads,intermediate,work,low,new,after_change,0,0
8588,2026-02-09 06:12:14,Netherlands,ios,referral,elementary,exam,medium,new,after_change,0,0
8589,2026-02-08 06:00:35,Brazil,ios,instagram_ads,intermediate,exam,medium,new,after_change,0,0
8590,2026-02-12 08:01:07,Germany,android,organic,elementary,self_development,medium,new,after_change,1,0
8591,2026-02-06 18:02:02,Netherlands,android,tiktok_ads,intermediate,work,medium,new,after_change,0,0
8592,2026-02-06 15:23:43,Netherlands,ios,organic,beginner,work,medium,new,after_change,1,1
8593,2026-02-03 21:31:36,Germany,android,paid_search,elementary,travel,medium,new,after_change,0,0
8594,2026-02-07 05:27:53,Poland,android,instagram_ads,beginner,self_development,high,new,after_change,0,0
8595,2026-02-03 10:38:15,Brazil,ios,referral,elementary,work,low,new,after_change,1,0
8596,2026-02-09 06:00:02,Spain,android,referral,intermediate,work,medium,new,after_change,0,0
8597,2026-02-14 23:08:46,Poland,android,organic,elementary,travel,high,new,after_change,1,1
8598,2026-02-08 11:06:05,Spain,android,tiktok_ads,beginner,exam,medium,new,after_change,0,0
8599,2026-02-05 04:28:34,Netherlands,ios,instagram_ads,elementary,work,high,new,after_change,0,0
8600,2026-02-10 15:11:19,Netherlands,android,tiktok_ads,elementary,work,low,new,after_change,0,0
8601,2026-02-12 11:31:20,Germany,android,blog,beginner,exam,medium,new,after_change,0,0
8602,2026-02-07 14:31:12,Spain,android,instagram_ads,beginner,exam,medium,new,after_change,0,0
8603,2026-02-04 12:06:34,Germany,ios,paid_search,elementary,travel,high,new,after_change,0,0
8604,2026-02-10 23:51:25,Germany,android,referral,beginner,self_development,medium,new,after_change,0,0
8605,2026-02-03 14:55:20,Netherlands,ios,instagram_ads,beginner,work,high,new,after_change,1,0
8606,2026-02-14 23:05:47,Germany,ios,referral,intermediate,travel,medium,new,after_change,1,1
8607,2026-02-05 10:47:06,Italy,ios,instagram_ads,intermediate,work,medium,new,after_change,1,1
8608,2026-02-05 21:42:00,Spain,android,blog,beginner,self_development,high,new,after_change,1,0
8609,2026-02-11 04:14:58,Spain,android,organic,intermediate,self_development,medium,new,after_change,0,0
8610,2026-02-01 04:06:15,Italy,android,tiktok_ads,intermediate,self_development,medium,new,after_change,0,0
8611,2026-02-03 20:09:48,Brazil,ios,paid_search,elementary,self_development,low,new,after_change,0,0
8612,2026-02-02 18:12:36,Netherlands,android,tiktok_ads,elementary,work,medium,new,after_change,0,0
8613,2026-02-06 11:23:47,Netherlands,android,blog,intermediate,work,high,new,after_change,0,0
8614,2026-02-08 17:58:50,Poland,android,tiktok_ads,elementary,self_development,low,new,after_change,0,0
8615,2026-02-03 12:20:56,Germany,android,tiktok_ads,beginner,work,medium,new,after_change,0,0
8616,2026-02-05 19:40:14,Germany,ios,organic,beginner,exam,high,new,after_change,0,0
8617,2026-02-11 19:27:31,Italy,android,organic,beginner,exam,medium,new,after_change,0,0
8618,2026-02-14 03:50:02,Germany,android,instagram_ads,beginner,travel,medium,new,after_change,0,0
8619,2026-02-01 04:47:52,Poland,android,paid_search,beginner,travel,high,new,after_change,1,0
8620,2026-02-09 18:49:18,Netherlands,ios,organic,beginner,travel,low,new,after_change,0,0
8621,2026-02-01 08:37:46,Brazil,ios,tiktok_ads,beginner,travel,low,new,after_change,0,0
8622,2026-02-08 06:50:21,Poland,ios,tiktok_ads,beginner,work,medium,new,after_change,0,0
8623,2026-02-13 07:30:08,Italy,android,organic,intermediate,travel,high,new,after_change,0,0
8624,2026-02-12 04:08:28,Germany,ios,organic,beginner,travel,high,new,after_change,0,0
8625,2026-02-04 06:11:39,Netherlands,android,paid_search,elementary,travel,medium,new,after_change,0,0
8626,2026-02-04 14:53:10,Poland,ios,tiktok_ads,elementary,exam,high,new,after_change,0,0
8627,2026-02-11 23:15:38,Spain,ios,referral,intermediate,self_development,medium,new,after_change,1,0
8628,2026-02-12 11:25:55,Italy,ios,paid_search,beginner,work,medium,new,after_change,0,0
8629,2026-02-04 22:23:03,Brazil,ios,organic,beginner,exam,medium,new,after_change,1,0
8630,2026-02-01 01:01:42,Germany,ios,referral,elementary,exam,high,new,after_change,0,0
8631,2026-02-07 05:20:14,Poland,android,organic,elementary,exam,medium,new,after_change,0,0
8632,2026-02-09 16:12:41,Italy,android,tiktok_ads,intermediate,self_development,high,new,after_change,0,0
8633,2026-02-07 05:06:03,Germany,ios,paid_search,beginner,exam,medium,new,after_change,0,0
8634,2026-02-14 02:04:42,Poland,ios,blog,beginner,work,medium,new,after_change,0,0
8635,2026-02-12 09:22:11,Germany,android,tiktok_ads,beginner,self_development,high,new,after_change,0,0
8636,2026-02-12 00:43:15,Germany,ios,organic,elementary,exam,low,new,after_change,0,0
8637,2026-02-01 06:49:00,Germany,android,paid_search,beginner,work,low,new,after_change,0,0
8638,2026-02-12 22:49:15,Poland,android,organic,beginner,exam,low,new,after_change,0,0
8639,2026-02-11 13:45:43,Germany,android,paid_search,elementary,travel,medium,new,after_change,0,0
8640,2026-02-06 13:22:36,Germany,ios,paid_search,beginner,exam,low,new,after_change,0,0
8641,2026-02-09 06:05:18,Poland,android,instagram_ads,beginner,self_development,medium,new,after_change,1,0
8642,2026-02-12 12:56:39,Spain,android,referral,beginner,exam,high,new,after_change,0,0
8643,2026-02-13 16:29:26,Germany,ios,organic,intermediate,travel,medium,new,after_change,0,0
8644,2026-02-08 17:04:45,Germany,android,paid_search,elementary,work,low,new,after_change,0,0
8645,2026-02-01 13:53:30,Poland,ios,referral,elementary,self_development,low,new,after_change,1,0
8646,2026-02-09 15:49:46,Netherlands,ios,paid_search,elementary,work,high,new,after_change,0,0
8647,2026-02-10 12:29:10,Poland,android,instagram_ads,intermediate,self_development,high,new,after_change,0,0
8648,2026-02-01 19:47:43,Germany,ios,referral,beginner,travel,medium,new,after_change,1,0
8649,2026-02-12 10:36:58,Brazil,ios,tiktok_ads,beginner,exam,low,new,after_change,0,0
8650,2026-02-03 19:43:16,Poland,ios,instagram_ads,intermediate,travel,low,new,after_change,0,0
8651,2026-02-13 11:11:44,Germany,android,blog,elementary,exam,high,new,after_change,0,0
8652,2026-02-08 17:07:26,Germany,android,organic,intermediate,self_development,high,new,after_change,0,0
8653,2026-02-05 12:14:05,Spain,android,organic,elementary,work,medium,new,after_change,0,0
8654,2026-02-01 19:45:25,Spain,android,paid_search,elementary,work,high,new,after_change,0,0
8655,2026-02-01 06:00:10,Germany,ios,organic,elementary,self_development,high,new,after_change,0,0
8656,2026-02-11 09:07:34,Italy,android,organic,beginner,work,medium,new,after_change,0,0
8657,2026-02-06 06:43:33,Brazil,ios,organic,intermediate,work,high,new,after_change,0,0
8658,2026-02-12 18:15:32,Netherlands,android,tiktok_ads,elementary,travel,low,new,after_change,0,0
8659,2026-02-04 05:27:20,Germany,android,paid_search,beginner,work,low,new,after_change,0,0
8660,2026-02-13 21:14:30,Netherlands,android,referral,beginner,exam,high,new,after_change,1,1
8661,2026-02-14 04:22:12,Brazil,android,paid_search,beginner,work,medium,new,after_change,0,0
8662,2026-02-02 10:11:39,Italy,android,instagram_ads,beginner,travel,medium,new,after_change,0,0
8663,2026-02-10 01:22:12,Spain,ios,organic,beginner,travel,medium,new,after_change,0,0
8664,2026-02-14 03:44:45,Poland,ios,organic,beginner,travel,low,new,after_change,0,0
8665,2026-02-05 12:33:33,Spain,android,tiktok_ads,intermediate,self_development,high,new,after_change,0,0
8666,2026-02-01 22:43:13,Brazil,android,organic,elementary,self_development,low,new,after_change,0,0
8667,2026-02-13 06:09:42,Italy,android,tiktok_ads,beginner,work,medium,new,after_change,0,0
8668,2026-02-07 15:16:58,Netherlands,android,tiktok_ads,beginner,self_development,high,new,after_change,0,0
8669,2026-02-01 09:05:47,Poland,ios,tiktok_ads,elementary,travel,medium,new,after_change,0,0
8670,2026-02-12 18:19:27,Poland,ios,instagram_ads,elementary,self_development,medium,new,after_change,0,0
8671,2026-02-10 12:05:49,Italy,ios,referral,beginner,travel,high,new,after_change,0,0
8672,2026-02-01 23:37:28,Germany,android,organic,intermediate,travel,low,new,after_change,0,0
8673,2026-02-04 14:54:51,Germany,android,blog,beginner,travel,high,new,after_change,0,0
8674,2026-02-01 06:07:32,Brazil,android,organic,beginner,work,high,new,after_change,0,0
8675,2026-02-14 08:50:13,Italy,android,instagram_ads,beginner,work,medium,new,after_change,0,0
8676,2026-02-01 08:22:56,Brazil,android,blog,intermediate,travel,low,new,after_change,0,0
8677,2026-02-12 03:24:24,Spain,ios,paid_search,intermediate,work,medium,new,after_change,0,0
8678,2026-02-08 03:47:12,Brazil,ios,referral,elementary,exam,medium,new,after_change,0,0
8679,2026-02-09 03:47:53,Germany,ios,instagram_ads,elementary,self_development,medium,new,after_change,1,1
8680,2026-02-12 08:41:47,Germany,android,referral,beginner,travel,medium,new,after_change,0,0
8681,2026-02-13 12:42:29,Germany,ios,organic,beginner,travel,medium,new,after_change,0,0
8682,2026-02-02 18:48:55,Germany,android,instagram_ads,beginner,exam,high,new,after_change,0,0
8683,2026-02-01 06:00:24,Poland,ios,organic,intermediate,exam,medium,new,after_change,1,0
8684,2026-02-02 17:52:08,Spain,android,organic,elementary,work,low,new,after_change,0,0
8685,2026-02-10 13:19:21,Germany,ios,tiktok_ads,beginner,work,medium,new,after_change,1,0
8686,2026-02-08 23:01:54,Brazil,android,tiktok_ads,intermediate,work,medium,new,after_change,0,0
8687,2026-02-02 04:11:05,Spain,ios,tiktok_ads,beginner,work,medium,new,after_change,0,0
8688,2026-02-04 06:43:23,Spain,android,tiktok_ads,beginner,self_development,high,new,after_change,0,0
8689,2026-02-08 12:30:44,Spain,android,referral,beginner,self_development,high,new,after_change,0,0
8690,2026-02-11 05:21:06,Germany,ios,instagram_ads,intermediate,exam,high,new,after_change,0,0
8691,2026-02-05 19:23:03,Netherlands,android,paid_search,beginner,travel,medium,new,after_change,0,0
8692,2026-02-14 07:04:38,Germany,android,referral,beginner,self_development,high,new,after_change,1,1
8693,2026-02-14 21:23:39,Germany,ios,tiktok_ads,beginner,travel,high,new,after_change,1,1
8694,2026-02-11 17:23:14,Germany,android,organic,intermediate,self_development,low,new,after_change,0,0
8695,2026-02-07 08:37:58,Spain,android,paid_search,beginner,work,medium,new,after_change,0,0
8696,2026-02-13 06:43:51,Germany,android,organic,elementary,exam,medium,new,after_change,0,0
8697,2026-02-11 04:34:24,Spain,android,referral,intermediate,work,high,new,after_change,0,0
8698,2026-02-08 06:34:51,Germany,android,organic,elementary,work,medium,new,after_change,0,0
8699,2026-02-07 05:06:36,Germany,ios,instagram_ads,beginner,travel,high,new,after_change,1,1
8700,2026-02-12 15:39:33,Poland,ios,tiktok_ads,beginner,travel,high,new,after_change,0,0
8701,2026-02-08 19:10:34,Spain,ios,blog,beginner,work,low,new,after_change,0,0
8702,2026-02-03 13:27:19,Germany,android,paid_search,elementary,travel,medium,new,after_change,0,0
8703,2026-02-14 23:56:13,Brazil,ios,referral,intermediate,work,low,new,after_change,0,0
8704,2026-02-01 22:57:53,Germany,ios,tiktok_ads,beginner,self_development,medium,new,after_change,1,0
8705,2026-02-10 17:31:27,Poland,android,organic,beginner,travel,high,new,after_change,0,0
8706,2026-02-10 04:24:00,Germany,ios,paid_search,beginner,exam,medium,new,after_change,0,0
8707,2026-02-09 04:57:08,Brazil,ios,paid_search,elementary,travel,high,new,after_change,0,0
8708,2026-02-01 17:27:21,Italy,android,organic,beginner,exam,high,new,after_change,0,0
8709,2026-02-07 21:30:44,Germany,android,paid_search,intermediate,exam,high,new,after_change,1,1
8710,2026-02-13 11:52:25,Germany,android,organic,beginner,exam,low,new,after_change,1,0
8711,2026-02-04 08:29:02,Netherlands,ios,referral,beginner,travel,medium,new,after_change,1,0
8712,2026-02-10 16:21:43,Italy,android,paid_search,elementary,travel,low,new,after_change,0,0
8713,2026-02-13 00:32:28,Spain,android,organic,intermediate,travel,medium,new,after_change,0,0
8714,2026-02-14 07:56:21,Netherlands,ios,instagram_ads,beginner,self_development,high,new,after_change,0,0
8715,2026-02-08 05:25:22,Germany,ios,referral,intermediate,work,medium,new,after_change,0,0
8716,2026-02-05 09:27:57,Netherlands,ios,blog,beginner,exam,high,new,after_change,0,0
8717,2026-02-10 19:04:17,Germany,android,referral,elementary,travel,high,new,after_change,0,0
8718,2026-02-07 19:20:57,Netherlands,ios,referral,elementary,work,medium,new,after_change,0,0
8719,2026-02-09 18:42:05,Germany,android,paid_search,intermediate,work,high,new,after_change,1,0
8720,2026-02-11 09:12:28,Brazil,android,instagram_ads,elementary,travel,medium,new,after_change,0,0
8721,2026-02-10 22:39:19,Germany,android,paid_search,beginner,work,medium,new,after_change,0,0
8722,2026-02-04 09:34:25,Netherlands,ios,blog,elementary,travel,medium,new,after_change,0,0
8723,2026-02-11 13:56:51,Poland,android,organic,beginner,travel,low,new,after_change,0,0
8724,2026-02-08 14:03:40,Poland,android,instagram_ads,beginner,work,medium,new,after_change,0,0
8725,2026-02-14 00:44:15,Italy,ios,organic,beginner,self_development,medium,new,after_change,0,0
8726,2026-02-10 05:34:51,Brazil,android,referral,elementary,travel,medium,new,after_change,0,0
8727,2026-02-13 11:38:50,Netherlands,ios,paid_search,intermediate,travel,high,new,after_change,0,0
8728,2026-02-14 16:52:46,Germany,ios,referral,elementary,travel,low,new,after_change,1,1
8729,2026-02-14 22:09:16,Italy,ios,blog,beginner,self_development,medium,new,after_change,0,0
8730,2026-02-11 10:13:13,Netherlands,ios,organic,beginner,travel,medium,new,after_change,0,0
8731,2026-02-09 08:41:28,Spain,ios,tiktok_ads,intermediate,self_development,high,new,after_change,1,0
8732,2026-02-02 15:41:31,Spain,android,paid_search,beginner,work,low,new,after_change,0,0
8733,2026-02-06 09:44:15,Poland,android,paid_search,beginner,travel,medium,new,after_change,0,0
8734,2026-02-07 15:42:43,Poland,ios,paid_search,intermediate,work,high,new,after_change,0,0
8735,2026-02-11 22:15:23,Poland,android,instagram_ads,intermediate,work,medium,new,after_change,0,0
8736,2026-02-09 05:49:37,Brazil,android,paid_search,beginner,work,medium,new,after_change,0,0
8737,2026-02-07 03:32:52,Spain,ios,tiktok_ads,elementary,work,medium,new,after_change,0,0
8738,2026-02-03 01:15:55,Italy,ios,referral,elementary,self_development,high,new,after_change,1,0
8739,2026-02-11 00:30:36,Netherlands,ios,paid_search,beginner,exam,medium,new,after_change,0,0
8740,2026-02-07 01:08:26,Brazil,android,organic,intermediate,self_development,high,new,after_change,0,0
8741,2026-02-01 12:08:38,Netherlands,android,organic,beginner,self_development,high,new,after_change,0,0
8742,2026-02-04 23:25:33,Netherlands,android,paid_search,elementary,work,medium,new,after_change,0,0
8743,2026-02-13 07:29:54,Poland,ios,blog,beginner,self_development,medium,new,after_change,0,0
8744,2026-02-02 15:55:33,Brazil,android,paid_search,beginner,work,medium,new,after_change,0,0
8745,2026-02-06 16:27:53,Poland,android,tiktok_ads,beginner,work,low,new,after_change,0,0
8746,2026-02-08 04:02:45,Poland,ios,blog,beginner,exam,high,new,after_change,0,0
8747,2026-02-02 04:08:14,Brazil,ios,paid_search,intermediate,work,medium,new,after_change,1,0
8748,2026-02-03 07:39:09,Germany,ios,instagram_ads,elementary,work,medium,new,after_change,0,0
8749,2026-02-14 03:55:52,Brazil,android,referral,beginner,travel,medium,new,after_change,0,0
8750,2026-02-09 06:25:14,Netherlands,android,instagram_ads,beginner,self_development,high,new,after_change,0,0
8751,2026-02-03 22:40:27,Brazil,ios,organic,beginner,travel,medium,new,after_change,0,0
8752,2026-02-03 09:01:05,Italy,android,tiktok_ads,elementary,travel,medium,new,after_change,0,0
8753,2026-02-06 23:02:49,Germany,android,blog,elementary,travel,high,new,after_change,1,1
8754,2026-02-11 03:07:40,Spain,android,tiktok_ads,beginner,exam,high,new,after_change,0,0
8755,2026-02-11 05:24:45,Poland,android,tiktok_ads,elementary,travel,medium,new,after_change,0,0
8756,2026-02-03 17:36:04,Italy,android,tiktok_ads,beginner,self_development,medium,new,after_change,0,0
8757,2026-02-11 03:48:38,Spain,ios,instagram_ads,intermediate,work,high,new,after_change,0,0
8758,2026-02-13 13:09:06,Germany,ios,organic,elementary,self_development,high,new,after_change,1,0
8759,2026-02-04 04:02:58,Spain,android,blog,beginner,travel,medium,new,after_change,0,0
8760,2026-02-01 08:48:22,Brazil,android,organic,beginner,work,medium,new,after_change,0,0
8761,2026-02-14 10:11:13,Brazil,ios,referral,beginner,exam,medium,new,after_change,0,0
8762,2026-02-08 07:23:28,Germany,android,paid_search,intermediate,travel,medium,new,after_change,1,1
8763,2026-02-11 20:53:20,Spain,ios,tiktok_ads,intermediate,work,high,new,after_change,1,1
8764,2026-02-05 11:33:18,Netherlands,ios,referral,intermediate,self_development,high,new,after_change,0,0
8765,2026-02-05 04:31:14,Netherlands,android,referral,elementary,exam,medium,new,after_change,0,0
8766,2026-02-04 03:37:32,Netherlands,ios,organic,intermediate,self_development,high,new,after_change,0,0
8767,2026-02-04 00:55:08,Spain,ios,instagram_ads,beginner,work,medium,new,after_change,0,0
8768,2026-02-07 14:27:30,Spain,ios,organic,elementary,travel,medium,new,after_change,0,0
8769,2026-02-02 11:32:36,Spain,android,organic,beginner,self_development,medium,new,after_change,0,0
8770,2026-02-12 18:55:06,Italy,ios,instagram_ads,intermediate,self_development,high,new,after_change,0,0
8771,2026-02-08 03:46:20,Spain,ios,blog,intermediate,work,high,new,after_change,0,0
8772,2026-02-13 19:31:59,Netherlands,ios,blog,elementary,travel,medium,new,after_change,0,0
8773,2026-02-08 00:44:08,Brazil,ios,instagram_ads,elementary,travel,high,new,after_change,1,1
8774,2026-02-05 05:53:29,Poland,ios,referral,intermediate,self_development,high,new,after_change,0,0
8775,2026-02-08 05:00:40,Spain,ios,organic,beginner,travel,high,new,after_change,1,1
8776,2026-02-03 03:49:33,Spain,ios,organic,elementary,travel,medium,new,after_change,0,0
8777,2026-02-12 12:53:42,Poland,android,tiktok_ads,elementary,work,low,new,after_change,0,0
8778,2026-02-11 01:58:01,Germany,ios,referral,elementary,self_development,medium,new,after_change,0,0
8779,2026-02-03 01:26:35,Netherlands,ios,tiktok_ads,elementary,work,medium,new,after_change,0,0
8780,2026-02-09 03:33:05,Spain,android,organic,beginner,work,medium,new,after_change,0,0
8781,2026-02-08 12:45:57,Italy,ios,paid_search,beginner,exam,medium,new,after_change,1,0
8782,2026-02-03 19:32:29,Poland,ios,organic,intermediate,self_development,high,new,after_change,1,1
8783,2026-02-02 17:01:16,Germany,android,referral,elementary,work,low,new,after_change,0,0
8784,2026-02-11 15:27:33,Poland,android,paid_search,elementary,travel,low,new,after_change,0,0
8785,2026-02-04 16:43:05,Poland,android,paid_search,beginner,travel,medium,new,after_change,0,0
8786,2026-02-08 06:21:38,Brazil,android,instagram_ads,beginner,travel,high,new,after_change,0,0
8787,2026-02-04 11:13:50,Germany,android,organic,beginner,travel,medium,new,after_change,1,0
8788,2026-02-10 03:32:26,Germany,ios,paid_search,beginner,work,high,new,after_change,0,0
8789,2026-02-01 16:27:36,Netherlands,ios,tiktok_ads,beginner,travel,medium,new,after_change,1,0
8790,2026-02-06 00:44:16,Spain,android,paid_search,beginner,self_development,medium,new,after_change,0,0
8791,2026-02-08 15:48:44,Poland,ios,instagram_ads,beginner,travel,medium,new,after_change,0,0
8792,2026-02-07 03:32:12,Germany,android,blog,beginner,self_development,low,new,after_change,0,0
8793,2026-02-09 13:45:48,Netherlands,ios,organic,elementary,travel,low,new,after_change,0,0
8794,2026-02-03 12:35:41,Germany,ios,paid_search,elementary,work,high,new,after_change,0,0
8795,2026-02-07 04:26:46,Netherlands,android,tiktok_ads,elementary,self_development,medium,new,after_change,0,0
8796,2026-02-11 14:11:21,Germany,android,instagram_ads,intermediate,self_development,low,new,after_change,0,0
8797,2026-02-05 16:05:23,Spain,android,blog,elementary,travel,low,new,after_change,0,0
8798,2026-02-03 04:45:20,Germany,ios,organic,intermediate,self_development,medium,new,after_change,0,0
8799,2026-02-12 20:50:38,Netherlands,ios,referral,beginner,self_development,high,new,after_change,0,0
8800,2026-02-11 21:30:34,Spain,android,instagram_ads,beginner,work,medium,new,after_change,0,0
8801,2026-02-10 12:37:05,Poland,ios,organic,beginner,exam,medium,new,after_change,0,0
8802,2026-02-12 04:07:50,Germany,android,instagram_ads,intermediate,work,high,new,after_change,0,0
8803,2026-02-11 21:40:59,Brazil,android,paid_search,intermediate,work,low,new,after_change,0,0
8804,2026-02-11 10:51:28,Netherlands,ios,organic,beginner,travel,medium,new,after_change,0,0
8805,2026-02-08 03:10:05,Germany,ios,organic,intermediate,travel,low,new,after_change,0,0
8806,2026-02-01 06:31:33,Germany,android,paid_search,beginner,work,high,new,after_change,0,0
8807,2026-02-09 08:37:05,Spain,ios,instagram_ads,elementary,travel,low,new,after_change,0,0
8808,2026-02-04 19:46:21,Netherlands,ios,organic,beginner,travel,medium,new,after_change,1,0
8809,2026-02-11 19:49:43,Italy,android,organic,elementary,travel,high,new,after_change,0,0
8810,2026-02-07 13:21:41,Germany,ios,paid_search,beginner,exam,low,new,after_change,0,0
8811,2026-02-13 16:10:22,Poland,android,tiktok_ads,elementary,exam,low,new,after_change,0,0
8812,2026-02-09 08:06:10,Netherlands,ios,blog,beginner,self_development,medium,new,after_change,0,0
8813,2026-02-08 16:58:44,Netherlands,ios,organic,elementary,self_development,low,new,after_change,1,1
8814,2026-02-13 20:51:31,Brazil,android,blog,beginner,self_development,low,new,after_change,0,0
8815,2026-02-07 15:37:17,Italy,ios,tiktok_ads,elementary,travel,medium,new,after_change,0,0
8816,2026-02-06 06:12:12,Brazil,android,blog,beginner,work,high,new,after_change,1,0
8817,2026-02-06 04:49:45,Poland,ios,instagram_ads,beginner,work,medium,new,after_change,0,0
8818,2026-02-13 06:00:28,Germany,android,instagram_ads,elementary,travel,medium,new,after_change,0,0
8819,2026-02-11 14:06:28,Poland,android,referral,beginner,travel,medium,new,after_change,0,0
8820,2026-02-03 06:54:44,Italy,android,instagram_ads,beginner,self_development,high,new,after_change,0,0
8821,2026-02-07 21:28:35,Italy,android,referral,beginner,work,low,new,after_change,0,0
8822,2026-02-06 04:45:00,Spain,ios,referral,elementary,work,low,new,after_change,0,0
8823,2026-02-10 01:17:28,Poland,ios,instagram_ads,elementary,exam,medium,new,after_change,0,0
8824,2026-02-01 17:34:00,Germany,android,instagram_ads,beginner,self_development,low,new,after_change,0,0
8825,2026-02-10 23:56:43,Netherlands,android,instagram_ads,beginner,self_development,high,new,after_change,0,0
8826,2026-02-11 09:28:35,Spain,android,tiktok_ads,elementary,self_development,medium,new,after_change,0,0
8827,2026-02-04 04:07:53,Netherlands,android,tiktok_ads,intermediate,travel,medium,new,after_change,0,0
8828,2026-02-03 02:37:09,Spain,ios,tiktok_ads,beginner,exam,medium,new,after_change,1,0
8829,2026-02-09 18:51:06,Germany,ios,organic,beginner,travel,medium,new,after_change,1,0
8830,2026-02-04 14:21:31,Germany,ios,blog,elementary,self_development,medium,new,after_change,0,0
8831,2026-02-14 04:22:13,Germany,ios,paid_search,beginner,travel,medium,new,after_change,1,1
8832,2026-02-11 20:28:42,Spain,ios,organic,beginner,work,high,new,after_change,0,0
8833,2026-02-14 08:53:03,Poland,ios,organic,beginner,self_development,high,new,after_change,0,0
8834,2026-02-08 11:39:53,Poland,android,organic,intermediate,exam,medium,new,after_change,0,0
8835,2026-02-14 03:19:46,Poland,android,instagram_ads,elementary,travel,medium,new,after_change,0,0
8836,2026-02-01 04:41:41,Poland,ios,organic,beginner,travel,medium,new,after_change,1,0
8837,2026-02-05 01:25:05,Spain,android,organic,beginner,work,medium,new,after_change,0,0
8838,2026-02-01 00:45:03,Brazil,android,organic,beginner,work,low,new,after_change,0,0
8839,2026-02-10 11:39:33,Brazil,ios,organic,beginner,exam,high,new,after_change,1,0
8840,2026-02-08 03:34:55,Germany,android,blog,intermediate,travel,medium,new,after_change,0,0
8841,2026-02-05 00:39:25,Netherlands,android,instagram_ads,beginner,exam,low,new,after_change,0,0
8842,2026-02-05 06:27:54,Poland,android,organic,elementary,work,low,new,after_change,0,0
8843,2026-02-10 00:18:07,Netherlands,android,instagram_ads,intermediate,self_development,medium,new,after_change,0,0
8844,2026-02-03 12:35:04,Poland,ios,instagram_ads,beginner,exam,low,new,after_change,0,0
8845,2026-02-08 04:53:29,Germany,android,instagram_ads,beginner,self_development,high,new,after_change,0,0
8846,2026-02-09 14:10:03,Poland,ios,paid_search,beginner,travel,low,new,after_change,0,0
8847,2026-02-04 08:37:58,Germany,ios,tiktok_ads,elementary,self_development,low,new,after_change,0,0
8848,2026-02-04 04:45:16,Poland,ios,organic,beginner,self_development,medium,new,after_change,0,0
8849,2026-02-05 23:01:14,Germany,ios,organic,elementary,work,high,new,after_change,1,1
8850,2026-02-09 06:58:53,Brazil,ios,blog,beginner,self_development,high,new,after_change,1,0
8851,2026-02-04 13:28:35,Brazil,android,paid_search,beginner,exam,medium,new,after_change,0,0
8852,2026-02-06 07:26:00,Germany,ios,organic,beginner,self_development,medium,new,after_change,0,0
8853,2026-02-08 14:35:50,Spain,ios,organic,beginner,self_development,medium,new,after_change,0,0
8854,2026-02-03 14:44:48,Germany,ios,tiktok_ads,elementary,self_development,medium,new,after_change,0,0
8855,2026-02-08 23:09:35,Brazil,ios,organic,intermediate,travel,low,new,after_change,0,0
8856,2026-02-02 22:24:11,Italy,android,paid_search,intermediate,travel,low,new,after_change,1,0
8857,2026-02-02 23:53:33,Spain,android,paid_search,elementary,work,medium,new,after_change,1,0
8858,2026-02-04 07:35:06,Brazil,android,organic,beginner,exam,medium,new,after_change,0,0
8859,2026-02-05 00:16:03,Poland,android,instagram_ads,elementary,travel,medium,new,after_change,0,0
8860,2026-02-01 10:01:24,Brazil,ios,organic,beginner,work,medium,new,after_change,0,0
8861,2026-02-14 11:05:59,Poland,ios,instagram_ads,intermediate,travel,medium,new,after_change,1,1
8862,2026-02-05 07:31:50,Brazil,android,organic,elementary,self_development,low,new,after_change,0,0
8863,2026-02-12 06:21:06,Brazil,android,blog,beginner,exam,high,new,after_change,0,0
8864,2026-02-13 15:03:24,Germany,android,instagram_ads,elementary,travel,low,new,after_change,0,0
8865,2026-02-12 05:00:56,Germany,android,organic,beginner,travel,high,new,after_change,0,0
8866,2026-02-12 15:20:15,Netherlands,android,organic,elementary,self_development,medium,new,after_change,1,0
8867,2026-02-02 09:37:31,Poland,ios,tiktok_ads,beginner,work,low,new,after_change,1,1
8868,2026-02-06 04:59:35,Germany,ios,tiktok_ads,intermediate,exam,medium,new,after_change,1,1
8869,2026-02-11 10:43:05,Italy,android,paid_search,intermediate,self_development,low,new,after_change,0,0
8870,2026-02-09 01:28:48,Spain,android,organic,beginner,self_development,low,new,after_change,0,0
8871,2026-02-01 01:54:05,Spain,android,instagram_ads,elementary,travel,medium,new,after_change,0,0
8872,2026-02-08 22:37:59,Italy,android,paid_search,beginner,exam,high,new,after_change,0,0
8873,2026-02-12 06:18:58,Italy,ios,organic,intermediate,self_development,high,new,after_change,0,0
8874,2026-02-12 14:27:20,Brazil,ios,paid_search,elementary,travel,low,new,after_change,0,0
8875,2026-02-06 08:59:10,Germany,android,tiktok_ads,intermediate,exam,medium,new,after_change,0,0
8876,2026-02-04 07:23:36,Germany,android,paid_search,intermediate,self_development,medium,new,after_change,0,0
8877,2026-02-05 08:00:37,Germany,android,organic,beginner,travel,high,new,after_change,1,0
8878,2026-02-05 03:35:10,Poland,android,organic,beginner,work,high,new,after_change,0,0
8879,2026-02-05 20:26:59,Spain,android,instagram_ads,elementary,travel,medium,new,after_change,0,0
8880,2026-02-05 05:23:59,Netherlands,ios,instagram_ads,beginner,travel,high,new,after_change,0,0
8881,2026-02-07 09:37:04,Germany,ios,tiktok_ads,beginner,travel,medium,new,after_change,0,0
8882,2026-02-01 13:43:56,Brazil,ios,instagram_ads,elementary,work,low,new,after_change,1,0
8883,2026-02-04 20:28:01,Spain,ios,instagram_ads,elementary,work,medium,new,after_change,0,0
8884,2026-02-05 09:44:06,Brazil,android,instagram_ads,elementary,self_development,medium,new,after_change,0,0
8885,2026-02-03 03:31:20,Brazil,android,blog,beginner,self_development,high,new,after_change,0,0
8886,2026-02-13 06:58:44,Italy,android,referral,beginner,self_development,medium,new,after_change,0,0
8887,2026-02-10 10:57:46,Italy,ios,paid_search,beginner,self_development,medium,new,after_change,0,0
8888,2026-02-13 18:25:40,Netherlands,android,tiktok_ads,elementary,travel,high,new,after_change,0,0
8889,2026-02-08 20:41:22,Germany,ios,organic,elementary,work,medium,new,after_change,1,1
8890,2026-02-02 12:50:14,Italy,android,organic,elementary,self_development,medium,new,after_change,0,0
8891,2026-02-13 15:57:05,Italy,ios,paid_search,intermediate,self_development,low,new,after_change,0,0
8892,2026-02-07 09:54:27,Italy,android,tiktok_ads,intermediate,work,medium,new,after_change,0,0
8893,2026-02-10 13:58:09,Brazil,ios,blog,beginner,exam,low,new,after_change,1,1
8894,2026-02-06 08:07:59,Germany,android,tiktok_ads,elementary,self_development,medium,new,after_change,0,0
8895,2026-02-07 22:04:47,Poland,android,tiktok_ads,beginner,exam,high,new,after_change,1,0
8896,2026-02-07 20:25:28,Spain,android,organic,elementary,self_development,high,new,after_change,0,0
8897,2026-02-04 23:39:37,Spain,android,blog,beginner,self_development,low,new,after_change,0,0
8898,2026-02-08 18:23:08,Spain,ios,organic,beginner,exam,high,new,after_change,0,0
8899,2026-02-11 06:32:02,Brazil,ios,blog,intermediate,travel,low,new,after_change,0,0
8900,2026-02-01 06:48:24,Spain,ios,organic,elementary,self_development,low,new,after_change,0,0
8901,2026-02-02 19:59:08,Netherlands,ios,organic,beginner,self_development,low,new,after_change,0,0
8902,2026-02-12 18:59:36,Netherlands,ios,instagram_ads,intermediate,travel,medium,new,after_change,1,1
8903,2026-02-08 23:23:56,Brazil,android,organic,beginner,self_development,high,new,after_change,0,0
8904,2026-02-14 15:09:04,Germany,android,organic,beginner,travel,high,new,after_change,0,0
8905,2026-02-09 11:10:11,Italy,ios,tiktok_ads,beginner,self_development,medium,new,after_change,0,0
8906,2026-02-10 03:32:38,Spain,android,tiktok_ads,elementary,self_development,medium,new,after_change,0,0
8907,2026-02-13 14:04:06,Brazil,android,paid_search,elementary,travel,medium,new,after_change,0,0
8908,2026-02-10 05:54:43,Brazil,ios,instagram_ads,elementary,self_development,medium,new,after_change,0,0
8909,2026-02-05 14:45:11,Spain,android,instagram_ads,elementary,travel,low,new,after_change,0,0
8910,2026-02-08 09:24:04,Netherlands,android,organic,elementary,self_development,high,new,after_change,0,0
8911,2026-02-04 07:09:57,Germany,android,paid_search,beginner,exam,medium,new,after_change,0,0
8912,2026-02-05 16:18:57,Poland,android,tiktok_ads,beginner,work,medium,new,after_change,0,0
8913,2026-02-10 12:34:28,Germany,ios,referral,beginner,self_development,low,new,after_change,0,0
8914,2026-02-03 02:03:23,Italy,ios,paid_search,elementary,travel,low,new,after_change,0,0
8915,2026-02-10 09:47:04,Netherlands,android,tiktok_ads,intermediate,work,low,new,after_change,0,0
8916,2026-02-09 04:14:43,Germany,ios,instagram_ads,beginner,exam,low,new,after_change,0,0
8917,2026-02-05 07:37:01,Brazil,ios,tiktok_ads,beginner,travel,low,new,after_change,0,0
8918,2026-02-01 15:06:01,Spain,ios,referral,elementary,travel,low,new,after_change,0,0
8919,2026-02-10 20:45:14,Italy,android,instagram_ads,beginner,exam,medium,new,after_change,1,0
8920,2026-02-12 13:01:58,Poland,ios,organic,elementary,work,medium,new,after_change,0,0
8921,2026-02-11 05:18:17,Brazil,android,referral,elementary,work,high,new,after_change,0,0
8922,2026-02-06 21:25:34,Spain,android,instagram_ads,beginner,exam,low,new,after_change,0,0
8923,2026-02-10 03:35:16,Italy,ios,instagram_ads,beginner,work,medium,new,after_change,0,0
8924,2026-02-06 19:21:26,Netherlands,ios,instagram_ads,intermediate,travel,low,new,after_change,0,0
8925,2026-02-06 00:22:31,Brazil,android,organic,beginner,travel,high,new,after_change,0,0
8926,2026-02-05 13:55:45,Spain,android,instagram_ads,beginner,travel,medium,new,after_change,0,0
8927,2026-02-03 22:50:47,Spain,android,instagram_ads,beginner,exam,high,new,after_change,0,0
8928,2026-02-14 13:42:10,Poland,android,paid_search,elementary,travel,low,new,after_change,0,0
8929,2026-02-10 07:50:52,Netherlands,android,organic,elementary,self_development,low,new,after_change,1,1
8930,2026-02-03 10:46:19,Poland,android,tiktok_ads,elementary,travel,medium,new,after_change,0,0
8931,2026-02-13 02:39:10,Brazil,android,instagram_ads,elementary,travel,medium,new,after_change,0,0
8932,2026-02-03 02:50:21,Netherlands,android,tiktok_ads,beginner,self_development,high,new,after_change,0,0
8933,2026-02-09 07:28:33,Brazil,android,organic,beginner,travel,low,new,after_change,0,0
8934,2026-02-03 07:37:06,Poland,ios,instagram_ads,beginner,work,medium,new,after_change,0,0
8935,2026-02-06 01:22:26,Spain,android,organic,beginner,travel,high,new,after_change,0,0
8936,2026-02-10 05:15:54,Poland,android,tiktok_ads,elementary,self_development,low,new,after_change,0,0
8937,2026-02-14 23:42:17,Spain,ios,instagram_ads,elementary,travel,high,new,after_change,0,0
8938,2026-02-14 21:16:36,Netherlands,android,instagram_ads,intermediate,travel,high,new,after_change,0,0
8939,2026-02-13 12:54:34,Italy,ios,blog,elementary,exam,medium,new,after_change,0,0
8940,2026-02-04 07:07:10,Poland,android,paid_search,elementary,work,medium,new,after_change,1,0
8941,2026-02-02 07:25:05,Spain,android,paid_search,intermediate,self_development,low,new,after_change,0,0
8942,2026-02-13 16:17:14,Poland,ios,tiktok_ads,beginner,self_development,low,new,after_change,0,0
8943,2026-02-13 22:10:40,Germany,ios,instagram_ads,beginner,self_development,high,new,after_change,0,0
8944,2026-02-04 21:36:54,Germany,android,tiktok_ads,elementary,travel,high,new,after_change,0,0
8945,2026-02-01 06:26:36,Poland,ios,blog,elementary,exam,medium,new,after_change,0,0
8946,2026-02-10 01:41:39,Poland,ios,tiktok_ads,intermediate,travel,medium,new,after_change,0,0
8947,2026-02-02 01:33:58,Germany,android,organic,elementary,travel,low,new,after_change,0,0
8948,2026-02-01 13:36:27,Italy,ios,organic,intermediate,travel,high,new,after_change,1,0
8949,2026-02-14 02:52:53,Brazil,android,referral,beginner,work,high,new,after_change,0,0
8950,2026-02-07 22:32:23,Italy,ios,organic,intermediate,work,high,new,after_change,1,0
8951,2026-02-02 13:38:55,Poland,ios,instagram_ads,beginner,self_development,high,new,after_change,0,0
8952,2026-02-10 03:56:07,Italy,ios,blog,beginner,work,high,new,after_change,0,0
8953,2026-02-06 04:02:58,Poland,android,referral,beginner,travel,medium,new,after_change,0,0
8954,2026-02-08 12:12:12,Italy,android,organic,elementary,travel,low,new,after_change,0,0
8955,2026-02-13 14:01:08,Netherlands,ios,tiktok_ads,beginner,work,low,new,after_change,1,0
8956,2026-02-04 07:54:45,Germany,ios,paid_search,beginner,exam,high,new,after_change,0,0
8957,2026-02-10 01:13:27,Spain,android,blog,elementary,travel,high,new,after_change,1,0
8958,2026-02-12 14:22:29,Poland,android,instagram_ads,elementary,exam,medium,new,after_change,0,0
8959,2026-02-06 22:23:23,Germany,ios,instagram_ads,beginner,self_development,medium,new,after_change,1,0
8960,2026-02-14 13:57:57,Italy,ios,organic,elementary,travel,medium,new,after_change,0,0
8961,2026-02-07 06:37:52,Germany,android,organic,intermediate,self_development,medium,new,after_change,0,0
8962,2026-02-07 10:17:23,Poland,android,paid_search,elementary,self_development,low,new,after_change,0,0
8963,2026-02-13 09:05:23,Brazil,android,tiktok_ads,elementary,self_development,high,new,after_change,0,0
8964,2026-02-09 21:40:07,Poland,android,instagram_ads,intermediate,travel,high,new,after_change,0,0
8965,2026-02-13 03:53:07,Italy,android,referral,intermediate,travel,high,new,after_change,0,0
8966,2026-02-12 01:34:43,Spain,android,organic,beginner,exam,medium,new,after_change,0,0
8967,2026-02-10 23:21:19,Netherlands,android,paid_search,beginner,work,high,new,after_change,0,0
8968,2026-02-04 09:08:25,Germany,android,instagram_ads,beginner,travel,medium,new,after_change,0,0
8969,2026-02-06 14:00:40,Poland,ios,tiktok_ads,elementary,work,high,new,after_change,0,0
8970,2026-02-13 02:27:19,Poland,android,instagram_ads,intermediate,work,high,new,after_change,0,0
8971,2026-02-09 14:59:12,Spain,ios,paid_search,beginner,travel,low,new,after_change,0,0
8972,2026-02-04 22:08:51,Germany,android,organic,elementary,travel,low,new,after_change,1,1
8973,2026-02-05 13:59:25,Spain,android,tiktok_ads,beginner,self_development,medium,new,after_change,0,0
8974,2026-02-11 20:40:44,Germany,android,blog,elementary,work,low,new,after_change,0,0
8975,2026-02-03 11:52:13,Poland,ios,referral,intermediate,travel,high,new,after_change,0,0
8976,2026-02-02 13:39:55,Germany,android,tiktok_ads,elementary,self_development,low,new,after_change,0,0
8977,2026-02-11 17:04:37,Italy,ios,tiktok_ads,intermediate,self_development,medium,new,after_change,1,0
8978,2026-02-05 00:53:52,Italy,ios,referral,elementary,work,high,new,after_change,0,0
8979,2026-02-11 17:10:43,Italy,android,referral,elementary,travel,medium,new,after_change,0,0
8980,2026-02-08 11:17:46,Netherlands,ios,organic,intermediate,exam,medium,new,after_change,0,0
8981,2026-02-14 23:15:57,Germany,android,paid_search,elementary,exam,medium,new,after_change,0,0
8982,2026-02-08 08:22:25,Poland,android,referral,intermediate,self_development,low,new,after_change,0,0
8983,2026-02-13 03:28:30,Poland,android,referral,beginner,travel,medium,new,after_change,1,0
8984,2026-02-12 21:44:41,Italy,android,tiktok_ads,beginner,exam,low,new,after_change,0,0
8985,2026-02-03 23:13:36,Spain,ios,paid_search,beginner,travel,low,new,after_change,0,0
8986,2026-02-14 22:41:55,Germany,android,referral,intermediate,self_development,medium,new,after_change,0,0
8987,2026-02-11 10:35:21,Italy,ios,organic,beginner,travel,low,new,after_change,0,0
8988,2026-02-02 12:01:22,Poland,android,organic,intermediate,work,high,new,after_change,0,0
8989,2026-02-01 02:01:43,Germany,android,instagram_ads,elementary,exam,medium,new,after_change,0,0
8990,2026-02-04 19:11:11,Poland,android,instagram_ads,elementary,self_development,high,new,after_change,0,0
8991,2026-02-01 05:27:28,Germany,android,paid_search,elementary,exam,high,new,after_change,0,0
8992,2026-02-06 00:09:10,Brazil,android,instagram_ads,beginner,work,medium,new,after_change,0,0
8993,2026-02-14 22:46:40,Spain,android,tiktok_ads,beginner,self_development,high,new,after_change,0,0
8994,2026-02-07 16:54:59,Spain,android,organic,elementary,work,low,new,after_change,0,0
8995,2026-02-01 08:01:54,Germany,ios,paid_search,intermediate,work,low,new,after_change,1,1
8996,2026-02-07 21:57:13,Germany,ios,tiktok_ads,beginner,self_development,high,new,after_change,0,0
8997,2026-02-04 01:37:08,Brazil,android,blog,beginner,work,high,new,after_change,0,0
8998,2026-02-12 23:40:53,Germany,ios,referral,intermediate,exam,low,new,after_change,0,0
8999,2026-02-02 06:25:47,Brazil,android,organic,beginner,work,high,new,after_change,0,0
9000,2026-02-11 18:54:28,Brazil,android,instagram_ads,beginner,travel,low,new,after_change,0,0
9001,2026-02-07 05:50:44,Poland,android,referral,intermediate,work,medium,new,after_change,0,0
9002,2026-02-01 06:20:02,Netherlands,ios,organic,elementary,work,medium,new,after_change,1,0
9003,2026-02-10 10:10:23,Germany,ios,tiktok_ads,beginner,travel,high,new,after_change,0,0
9004,2026-02-07 08:53:14,Germany,ios,paid_search,intermediate,work,medium,new,after_change,0,0
9005,2026-02-11 19:14:33,Poland,ios,tiktok_ads,elementary,exam,low,new,after_change,0,0
9006,2026-02-09 15:40:22,Poland,ios,organic,beginner,travel,medium,new,after_change,0,0
9007,2026-02-12 00:31:04,Italy,android,paid_search,elementary,work,low,new,after_change,0,0
9008,2026-02-07 10:41:34,Italy,ios,paid_search,intermediate,work,medium,new,after_change,0,0
9009,2026-02-01 02:40:02,Netherlands,android,paid_search,elementary,travel,low,new,after_change,0,0
9010,2026-02-02 19:53:48,Italy,android,organic,elementary,travel,low,new,after_change,0,0
9011,2026-02-07 10:11:26,Brazil,ios,paid_search,beginner,exam,medium,new,after_change,0,0
9012,2026-02-06 13:33:04,Poland,android,instagram_ads,beginner,work,low,new,after_change,0,0
9013,2026-02-12 02:54:21,Italy,ios,organic,elementary,self_development,low,new,after_change,0,0
9014,2026-02-06 18:18:58,Poland,android,paid_search,beginner,exam,low,new,after_change,0,0
9015,2026-02-13 01:01:21,Spain,android,organic,intermediate,self_development,high,new,after_change,1,0
9016,2026-02-03 15:04:21,Spain,android,blog,beginner,travel,low,new,after_change,0,0
9017,2026-02-06 09:19:03,Spain,ios,organic,beginner,work,medium,new,after_change,0,0
9018,2026-02-11 14:07:09,Spain,ios,instagram_ads,beginner,work,medium,new,after_change,0,0
9019,2026-02-02 17:41:44,Poland,ios,paid_search,intermediate,work,low,new,after_change,0,0
9020,2026-02-05 11:59:26,Poland,android,paid_search,elementary,self_development,high,new,after_change,0,0
9021,2026-02-11 12:37:25,Germany,ios,referral,beginner,work,medium,new,after_change,1,0
9022,2026-02-09 05:53:59,Poland,android,tiktok_ads,elementary,travel,medium,new,after_change,0,0
9023,2026-02-11 21:25:52,Spain,ios,instagram_ads,elementary,exam,medium,new,after_change,0,0
9024,2026-02-08 05:17:07,Brazil,ios,organic,intermediate,travel,high,new,after_change,0,0
9025,2026-02-13 00:41:17,Spain,ios,paid_search,beginner,travel,high,new,after_change,0,0
9026,2026-02-13 06:48:55,Brazil,ios,paid_search,beginner,work,medium,new,after_change,0,0
9027,2026-02-14 15:27:06,Poland,android,paid_search,intermediate,travel,medium,new,after_change,0,0
9028,2026-02-02 16:59:49,Poland,ios,blog,elementary,exam,high,new,after_change,1,1
9029,2026-02-09 06:38:23,Poland,android,paid_search,elementary,work,high,new,after_change,0,0
9030,2026-02-02 14:23:32,Spain,android,paid_search,beginner,self_development,high,new,after_change,1,0
9031,2026-02-04 04:54:29,Netherlands,ios,organic,intermediate,work,medium,new,after_change,0,0
9032,2026-02-05 04:54:26,Germany,android,paid_search,intermediate,work,medium,new,after_change,0,0
9033,2026-02-10 01:06:16,Brazil,android,organic,beginner,work,high,new,after_change,0,0
9034,2026-02-07 00:53:17,Netherlands,android,paid_search,beginner,exam,medium,new,after_change,0,0
9035,2026-02-13 02:33:05,Netherlands,ios,blog,beginner,travel,medium,new,after_change,0,0
9036,2026-02-05 04:18:36,Italy,ios,instagram_ads,beginner,work,high,new,after_change,0,0
9037,2026-02-09 15:23:20,Spain,android,organic,elementary,travel,high,new,after_change,0,0
9038,2026-02-11 16:25:51,Poland,android,paid_search,beginner,work,high,new,after_change,0,0
9039,2026-02-14 17:23:02,Spain,ios,instagram_ads,elementary,self_development,medium,new,after_change,0,0
9040,2026-02-04 10:24:33,Brazil,ios,organic,beginner,exam,medium,new,after_change,1,1
9041,2026-02-11 06:29:26,Poland,ios,referral,beginner,work,high,new,after_change,1,0
9042,2026-02-02 04:29:03,Poland,android,instagram_ads,intermediate,travel,medium,new,after_change,1,0
9043,2026-02-08 14:35:34,Poland,ios,instagram_ads,beginner,work,low,new,after_change,0,0
9044,2026-02-06 19:02:12,Poland,android,tiktok_ads,intermediate,self_development,low,new,after_change,0,0
9045,2026-02-14 10:04:21,Germany,ios,organic,elementary,work,medium,new,after_change,0,0
9046,2026-02-11 19:51:19,Italy,android,organic,beginner,self_development,medium,new,after_change,1,0
9047,2026-02-13 23:33:22,Italy,ios,instagram_ads,elementary,work,low,new,after_change,0,0
9048,2026-02-12 21:47:19,Spain,ios,organic,intermediate,travel,high,new,after_change,1,0
9049,2026-02-06 17:59:07,Germany,ios,organic,intermediate,self_development,high,new,after_change,0,0
9050,2026-02-11 06:24:13,Spain,ios,blog,beginner,work,medium,new,after_change,0,0
9051,2026-02-01 10:14:13,Poland,android,referral,beginner,work,high,new,after_change,1,1
9052,2026-02-08 19:26:59,Italy,android,organic,elementary,self_development,low,new,after_change,0,0
9053,2026-02-01 15:53:34,Poland,ios,referral,beginner,self_development,medium,new,after_change,0,0
9054,2026-02-11 03:19:42,Spain,android,organic,beginner,self_development,low,new,after_change,0,0
9055,2026-02-14 12:49:07,Germany,ios,referral,intermediate,exam,medium,new,after_change,0,0
9056,2026-02-10 12:56:48,Brazil,ios,paid_search,elementary,work,high,new,after_change,0,0
9057,2026-02-12 18:13:08,Spain,ios,instagram_ads,elementary,work,low,new,after_change,0,0
9058,2026-02-04 06:44:49,Germany,android,tiktok_ads,elementary,work,medium,new,after_change,0,0
9059,2026-02-14 21:57:09,Germany,android,organic,beginner,travel,low,new,after_change,0,0
9060,2026-02-08 17:03:17,Germany,ios,blog,beginner,self_development,high,new,after_change,0,0
9061,2026-02-10 10:36:56,Germany,android,organic,elementary,travel,high,new,after_change,1,0
9062,2026-02-11 18:55:29,Poland,ios,blog,beginner,self_development,medium,new,after_change,0,0
9063,2026-02-09 22:54:11,Spain,ios,organic,elementary,travel,high,new,after_change,0,0
9064,2026-02-05 10:33:09,Spain,android,organic,beginner,travel,low,new,after_change,0,0
9065,2026-02-09 13:26:26,Netherlands,android,organic,beginner,travel,high,new,after_change,0,0
9066,2026-02-10 03:44:05,Italy,android,paid_search,beginner,work,high,new,after_change,0,0
9067,2026-02-13 00:03:56,Poland,ios,instagram_ads,beginner,travel,medium,new,after_change,0,0
9068,2026-02-07 17:46:38,Netherlands,ios,instagram_ads,intermediate,travel,medium,new,after_change,0,0
9069,2026-02-08 00:36:16,Poland,android,referral,elementary,exam,high,new,after_change,1,0
9070,2026-02-08 01:03:40,Poland,android,instagram_ads,intermediate,work,high,new,after_change,0,0
9071,2026-02-02 14:26:43,Netherlands,ios,instagram_ads,intermediate,travel,medium,new,after_change,0,0
9072,2026-02-02 06:15:30,Brazil,ios,paid_search,elementary,work,high,new,after_change,0,0
9073,2026-02-01 06:51:54,Brazil,android,tiktok_ads,beginner,travel,medium,new,after_change,0,0
9074,2026-02-10 07:50:56,Brazil,ios,blog,elementary,self_development,low,new,after_change,1,0
9075,2026-02-06 20:44:12,Spain,android,paid_search,beginner,self_development,high,new,after_change,0,0
9076,2026-02-13 02:52:15,Germany,android,paid_search,intermediate,work,high,new,after_change,0,0
9077,2026-02-10 19:57:06,Spain,ios,paid_search,intermediate,travel,medium,new,after_change,1,1
9078,2026-02-02 23:31:15,Spain,android,organic,elementary,travel,medium,new,after_change,0,0
9079,2026-02-02 09:37:28,Brazil,android,instagram_ads,beginner,exam,medium,new,after_change,0,0
9080,2026-02-06 03:00:41,Brazil,android,organic,beginner,travel,low,new,after_change,0,0
9081,2026-02-13 21:26:13,Germany,android,referral,beginner,exam,low,new,after_change,0,0
9082,2026-02-01 16:21:08,Spain,android,organic,beginner,travel,medium,new,after_change,0,0
9083,2026-02-03 14:58:00,Spain,ios,organic,intermediate,exam,high,new,after_change,0,0
9084,2026-02-01 09:57:22,Poland,ios,organic,beginner,work,high,new,after_change,1,1
9085,2026-02-06 18:59:28,Spain,android,paid_search,intermediate,travel,medium,new,after_change,1,1
9086,2026-02-14 20:31:30,Germany,ios,tiktok_ads,elementary,travel,high,new,after_change,1,1
9087,2026-02-10 13:43:41,Germany,android,blog,beginner,exam,low,new,after_change,0,0
9088,2026-02-07 21:48:23,Brazil,ios,paid_search,beginner,exam,medium,new,after_change,0,0
9089,2026-02-03 00:31:03,Germany,ios,organic,beginner,work,high,new,after_change,1,0
9090,2026-02-05 23:27:15,Brazil,ios,tiktok_ads,elementary,work,low,new,after_change,0,0
9091,2026-02-08 08:14:46,Brazil,android,tiktok_ads,elementary,exam,medium,new,after_change,0,0
9092,2026-02-04 20:21:31,Italy,android,tiktok_ads,beginner,travel,low,new,after_change,0,0
9093,2026-02-10 20:53:59,Netherlands,android,paid_search,beginner,exam,medium,new,after_change,0,0
9094,2026-02-14 17:17:03,Germany,ios,instagram_ads,beginner,self_development,medium,new,after_change,0,0
9095,2026-02-03 21:11:47,Spain,android,organic,beginner,travel,high,new,after_change,1,1
9096,2026-02-04 12:45:22,Poland,android,paid_search,elementary,self_development,medium,new,after_change,0,0
9097,2026-02-02 18:24:52,Germany,ios,blog,elementary,self_development,medium,new,after_change,1,1
9098,2026-02-11 03:50:16,Italy,android,organic,beginner,self_development,low,new,after_change,0,0
9099,2026-02-07 11:08:17,Brazil,android,paid_search,elementary,travel,low,new,after_change,0,0
9100,2026-02-04 23:20:33,Germany,ios,organic,beginner,self_development,low,new,after_change,0,0
9101,2026-02-04 01:38:46,Germany,ios,organic,elementary,travel,medium,new,after_change,0,0
9102,2026-02-01 23:41:04,Italy,android,blog,elementary,work,medium,new,after_change,0,0
9103,2026-02-07 15:59:19,Italy,ios,organic,elementary,work,medium,new,after_change,0,0
9104,2026-02-10 13:34:51,Poland,android,instagram_ads,beginner,travel,medium,new,after_change,0,0
9105,2026-02-04 06:58:11,Spain,android,referral,elementary,work,high,new,after_change,0,0
9106,2026-02-01 00:32:52,Poland,ios,organic,elementary,self_development,high,new,after_change,1,0
9107,2026-02-07 15:02:12,Germany,ios,organic,beginner,travel,high,new,after_change,1,0
9108,2026-02-10 11:03:05,Spain,android,paid_search,beginner,work,medium,new,after_change,0,0
9109,2026-02-05 19:55:08,Netherlands,ios,organic,elementary,self_development,high,new,after_change,0,0
9110,2026-02-04 12:07:35,Italy,ios,organic,beginner,travel,medium,new,after_change,0,0
9111,2026-02-03 03:50:31,Spain,ios,instagram_ads,elementary,self_development,high,new,after_change,0,0
9112,2026-02-11 10:41:27,Brazil,android,organic,beginner,self_development,medium,new,after_change,0,0
9113,2026-02-13 01:29:10,Germany,ios,tiktok_ads,beginner,travel,medium,new,after_change,1,1
9114,2026-02-11 18:38:09,Spain,ios,blog,elementary,work,medium,new,after_change,0,0
9115,2026-02-08 06:06:39,Germany,android,organic,beginner,travel,low,new,after_change,0,0
9116,2026-02-11 03:18:00,Poland,ios,organic,beginner,self_development,medium,new,after_change,0,0
9117,2026-02-06 13:21:50,Germany,android,organic,beginner,travel,high,new,after_change,0,0
9118,2026-02-01 08:13:35,Netherlands,ios,organic,intermediate,work,medium,new,after_change,1,1
9119,2026-02-06 03:30:20,Germany,android,paid_search,beginner,exam,low,new,after_change,0,0
9120,2026-02-10 20:27:19,Brazil,ios,instagram_ads,elementary,exam,medium,new,after_change,0,0
9121,2026-02-10 01:30:23,Spain,ios,organic,elementary,exam,medium,new,after_change,1,1
9122,2026-02-14 20:41:20,Spain,ios,paid_search,beginner,travel,low,new,after_change,0,0
9123,2026-02-14 23:09:33,Brazil,android,organic,beginner,exam,medium,new,after_change,0,0
9124,2026-02-04 09:31:19,Netherlands,android,tiktok_ads,beginner,exam,low,new,after_change,0,0
9125,2026-02-01 03:12:47,Italy,ios,paid_search,beginner,work,high,new,after_change,0,0
9126,2026-02-04 20:08:38,Spain,ios,tiktok_ads,intermediate,exam,low,new,after_change,0,0
9127,2026-02-13 06:22:58,Netherlands,ios,instagram_ads,elementary,travel,medium,new,after_change,1,1
9128,2026-02-12 09:20:41,Italy,ios,paid_search,intermediate,travel,medium,new,after_change,0,0
9129,2026-02-02 09:10:52,Spain,ios,instagram_ads,intermediate,travel,medium,new,after_change,0,0
9130,2026-02-03 05:53:35,Poland,android,organic,beginner,work,high,new,after_change,0,0
9131,2026-02-08 21:20:40,Italy,ios,tiktok_ads,elementary,travel,high,new,after_change,0,0
9132,2026-02-10 05:57:22,Poland,android,paid_search,elementary,travel,high,new,after_change,0,0
9133,2026-02-14 18:03:52,Brazil,ios,instagram_ads,elementary,work,medium,new,after_change,0,0
9134,2026-02-11 13:41:19,Poland,android,instagram_ads,intermediate,exam,medium,new,after_change,1,0
9135,2026-02-03 23:11:00,Brazil,ios,instagram_ads,beginner,work,low,new,after_change,0,0
9136,2026-02-01 12:29:09,Netherlands,ios,tiktok_ads,elementary,self_development,medium,new,after_change,0,0
9137,2026-02-09 20:53:41,Italy,android,organic,beginner,work,medium,new,after_change,1,0
9138,2026-02-08 18:03:50,Germany,ios,instagram_ads,intermediate,work,medium,new,after_change,0,0
9139,2026-02-13 21:42:33,Poland,android,organic,beginner,travel,low,new,after_change,0,0
9140,2026-02-09 01:29:41,Brazil,android,organic,beginner,self_development,high,new,after_change,1,0
9141,2026-02-08 00:25:00,Germany,android,organic,intermediate,exam,high,new,after_change,1,1
9142,2026-02-05 05:57:24,Netherlands,android,instagram_ads,beginner,travel,medium,new,after_change,0,0
9143,2026-02-02 04:59:10,Poland,ios,instagram_ads,elementary,travel,low,new,after_change,0,0
9144,2026-02-13 06:27:06,Brazil,ios,referral,elementary,travel,medium,new,after_change,0,0
9145,2026-02-12 13:33:26,Poland,android,instagram_ads,elementary,work,medium,new,after_change,0,0
9146,2026-02-03 06:41:02,Spain,ios,tiktok_ads,beginner,travel,high,new,after_change,0,0
9147,2026-02-10 20:30:27,Italy,android,referral,beginner,self_development,medium,new,after_change,0,0
9148,2026-02-06 02:22:09,Netherlands,ios,organic,beginner,work,low,new,after_change,0,0
9149,2026-02-07 02:50:38,Poland,android,tiktok_ads,beginner,self_development,medium,new,after_change,0,0
9150,2026-02-12 21:09:09,Germany,ios,paid_search,intermediate,travel,high,new,after_change,0,0
9151,2026-02-12 18:55:14,Brazil,ios,paid_search,elementary,work,low,new,after_change,0,0
9152,2026-02-03 16:03:21,Italy,android,blog,elementary,self_development,high,new,after_change,0,0
9153,2026-02-05 07:21:24,Germany,android,organic,beginner,travel,medium,new,after_change,0,0
9154,2026-02-12 11:58:54,Spain,ios,blog,intermediate,self_development,high,new,after_change,0,0
9155,2026-02-13 20:06:35,Poland,ios,referral,beginner,travel,low,new,after_change,0,0
9156,2026-02-02 02:34:02,Poland,android,referral,intermediate,work,low,new,after_change,0,0
9157,2026-02-12 16:05:15,Poland,ios,instagram_ads,intermediate,self_development,high,new,after_change,1,0
9158,2026-02-07 20:22:51,Poland,android,instagram_ads,intermediate,travel,low,new,after_change,0,0
9159,2026-02-09 06:20:41,Italy,android,paid_search,beginner,travel,low,new,after_change,0,0
9160,2026-02-02 01:18:39,Brazil,ios,paid_search,beginner,travel,medium,new,after_change,0,0
9161,2026-02-10 12:36:01,Netherlands,ios,referral,elementary,travel,low,new,after_change,0,0
9162,2026-02-10 11:46:32,Poland,ios,paid_search,beginner,work,medium,new,after_change,0,0
9163,2026-02-10 06:40:08,Poland,ios,instagram_ads,beginner,exam,high,new,after_change,0,0
9164,2026-02-12 01:38:31,Germany,android,blog,elementary,travel,medium,new,after_change,0,0
9165,2026-02-14 05:52:30,Spain,ios,paid_search,elementary,work,high,new,after_change,0,0
9166,2026-02-12 21:33:08,Brazil,android,referral,beginner,exam,high,new,after_change,0,0
9167,2026-02-11 10:14:50,Poland,android,paid_search,beginner,self_development,medium,new,after_change,0,0
9168,2026-02-14 17:42:14,Brazil,ios,organic,elementary,self_development,high,new,after_change,0,0
9169,2026-02-10 10:38:47,Poland,android,instagram_ads,beginner,self_development,medium,new,after_change,0,0
9170,2026-02-10 09:47:50,Poland,ios,instagram_ads,elementary,travel,medium,new,after_change,0,0
9171,2026-02-08 14:07:52,Germany,ios,referral,elementary,travel,high,new,after_change,0,0
9172,2026-02-11 18:24:17,Netherlands,android,organic,intermediate,exam,high,new,after_change,0,0
9173,2026-02-01 23:58:56,Brazil,ios,organic,elementary,travel,medium,new,after_change,0,0
9174,2026-02-08 01:56:05,Germany,ios,referral,elementary,travel,low,new,after_change,0,0
9175,2026-02-06 22:54:28,Brazil,ios,instagram_ads,intermediate,self_development,medium,new,after_change,0,0
9176,2026-02-13 18:40:46,Brazil,ios,instagram_ads,elementary,work,low,new,after_change,0,0
9177,2026-02-02 00:22:49,Poland,android,organic,elementary,work,low,new,after_change,0,0
9178,2026-02-10 00:18:10,Brazil,android,blog,beginner,work,medium,new,after_change,0,0
9179,2026-02-03 13:56:05,Germany,android,blog,elementary,travel,medium,new,after_change,0,0
9180,2026-02-13 08:52:23,Brazil,android,instagram_ads,beginner,travel,medium,new,after_change,1,0
9181,2026-02-12 22:13:22,Poland,android,organic,beginner,self_development,high,new,after_change,1,1
9182,2026-02-04 07:06:42,Brazil,ios,blog,elementary,travel,high,new,after_change,0,0
9183,2026-02-13 04:53:35,Spain,android,referral,beginner,work,high,new,after_change,1,1
9184,2026-02-07 22:54:14,Italy,ios,instagram_ads,beginner,travel,medium,new,after_change,1,0
9185,2026-02-14 14:16:14,Germany,ios,instagram_ads,elementary,travel,high,new,after_change,0,0
9186,2026-02-11 05:13:08,Spain,android,paid_search,elementary,travel,high,new,after_change,0,0
9187,2026-02-01 11:34:47,Spain,android,organic,elementary,travel,medium,new,after_change,0,0
9188,2026-02-03 20:06:52,Poland,android,tiktok_ads,elementary,exam,medium,new,after_change,0,0
9189,2026-02-06 15:36:32,Poland,ios,tiktok_ads,elementary,travel,medium,new,after_change,0,0
9190,2026-02-03 23:00:36,Germany,android,instagram_ads,intermediate,work,medium,new,after_change,0,0
9191,2026-02-02 20:29:48,Poland,ios,referral,beginner,exam,medium,new,after_change,0,0
9192,2026-02-14 16:37:20,Poland,ios,instagram_ads,beginner,work,medium,new,after_change,0,0
9193,2026-02-13 04:00:18,Italy,android,referral,beginner,travel,medium,new,after_change,0,0
9194,2026-02-07 02:01:44,Italy,ios,organic,elementary,travel,high,new,after_change,0,0
9195,2026-02-04 00:14:56,Poland,android,blog,beginner,travel,low,new,after_change,0,0
9196,2026-02-03 13:05:23,Germany,android,organic,elementary,travel,medium,new,after_change,0,0
9197,2026-02-13 19:41:58,Spain,android,organic,elementary,work,medium,new,after_change,1,1
9198,2026-02-05 15:22:18,Italy,ios,instagram_ads,intermediate,work,medium,new,after_change,0,0
9199,2026-02-01 04:13:58,Netherlands,ios,organic,intermediate,travel,low,new,after_change,1,0
9200,2026-02-06 13:31:06,Brazil,android,organic,beginner,travel,medium,new,after_change,0,0
9201,2026-02-07 08:39:29,Italy,android,tiktok_ads,beginner,exam,low,new,after_change,0,0
9202,2026-02-09 17:21:23,Poland,android,paid_search,elementary,travel,high,new,after_change,0,0
9203,2026-02-05 17:47:56,Poland,ios,referral,intermediate,work,low,new,after_change,0,0
9204,2026-02-13 22:07:58,Italy,ios,organic,beginner,self_development,low,new,after_change,0,0
9205,2026-02-10 00:13:44,Germany,android,paid_search,elementary,self_development,high,new,after_change,1,0
9206,2026-02-14 19:29:39,Poland,android,paid_search,beginner,work,high,new,after_change,1,0
9207,2026-02-06 03:19:03,Italy,android,instagram_ads,beginner,work,low,new,after_change,0,0
9208,2026-02-10 02:58:14,Germany,ios,paid_search,beginner,self_development,medium,new,after_change,0,0
9209,2026-02-06 02:45:15,Germany,ios,paid_search,elementary,exam,high,new,after_change,0,0
9210,2026-02-10 19:10:26,Poland,android,paid_search,elementary,work,medium,new,after_change,0,0
9211,2026-02-11 10:32:59,Brazil,android,organic,elementary,work,low,new,after_change,0,0
9212,2026-02-05 12:08:04,Germany,ios,instagram_ads,elementary,self_development,low,new,after_change,0,0
9213,2026-02-14 03:03:27,Germany,ios,instagram_ads,beginner,travel,high,new,after_change,0,0
9214,2026-02-13 00:00:19,Spain,android,paid_search,beginner,work,medium,new,after_change,0,0
9215,2026-02-13 12:33:04,Spain,ios,organic,intermediate,work,medium,new,after_change,0,0
9216,2026-02-04 01:10:48,Poland,ios,referral,beginner,work,high,new,after_change,0,0
9217,2026-02-11 01:11:52,Netherlands,android,organic,intermediate,travel,high,new,after_change,0,0
9218,2026-02-02 11:44:38,Poland,ios,blog,elementary,self_development,high,new,after_change,0,0
9219,2026-02-02 11:27:05,Germany,android,organic,elementary,travel,high,new,after_change,1,0
9220,2026-02-14 15:00:50,Spain,ios,blog,elementary,work,medium,new,after_change,1,0
9221,2026-02-03 03:22:26,Spain,android,paid_search,intermediate,self_development,high,new,after_change,0,0
9222,2026-02-13 02:21:02,Poland,android,instagram_ads,beginner,travel,medium,new,after_change,0,0
9223,2026-02-07 00:44:59,Italy,android,paid_search,elementary,work,medium,new,after_change,0,0
9224,2026-02-05 06:01:29,Spain,android,blog,beginner,work,high,new,after_change,0,0
9225,2026-02-02 00:41:43,Italy,android,paid_search,elementary,work,medium,new,after_change,0,0
9226,2026-02-10 10:51:26,Germany,ios,tiktok_ads,elementary,travel,high,new,after_change,0,0
9227,2026-02-11 02:22:02,Spain,ios,organic,beginner,exam,medium,new,after_change,0,0
9228,2026-02-07 12:55:05,Poland,ios,instagram_ads,beginner,exam,high,new,after_change,0,0
9229,2026-02-12 08:08:28,Spain,android,tiktok_ads,elementary,travel,medium,new,after_change,0,0
9230,2026-02-05 12:34:15,Italy,ios,instagram_ads,intermediate,work,medium,new,after_change,0,0
9231,2026-02-08 17:21:49,Germany,ios,tiktok_ads,elementary,work,medium,new,after_change,0,0
9232,2026-02-05 00:21:22,Poland,android,tiktok_ads,elementary,work,high,new,after_change,0,0
9233,2026-02-09 03:37:39,Germany,android,instagram_ads,intermediate,self_development,low,new,after_change,0,0
9234,2026-02-02 21:42:18,Germany,ios,organic,intermediate,work,medium,new,after_change,1,0
9235,2026-02-07 15:59:31,Brazil,android,paid_search,elementary,travel,medium,new,after_change,0,0
9236,2026-02-08 16:34:15,Italy,android,tiktok_ads,beginner,work,medium,new,after_change,1,1
9237,2026-02-08 18:59:54,Netherlands,android,paid_search,elementary,work,low,new,after_change,0,0
9238,2026-02-07 06:03:23,Netherlands,android,tiktok_ads,beginner,work,medium,new,after_change,0,0
9239,2026-02-10 00:14:24,Germany,ios,organic,intermediate,travel,medium,new,after_change,0,0
9240,2026-02-08 04:05:40,Germany,android,blog,beginner,travel,medium,new,after_change,0,0
9241,2026-02-04 23:10:03,Germany,ios,instagram_ads,elementary,self_development,medium,new,after_change,0,0
9242,2026-02-04 00:21:36,Poland,ios,instagram_ads,intermediate,travel,medium,new,after_change,1,1
9243,2026-02-10 01:38:04,Germany,ios,referral,elementary,travel,medium,new,after_change,0,0
9244,2026-02-14 03:22:23,Spain,android,referral,beginner,self_development,medium,new,after_change,0,0
9245,2026-02-11 13:04:20,Netherlands,android,organic,beginner,exam,medium,new,after_change,0,0
9246,2026-02-09 22:33:59,Netherlands,android,paid_search,elementary,travel,medium,new,after_change,0,0
9247,2026-02-13 21:38:05,Spain,android,instagram_ads,beginner,travel,high,new,after_change,0,0
9248,2026-02-13 14:15:56,Germany,android,paid_search,beginner,work,medium,new,after_change,0,0
9249,2026-02-08 02:10:27,Brazil,ios,paid_search,beginner,exam,medium,new,after_change,1,0
9250,2026-02-02 12:42:54,Poland,android,paid_search,elementary,travel,medium,new,after_change,1,0
9251,2026-02-09 21:07:09,Germany,android,organic,elementary,exam,medium,new,after_change,0,0
9252,2026-02-09 17:16:40,Poland,android,organic,beginner,travel,medium,new,after_change,1,0
9253,2026-02-04 21:11:29,Germany,android,paid_search,elementary,travel,high,new,after_change,0,0
9254,2026-02-12 21:25:09,Italy,android,organic,beginner,work,medium,new,after_change,0,0
9255,2026-02-13 04:18:13,Italy,android,instagram_ads,elementary,exam,high,new,after_change,0,0
9256,2026-02-05 15:11:21,Germany,ios,organic,intermediate,exam,high,new,after_change,1,1
9257,2026-02-07 16:13:27,Brazil,android,organic,beginner,travel,low,new,after_change,0,0
9258,2026-02-03 17:34:05,Spain,ios,referral,elementary,work,medium,new,after_change,0,0
9259,2026-02-03 11:55:34,Poland,ios,instagram_ads,beginner,travel,medium,new,after_change,0,0
9260,2026-02-04 17:02:49,Brazil,android,referral,beginner,travel,high,new,after_change,0,0
9261,2026-02-06 02:54:16,Netherlands,android,blog,elementary,work,high,new,after_change,0,0
9262,2026-02-04 19:42:20,Germany,android,instagram_ads,elementary,work,medium,new,after_change,0,0
9263,2026-02-03 02:56:57,Germany,android,referral,elementary,self_development,high,new,after_change,0,0
9264,2026-02-07 06:15:31,Netherlands,android,organic,intermediate,self_development,high,new,after_change,0,0
9265,2026-02-05 13:31:25,Netherlands,ios,tiktok_ads,elementary,work,low,new,after_change,0,0
9266,2026-02-08 11:16:21,Poland,ios,instagram_ads,beginner,self_development,medium,new,after_change,0,0
9267,2026-02-04 19:08:53,Poland,android,tiktok_ads,elementary,travel,high,new,after_change,1,0
9268,2026-02-10 20:29:49,Netherlands,ios,organic,elementary,self_development,low,new,after_change,1,0
9269,2026-02-10 01:54:00,Brazil,android,blog,elementary,travel,low,new,after_change,0,0
9270,2026-02-14 10:34:49,Italy,android,paid_search,beginner,work,high,new,after_change,0,0
9271,2026-02-01 17:49:07,Poland,ios,referral,intermediate,travel,high,new,after_change,1,1
9272,2026-02-12 22:39:18,Italy,ios,blog,elementary,work,high,new,after_change,1,1
9273,2026-02-05 18:21:44,Italy,ios,referral,elementary,exam,medium,new,after_change,1,0
9274,2026-02-01 22:11:28,Spain,android,paid_search,elementary,travel,medium,new,after_change,0,0
9275,2026-02-10 15:45:23,Poland,android,paid_search,elementary,self_development,medium,new,after_change,0,0
9276,2026-02-03 09:41:52,Netherlands,android,tiktok_ads,beginner,self_development,medium,new,after_change,0,0
9277,2026-02-03 11:05:07,Germany,android,instagram_ads,beginner,work,high,new,after_change,0,0
9278,2026-02-14 17:09:48,Netherlands,android,paid_search,elementary,travel,high,new,after_change,0,0
9279,2026-02-04 02:13:54,Spain,ios,tiktok_ads,elementary,exam,medium,new,after_change,0,0
9280,2026-02-08 15:50:48,Brazil,ios,blog,beginner,travel,medium,new,after_change,0,0
9281,2026-02-03 19:25:26,Germany,ios,paid_search,elementary,travel,medium,new,after_change,0,0
9282,2026-02-02 17:39:38,Poland,android,organic,intermediate,travel,high,new,after_change,1,0
9283,2026-02-01 00:18:40,Netherlands,ios,tiktok_ads,intermediate,work,low,new,after_change,0,0
9284,2026-02-01 05:23:33,Brazil,ios,instagram_ads,beginner,travel,medium,new,after_change,0,0
9285,2026-02-07 15:11:09,Germany,ios,blog,beginner,work,high,new,after_change,0,0
9286,2026-02-07 01:49:26,Brazil,ios,tiktok_ads,intermediate,work,medium,new,after_change,0,0
9287,2026-02-01 13:05:24,Germany,android,paid_search,intermediate,self_development,medium,new,after_change,1,0
9288,2026-02-05 21:27:46,Spain,android,tiktok_ads,beginner,self_development,medium,new,after_change,0,0
9289,2026-02-04 19:42:27,Spain,ios,referral,beginner,self_development,medium,new,after_change,1,1
9290,2026-02-08 23:57:49,Italy,android,paid_search,beginner,travel,medium,new,after_change,0,0
9291,2026-02-14 22:15:14,Spain,ios,organic,elementary,self_development,medium,new,after_change,0,0
9292,2026-02-10 16:23:28,Netherlands,ios,instagram_ads,elementary,exam,high,new,after_change,0,0
9293,2026-02-13 20:34:52,Poland,ios,organic,beginner,travel,medium,new,after_change,0,0
9294,2026-02-03 16:35:16,Spain,android,blog,elementary,work,high,new,after_change,0,0
9295,2026-02-04 00:15:55,Italy,android,organic,beginner,work,low,new,after_change,0,0
9296,2026-02-11 12:16:17,Germany,android,paid_search,beginner,work,low,new,after_change,0,0
9297,2026-02-05 08:09:38,Spain,android,blog,elementary,self_development,high,new,after_change,0,0
9298,2026-02-12 21:11:12,Germany,ios,organic,elementary,work,medium,new,after_change,0,0
9299,2026-02-07 11:48:17,Brazil,android,organic,beginner,travel,low,new,after_change,0,0
9300,2026-02-03 19:28:33,Italy,android,organic,beginner,exam,medium,new,after_change,1,0
9301,2026-02-12 19:43:22,Netherlands,ios,blog,beginner,self_development,medium,new,after_change,1,1
9302,2026-02-08 16:57:15,Netherlands,ios,blog,intermediate,work,high,new,after_change,1,0
9303,2026-02-12 05:41:20,Germany,ios,paid_search,intermediate,work,high,new,after_change,0,0
9304,2026-02-07 07:57:10,Italy,ios,tiktok_ads,elementary,self_development,high,new,after_change,0,0
9305,2026-02-02 18:25:01,Brazil,ios,tiktok_ads,intermediate,travel,low,new,after_change,0,0
9306,2026-02-10 12:49:41,Germany,ios,organic,elementary,work,medium,new,after_change,0,0
9307,2026-02-02 17:48:53,Italy,android,organic,beginner,self_development,medium,new,after_change,0,0
9308,2026-02-10 06:51:56,Spain,android,referral,elementary,self_development,low,new,after_change,1,0
9309,2026-02-06 20:01:19,Spain,android,organic,intermediate,travel,medium,new,after_change,0,0
9310,2026-02-12 01:57:14,Germany,android,instagram_ads,elementary,self_development,low,new,after_change,0,0
9311,2026-02-13 04:21:07,Germany,android,organic,intermediate,travel,low,new,after_change,0,0
9312,2026-02-06 16:52:37,Poland,ios,instagram_ads,elementary,work,high,new,after_change,0,0
9313,2026-02-13 08:22:50,Brazil,android,organic,intermediate,exam,low,new,after_change,0,0
9314,2026-02-02 13:15:43,Italy,android,organic,elementary,travel,medium,new,after_change,0,0
9315,2026-02-02 12:04:29,Germany,android,organic,intermediate,travel,medium,new,after_change,0,0
9316,2026-02-14 21:49:44,Netherlands,android,blog,intermediate,work,medium,new,after_change,1,1
9317,2026-02-09 00:57:49,Poland,ios,organic,beginner,travel,high,new,after_change,1,0
9318,2026-02-07 07:26:22,Netherlands,android,paid_search,elementary,work,low,new,after_change,0,0
9319,2026-02-03 04:18:24,Brazil,ios,paid_search,beginner,exam,high,new,after_change,0,0
9320,2026-02-05 01:06:11,Brazil,ios,paid_search,intermediate,exam,medium,new,after_change,0,0
9321,2026-02-10 14:32:22,Netherlands,android,referral,elementary,self_development,medium,new,after_change,1,1
9322,2026-02-12 12:05:44,Poland,android,paid_search,beginner,self_development,medium,new,after_change,0,0
9323,2026-02-13 19:55:17,Spain,ios,instagram_ads,beginner,self_development,high,new,after_change,0,0
9324,2026-02-06 16:59:54,Brazil,ios,instagram_ads,beginner,work,high,new,after_change,0,0
9325,2026-02-07 08:48:08,Netherlands,android,referral,beginner,travel,medium,new,after_change,0,0
9326,2026-02-03 06:52:05,Spain,ios,referral,beginner,exam,medium,new,after_change,1,1
9327,2026-02-02 03:54:56,Germany,android,organic,intermediate,self_development,medium,new,after_change,1,1
9328,2026-02-07 03:07:03,Italy,android,tiktok_ads,elementary,self_development,medium,new,after_change,0,0
9329,2026-02-09 02:37:45,Germany,android,referral,intermediate,exam,medium,new,after_change,0,0
9330,2026-02-02 11:03:00,Germany,ios,blog,beginner,self_development,low,new,after_change,0,0
9331,2026-02-06 17:15:41,Netherlands,android,blog,beginner,work,high,new,after_change,1,1
9332,2026-02-09 23:33:54,Germany,android,tiktok_ads,intermediate,work,medium,new,after_change,0,0
9333,2026-02-12 08:27:43,Germany,ios,paid_search,elementary,travel,medium,new,after_change,1,1
9334,2026-02-14 03:19:54,Germany,android,paid_search,beginner,exam,high,new,after_change,0,0
9335,2026-02-05 18:21:20,Germany,android,referral,intermediate,work,high,new,after_change,0,0
9336,2026-02-06 11:37:12,Spain,ios,blog,beginner,travel,low,new,after_change,0,0
9337,2026-02-13 05:57:55,Poland,android,organic,beginner,travel,high,new,after_change,0,0
9338,2026-02-10 16:56:19,Spain,android,instagram_ads,elementary,work,medium,new,after_change,0,0
9339,2026-02-04 19:57:48,Spain,android,organic,elementary,work,high,new,after_change,0,0
9340,2026-02-10 14:12:28,Netherlands,android,paid_search,elementary,self_development,high,new,after_change,0,0
9341,2026-02-03 04:55:33,Spain,ios,paid_search,beginner,self_development,medium,new,after_change,0,0
9342,2026-02-07 06:52:40,Spain,android,paid_search,beginner,travel,medium,new,after_change,0,0
9343,2026-02-05 06:58:38,Spain,android,tiktok_ads,beginner,work,medium,new,after_change,0,0
9344,2026-02-14 21:31:38,Spain,ios,organic,beginner,travel,high,new,after_change,0,0
9345,2026-02-01 11:43:54,Spain,ios,instagram_ads,beginner,travel,medium,new,after_change,0,0
9346,2026-02-12 23:52:24,Germany,android,instagram_ads,elementary,exam,low,new,after_change,0,0
9347,2026-02-04 22:29:55,Italy,android,referral,intermediate,exam,medium,new,after_change,0,0
9348,2026-02-01 12:10:16,Italy,ios,organic,intermediate,travel,low,new,after_change,1,0
9349,2026-02-10 05:47:58,Poland,ios,paid_search,elementary,work,high,new,after_change,0,0
9350,2026-02-10 11:49:09,Germany,android,tiktok_ads,beginner,self_development,medium,new,after_change,0,0
9351,2026-02-02 23:48:25,Poland,ios,tiktok_ads,elementary,travel,medium,new,after_change,0,0
9352,2026-02-01 12:52:38,Brazil,android,paid_search,intermediate,self_development,low,new,after_change,0,0
9353,2026-02-02 13:25:07,Germany,android,instagram_ads,beginner,travel,medium,new,after_change,1,0
9354,2026-02-06 17:22:48,Italy,android,blog,beginner,work,high,new,after_change,0,0
9355,2026-02-02 20:28:53,Poland,ios,paid_search,beginner,work,medium,new,after_change,0,0
9356,2026-02-10 20:13:20,Germany,android,organic,elementary,travel,low,new,after_change,0,0
9357,2026-02-02 02:03:26,Italy,android,blog,intermediate,travel,low,new,after_change,0,0
9358,2026-02-12 01:04:33,Germany,android,referral,elementary,travel,low,new,after_change,0,0
9359,2026-02-13 05:52:38,Brazil,ios,organic,elementary,travel,medium,new,after_change,1,0
9360,2026-02-11 00:51:43,Germany,android,referral,elementary,work,high,new,after_change,0,0
9361,2026-02-14 05:13:21,Germany,android,paid_search,intermediate,travel,high,new,after_change,0,0
9362,2026-02-14 03:34:53,Italy,android,referral,beginner,travel,medium,new,after_change,0,0
9363,2026-02-01 15:38:40,Brazil,ios,instagram_ads,elementary,work,high,new,after_change,0,0
9364,2026-02-05 18:53:57,Germany,android,instagram_ads,intermediate,work,medium,new,after_change,1,0
9365,2026-02-11 15:23:02,Poland,ios,blog,intermediate,exam,medium,new,after_change,0,0
9366,2026-02-05 18:07:08,Poland,ios,referral,beginner,work,high,new,after_change,0,0
9367,2026-02-11 07:40:58,Italy,android,organic,beginner,self_development,high,new,after_change,0,0
9368,2026-02-11 20:09:54,Italy,android,tiktok_ads,intermediate,travel,low,new,after_change,1,0
9369,2026-02-14 22:57:41,Italy,android,referral,intermediate,self_development,medium,new,after_change,1,0
9370,2026-02-05 14:50:07,Netherlands,ios,instagram_ads,beginner,work,medium,new,after_change,0,0
9371,2026-02-05 20:53:04,Spain,ios,paid_search,beginner,self_development,low,new,after_change,0,0
9372,2026-02-01 08:09:21,Italy,ios,organic,beginner,travel,low,new,after_change,0,0
9373,2026-02-04 23:55:51,Germany,ios,blog,elementary,self_development,medium,new,after_change,1,1
9374,2026-02-04 22:15:28,Germany,android,paid_search,beginner,self_development,medium,new,after_change,0,0
9375,2026-02-07 08:14:08,Spain,ios,instagram_ads,beginner,travel,high,new,after_change,0,0
9376,2026-02-06 21:30:59,Spain,ios,instagram_ads,elementary,work,low,new,after_change,0,0
9377,2026-02-12 23:48:33,Netherlands,android,organic,beginner,travel,high,new,after_change,0,0
9378,2026-02-11 19:59:36,Italy,ios,organic,intermediate,travel,high,new,after_change,0,0
9379,2026-02-11 04:48:26,Brazil,ios,organic,beginner,work,high,new,after_change,0,0
9380,2026-02-01 01:45:05,Brazil,android,organic,beginner,work,high,new,after_change,0,0
9381,2026-02-07 14:27:56,Spain,ios,referral,intermediate,work,high,new,after_change,1,0
9382,2026-02-11 05:08:42,Poland,android,organic,beginner,work,medium,new,after_change,0,0
9383,2026-02-04 10:10:23,Germany,android,organic,beginner,work,high,new,after_change,0,0
9384,2026-02-06 22:45:00,Germany,android,instagram_ads,beginner,travel,medium,new,after_change,0,0
9385,2026-02-11 04:16:38,Netherlands,ios,referral,elementary,travel,low,new,after_change,0,0
9386,2026-02-12 02:57:55,Brazil,ios,organic,elementary,work,high,new,after_change,0,0
9387,2026-02-12 23:07:15,Spain,android,organic,intermediate,travel,medium,new,after_change,1,0
9388,2026-02-07 00:25:01,Spain,ios,tiktok_ads,intermediate,self_development,high,new,after_change,0,0
9389,2026-02-06 14:23:01,Germany,ios,instagram_ads,beginner,exam,medium,new,after_change,0,0
9390,2026-02-06 08:35:22,Netherlands,ios,instagram_ads,beginner,self_development,high,new,after_change,1,0
9391,2026-02-10 08:38:40,Spain,ios,organic,elementary,work,low,new,after_change,0,0
9392,2026-02-06 20:58:06,Brazil,ios,referral,intermediate,travel,high,new,after_change,0,0
9393,2026-02-06 14:28:16,Italy,android,instagram_ads,beginner,travel,high,new,after_change,1,0
9394,2026-02-03 08:32:27,Poland,android,referral,beginner,work,medium,new,after_change,1,1
9395,2026-02-07 16:46:25,Germany,android,blog,beginner,self_development,medium,new,after_change,1,0
9396,2026-02-04 07:43:44,Netherlands,ios,tiktok_ads,intermediate,work,medium,new,after_change,0,0
9397,2026-02-08 08:22:11,Germany,ios,organic,beginner,self_development,high,new,after_change,1,1
9398,2026-02-13 10:35:25,Germany,android,tiktok_ads,elementary,self_development,medium,new,after_change,0,0
9399,2026-02-11 20:38:37,Poland,android,instagram_ads,beginner,work,low,new,after_change,0,0
9400,2026-02-07 16:37:34,Germany,android,organic,elementary,work,medium,new,after_change,0,0
9401,2026-02-14 16:26:31,Spain,ios,paid_search,beginner,travel,high,new,after_change,1,0
9402,2026-02-14 17:21:20,Italy,ios,organic,elementary,exam,low,new,after_change,0,0
9403,2026-02-07 05:18:25,Poland,android,blog,beginner,work,medium,new,after_change,0,0
9404,2026-02-11 16:32:13,Italy,ios,referral,beginner,travel,medium,new,after_change,0,0
9405,2026-02-05 19:01:04,Italy,ios,tiktok_ads,beginner,self_development,high,new,after_change,0,0
9406,2026-02-13 07:13:29,Spain,ios,tiktok_ads,intermediate,self_development,high,new,after_change,1,0
9407,2026-02-06 05:31:35,Netherlands,ios,instagram_ads,elementary,self_development,medium,new,after_change,0,0
9408,2026-02-04 14:46:56,Spain,android,referral,beginner,travel,medium,new,after_change,0,0
9409,2026-02-02 20:59:12,Netherlands,android,organic,beginner,self_development,medium,new,after_change,0,0
9410,2026-02-12 19:07:34,Spain,android,paid_search,beginner,exam,medium,new,after_change,0,0
9411,2026-02-05 03:46:17,Germany,ios,instagram_ads,beginner,travel,high,new,after_change,0,0
9412,2026-02-12 09:16:30,Germany,android,referral,intermediate,travel,low,new,after_change,0,0
9413,2026-02-02 05:02:46,Poland,android,referral,beginner,travel,high,new,after_change,0,0
9414,2026-02-08 00:17:48,Germany,android,blog,elementary,travel,low,new,after_change,0,0
9415,2026-02-06 23:46:20,Netherlands,android,tiktok_ads,elementary,exam,medium,new,after_change,0,0
9416,2026-02-07 03:26:36,Poland,android,organic,intermediate,self_development,low,new,after_change,1,0
9417,2026-02-03 08:13:55,Poland,ios,organic,elementary,self_development,medium,new,after_change,0,0
9418,2026-02-02 00:49:07,Spain,android,paid_search,beginner,travel,high,new,after_change,0,0
9419,2026-02-05 20:23:33,Germany,android,tiktok_ads,beginner,exam,low,new,after_change,0,0
9420,2026-02-07 13:59:53,Italy,android,instagram_ads,beginner,travel,low,new,after_change,0,0
9421,2026-02-12 02:38:31,Brazil,android,organic,beginner,travel,medium,new,after_change,0,0
9422,2026-02-07 11:23:05,Spain,ios,instagram_ads,beginner,self_development,medium,new,after_change,0,0
9423,2026-02-04 10:37:54,Italy,android,referral,intermediate,self_development,medium,new,after_change,0,0
9424,2026-02-04 16:11:47,Germany,ios,organic,beginner,self_development,medium,new,after_change,1,0
9425,2026-02-09 13:35:47,Brazil,android,tiktok_ads,elementary,work,low,new,after_change,1,0
9426,2026-02-07 02:22:51,Germany,ios,paid_search,beginner,exam,medium,new,after_change,1,0
9427,2026-02-13 14:47:49,Germany,ios,instagram_ads,beginner,work,low,new,after_change,0,0
9428,2026-02-07 03:45:47,Spain,android,tiktok_ads,beginner,exam,medium,new,after_change,0,0
9429,2026-02-08 22:29:17,Netherlands,android,organic,beginner,travel,low,new,after_change,0,0
9430,2026-02-01 21:28:18,Spain,android,tiktok_ads,beginner,travel,low,new,after_change,0,0
9431,2026-02-03 17:06:51,Netherlands,ios,tiktok_ads,intermediate,self_development,medium,new,after_change,0,0
9432,2026-02-12 21:39:21,Poland,ios,paid_search,elementary,work,medium,new,after_change,0,0
9433,2026-02-05 19:50:29,Poland,ios,referral,beginner,self_development,medium,new,after_change,0,0
9434,2026-02-06 21:27:36,Germany,ios,referral,beginner,travel,medium,new,after_change,0,0
9435,2026-02-09 06:21:50,Poland,android,instagram_ads,intermediate,self_development,high,new,after_change,0,0
9436,2026-02-01 19:26:23,Germany,android,organic,beginner,self_development,low,new,after_change,0,0
9437,2026-02-08 02:13:16,Netherlands,ios,paid_search,beginner,travel,high,new,after_change,1,1
9438,2026-02-05 20:18:55,Spain,android,paid_search,intermediate,work,high,new,after_change,1,1
9439,2026-02-03 01:56:10,Poland,ios,paid_search,elementary,self_development,medium,new,after_change,0,0
9440,2026-02-06 20:33:40,Germany,ios,tiktok_ads,beginner,travel,medium,new,after_change,0,0
9441,2026-02-07 06:07:24,Netherlands,ios,blog,elementary,travel,medium,new,after_change,1,0
9442,2026-02-03 14:36:20,Germany,ios,organic,beginner,travel,medium,new,after_change,1,0
9443,2026-02-08 14:28:13,Germany,android,tiktok_ads,elementary,travel,low,new,after_change,0,0
9444,2026-02-11 10:42:59,Netherlands,android,instagram_ads,beginner,travel,medium,new,after_change,1,0
9445,2026-02-04 17:49:25,Spain,android,tiktok_ads,intermediate,travel,low,new,after_change,0,0
9446,2026-02-14 12:45:15,Poland,android,referral,elementary,travel,high,new,after_change,0,0
9447,2026-02-09 13:46:54,Netherlands,android,paid_search,beginner,self_development,high,new,after_change,0,0
9448,2026-02-11 19:45:21,Netherlands,android,instagram_ads,elementary,travel,high,new,after_change,1,0
9449,2026-02-01 23:34:25,Poland,android,paid_search,beginner,travel,low,new,after_change,0,0
9450,2026-02-11 17:52:10,Poland,android,paid_search,intermediate,self_development,medium,new,after_change,1,0
9451,2026-02-05 17:05:59,Italy,android,instagram_ads,beginner,self_development,medium,new,after_change,0,0
9452,2026-02-10 22:36:29,Germany,ios,organic,beginner,work,low,new,after_change,1,1
9453,2026-02-12 06:14:13,Brazil,ios,organic,elementary,work,medium,new,after_change,0,0
9454,2026-02-04 12:08:02,Poland,android,organic,beginner,work,low,new,after_change,0,0
9455,2026-02-04 15:07:10,Germany,android,organic,beginner,self_development,high,new,after_change,0,0
9456,2026-02-01 19:59:53,Germany,android,paid_search,elementary,self_development,low,new,after_change,0,0
9457,2026-02-09 11:20:21,Germany,android,organic,elementary,travel,medium,new,after_change,1,0
9458,2026-02-11 20:04:30,Brazil,android,organic,beginner,work,high,new,after_change,0,0
9459,2026-02-06 17:46:11,Spain,android,tiktok_ads,elementary,exam,high,new,after_change,0,0
9460,2026-02-03 06:05:30,Netherlands,android,tiktok_ads,elementary,self_development,medium,new,after_change,0,0
9461,2026-02-05 10:19:50,Netherlands,ios,blog,intermediate,travel,medium,new,after_change,0,0
9462,2026-02-06 15:21:20,Netherlands,android,blog,elementary,self_development,high,new,after_change,0,0
9463,2026-02-13 19:49:12,Germany,ios,referral,elementary,self_development,high,new,after_change,0,0
9464,2026-02-02 17:40:13,Poland,ios,tiktok_ads,intermediate,work,medium,new,after_change,0,0
9465,2026-02-05 19:20:09,Netherlands,android,paid_search,beginner,work,high,new,after_change,0,0
9466,2026-02-09 22:23:19,Germany,ios,organic,beginner,work,low,new,after_change,0,0
9467,2026-02-04 07:31:23,Germany,android,blog,elementary,self_development,low,new,after_change,0,0
9468,2026-02-13 09:16:16,Spain,android,blog,beginner,work,high,new,after_change,0,0
9469,2026-02-13 17:31:30,Italy,android,instagram_ads,elementary,self_development,low,new,after_change,0,0
9470,2026-02-06 07:42:59,Spain,ios,instagram_ads,beginner,self_development,medium,new,after_change,0,0
9471,2026-02-11 10:38:14,Germany,android,organic,elementary,exam,high,new,after_change,0,0
9472,2026-02-11 13:59:21,Germany,android,organic,elementary,travel,low,new,after_change,0,0
9473,2026-02-10 13:05:04,Germany,android,instagram_ads,intermediate,work,high,new,after_change,0,0
9474,2026-02-03 14:39:33,Spain,android,organic,beginner,travel,medium,new,after_change,0,0
9475,2026-02-01 16:38:37,Poland,android,instagram_ads,intermediate,travel,medium,new,after_change,0,0
9476,2026-02-05 20:40:00,Brazil,android,referral,beginner,exam,low,new,after_change,0,0
9477,2026-02-02 20:05:05,Poland,android,referral,elementary,work,high,new,after_change,0,0
9478,2026-02-05 02:13:16,Germany,android,referral,elementary,travel,medium,new,after_change,0,0
9479,2026-02-09 22:28:56,Brazil,ios,organic,beginner,exam,low,new,after_change,0,0
9480,2026-02-09 05:50:15,Poland,android,paid_search,intermediate,travel,low,new,after_change,0,0
9481,2026-02-03 22:22:09,Netherlands,ios,instagram_ads,beginner,self_development,high,new,after_change,0,0
9482,2026-02-01 05:57:02,Poland,ios,instagram_ads,beginner,exam,high,new,after_change,0,0
9483,2026-02-04 03:48:51,Germany,ios,blog,elementary,travel,high,new,after_change,1,0
9484,2026-02-07 08:48:49,Brazil,ios,paid_search,elementary,self_development,high,new,after_change,1,1
9485,2026-02-11 21:47:25,Netherlands,ios,organic,elementary,travel,low,new,after_change,1,1
9486,2026-02-06 02:41:16,Germany,android,paid_search,beginner,travel,high,new,after_change,1,0
9487,2026-02-05 00:04:14,Poland,android,instagram_ads,beginner,work,low,new,after_change,0,0
9488,2026-02-08 17:15:12,Spain,android,paid_search,beginner,travel,high,new,after_change,0,0
9489,2026-02-02 00:03:12,Germany,ios,paid_search,elementary,self_development,high,new,after_change,0,0
9490,2026-02-04 03:45:03,Poland,android,paid_search,elementary,self_development,medium,new,after_change,0,0
9491,2026-02-01 12:14:28,Poland,ios,paid_search,intermediate,self_development,medium,new,after_change,0,0
9492,2026-02-08 08:36:25,Italy,android,tiktok_ads,beginner,work,high,new,after_change,0,0
9493,2026-02-07 04:54:28,Italy,ios,organic,elementary,travel,low,new,after_change,0,0
9494,2026-02-09 03:44:13,Germany,android,referral,intermediate,work,high,new,after_change,1,0
9495,2026-02-09 15:21:18,Netherlands,android,tiktok_ads,beginner,travel,low,new,after_change,0,0
9496,2026-02-06 12:45:38,Italy,ios,organic,beginner,self_development,high,new,after_change,1,0
9497,2026-02-13 03:56:43,Germany,ios,organic,intermediate,travel,medium,new,after_change,0,0
9498,2026-02-13 20:31:56,Brazil,ios,organic,beginner,travel,medium,new,after_change,1,0
9499,2026-02-02 13:13:48,Italy,ios,organic,elementary,exam,medium,new,after_change,1,0
9500,2026-02-13 21:09:39,Germany,android,tiktok_ads,beginner,exam,medium,new,after_change,0,0
9501,2026-02-03 18:04:55,Italy,android,blog,beginner,self_development,high,new,after_change,0,0
9502,2026-02-04 11:27:56,Brazil,android,organic,elementary,self_development,high,new,after_change,0,0
9503,2026-02-08 10:00:46,Italy,android,paid_search,beginner,work,medium,new,after_change,0,0
9504,2026-02-01 09:52:47,Netherlands,ios,referral,intermediate,self_development,medium,new,after_change,0,0
9505,2026-02-06 02:20:25,Netherlands,android,instagram_ads,beginner,self_development,low,new,after_change,0,0
9506,2026-02-03 17:23:00,Poland,android,paid_search,beginner,self_development,high,new,after_change,1,0
9507,2026-02-07 18:07:57,Germany,ios,instagram_ads,beginner,self_development,high,new,after_change,1,0
9508,2026-02-12 09:44:03,Netherlands,android,organic,intermediate,work,medium,new,after_change,0,0
9509,2026-02-13 22:30:21,Italy,android,organic,beginner,travel,medium,new,after_change,0,0
9510,2026-02-03 23:17:37,Italy,android,blog,beginner,self_development,high,new,after_change,0,0
9511,2026-02-08 15:05:00,Italy,android,tiktok_ads,beginner,travel,medium,new,after_change,0,0
9512,2026-02-07 15:24:14,Netherlands,android,paid_search,elementary,self_development,medium,new,after_change,1,0
9513,2026-02-06 19:28:49,Netherlands,android,blog,beginner,work,medium,new,after_change,0,0
9514,2026-02-09 20:35:08,Brazil,android,paid_search,intermediate,work,medium,new,after_change,0,0
9515,2026-02-14 20:27:06,Netherlands,ios,organic,beginner,self_development,medium,new,after_change,0,0
9516,2026-02-06 16:09:38,Netherlands,android,blog,beginner,work,low,new,after_change,0,0
9517,2026-02-01 21:54:44,Germany,android,tiktok_ads,beginner,travel,medium,new,after_change,0,0
9518,2026-02-13 19:45:55,Germany,android,tiktok_ads,beginner,self_development,low,new,after_change,0,0
9519,2026-02-14 01:11:24,Netherlands,android,organic,elementary,travel,medium,new,after_change,0,0
9520,2026-02-05 12:18:55,Spain,ios,paid_search,intermediate,self_development,medium,new,after_change,0,0
9521,2026-02-08 00:33:30,Spain,ios,blog,elementary,self_development,low,new,after_change,0,0
9522,2026-02-13 01:49:46,Germany,android,organic,intermediate,work,low,new,after_change,0,0
9523,2026-02-08 01:15:43,Poland,android,referral,intermediate,exam,high,new,after_change,0,0
9524,2026-02-07 17:40:57,Italy,android,referral,beginner,travel,medium,new,after_change,1,0
9525,2026-02-13 21:46:48,Netherlands,android,paid_search,beginner,self_development,high,new,after_change,0,0
9526,2026-02-12 14:28:42,Italy,ios,referral,elementary,work,high,new,after_change,0,0
9527,2026-02-08 02:27:39,Italy,android,blog,intermediate,travel,low,new,after_change,0,0
9528,2026-02-03 06:15:51,Germany,ios,referral,intermediate,self_development,low,new,after_change,0,0
9529,2026-02-07 03:18:17,Germany,android,paid_search,elementary,work,medium,new,after_change,0,0
9530,2026-02-10 11:17:18,Germany,android,instagram_ads,beginner,self_development,medium,new,after_change,0,0
9531,2026-02-04 19:33:22,Germany,ios,paid_search,elementary,work,medium,new,after_change,0,0
9532,2026-02-08 12:31:34,Netherlands,android,organic,elementary,self_development,low,new,after_change,1,0
9533,2026-02-10 05:21:44,Spain,android,blog,intermediate,exam,low,new,after_change,0,0
9534,2026-02-02 04:34:01,Italy,android,blog,elementary,exam,low,new,after_change,0,0
9535,2026-02-08 23:24:02,Netherlands,ios,organic,beginner,travel,medium,new,after_change,1,1
9536,2026-02-11 07:49:10,Spain,android,tiktok_ads,elementary,exam,high,new,after_change,0,0
9537,2026-02-04 00:01:12,Italy,android,blog,beginner,work,high,new,after_change,0,0
9538,2026-02-08 16:16:04,Italy,ios,instagram_ads,beginner,exam,high,new,after_change,1,1
9539,2026-02-10 22:21:45,Poland,android,organic,elementary,self_development,medium,new,after_change,0,0
9540,2026-02-01 14:52:52,Poland,ios,organic,intermediate,exam,high,new,after_change,0,0
9541,2026-02-10 00:24:47,Italy,android,instagram_ads,elementary,work,medium,new,after_change,0,0
9542,2026-02-04 15:16:26,Netherlands,android,blog,beginner,self_development,low,new,after_change,0,0
9543,2026-02-06 13:30:15,Italy,android,paid_search,beginner,exam,low,new,after_change,0,0
9544,2026-02-10 01:43:40,Germany,android,paid_search,beginner,self_development,high,new,after_change,0,0
9545,2026-02-01 01:28:43,Brazil,android,referral,elementary,self_development,high,new,after_change,0,0
9546,2026-02-01 05:38:30,Brazil,ios,referral,elementary,travel,low,new,after_change,0,0
9547,2026-02-07 06:03:04,Germany,ios,blog,elementary,work,low,new,after_change,1,0
9548,2026-02-14 07:07:20,Germany,android,referral,beginner,travel,low,new,after_change,1,0
9549,2026-02-01 02:02:07,Germany,android,instagram_ads,elementary,exam,low,new,after_change,0,0
9550,2026-02-12 01:01:51,Spain,ios,blog,beginner,work,high,new,after_change,0,0
9551,2026-02-02 01:11:58,Germany,ios,instagram_ads,elementary,exam,low,new,after_change,0,0
9552,2026-02-07 20:16:52,Spain,android,instagram_ads,intermediate,travel,high,new,after_change,0,0
9553,2026-02-07 00:41:05,Poland,ios,organic,beginner,exam,high,new,after_change,1,0
9554,2026-02-07 13:16:42,Netherlands,android,instagram_ads,beginner,travel,medium,new,after_change,0,0
9555,2026-02-02 03:31:30,Netherlands,android,organic,elementary,work,low,new,after_change,0,0
9556,2026-02-11 13:11:13,Germany,ios,referral,beginner,work,medium,new,after_change,1,0
9557,2026-02-04 20:37:24,Poland,ios,organic,elementary,exam,high,new,after_change,0,0
9558,2026-02-11 19:04:24,Germany,android,paid_search,intermediate,work,low,new,after_change,0,0
9559,2026-02-10 04:14:42,Spain,ios,blog,beginner,exam,high,new,after_change,0,0
9560,2026-02-08 17:14:00,Brazil,android,referral,intermediate,travel,low,new,after_change,0,0
9561,2026-02-05 07:41:41,Italy,ios,tiktok_ads,beginner,exam,medium,new,after_change,0,0
9562,2026-02-10 03:09:39,Italy,android,tiktok_ads,elementary,work,high,new,after_change,0,0
9563,2026-02-14 23:12:35,Poland,android,organic,beginner,travel,medium,new,after_change,0,0
9564,2026-02-13 22:10:14,Poland,android,paid_search,elementary,self_development,high,new,after_change,0,0
9565,2026-02-13 19:52:38,Brazil,ios,referral,intermediate,self_development,medium,new,after_change,0,0
9566,2026-02-04 01:49:15,Netherlands,android,referral,beginner,travel,medium,new,after_change,1,0
9567,2026-02-09 04:39:50,Germany,android,paid_search,intermediate,travel,high,new,after_change,1,1
9568,2026-02-06 13:39:44,Germany,ios,paid_search,elementary,self_development,medium,new,after_change,0,0
9569,2026-02-14 12:53:39,Italy,android,organic,intermediate,self_development,medium,new,after_change,0,0
9570,2026-02-14 07:13:43,Italy,android,instagram_ads,elementary,work,medium,new,after_change,0,0
9571,2026-02-13 03:39:13,Spain,ios,paid_search,elementary,self_development,medium,new,after_change,1,0
9572,2026-02-03 06:40:40,Germany,android,organic,intermediate,travel,low,new,after_change,0,0
9573,2026-02-05 11:08:59,Germany,android,paid_search,elementary,travel,medium,new,after_change,0,0
9574,2026-02-10 22:59:18,Brazil,ios,instagram_ads,intermediate,travel,medium,new,after_change,0,0
9575,2026-02-11 11:51:51,Germany,ios,tiktok_ads,beginner,exam,high,new,after_change,1,0
9576,2026-02-05 21:41:51,Netherlands,ios,paid_search,beginner,work,medium,new,after_change,0,0
9577,2026-02-02 21:58:31,Germany,ios,paid_search,elementary,exam,high,new,after_change,1,0
9578,2026-02-02 22:00:06,Germany,ios,paid_search,beginner,travel,medium,new,after_change,0,0
9579,2026-02-10 14:00:33,Germany,android,instagram_ads,beginner,travel,medium,new,after_change,0,0
9580,2026-02-07 08:36:03,Poland,android,paid_search,intermediate,work,low,new,after_change,0,0
9581,2026-02-07 21:00:12,Spain,ios,blog,elementary,work,high,new,after_change,0,0
9582,2026-02-12 09:57:45,Brazil,android,paid_search,intermediate,work,low,new,after_change,0,0
9583,2026-02-01 05:39:12,Netherlands,android,referral,beginner,exam,high,new,after_change,0,0
9584,2026-02-11 13:31:20,Poland,android,paid_search,beginner,work,medium,new,after_change,0,0
9585,2026-02-04 20:08:28,Spain,android,tiktok_ads,beginner,self_development,medium,new,after_change,0,0
9586,2026-02-14 00:53:11,Poland,ios,tiktok_ads,intermediate,self_development,low,new,after_change,0,0
9587,2026-02-14 09:00:30,Spain,ios,organic,beginner,work,medium,new,after_change,0,0
9588,2026-02-08 00:43:03,Netherlands,ios,paid_search,intermediate,self_development,high,new,after_change,0,0
9589,2026-02-05 10:07:09,Brazil,ios,organic,beginner,work,high,new,after_change,1,1
9590,2026-02-04 06:20:56,Italy,android,instagram_ads,beginner,work,medium,new,after_change,0,0
9591,2026-02-03 12:58:07,Italy,ios,blog,elementary,exam,low,new,after_change,0,0
9592,2026-02-14 23:44:00,Poland,android,instagram_ads,elementary,self_development,medium,new,after_change,0,0
9593,2026-02-03 15:00:38,Italy,android,tiktok_ads,elementary,travel,medium,new,after_change,0,0
9594,2026-02-07 06:02:44,Germany,android,paid_search,beginner,travel,low,new,after_change,0,0
9595,2026-02-07 17:00:56,Netherlands,android,instagram_ads,elementary,self_development,medium,new,after_change,0,0
9596,2026-02-10 12:12:17,Germany,android,tiktok_ads,intermediate,work,high,new,after_change,0,0
9597,2026-02-12 19:07:48,Germany,android,organic,beginner,self_development,high,new,after_change,1,0
9598,2026-02-08 19:29:12,Brazil,android,organic,beginner,work,medium,new,after_change,0,0
9599,2026-02-11 14:41:18,Poland,ios,organic,beginner,self_development,low,new,after_change,0,0
9600,2026-02-08 22:24:23,Poland,ios,organic,elementary,travel,medium,new,after_change,1,1
9601,2026-02-07 02:46:56,Poland,ios,blog,intermediate,self_development,high,new,after_change,0,0
9602,2026-02-03 05:00:14,Brazil,android,organic,elementary,self_development,medium,new,after_change,0,0
9603,2026-02-03 22:07:56,Italy,android,organic,intermediate,self_development,high,new,after_change,1,1
9604,2026-02-07 01:17:32,Italy,ios,organic,elementary,travel,low,new,after_change,0,0
9605,2026-02-01 15:28:40,Poland,ios,organic,elementary,work,high,new,after_change,1,0
9606,2026-02-05 10:17:51,Germany,android,paid_search,elementary,travel,low,new,after_change,0,0
9607,2026-02-07 11:26:37,Brazil,ios,organic,intermediate,self_development,medium,new,after_change,0,0
9608,2026-02-07 14:48:19,Poland,ios,organic,beginner,travel,medium,new,after_change,1,0
9609,2026-02-12 09:45:52,Italy,ios,organic,elementary,work,medium,new,after_change,0,0
9610,2026-02-14 13:08:00,Germany,ios,referral,beginner,travel,low,new,after_change,0,0
9611,2026-02-11 05:10:23,Spain,android,instagram_ads,intermediate,exam,medium,new,after_change,0,0
9612,2026-02-02 02:43:26,Spain,ios,tiktok_ads,beginner,exam,medium,new,after_change,0,0
9613,2026-02-06 17:17:23,Spain,ios,organic,beginner,travel,high,new,after_change,0,0
9614,2026-02-11 05:15:00,Poland,android,paid_search,elementary,exam,high,new,after_change,1,1
9615,2026-02-09 07:49:12,Germany,android,blog,elementary,travel,medium,new,after_change,0,0
9616,2026-02-07 09:48:55,Spain,android,organic,beginner,self_development,medium,new,after_change,0,0
9617,2026-02-07 02:34:43,Poland,android,paid_search,elementary,self_development,medium,new,after_change,0,0
9618,2026-02-06 16:24:08,Spain,ios,paid_search,elementary,travel,low,new,after_change,0,0
9619,2026-02-09 02:32:57,Germany,ios,organic,beginner,work,high,new,after_change,1,0
9620,2026-02-03 12:04:13,Netherlands,ios,instagram_ads,beginner,work,high,new,after_change,0,0
9621,2026-02-08 05:52:54,Brazil,ios,instagram_ads,beginner,self_development,medium,new,after_change,0,0
9622,2026-02-03 21:10:17,Italy,ios,paid_search,elementary,self_development,medium,new,after_change,0,0
9623,2026-02-10 12:48:17,Poland,android,instagram_ads,beginner,work,high,new,after_change,0,0
9624,2026-02-13 02:33:19,Italy,ios,paid_search,elementary,work,medium,new,after_change,0,0
9625,2026-02-08 02:35:24,Germany,ios,instagram_ads,beginner,travel,medium,new,after_change,0,0
9626,2026-02-06 10:13:36,Poland,android,referral,beginner,work,high,new,after_change,1,0
9627,2026-02-14 04:02:43,Brazil,android,tiktok_ads,elementary,self_development,medium,new,after_change,0,0
9628,2026-02-10 05:39:23,Poland,android,paid_search,beginner,self_development,high,new,after_change,0,0
9629,2026-02-06 23:49:02,Brazil,ios,organic,beginner,work,low,new,after_change,0,0
9630,2026-02-01 09:40:17,Germany,android,tiktok_ads,intermediate,travel,medium,new,after_change,0,0
9631,2026-02-01 05:20:52,Germany,android,organic,intermediate,work,high,new,after_change,0,0
9632,2026-02-04 02:25:10,Poland,android,blog,elementary,work,medium,new,after_change,0,0
9633,2026-02-04 07:25:17,Poland,android,referral,elementary,self_development,medium,new,after_change,0,0
9634,2026-02-11 02:23:25,Germany,ios,paid_search,elementary,exam,medium,new,after_change,1,1
9635,2026-02-08 00:12:14,Netherlands,ios,referral,beginner,exam,medium,new,after_change,1,1
9636,2026-02-14 23:59:10,Poland,ios,organic,beginner,work,low,new,after_change,0,0
9637,2026-02-08 13:37:55,Brazil,android,organic,elementary,exam,low,new,after_change,0,0
9638,2026-02-13 15:26:54,Spain,android,blog,elementary,exam,high,new,after_change,0,0
9639,2026-02-08 17:36:04,Italy,ios,tiktok_ads,elementary,exam,medium,new,after_change,0,0
9640,2026-02-06 00:20:56,Netherlands,ios,instagram_ads,intermediate,exam,medium,new,after_change,0,0
9641,2026-02-11 00:05:22,Poland,android,referral,beginner,self_development,high,new,after_change,0,0
9642,2026-02-07 07:00:26,Netherlands,ios,organic,beginner,travel,low,new,after_change,1,1
9643,2026-02-04 20:16:54,Poland,android,tiktok_ads,beginner,travel,low,new,after_change,0,0
9644,2026-02-07 15:00:13,Germany,ios,blog,elementary,travel,medium,new,after_change,0,0
9645,2026-02-10 07:24:27,Italy,android,referral,beginner,exam,high,new,after_change,0,0
9646,2026-02-06 06:11:16,Spain,ios,paid_search,beginner,work,high,new,after_change,0,0
9647,2026-02-10 20:33:17,Poland,android,paid_search,elementary,work,high,new,after_change,0,0
9648,2026-02-14 17:31:13,Italy,android,referral,elementary,travel,medium,new,after_change,0,0
9649,2026-02-06 18:11:25,Netherlands,android,paid_search,beginner,self_development,high,new,after_change,0,0
9650,2026-02-05 03:11:56,Netherlands,android,blog,elementary,work,medium,new,after_change,0,0
9651,2026-02-06 15:07:43,Germany,android,paid_search,intermediate,travel,low,new,after_change,0,0
9652,2026-02-12 17:39:21,Spain,ios,organic,elementary,work,high,new,after_change,0,0
9653,2026-02-03 12:07:07,Netherlands,android,organic,elementary,work,low,new,after_change,0,0
9654,2026-02-14 15:09:20,Germany,android,instagram_ads,beginner,self_development,medium,new,after_change,0,0
9655,2026-02-06 19:05:59,Germany,android,organic,elementary,self_development,medium,new,after_change,0,0
9656,2026-02-12 18:46:56,Italy,android,paid_search,beginner,self_development,high,new,after_change,0,0
9657,2026-02-12 00:22:12,Spain,android,blog,intermediate,work,high,new,after_change,0,0
9658,2026-02-11 23:16:55,Spain,ios,organic,beginner,self_development,medium,new,after_change,0,0
9659,2026-02-13 17:24:53,Germany,ios,instagram_ads,intermediate,travel,medium,new,after_change,0,0
9660,2026-02-03 14:06:37,Netherlands,ios,paid_search,beginner,exam,medium,new,after_change,0,0
9661,2026-02-09 07:27:14,Brazil,android,tiktok_ads,elementary,work,high,new,after_change,0,0
9662,2026-02-02 09:15:55,Poland,android,instagram_ads,elementary,work,medium,new,after_change,0,0
9663,2026-02-05 04:35:18,Brazil,ios,referral,beginner,travel,medium,new,after_change,0,0
9664,2026-02-01 13:38:14,Germany,android,paid_search,beginner,travel,medium,new,after_change,0,0
9665,2026-02-10 13:14:57,Brazil,ios,instagram_ads,beginner,self_development,high,new,after_change,1,0
9666,2026-02-09 12:11:47,Germany,ios,organic,elementary,exam,medium,new,after_change,1,0
9667,2026-02-11 08:41:20,Poland,android,instagram_ads,elementary,self_development,low,new,after_change,0,0
9668,2026-02-03 11:12:45,Germany,android,organic,intermediate,exam,low,new,after_change,0,0
9669,2026-02-05 15:37:24,Germany,ios,instagram_ads,beginner,travel,low,new,after_change,0,0
9670,2026-02-10 11:15:02,Brazil,android,paid_search,elementary,travel,high,new,after_change,0,0
9671,2026-02-12 13:43:12,Germany,android,referral,beginner,exam,medium,new,after_change,1,0
9672,2026-02-13 09:35:14,Brazil,android,paid_search,elementary,travel,medium,new,after_change,0,0
9673,2026-02-02 00:45:42,Brazil,android,tiktok_ads,beginner,travel,medium,new,after_change,0,0
9674,2026-02-06 15:14:59,Italy,ios,organic,intermediate,work,medium,new,after_change,1,0
9675,2026-02-01 03:36:47,Germany,ios,tiktok_ads,elementary,exam,medium,new,after_change,0,0
9676,2026-02-12 11:01:19,Brazil,ios,blog,elementary,exam,low,new,after_change,0,0
9677,2026-02-02 17:19:05,Poland,android,paid_search,beginner,travel,medium,new,after_change,0,0
9678,2026-02-12 12:14:29,Germany,ios,organic,beginner,self_development,medium,new,after_change,0,0
9679,2026-02-03 04:25:07,Netherlands,android,instagram_ads,beginner,self_development,medium,new,after_change,0,0
9680,2026-02-01 05:09:51,Poland,android,organic,elementary,self_development,medium,new,after_change,0,0
9681,2026-02-13 07:19:12,Poland,android,instagram_ads,elementary,travel,high,new,after_change,1,1
9682,2026-02-07 03:26:27,Italy,ios,organic,beginner,self_development,high,new,after_change,0,0
9683,2026-02-06 22:47:37,Poland,android,paid_search,beginner,work,medium,new,after_change,0,0
9684,2026-02-10 01:18:11,Spain,android,referral,beginner,travel,low,new,after_change,0,0
9685,2026-02-04 20:22:37,Italy,android,organic,elementary,exam,low,new,after_change,0,0
9686,2026-02-10 16:06:27,Germany,android,instagram_ads,beginner,self_development,low,new,after_change,0,0
9687,2026-02-07 00:10:09,Netherlands,ios,paid_search,beginner,work,medium,new,after_change,1,1
9688,2026-02-04 19:36:50,Poland,android,paid_search,beginner,travel,medium,new,after_change,0,0
9689,2026-02-06 12:39:59,Poland,android,tiktok_ads,beginner,travel,low,new,after_change,0,0
9690,2026-02-01 02:03:51,Italy,android,tiktok_ads,elementary,work,high,new,after_change,0,0
9691,2026-02-05 05:17:28,Germany,ios,referral,elementary,self_development,medium,new,after_change,0,0
9692,2026-02-09 06:43:35,Poland,ios,paid_search,beginner,travel,medium,new,after_change,1,0
9693,2026-02-02 22:20:03,Germany,ios,organic,beginner,travel,low,new,after_change,0,0
9694,2026-02-02 15:49:56,Poland,android,paid_search,elementary,self_development,medium,new,after_change,0,0
9695,2026-02-10 04:23:15,Poland,ios,instagram_ads,beginner,self_development,low,new,after_change,0,0
9696,2026-02-06 23:53:08,Germany,android,tiktok_ads,intermediate,self_development,high,new,after_change,0,0
9697,2026-02-02 21:53:56,Poland,android,tiktok_ads,elementary,travel,high,new,after_change,0,0
9698,2026-02-11 11:16:22,Brazil,ios,referral,elementary,self_development,medium,new,after_change,0,0
9699,2026-02-11 20:32:33,Brazil,android,organic,elementary,work,high,new,after_change,0,0
9700,2026-02-01 11:40:48,Italy,ios,blog,elementary,work,low,new,after_change,0,0
9701,2026-02-03 19:46:01,Netherlands,ios,blog,beginner,work,medium,new,after_change,0,0
9702,2026-02-06 04:26:09,Netherlands,ios,organic,beginner,self_development,medium,new,after_change,0,0
9703,2026-02-11 05:44:26,Germany,android,paid_search,intermediate,travel,high,new,after_change,1,1
9704,2026-02-02 00:52:27,Germany,android,tiktok_ads,intermediate,self_development,low,new,after_change,0,0
9705,2026-02-12 06:40:36,Germany,ios,instagram_ads,intermediate,self_development,low,new,after_change,0,0
9706,2026-02-05 11:19:57,Spain,ios,organic,beginner,self_development,low,new,after_change,0,0
9707,2026-02-02 18:06:34,Spain,android,paid_search,intermediate,work,medium,new,after_change,0,0
9708,2026-02-13 02:05:34,Brazil,android,instagram_ads,elementary,work,medium,new,after_change,0,0
9709,2026-02-02 05:08:47,Netherlands,ios,referral,beginner,travel,medium,new,after_change,1,0
9710,2026-02-02 19:32:17,Germany,android,referral,intermediate,work,high,new,after_change,0,0
9711,2026-02-14 07:03:23,Netherlands,android,blog,intermediate,travel,low,new,after_change,0,0
9712,2026-02-08 06:34:27,Italy,ios,instagram_ads,elementary,exam,high,new,after_change,0,0
9713,2026-02-07 11:35:01,Germany,android,referral,elementary,self_development,high,new,after_change,1,0
9714,2026-02-10 14:57:07,Netherlands,android,organic,elementary,self_development,low,new,after_change,0,0
9715,2026-02-09 19:45:32,Germany,android,instagram_ads,elementary,work,medium,new,after_change,0,0
9716,2026-02-09 14:09:21,Brazil,android,blog,beginner,work,medium,new,after_change,0,0
9717,2026-02-01 07:48:55,Poland,android,referral,beginner,work,high,new,after_change,0,0
9718,2026-02-08 17:22:58,Germany,android,tiktok_ads,intermediate,self_development,low,new,after_change,0,0
9719,2026-02-04 21:38:47,Spain,ios,organic,beginner,travel,medium,new,after_change,0,0
9720,2026-02-12 07:22:36,Poland,android,organic,beginner,travel,medium,new,after_change,0,0
9721,2026-02-08 01:48:49,Germany,ios,tiktok_ads,beginner,travel,high,new,after_change,0,0
9722,2026-02-02 17:35:10,Poland,ios,paid_search,beginner,self_development,medium,new,after_change,0,0
9723,2026-02-13 09:46:09,Netherlands,android,paid_search,beginner,work,medium,new,after_change,0,0
9724,2026-02-04 23:31:10,Germany,ios,referral,beginner,self_development,high,new,after_change,0,0
9725,2026-02-04 19:12:13,Poland,ios,organic,intermediate,self_development,medium,new,after_change,0,0
9726,2026-02-14 02:35:19,Brazil,ios,paid_search,elementary,self_development,low,new,after_change,0,0
9727,2026-02-11 20:27:51,Germany,android,organic,intermediate,work,high,new,after_change,1,0
9728,2026-02-13 00:47:53,Italy,android,organic,intermediate,self_development,high,new,after_change,0,0
9729,2026-02-10 06:30:12,Brazil,ios,organic,elementary,work,low,new,after_change,0,0
9730,2026-02-13 17:55:22,Poland,android,organic,beginner,work,low,new,after_change,0,0
9731,2026-02-02 14:43:51,Germany,android,instagram_ads,beginner,work,medium,new,after_change,0,0
9732,2026-02-09 09:35:29,Germany,ios,paid_search,intermediate,exam,medium,new,after_change,1,0
9733,2026-02-05 02:34:26,Poland,android,instagram_ads,elementary,travel,high,new,after_change,0,0
9734,2026-02-06 13:52:14,Netherlands,ios,referral,intermediate,work,medium,new,after_change,0,0
9735,2026-02-04 07:55:20,Germany,android,instagram_ads,intermediate,self_development,low,new,after_change,0,0
9736,2026-02-03 20:53:33,Poland,android,tiktok_ads,beginner,travel,medium,new,after_change,0,0
9737,2026-02-07 04:41:21,Brazil,ios,tiktok_ads,intermediate,travel,low,new,after_change,0,0
9738,2026-02-13 20:32:43,Spain,android,instagram_ads,elementary,self_development,medium,new,after_change,0,0
9739,2026-02-09 21:28:20,Poland,ios,paid_search,beginner,self_development,high,new,after_change,1,0
9740,2026-02-05 21:22:56,Netherlands,android,blog,intermediate,travel,high,new,after_change,0,0
9741,2026-02-07 01:37:44,Brazil,ios,paid_search,elementary,work,high,new,after_change,0,0
9742,2026-02-08 10:01:26,Poland,android,instagram_ads,beginner,travel,low,new,after_change,0,0
9743,2026-02-04 10:09:51,Brazil,android,instagram_ads,beginner,travel,low,new,after_change,0,0
9744,2026-02-08 07:07:32,Italy,ios,referral,elementary,travel,high,new,after_change,1,1
9745,2026-02-10 17:48:54,Poland,android,instagram_ads,elementary,travel,medium,new,after_change,0,0
9746,2026-02-04 09:42:15,Spain,ios,instagram_ads,beginner,exam,low,new,after_change,0,0
9747,2026-02-09 04:22:56,Brazil,android,instagram_ads,beginner,travel,medium,new,after_change,0,0
9748,2026-02-10 22:00:43,Italy,android,referral,beginner,travel,low,new,after_change,0,0
9749,2026-02-08 06:29:22,Italy,ios,paid_search,elementary,travel,high,new,after_change,0,0
9750,2026-02-05 02:05:57,Germany,ios,blog,elementary,travel,high,new,after_change,0,0
9751,2026-02-08 18:17:05,Germany,ios,referral,intermediate,work,medium,new,after_change,0,0
9752,2026-02-12 02:31:38,Spain,android,organic,beginner,exam,medium,new,after_change,0,0
9753,2026-02-04 02:33:31,Poland,android,paid_search,beginner,self_development,low,new,after_change,0,0
9754,2026-02-09 01:05:30,Italy,ios,blog,beginner,travel,low,new,after_change,0,0
9755,2026-02-10 12:37:29,Poland,ios,paid_search,intermediate,travel,medium,new,after_change,1,0
9756,2026-02-05 12:01:21,Germany,android,paid_search,elementary,exam,medium,new,after_change,0,0
9757,2026-02-06 10:12:00,Italy,ios,organic,beginner,work,low,new,after_change,1,1
9758,2026-02-13 10:39:22,Germany,ios,organic,beginner,work,medium,new,after_change,0,0
9759,2026-02-06 02:07:30,Spain,android,instagram_ads,beginner,exam,medium,new,after_change,0,0
9760,2026-02-09 09:00:21,Spain,ios,tiktok_ads,elementary,work,high,new,after_change,0,0
9761,2026-02-03 02:18:38,Brazil,android,tiktok_ads,elementary,work,medium,new,after_change,0,0
9762,2026-02-13 23:07:43,Brazil,ios,organic,elementary,work,high,new,after_change,0,0
9763,2026-02-09 08:32:14,Germany,android,instagram_ads,beginner,work,medium,new,after_change,0,0
9764,2026-02-11 15:28:55,Germany,ios,paid_search,beginner,travel,medium,new,after_change,0,0
9765,2026-02-09 10:29:42,Poland,ios,tiktok_ads,elementary,travel,medium,new,after_change,0,0
9766,2026-02-05 23:26:39,Germany,ios,paid_search,beginner,exam,high,new,after_change,1,0
9767,2026-02-05 18:20:27,Brazil,android,blog,beginner,travel,medium,new,after_change,0,0
9768,2026-02-10 19:36:22,Germany,android,referral,beginner,travel,medium,new,after_change,0,0
9769,2026-02-13 00:54:34,Spain,ios,tiktok_ads,elementary,work,high,new,after_change,0,0
9770,2026-02-02 18:53:19,Germany,android,instagram_ads,elementary,work,high,new,after_change,1,1
9771,2026-02-12 20:04:25,Poland,ios,instagram_ads,beginner,travel,medium,new,after_change,0,0
9772,2026-02-12 14:52:52,Brazil,ios,paid_search,elementary,self_development,medium,new,after_change,1,0
9773,2026-02-02 12:38:32,Spain,ios,referral,beginner,travel,medium,new,after_change,0,0
9774,2026-02-02 12:20:35,Poland,android,blog,intermediate,self_development,medium,new,after_change,1,0
9775,2026-02-10 17:31:58,Germany,ios,blog,elementary,self_development,low,new,after_change,0,0
9776,2026-02-12 19:10:56,Poland,ios,instagram_ads,beginner,travel,medium,new,after_change,0,0
9777,2026-02-06 12:19:42,Germany,android,tiktok_ads,intermediate,travel,low,new,after_change,0,0
9778,2026-02-09 23:15:12,Italy,android,paid_search,beginner,travel,low,new,after_change,0,0
9779,2026-02-14 23:54:15,Germany,ios,organic,elementary,self_development,medium,new,after_change,0,0
9780,2026-02-05 12:27:35,Brazil,android,tiktok_ads,elementary,self_development,high,new,after_change,0,0
9781,2026-02-04 03:36:28,Netherlands,ios,blog,elementary,work,high,new,after_change,0,0
9782,2026-02-14 21:11:01,Brazil,android,referral,beginner,self_development,medium,new,after_change,0,0
9783,2026-02-04 22:15:22,Poland,ios,referral,beginner,self_development,medium,new,after_change,0,0
9784,2026-02-07 14:47:28,Germany,android,paid_search,intermediate,work,high,new,after_change,0,0
9785,2026-02-07 04:32:51,Spain,android,tiktok_ads,intermediate,self_development,high,new,after_change,0,0
9786,2026-02-08 07:48:14,Poland,ios,tiktok_ads,intermediate,work,medium,new,after_change,0,0
9787,2026-02-04 18:17:17,Italy,ios,instagram_ads,beginner,work,high,new,after_change,1,0
9788,2026-02-10 12:09:08,Brazil,ios,organic,elementary,exam,low,new,after_change,0,0
9789,2026-02-10 16:30:35,Brazil,android,instagram_ads,beginner,exam,high,new,after_change,0,0
9790,2026-02-03 19:23:15,Poland,android,paid_search,beginner,work,high,new,after_change,0,0
9791,2026-02-07 17:35:06,Poland,android,tiktok_ads,beginner,work,low,new,after_change,0,0
9792,2026-02-01 19:16:23,Italy,android,blog,intermediate,travel,low,new,after_change,0,0
9793,2026-02-04 02:12:55,Poland,android,tiktok_ads,beginner,travel,low,new,after_change,0,0
9794,2026-02-14 19:42:19,Spain,android,paid_search,beginner,work,low,new,after_change,0,0
9795,2026-02-08 02:08:30,Netherlands,android,instagram_ads,beginner,work,medium,new,after_change,1,0
9796,2026-02-09 17:14:13,Brazil,ios,instagram_ads,elementary,travel,high,new,after_change,0,0
9797,2026-02-13 10:37:57,Germany,android,tiktok_ads,elementary,travel,low,new,after_change,0,0
9798,2026-02-10 23:49:02,Poland,ios,organic,beginner,travel,medium,new,after_change,0,0
9799,2026-02-12 02:14:41,Netherlands,ios,instagram_ads,elementary,self_development,high,new,after_change,0,0
9800,2026-02-10 23:14:58,Germany,ios,referral,beginner,exam,low,new,after_change,0,0
9801,2026-02-07 23:36:23,Netherlands,ios,organic,beginner,travel,high,new,after_change,0,0
9802,2026-02-09 20:32:39,Spain,android,tiktok_ads,beginner,exam,high,new,after_change,0,0
9803,2026-02-05 00:56:00,Germany,ios,referral,beginner,work,medium,new,after_change,1,1
9804,2026-02-13 11:10:46,Netherlands,ios,referral,intermediate,work,high,new,after_change,0,0
9805,2026-02-03 12:26:30,Poland,android,blog,elementary,self_development,high,new,after_change,0,0
9806,2026-02-13 09:03:28,Brazil,android,referral,beginner,work,medium,new,after_change,0,0
9807,2026-02-13 07:08:11,Germany,ios,instagram_ads,intermediate,travel,high,new,after_change,0,0
9808,2026-02-02 23:48:20,Brazil,ios,instagram_ads,elementary,self_development,low,new,after_change,0,0
9809,2026-02-10 22:36:57,Germany,ios,organic,beginner,travel,high,new,after_change,1,0
9810,2026-02-14 20:31:42,Italy,android,organic,intermediate,self_development,medium,new,after_change,0,0
9811,2026-02-09 00:14:48,Germany,ios,tiktok_ads,elementary,self_development,low,new,after_change,0,0
9812,2026-02-05 18:21:20,Poland,android,paid_search,elementary,work,high,new,after_change,0,0
9813,2026-02-13 07:29:24,Germany,ios,paid_search,beginner,self_development,low,new,after_change,0,0
9814,2026-02-08 04:13:07,Germany,android,referral,beginner,self_development,low,new,after_change,0,0
9815,2026-02-02 16:53:16,Brazil,ios,organic,intermediate,self_development,high,new,after_change,0,0
9816,2026-02-04 11:45:22,Poland,android,paid_search,elementary,travel,medium,new,after_change,0,0
9817,2026-02-10 13:18:59,Italy,ios,tiktok_ads,intermediate,travel,high,new,after_change,0,0
9818,2026-02-07 09:00:11,Brazil,ios,organic,elementary,work,low,new,after_change,0,0
9819,2026-02-04 00:48:55,Spain,android,instagram_ads,intermediate,work,low,new,after_change,0,0
9820,2026-02-12 04:28:30,Germany,android,organic,beginner,work,medium,new,after_change,1,1
9821,2026-02-02 16:30:50,Netherlands,ios,tiktok_ads,beginner,travel,low,new,after_change,0,0
9822,2026-02-04 01:36:23,Spain,android,tiktok_ads,beginner,work,high,new,after_change,0,0
9823,2026-02-07 12:26:40,Italy,ios,instagram_ads,beginner,travel,medium,new,after_change,1,0
9824,2026-02-01 13:16:48,Brazil,android,organic,elementary,work,high,new,after_change,0,0
9825,2026-02-06 10:09:50,Poland,ios,tiktok_ads,elementary,travel,high,new,after_change,0,0
9826,2026-02-13 17:44:38,Poland,ios,paid_search,beginner,work,medium,new,after_change,0,0
9827,2026-02-14 04:14:03,Germany,ios,instagram_ads,elementary,work,medium,new,after_change,0,0
9828,2026-02-13 04:58:36,Brazil,ios,organic,beginner,work,high,new,after_change,0,0
9829,2026-02-05 12:51:25,Italy,android,organic,beginner,travel,medium,new,after_change,0,0
9830,2026-02-01 21:47:47,Spain,ios,organic,elementary,work,low,new,after_change,0,0
9831,2026-02-12 09:48:25,Brazil,ios,organic,beginner,travel,low,new,after_change,0,0
9832,2026-02-06 05:26:04,Poland,android,organic,elementary,travel,medium,new,after_change,1,0
9833,2026-02-11 11:36:21,Germany,ios,organic,elementary,exam,medium,new,after_change,0,0
9834,2026-02-02 16:02:24,Italy,ios,referral,beginner,exam,low,new,after_change,0,0
9835,2026-02-10 08:25:20,Spain,android,instagram_ads,beginner,work,medium,new,after_change,0,0
9836,2026-02-09 05:01:35,Netherlands,ios,instagram_ads,beginner,self_development,medium,new,after_change,0,0
9837,2026-02-13 21:15:16,Spain,android,paid_search,elementary,self_development,high,new,after_change,0,0
9838,2026-02-02 10:14:54,Brazil,android,organic,intermediate,self_development,low,new,after_change,1,0
9839,2026-02-06 17:03:45,Germany,ios,blog,beginner,work,medium,new,after_change,0,0
9840,2026-02-14 20:37:13,Germany,android,organic,beginner,work,medium,new,after_change,0,0
9841,2026-02-06 10:55:46,Spain,ios,referral,intermediate,exam,low,new,after_change,0,0
9842,2026-02-10 05:06:08,Spain,android,tiktok_ads,elementary,work,medium,new,after_change,0,0
9843,2026-02-03 06:04:42,Netherlands,android,paid_search,beginner,exam,low,new,after_change,0,0
9844,2026-02-11 04:44:38,Germany,android,tiktok_ads,elementary,work,high,new,after_change,0,0
9845,2026-02-04 20:39:21,Germany,android,tiktok_ads,intermediate,travel,low,new,after_change,0,0
9846,2026-02-09 00:15:58,Germany,android,referral,beginner,self_development,low,new,after_change,0,0
9847,2026-02-13 07:36:17,Brazil,ios,instagram_ads,elementary,work,medium,new,after_change,0,0
9848,2026-02-10 06:06:47,Germany,android,organic,intermediate,exam,low,new,after_change,0,0
9849,2026-02-07 15:23:32,Germany,ios,instagram_ads,beginner,work,medium,new,after_change,0,0
9850,2026-02-03 15:51:28,Netherlands,android,organic,intermediate,work,medium,new,after_change,0,0
9851,2026-02-05 18:41:40,Poland,android,paid_search,intermediate,exam,medium,new,after_change,0,0
9852,2026-02-12 21:21:24,Netherlands,ios,instagram_ads,elementary,work,low,new,after_change,0,0
9853,2026-02-04 00:36:49,Germany,ios,paid_search,elementary,travel,medium,new,after_change,1,0
9854,2026-02-10 04:31:03,Poland,android,referral,elementary,travel,low,new,after_change,1,0
9855,2026-02-07 18:56:47,Netherlands,android,blog,elementary,travel,medium,new,after_change,1,1
9856,2026-02-05 11:48:51,Netherlands,android,organic,beginner,work,medium,new,after_change,1,1
9857,2026-02-11 00:47:58,Germany,ios,organic,beginner,work,medium,new,after_change,0,0
9858,2026-02-06 01:40:42,Germany,android,instagram_ads,beginner,travel,low,new,after_change,0,0
9859,2026-02-05 00:19:42,Brazil,ios,organic,beginner,travel,medium,new,after_change,0,0
9860,2026-02-08 09:49:44,Germany,android,organic,elementary,self_development,low,new,after_change,0,0
9861,2026-02-11 14:35:33,Netherlands,ios,blog,intermediate,travel,low,new,after_change,1,0
9862,2026-02-13 02:21:03,Spain,android,organic,beginner,work,medium,new,after_change,0,0
9863,2026-02-09 19:36:31,Germany,android,organic,elementary,work,high,new,after_change,0,0
9864,2026-02-10 06:25:36,Germany,ios,paid_search,elementary,work,medium,new,after_change,1,0
9865,2026-02-12 00:37:15,Germany,android,organic,elementary,travel,medium,new,after_change,0,0
9866,2026-02-04 18:27:59,Spain,ios,referral,elementary,exam,high,new,after_change,0,0
9867,2026-02-04 12:18:20,Germany,ios,referral,beginner,travel,high,new,after_change,0,0
9868,2026-02-07 18:37:07,Brazil,ios,paid_search,beginner,exam,low,new,after_change,1,1
9869,2026-02-09 20:01:31,Spain,ios,organic,beginner,work,medium,new,after_change,0,0
9870,2026-02-10 01:03:16,Brazil,ios,referral,intermediate,work,low,new,after_change,1,0
9871,2026-02-03 03:39:18,Italy,android,tiktok_ads,intermediate,work,medium,new,after_change,0,0
9872,2026-02-11 22:17:06,Poland,android,instagram_ads,elementary,self_development,low,new,after_change,0,0
9873,2026-02-06 02:14:08,Brazil,android,paid_search,elementary,work,medium,new,after_change,0,0
9874,2026-02-13 06:46:10,Spain,android,instagram_ads,elementary,travel,medium,new,after_change,0,0
9875,2026-02-11 03:23:05,Netherlands,android,organic,beginner,work,medium,new,after_change,0,0
9876,2026-02-14 18:16:07,Italy,ios,paid_search,beginner,work,medium,new,after_change,1,0
9877,2026-02-09 20:14:26,Brazil,android,tiktok_ads,beginner,travel,medium,new,after_change,0,0
9878,2026-02-08 09:14:18,Germany,android,paid_search,beginner,self_development,high,new,after_change,0,0
9879,2026-02-03 15:07:16,Poland,ios,tiktok_ads,intermediate,travel,medium,new,after_change,0,0
9880,2026-02-06 13:57:04,Germany,ios,tiktok_ads,elementary,self_development,low,new,after_change,0,0
9881,2026-02-13 00:24:11,Poland,android,tiktok_ads,elementary,work,low,new,after_change,0,0
9882,2026-02-06 08:21:43,Germany,android,instagram_ads,intermediate,work,low,new,after_change,0,0
9883,2026-02-01 17:55:33,Germany,android,organic,elementary,exam,low,new,after_change,0,0
9884,2026-02-04 10:21:52,Poland,android,tiktok_ads,elementary,travel,low,new,after_change,0,0
9885,2026-02-09 07:59:32,Netherlands,ios,referral,elementary,work,low,new,after_change,0,0
9886,2026-02-09 19:22:51,Brazil,android,organic,beginner,travel,medium,new,after_change,1,0
9887,2026-02-14 18:33:49,Poland,android,referral,beginner,travel,high,new,after_change,0,0
9888,2026-02-14 01:46:31,Poland,ios,blog,elementary,exam,medium,new,after_change,1,0
9889,2026-02-08 10:35:08,Brazil,ios,tiktok_ads,beginner,travel,high,new,after_change,0,0
9890,2026-02-08 18:18:58,Italy,ios,organic,elementary,work,high,new,after_change,0,0
9891,2026-02-12 05:01:32,Spain,android,tiktok_ads,intermediate,work,medium,new,after_change,0,0
9892,2026-02-01 16:20:43,Germany,android,paid_search,intermediate,self_development,low,new,after_change,0,0
9893,2026-02-09 07:58:50,Poland,android,paid_search,beginner,self_development,high,new,after_change,0,0
9894,2026-02-07 15:15:52,Spain,ios,organic,beginner,travel,medium,new,after_change,0,0
9895,2026-02-11 23:07:03,Poland,android,tiktok_ads,intermediate,self_development,medium,new,after_change,0,0
9896,2026-02-12 04:55:10,Germany,ios,instagram_ads,intermediate,travel,low,new,after_change,0,0
9897,2026-02-10 04:16:46,Germany,android,instagram_ads,beginner,work,medium,new,after_change,0,0
9898,2026-02-10 04:50:48,Germany,android,paid_search,intermediate,self_development,medium,new,after_change,0,0
9899,2026-02-10 16:13:13,Netherlands,android,paid_search,intermediate,travel,medium,new,after_change,0,0
9900,2026-02-09 02:55:31,Poland,ios,instagram_ads,beginner,exam,medium,new,after_change,0,0
9901,2026-02-04 04:32:40,Spain,ios,instagram_ads,beginner,travel,medium,new,after_change,1,0
9902,2026-02-04 23:36:00,Germany,ios,organic,intermediate,self_development,medium,new,after_change,1,0
9903,2026-02-11 09:15:06,Spain,android,paid_search,elementary,work,medium,new,after_change,0,0
9904,2026-02-09 15:46:17,Spain,ios,organic,elementary,travel,medium,new,after_change,1,1
9905,2026-02-04 07:56:15,Netherlands,android,referral,intermediate,travel,medium,new,after_change,0,0
9906,2026-02-13 06:57:37,Netherlands,ios,instagram_ads,intermediate,exam,high,new,after_change,1,0
9907,2026-02-14 17:29:42,Germany,android,referral,beginner,exam,high,new,after_change,0,0
9908,2026-02-09 18:21:47,Spain,ios,paid_search,elementary,exam,high,new,after_change,1,1
9909,2026-02-04 04:32:11,Netherlands,ios,organic,intermediate,work,low,new,after_change,0,0
9910,2026-02-14 03:15:43,Germany,android,paid_search,beginner,work,low,new,after_change,0,0
9911,2026-02-04 07:31:32,Spain,ios,organic,beginner,exam,high,new,after_change,0,0
9912,2026-02-07 01:18:28,Netherlands,ios,paid_search,intermediate,travel,medium,new,after_change,1,1
9913,2026-02-13 00:30:51,Spain,android,referral,elementary,travel,medium,new,after_change,0,0
9914,2026-02-08 06:56:53,Germany,ios,organic,beginner,travel,medium,new,after_change,0,0
9915,2026-02-04 09:38:35,Germany,android,paid_search,beginner,self_development,medium,new,after_change,0,0
9916,2026-02-02 02:54:51,Poland,android,organic,intermediate,work,medium,new,after_change,0,0
9917,2026-02-06 01:15:48,Germany,ios,paid_search,beginner,travel,medium,new,after_change,1,0
9918,2026-02-10 09:49:19,Poland,ios,instagram_ads,beginner,self_development,high,new,after_change,0,0
9919,2026-02-11 00:07:08,Brazil,ios,organic,intermediate,work,high,new,after_change,1,0
9920,2026-02-04 02:54:29,Brazil,ios,organic,intermediate,travel,medium,new,after_change,1,1
9921,2026-02-03 05:20:22,Poland,ios,tiktok_ads,beginner,work,high,new,after_change,1,1
9922,2026-02-10 19:41:16,Spain,android,paid_search,elementary,self_development,low,new,after_change,0,0
9923,2026-02-03 05:26:53,Germany,ios,paid_search,beginner,self_development,medium,new,after_change,0,0
9924,2026-02-01 21:35:21,Germany,android,tiktok_ads,beginner,work,high,new,after_change,0,0
9925,2026-02-07 19:24:59,Netherlands,android,organic,intermediate,self_development,medium,new,after_change,0,0
9926,2026-02-08 23:49:34,Brazil,ios,referral,elementary,work,medium,new,after_change,0,0
9927,2026-02-04 09:52:55,Poland,android,referral,elementary,self_development,medium,new,after_change,0,0
9928,2026-02-03 22:58:12,Brazil,ios,paid_search,beginner,self_development,medium,new,after_change,0,0
9929,2026-02-04 07:10:51,Spain,ios,instagram_ads,elementary,work,medium,new,after_change,0,0
9930,2026-02-05 19:11:22,Spain,android,paid_search,beginner,work,medium,new,after_change,0,0
9931,2026-02-01 03:06:15,Germany,android,referral,beginner,travel,low,new,after_change,0,0
9932,2026-02-01 03:57:00,Poland,ios,organic,elementary,exam,high,new,after_change,0,0
9933,2026-02-06 04:28:15,Germany,android,tiktok_ads,intermediate,travel,medium,new,after_change,0,0
9934,2026-02-01 06:41:15,Italy,android,paid_search,intermediate,work,low,new,after_change,0,0
9935,2026-02-05 10:55:55,Germany,android,referral,beginner,self_development,medium,new,after_change,0,0
9936,2026-02-09 03:11:11,Brazil,android,blog,elementary,work,low,new,after_change,0,0
9937,2026-02-01 10:28:06,Germany,android,paid_search,beginner,travel,medium,new,after_change,0,0
9938,2026-02-09 15:35:20,Poland,android,paid_search,elementary,travel,medium,new,after_change,1,0
9939,2026-02-09 16:44:03,Germany,android,instagram_ads,intermediate,self_development,medium,new,after_change,0,0
9940,2026-02-09 00:38:24,Brazil,android,instagram_ads,elementary,exam,low,new,after_change,0,0
9941,2026-02-09 18:33:22,Italy,android,organic,beginner,exam,low,new,after_change,0,0
9942,2026-02-12 07:54:12,Netherlands,ios,instagram_ads,elementary,work,high,new,after_change,0,0
9943,2026-02-01 23:47:20,Germany,ios,tiktok_ads,beginner,work,low,new,after_change,0,0
9944,2026-02-03 08:43:33,Poland,ios,blog,beginner,work,high,new,after_change,1,0
9945,2026-02-05 10:31:33,Brazil,ios,tiktok_ads,beginner,self_development,high,new,after_change,0,0
9946,2026-02-10 15:12:24,Germany,ios,instagram_ads,beginner,work,medium,new,after_change,0,0
9947,2026-02-13 05:15:45,Brazil,android,organic,elementary,travel,medium,new,after_change,1,0
9948,2026-02-13 20:40:16,Poland,android,organic,beginner,work,high,new,after_change,1,0
9949,2026-02-09 03:36:29,Spain,ios,tiktok_ads,elementary,exam,low,new,after_change,0,0
9950,2026-02-06 17:47:53,Poland,ios,instagram_ads,beginner,travel,medium,new,after_change,0,0
9951,2026-02-06 18:25:24,Poland,android,referral,elementary,work,high,new,after_change,0,0
9952,2026-02-01 20:06:02,Brazil,ios,paid_search,beginner,work,medium,new,after_change,0,0
9953,2026-02-07 12:16:27,Spain,android,organic,beginner,self_development,medium,new,after_change,0,0
9954,2026-02-08 04:18:57,Poland,android,organic,elementary,work,high,new,after_change,1,0
9955,2026-02-03 21:58:55,Spain,android,instagram_ads,beginner,exam,low,new,after_change,0,0
9956,2026-02-11 18:01:54,Germany,ios,paid_search,beginner,work,high,new,after_change,0,0
9957,2026-02-12 08:47:31,Spain,ios,organic,elementary,self_development,medium,new,after_change,0,0
9958,2026-02-05 05:28:41,Poland,android,organic,beginner,self_development,low,new,after_change,0,0
9959,2026-02-13 19:06:20,Spain,ios,paid_search,elementary,travel,low,new,after_change,0,0
9960,2026-02-02 11:59:08,Germany,ios,paid_search,beginner,travel,medium,new,after_change,1,1
9961,2026-02-13 17:58:59,Germany,ios,blog,elementary,exam,high,new,after_change,1,0
9962,2026-02-11 18:04:31,Germany,android,referral,beginner,exam,high,new,after_change,0,0
9963,2026-02-04 03:14:31,Italy,android,organic,intermediate,work,medium,new,after_change,1,0
9964,2026-02-10 02:27:20,Brazil,android,tiktok_ads,beginner,work,low,new,after_change,0,0
9965,2026-02-05 08:24:31,Poland,android,instagram_ads,intermediate,exam,high,new,after_change,0,0
9966,2026-02-12 04:42:37,Poland,ios,blog,beginner,exam,low,new,after_change,0,0
9967,2026-02-03 05:58:09,Spain,android,instagram_ads,elementary,work,low,new,after_change,0,0
9968,2026-02-04 10:17:24,Poland,android,organic,beginner,work,low,new,after_change,1,1
9969,2026-02-05 07:13:10,Italy,ios,organic,beginner,self_development,high,new,after_change,1,0
9970,2026-02-03 19:05:31,Poland,android,blog,beginner,work,high,new,after_change,0,0
9971,2026-02-05 15:49:21,Poland,ios,blog,beginner,travel,medium,new,after_change,0,0
9972,2026-02-09 10:28:06,Spain,android,instagram_ads,beginner,self_development,medium,new,after_change,0,0
9973,2026-02-09 20:43:24,Poland,ios,instagram_ads,elementary,exam,low,new,after_change,0,0
9974,2026-02-08 18:07:17,Germany,ios,instagram_ads,elementary,work,low,new,after_change,0,0
9975,2026-02-03 15:43:16,Poland,android,tiktok_ads,elementary,self_development,medium,new,after_change,0,0
9976,2026-02-03 20:01:16,Spain,android,instagram_ads,beginner,travel,low,new,after_change,0,0
9977,2026-02-13 20:55:02,Brazil,ios,organic,elementary,work,low,new,after_change,0,0
9978,2026-02-04 12:26:57,Italy,android,paid_search,elementary,travel,medium,new,after_change,1,0
9979,2026-02-02 10:38:29,Netherlands,android,instagram_ads,beginner,self_development,medium,new,after_change,0,0
9980,2026-02-07 08:32:23,Germany,ios,paid_search,elementary,travel,low,new,after_change,0,0
9981,2026-02-01 02:18:39,Poland,android,referral,beginner,travel,low,new,after_change,0,0
9982,2026-02-05 19:07:53,Italy,android,blog,beginner,travel,low,new,after_change,0,0
9983,2026-02-12 23:15:41,Netherlands,android,organic,intermediate,work,medium,new,after_change,0,0
9984,2026-02-04 17:50:35,Poland,android,referral,elementary,travel,medium,new,after_change,1,1
9985,2026-02-10 20:27:59,Poland,android,tiktok_ads,elementary,work,low,new,after_change,0,0
9986,2026-02-07 20:34:38,Poland,android,instagram_ads,beginner,exam,high,new,after_change,1,0
9987,2026-02-05 23:24:03,Spain,android,organic,elementary,travel,low,new,after_change,0,0
9988,2026-02-10 06:17:21,Brazil,ios,paid_search,elementary,self_development,high,new,after_change,1,0
9989,2026-02-09 08:05:16,Poland,ios,blog,intermediate,self_development,medium,new,after_change,0,0
9990,2026-02-05 10:55:35,Italy,android,tiktok_ads,intermediate,travel,medium,new,after_change,0,0
9991,2026-02-04 03:06:38,Germany,android,instagram_ads,beginner,travel,high,new,after_change,0,0
9992,2026-02-13 20:03:06,Germany,ios,organic,beginner,work,medium,new,after_change,0,0
9993,2026-02-03 08:34:44,Spain,ios,paid_search,elementary,work,high,new,after_change,0,0
9994,2026-02-14 10:23:30,Poland,ios,instagram_ads,elementary,work,high,new,after_change,0,0
9995,2026-02-07 14:18:21,Poland,ios,tiktok_ads,beginner,work,high,new,after_change,0,0
9996,2026-02-14 22:54:21,Netherlands,ios,referral,intermediate,exam,high,new,after_change,0,0
9997,2026-02-05 22:40:15,Germany,android,instagram_ads,elementary,exam,medium,new,after_change,0,0
9998,2026-02-08 22:00:37,Spain,ios,paid_search,beginner,self_development,medium,new,after_change,0,0
9999,2026-02-09 14:43:02,Poland,android,paid_search,beginner,exam,high,new,after_change,1,0
10000,2026-02-05 17:48:10,Spain,android,organic,elementary,travel,high,new,after_change,0,0
